-0.028843
-0.195013
0.012646
-0.137443
-0.232234
0.105312
-0.158248
0.073058
0.199205
-0.110943
-0.146454
-0.019621
0.067341
-0.108407
-0.154781
0.142024
0.032877
-0.187808
0.160596
0.029821
-0.002097
0.011204
-0.120928
-0.047321
-0.235180
-0.003526
0.153059
0.052297
0.088212
0.023402
0.098942
0.152404
-0.095794
0.026676
-0.034095
-0.286860
0.002087
0.056592
0.117627
-0.125570
-0.113320
0.174186
-0.205653
-0.062633
0.114867
-0.070656
-0.175160
0.042465
-0.086971
0.116381
0.084686
0.002125
0.205303
0.118611
0.117651
-0.192652
-0.113329
-0.010907
0.018063
0.002299
-0.037994
0.184358
0.046165
0.096141
0.061493
-0.065085
-0.090418
0.053779
0.133275
0.068815
0.087513
0.101102
0.008550
0.108402
-0.002498
-0.101797
-0.110799
0.083986
-0.324601
0.007155
0.229794
0.116917
-0.089104
-0.066453
0.031839
-0.022936
0.025562
-0.169997
-0.125693
0.006362
-0.075454
0.153542
0.144362
0.052117
0.040149
0.056174
0.052687
-0.087724
-0.053459
-0.004737
0.089116
-0.124625
0.075537
0.050123
-0.080031
-0.075130
-0.146555
-0.103274
-0.077274
-0.126062
0.003416
-0.045159
-0.002111
0.016726
0.124361
0.102014
0.066832
-0.044787
0.119395
0.087044
-0.116188
-0.008294
-0.002680
-0.140035
-0.025034
0.063177
0.123074
-0.005866
-0.033271
-0.039584
0.067889
-0.020769
-0.251741
-0.082785
-0.018234
-0.163930
-0.000411
0.181490
-0.303217
0.038693
0.095031
-0.211242
-0.077099
0.210872
-0.063477
-0.113162
-0.045526
-0.125562
-0.064703
0.066040
-0.123975
0.012700
0.109399
-0.039424
-0.122394
0.056035
-0.050532
-0.263294
0.137234
0.005168
-0.084706
0.130932
-0.105407
-0.011734
-0.139496
-0.071610
-0.024652
-0.030373
0.082747
-0.089722
0.147502
-0.053511
0.067890
0.025995
0.017417
0.077738
-0.098464
0.093215
0.063605
-0.076558
-0.140902
-0.022834
-0.100795
0.088842
-0.088063
0.004373
0.239831
-0.054186
-0.045949
-0.071696
-0.203142
-0.023017
-0.023239
-0.094194
0.117988
0.046822
0.114953
0.063014
0.283077
0.053872
-0.029943
0.105493
-0.233613
0.011550
-0.081738
-0.271526
0.018390
0.022666
0.037753
0.022174
0.021464
0.167988
0.033077
-0.111132
-0.003253
-0.189158
-0.092312
-0.138316
-0.203369
-0.122933
-0.232493
-0.143001
-0.203993
-0.181100
0.018997
0.170137
-0.041013
-0.219589
0.163010
-0.042064
-0.066035
-0.270966
-0.372496
-0.112315
-0.197065
0.044121
0.056295
-0.207284
-0.006659
0.085385
-0.222633
-0.057722
0.094577
-0.010138
-0.165203
-0.134617
-0.005346
0.033904
-0.015176
0.009388
0.048623
-0.048859
-0.107262
-0.130673
0.002701
-0.067407
0.183805
0.094680
0.060003
0.125867
0.050620
0.001929
0.006068
0.023990
-0.196055
-0.038223
0.077672
0.076731
0.099706
0.129764
0.021757
0.023631
-0.057808
-0.074810
0.001291
0.113892
-0.011756
0.116033
0.116070
-0.096325
-0.122787
0.038481
-0.053184
-0.218734
-0.074291
0.238210
-0.071632
0.037438
-0.340682
-0.284520
-0.278056
-0.198245
-0.092606
-0.121365
0.039639
0.134494
0.061710
-0.253127
-0.428639
-0.162729
-0.270318
-0.150037
-0.098502
-0.127210
0.046350
0.076703
0.226402
0.206468
-0.050399
0.018556
0.118997
0.024390
-0.088325
-0.111169
-0.144203
-0.271263
-0.338722
-0.091183
-0.163430
-0.115093
0.074324
-0.092059
0.140693
0.106616
0.049042
0.016624
0.064731
-0.175853
0.038747
0.012006
0.013958
0.030658
-0.111437
-0.084100
-0.033630
-0.053799
-0.102133
-0.025017
-0.014202
0.026705
0.058112
-0.038445
-0.217617
-0.075963
-0.055185
-0.082125
-0.057975
0.013124
0.012539
0.151088
0.017182
0.035985
0.015179
-0.030160
0.070354
0.113027
0.025109
-0.120663
0.035370
-0.156795
0.028237
-0.003272
-0.114797
0.104894
0.155320
-0.117372
-0.008632
-0.049084
-0.082438
-0.233056
-0.070688
0.111738
-0.242561
-0.105546
0.005326
0.127596
0.163537
0.112259
0.009861
0.057594
0.103399
-0.061334
0.102137
0.141942
-0.272148
-0.107043
-0.090933
-0.267136
-0.183188
-0.066869
-0.171154
-0.001550
0.027169
-0.051973
0.079783
0.185741
-0.036591
0.010226
0.126302
-0.010986
0.042176
0.088740
0.029391
0.080137
0.160167
0.030837
0.007720
-0.069830
0.010830
0.027420
0.024453
-0.047032
0.012910
0.188275
-0.053242
-0.021299
-0.071870
-0.136462
-0.087722
-0.048588
0.039939
0.013982
-0.000361
-0.195629
-0.134231
-0.349116
-0.198410
-0.100191
-0.125789
0.018427
0.008086
0.087988
-0.049384
0.008123
0.038641
-0.180572
0.003629
0.065022
0.027929
0.150536
0.240003
0.070146
0.061297
0.023470
-0.039840
-0.019643
-0.010872
-0.081492
0.000738
-0.080217
-0.088305
0.001555
-0.117955
-0.170087
-0.165419
0.029920
0.116958
0.145173
0.250033
-0.182819
-0.164145
-0.052683
-0.024223
0.084449
0.068752
0.226220
0.163940
0.279152
-0.179370
-0.052320
0.043885
-0.192518
-0.040121
0.094402
-0.016319
0.112986
0.106737
0.033678
-0.123911
-0.099318
-0.073429
-0.039521
-0.076637
-0.032238
0.152834
0.068632
-0.020088
0.136949
0.125489
0.018041
0.035417
0.060019
-0.008281
-0.029723
-0.203425
-0.092566
-0.235175
-0.128284
-0.045816
-0.051756
0.055295
-0.189638
-0.035714
0.090566
-0.094863
0.028712
-0.080604
-0.019096
0.083961
-0.033605
-0.099921
-0.067720
-0.036622
-0.119776
-0.044593
0.174639
-0.118302
0.066118
0.173416
-0.046047
0.012219
-0.016420
-0.061541
0.095173
-0.067081
-0.018039
-0.060460
-0.024966
-0.129256
-0.047879
-0.006541
-0.068851
-0.229338
-0.132408
-0.239033
-0.094498
0.063299
-0.155817
-0.009474
0.105504
-0.019354
-0.001223
-0.005724
-0.082969
-0.096265
0.027139
-0.027822
0.084963
0.105865
0.042298
0.010325
-0.092998
-0.088397
-0.076641
-0.152422
0.038991
0.097386
0.045781
-0.046089
-0.034555
-0.076532
-0.143300
-0.046493
-0.114026
-0.195137
-0.091465
-0.142933
-0.102370
-0.109869
-0.071082
-0.164602
-0.014822
0.034541
-0.014552
0.100856
0.058104
-0.305246
-0.124737
-0.003347
-0.252452
-0.120745
-0.159841
-0.119908
-0.093813
-0.152250
0.016281
-0.001338
-0.142581
0.039072
-0.030209
-0.077022
0.104537
-0.105761
-0.161858
-0.004834
-0.165052
-0.011968
-0.102628
-0.074358
0.072123
-0.201584
-0.139043
0.049528
0.151092
0.014344
-0.036875
0.114393
-0.081769
0.065955
-0.100977
-0.217283
-0.135803
-0.259212
-0.100129
0.001147
-0.103297
-0.154451
-0.013455
-0.018747
-0.072740
0.037347
0.086752
0.180068
0.076020
0.100740
0.162672
0.046317
0.138833
0.100590
0.026125
0.054982
0.108121
0.188072
0.209737
0.155613
0.185621
0.140116
0.058860
0.066408
0.125713
-0.048243
-0.133630
-0.004086
-0.084560
0.114989
-0.142664
-0.222164
0.173984
-0.043191
0.093606
-0.020416
0.028006
0.055112
0.016023
-0.043716
0.034960
-0.006769
0.040185
0.119363
-0.024004
0.029679
-0.051177
-0.090909
0.179109
-0.089457
-0.215457
0.029866
-0.141542
0.168472
-0.068279
-0.287834
0.095022
-0.136507
-0.102913
0.080140
0.118465
-0.060155
0.154976
0.020921
-0.026906
0.025739
0.005416
-0.138749
-0.092109
-0.112704
0.069643
0.020708
0.023508
0.089909
0.183670
0.070897
-0.002045
0.101999
0.143155
0.000329
0.306751
-0.026543
-0.399192
-0.137412
-0.158280
-0.365762
-0.187946
-0.152161
0.168944
0.000209
-0.020537
-0.083844
-0.001414
-0.025879
0.024318
0.012674
-0.007787
0.015949
-0.076055
-0.035581
-0.167322
-0.102577
-0.153931
-0.177418
-0.382796
0.153698
0.177432
0.038421
0.079894
0.037387
-0.015396
0.107156
0.032342
-0.147901
-0.081971
0.002526
-0.219084
-0.024022
0.019104
-0.020263
-0.161869
-0.085789
-0.086950
-0.137304
0.014716
-0.170746
-0.104660
0.021565
0.046480
0.031058
0.128196
0.126410
0.043532
0.055639
-0.063792
0.198425
0.084858
0.088426
0.199225
0.098775
-0.103481
-0.118618
-0.014342
0.026005
-0.115076
-0.033812
0.072537
-0.192140
-0.060061
-0.104778
-0.123645
-0.139701
-0.003466
-0.178063
-0.108936
0.071203
-0.068917
-0.076994
-0.009209
0.020490
0.023533
0.089753
-0.066434
-0.125865
0.005172
-0.118900
-0.022137
0.065756
0.074039
-0.045191
-0.068533
0.067263
-0.199183
-0.001991
-0.002416
-0.161989
-0.143392
-0.054169
-0.056928
0.090756
-0.049978
-0.054824
-0.011120
0.006904
0.067279
-0.095267
-0.360566
0.035454
0.190053
-0.023723
0.095549
-0.001281
0.002915
0.093720
0.041038
0.133578
-0.043992
0.057732
-0.015110
-0.461808
-0.217460
-0.278170
-0.386820
-0.248254
-0.056621
-0.078658
-0.060114
-0.140020
-0.023142
0.078661
-0.089043
-0.041385
0.040723
0.058602
-0.013368
-0.080525
0.031115
-0.007756
0.113762
0.013126
-0.102273
-0.108178
-0.083003
0.052265
-0.093674
-0.061091
-0.114370
-0.015146
-0.080984
-0.044853
0.039504
0.045294
0.043504
-0.012152
0.043717
0.067115
0.009035
0.026420
-0.003029
0.098783
-0.038953
0.065297
0.059254
-0.070986
0.013907
-0.040015
-0.033199
-0.078793
0.015448
-0.219969
-0.057333
0.121161
-0.028737
0.003404
-0.094728
0.111421
-0.101584
-0.142906
0.017385
-0.058687
-0.211093
-0.064031
-0.097983
-0.133714
-0.166780
-0.098478
-0.051677
-0.012412
0.015731
0.054077
-0.014243
-0.005094
0.060703
0.007042
0.131945
-0.114379
0.017501
-0.110126
-0.267314
0.067171
-0.083558
-0.077692
-0.121979
0.045016
0.198146
-0.185626
-0.111208
0.059554
-0.254652
-0.074899
0.133628
-0.033982
0.155717
0.161953
-0.072105
-0.109802
-0.071646
-0.047139
-0.156379
-0.166100
-0.019116
-0.096066
-0.051767
0.015468
-0.050022
0.016663
-0.162364
-0.174021
-0.146162
0.032119
-0.085437
0.065941
-0.097728
0.088571
-0.022011
0.056287
0.083365
0.096178
0.127661
0.127561
0.000725
0.106145
0.215305
0.109593
-0.045035
-0.060813
-0.009974
0.006914
-0.043836
-0.186254
0.158105
0.104166
0.162729
-0.000013
-0.037591
0.040836
-0.024655
-0.054758
-0.098579
-0.137113
0.056182
0.143474
0.120892
0.246147
0.212095
-0.113172
0.016850
0.083773
0.119185
0.004917
0.013792
-0.152139
-0.018516
-0.035013
-0.191442
-0.165112
0.035039
0.015874
0.065081
0.085529
-0.173996
-0.046962
0.105204
-0.125885
-0.061006
0.081995
-0.083881
-0.021059
-0.000579
0.080758
0.117413
-0.068457
-0.270791
-0.072369
-0.104480
0.155829
0.097092
0.097294
-0.127037
-0.122193
-0.134111
0.014605
0.034496
-0.156634
-0.411279
-0.063997
0.181912
-0.258303
-0.009339
0.105121
-0.317105
-0.366312
0.074063
0.034977
0.071250
0.047326
-0.019074
0.051200
-0.044458
-0.038375
-0.029041
-0.108923
-0.247473
-0.062574
0.069854
-0.129757
-0.051867
-0.009512
0.128670
0.173385
0.124044
0.053155
0.066181
0.013964
-0.000596
-0.139988
-0.013003
-0.011931
-0.226698
-0.076112
-0.188398
-0.066104
0.149964
-0.184689
-0.134655
0.183953
-0.182231
-0.188611
0.035878
0.197234
0.170536
0.069134
0.035677
-0.001545
0.035678
0.101987
-0.103670
-0.066587
-0.190890
-0.166407
-0.224576
-0.062763
-0.060308
-0.056359
-0.035933
-0.007309
0.071089
0.113764
0.056512
-0.073719
0.077454
0.074739
-0.093359
0.189907
0.045408
-0.158354
0.008704
-0.088216
-0.163447
-0.001966
-0.098771
-0.119798
-0.055094
-0.053083
0.009977
-0.107144
0.003827
-0.028159
0.038177
-0.079217
-0.058790
0.038452
0.008673
-0.005122
0.026547
-0.067092
-0.151093
-0.057314
-0.155681
-0.045581
0.068422
0.019017
0.076332
-0.057739
0.024013
0.105886
-0.131550
0.004860
0.059056
-0.324348
-0.331529
-0.215930
0.143335
-0.125385
-0.280349
0.042498
-0.072684
-0.150262
-0.064166
-0.199780
-0.017643
-0.138620
-0.045231
-0.097860
0.059032
0.046493
0.111912
0.084946
0.187837
0.086637
-0.204182
-0.085896
0.053990
-0.154800
-0.092617
0.054630
0.159434
0.216354
0.136123
0.103028
0.042566
0.005024
0.063262
0.062091
0.005060
0.050165
0.050847
-0.010985
0.127476
0.074955
0.146302
-0.164453
-0.233936
-0.162010
-0.306304
-0.275603
-0.193332
0.168903
-0.010022
0.138296
0.039084
0.030111
0.096164
-0.100639
-0.121912
-0.039658
-0.017548
0.150223
0.085953
0.090066
0.065624
0.033903
0.019262
0.022627
-0.101537
-0.300062
-0.031402
0.059197
-0.030887
-0.287025
-0.158303
0.123346
0.173635
-0.010784
-0.064207
0.059761
-0.141260
0.010666
0.069512
-0.122125
0.019261
0.016536
-0.301369
-0.182150
-0.036254
-0.058026
-0.070520
0.019958
0.017739
0.070915
0.097060
0.008201
0.030146
0.014355
0.069309
0.232183
0.148699
0.076195
0.117127
0.115101
0.002881
0.118870
0.033907
0.072709
0.040519
0.075598
0.067495
-0.039678
-0.146814
-0.025126
-0.200237
-0.133761
0.019329
0.037778
-0.179636
-0.074442
0.165026
0.107835
0.041853
-0.058280
-0.000888
-0.078382
0.025510
-0.074594
-0.127292
0.152136
-0.048476
-0.039086
0.235709
0.102240
-0.107037
0.100418
0.123471
0.112745
-0.120586
-0.114031
-0.157475
0.053198
0.029905
-0.052982
0.024651
-0.049319
-0.159917
0.154652
0.143648
0.048876
0.023940
0.035317
-0.275533
-0.007529
0.016555
-0.376487
-0.180821
-0.119174
-0.405909
0.035131
0.072916
0.103759
-0.020504
0.155338
0.149977
-0.165987
0.059064
-0.047572
0.039099
0.030379
0.128101
-0.056167
-0.116067
-0.149309
0.030979
-0.062101
-0.285616
-0.007038
-0.089092
-0.170861
-0.054002
-0.084232
-0.112350
0.030609
0.047315
-0.083303
-0.009455
0.097453
0.058024
-0.106750
0.099621
0.036505
-0.253291
-0.210327
-0.142162
0.007523
-0.028141
-0.248902
0.128635
0.137979
-0.020124
-0.065675
-0.029716
-0.194370
-0.129200
-0.134659
-0.020647
-0.077387
0.090720
0.030105
-0.198589
-0.192341
0.082263
0.090235
-0.128330
0.065167
0.044995
0.081229
0.128811
-0.218229
-0.372162
-0.135928
-0.007684
0.056996
-0.019898
-0.017086
0.169311
-0.002483
-0.275810
-0.178293
-0.402106
0.143209
0.253093
0.140105
0.060960
-0.055146
0.020166
-0.069594
-0.077174
-0.115974
-0.078316
0.119498
0.172795
0.118283
-0.075242
-0.014211
0.006517
-0.022519
-0.148810
-0.128492
-0.127581
-0.053667
-0.087179
-0.053628
-0.018177
0.178650
0.125941
0.208334
0.005071
-0.014626
-0.119172
-0.070892
-0.142305
-0.196220
-0.112813
-0.095982
-0.435359
-0.131715
-0.101165
-0.133149
-0.136417
-0.133067
-0.143474
-0.084151
0.008430
0.069339
0.248824
-0.093871
-0.180712
0.007343
-0.063407
0.017097
0.027619
-0.065075
0.115779
-0.027086
-0.027369
-0.024503
-0.062876
-0.069733
-0.204479
-0.090443
-0.164096
-0.243672
-0.043534
-0.000842
-0.013728
0.061545
-0.080448
-0.063924
0.027660
0.002535
-0.096050
-0.090814
-0.088528
-0.111946
0.155433
0.040058
-0.059902
-0.092453
-0.060194
-0.160866
-0.225755
-0.026230
-0.067408
-0.048010
-0.041380
0.005718
0.048433
0.002628
0.009039
-0.156190
-0.123080
-0.141060
-0.089199
-0.109562
-0.113955
0.065306
0.022404
0.035378
-0.090374
-0.085148
-0.034978
-0.154790
-0.096773
-0.074074
-0.195765
-0.081311
-0.146484
-0.021328
0.158723
-0.003554
-0.048026
0.130220
0.195075
0.147645
0.068965
0.115080
0.023547
0.011572
0.066227
0.057965
0.005058
0.132119
-0.033841
-0.058801
-0.084185
0.075247
-0.238570
-0.314482
-0.153967
-0.201022
-0.288129
0.044835
0.158989
0.069487
0.221393
0.134100
0.103760
0.176860
0.085369
-0.122710
-0.104267
-0.075242
-0.246747
-0.148901
-0.128646
-0.105186
-0.325941
-0.044847
-0.244172
-0.200289
0.227248
0.099109
-0.000908
-0.044706
0.037888
0.077457
0.172594
0.214136
0.157133
0.221840
0.205611
-0.288566
-0.144205
-0.041172
-0.110657
-0.081659
0.025191
0.017009
-0.068661
-0.036119
-0.231831
-0.187944
-0.108901
0.000884
-0.061939
-0.130510
0.220789
0.305727
0.200730
-0.219496
-0.335469
-0.369743
-0.131557
0.026457
-0.117963
-0.019675
0.253671
0.184020
0.009272
-0.011389
0.031750
-0.131089
0.077163
-0.054779
-0.079852
0.019600
-0.040007
0.117022
0.249376
0.086604
0.129400
0.184606
-0.041459
-0.061402
-0.057717
-0.132304
0.125189
0.024192
-0.000918
0.141935
0.052452
0.010840
0.004284
0.064372
0.105696
-0.100591
-0.026777
-0.039095
-0.029555
-0.018093
-0.128396
0.065056
-0.039110
-0.042201
0.132105
0.134258
-0.000309
-0.013017
-0.084919
0.078916
-0.078028
0.050511
0.134053
-0.214841
-0.077828
-0.057725
-0.138408
-0.081225
-0.191540
-0.009129
0.057470
0.041925
-0.051959
0.060735
0.010324
-0.064912
0.066334
0.170427
-0.027479
-0.072462
0.183366
-0.132789
-0.079816
-0.009108
-0.042426
0.093201
0.014734
-0.074589
-0.009399
0.093678
-0.131227
0.007155
-0.079104
-0.231928
0.076814
0.163499
-0.149650
-0.121800
0.156760
-0.148853
-0.162292
-0.235977
-0.161098
-0.194901
0.016396
0.051497
-0.028792
0.134708
-0.020267
0.015347
-0.058212
-0.021573
-0.076028
-0.181089
0.132415
-0.032110
0.133654
-0.096720
-0.041340
-0.046804
-0.045542
0.053258
-0.118126
0.220316
0.215896
-0.071700
-0.007079
-0.004377
-0.023009
-0.036526
-0.052466
0.062125
-0.060760
0.100860
0.016622
0.053347
0.084917
0.061958
-0.034519
0.001966
0.054306
-0.086197
-0.124787
-0.109364
0.180600
0.074240
-0.040010
0.243437
0.000350
-0.067418
0.004375
0.001793
-0.006440
-0.018533
0.014634
-0.044632
-0.132683
-0.045742
0.023847
0.054553
0.044275
0.082645
-0.149115
0.022202
-0.083087
-0.212838
-0.185568
-0.148647
-0.118615
0.063287
-0.052146
-0.019144
-0.020829
-0.100245
-0.021362
0.115450
0.054584
-0.064798
0.043740
0.117743
0.110311
0.005460
-0.041834
0.146026
0.127437
-0.014585
0.018770
0.042233
-0.053243
-0.028108
-0.113109
-0.142690
0.168850
0.160646
0.086521
0.006788
0.156661
0.142749
-0.087529
-0.205302
-0.144834
-0.181580
-0.098901
-0.297252
0.020396
0.106214
0.027250
-0.108190
-0.087148
-0.060509
-0.119755
-0.059692
-0.011730
-0.026886
-0.001148
-0.037737
-0.188828
-0.075270
-0.010114
-0.182489
-0.051261
-0.090866
-0.049388
0.061374
-0.004019
0.023218
-0.036470
0.192045
0.132075
-0.057273
0.055989
0.085918
0.157540
-0.136395
-0.192043
0.070390
-0.152787
-0.160920
0.102152
0.089236
-0.003177
0.000917
0.017726
-0.216113
-0.047191
-0.081343
0.013862
-0.224542
-0.057963
0.136525
-0.159609
-0.278523
-0.093603
0.018021
-0.115679
-0.162280
0.095576
-0.016476
-0.197222
-0.095495
-0.235882
-0.035837
0.220903
-0.051877
-0.281744
-0.129285
-0.154145
0.001113
0.015334
0.213635
0.035736
0.190657
0.076406
0.179140
0.123127
0.209302
0.214193
0.132326
0.163338
-0.107809
0.069609
0.071060
0.114488
0.094981
0.218593
0.149116
0.121109
0.114603
-0.139495
0.003184
-0.094427
-0.072383
0.005987
0.052439
0.073262
-0.034714
-0.002002
-0.104738
-0.075693
-0.149211
-0.029886
-0.089086
0.038200
0.078080
0.007131
0.014930
-0.031807
-0.031709
-0.067574
-0.045317
-0.153218
-0.062899
-0.070215
-0.069228
-0.138121
-0.081325
-0.142531
0.041425
-0.095039
0.074563
0.052058
-0.230690
0.078145
-0.065690
0.005533
-0.104498
0.045742
-0.125611
-0.087255
-0.072285
-0.131199
-0.064926
-0.016865
-0.035877
0.079941
0.000733
0.120647
0.161541
0.269919
0.080542
-0.008160
0.150084
0.063406
0.063708
0.070538
-0.063764
-0.264228
-0.148415
0.091418
-0.047564
-0.329643
-0.138713
-0.138012
-0.308663
-0.144142
-0.142405
-0.126010
-0.045529
-0.005199
0.049894
0.162877
-0.122037
0.088886
0.133010
-0.047263
-0.030535
-0.074890
0.123801
-0.045945
-0.027063
0.084440
0.013028
0.036389
-0.066364
-0.000945
0.031531
-0.005471
-0.028847
0.061308
-0.051738
0.049315
0.231643
0.079309
-0.011414
0.033004
0.137524
-0.103313
0.000631
-0.089479
-0.049334
-0.011977
0.018438
-0.045449
-0.090747
0.083019
0.033622
0.029274
0.039767
-0.053882
0.141746
0.110569
0.120962
0.025523
0.061515
0.105586
-0.049159
0.011905
-0.034741
-0.232610
0.058588
-0.168067
-0.349890
-0.015145
-0.092051
-0.236415
0.129444
-0.039262
-0.082249
-0.035456
-0.000849
0.083845
-0.168802
0.017178
-0.056213
-0.210968
0.047895
0.017380
-0.060263
-0.211326
-0.072612
0.086983
-0.296271
0.053289
0.040329
-0.159955
-0.052044
-0.022443
-0.025170
0.087117
-0.131429
-0.067879
-0.270145
-0.219567
-0.082399
-0.086945
-0.087293
-0.001605
-0.066541
-0.017264
-0.122061
-0.045908
-0.172654
-0.007012
0.021146
-0.184661
-0.240724
-0.079094
0.023849
-0.056226
0.105987
-0.160350
-0.061000
-0.054302
-0.128775
-0.204635
-0.233202
0.016441
-0.188217
-0.201427
-0.138071
-0.201624
-0.083409
-0.059408
-0.046968
-0.113725
-0.103781
-0.247992
-0.088572
0.156121
-0.024701
0.169160
0.117247
0.195799
0.127234
0.028657
0.033960
-0.117583
0.042987
-0.162182
-0.274575
-0.195909
-0.155496
-0.030658
-0.112109
0.103889
-0.053199
0.038720
0.109339
0.049971
0.034839
0.097742
-0.052077
0.041437
0.067360
-0.194136
-0.014801
-0.030910
-0.059182
-0.003059
-0.029005
0.034289
-0.033434
0.023040
-0.136372
-0.307919
-0.251413
-0.019142
0.000304
0.069566
0.093115
-0.094947
-0.022879
-0.242338
-0.103908
-0.049303
-0.241725
-0.211889
-0.094601
-0.001451
0.127564
0.054119
-0.071775
0.019259
0.003776
-0.213631
-0.163530
-0.051136
0.032594
0.076046
-0.100673
-0.049849
0.031803
0.026492
0.109808
-0.088296
0.002143
0.002485
0.056532
-0.198206
-0.015486
-0.044727
0.104849
-0.210560
-0.225833
-0.053670
0.024814
0.130212
0.023470
-0.079026
0.128783
0.021876
0.024283
0.017913
0.038641
0.126347
0.265829
0.212620
-0.159849
-0.095285
-0.142386
0.005721
0.077003
0.068859
0.006367
-0.046656
0.036072
-0.017252
0.043532
0.006655
-0.149311
-0.166276
-0.188119
0.099080
0.088864
-0.036571
-0.098817
-0.113555
-0.031139
-0.135167
-0.249593
-0.126031
0.126527
0.164017
0.033723
-0.158075
-0.202845
-0.159193
-0.057003
-0.075711
-0.097416
0.096298
0.211083
0.015186
0.160485
0.058166
0.125301
0.023654
-0.060501
-0.031481
-0.275774
-0.157855
-0.137630
-0.050625
-0.189477
0.058589
0.078097
-0.044856
0.044762
-0.030936
-0.132462
-0.048103
-0.046624
-0.070127
-0.045382
-0.180185
-0.089751
-0.085007
-0.050406
-0.005202
-0.054448
0.045867
-0.045909
0.053229
0.129762
0.109970
-0.001976
-0.032493
-0.012969
-0.036072
0.001685
-0.006926
-0.072035
-0.145648
-0.193494
-0.213337
0.133854
0.195878
-0.006876
-0.048529
-0.258254
-0.268889
0.009929
0.050085
0.068695
0.093848
0.021088
0.138499
-0.143453
-0.133756
-0.130355
0.018404
0.118348
0.106572
0.151642
0.126141
0.122770
0.000453
-0.217600
-0.097685
-0.079443
-0.139600
-0.040184
-0.193513
-0.030463
0.105859
-0.266659
-0.294242
-0.236537
-0.057497
-0.053637
-0.015525
0.173335
0.218361
0.115741
-0.096398
-0.194790
-0.043867
-0.047605
0.014998
0.024242
0.154994
0.079070
0.065105
-0.151219
-0.179423
-0.061781
-0.296020
-0.196100
0.103272
0.149675
0.071959
-0.030684
-0.160658
-0.004402
0.000366
0.003713
-0.223690
-0.032647
0.126781
0.235204
-0.073164
0.070622
0.000624
0.049049
-0.008581
0.029111
-0.002811
-0.222060
-0.064278
-0.044800
0.074695
-0.012209
-0.077716
0.154504
0.143472
-0.011718
-0.061850
0.026698
-0.127840
-0.000591
0.028445
0.072116
-0.153975
-0.103756
-0.152626
-0.138649
-0.177997
-0.062459
0.102908
0.019319
0.106923
-0.051615
-0.226119
-0.299703
-0.020045
-0.182504
-0.270713
0.010934
-0.105670
-0.012348
0.084382
0.083027
0.070750
0.023748
0.080053
0.126318
0.107216
0.119544
-0.037230
-0.010578
-0.163344
-0.078517
0.033931
-0.064063
-0.017377
-0.013765
0.096551
0.068254
-0.036100
-0.061225
-0.058970
0.088743
0.198100
0.040414
-0.170295
-0.014659
0.039311
-0.297556
-0.095613
0.013375
0.076218
0.139668
-0.135616
-0.085503
-0.039141
-0.123827
0.020723
-0.124774
-0.030646
-0.017423
-0.063031
-0.036207
-0.047271
-0.092127
-0.170435
-0.126877
-0.105702
-0.013223
0.051285
0.136677
0.142836
-0.003373
-0.003594
-0.094178
0.056462
0.001078
-0.213085
0.022432
0.054424
-0.138589
0.160417
0.045981
-0.069417
0.018530
0.026564
-0.347145
0.030227
-0.149209
-0.272675
-0.089280
-0.070848
0.113706
-0.102619
0.007910
0.102970
-0.098042
-0.128793
-0.272924
0.118817
0.241063
-0.004187
-0.105221
-0.127022
-0.160685
-0.088029
-0.040001
0.102968
-0.174798
-0.114884
0.062273
-0.101421
0.026550
0.084344
-0.012315
-0.169525
-0.235105
0.143104
0.069569
0.187704
0.056183
0.050403
-0.012801
0.172552
-0.006131
-0.075924
0.204971
-0.035695
-0.062729
0.087431
-0.137412
-0.111318
0.004245
-0.041584
-0.209566
0.061333
0.149271
0.159442
0.010577
0.133908
0.042471
-0.141116
-0.113598
-0.069431
-0.002606
-0.061332
0.169184
-0.023875
-0.109634
0.048813
-0.018155
-0.072756
-0.125544
0.074638
-0.017551
0.164079
-0.007229
-0.060884
-0.280186
0.062407
-0.059365
-0.169190
0.112643
0.067400
-0.067234
-0.035146
-0.059815
0.124872
-0.022978
0.030367
0.016492
0.232041
0.134040
-0.047630
-0.188478
-0.355514
-0.029845
-0.156251
-0.015481
0.115091
-0.096941
-0.202548
-0.048691
-0.082578
-0.157908
-0.125278
0.006821
-0.045171
-0.060883
-0.080407
-0.221147
-0.073786
-0.082433
-0.033687
0.064945
-0.020844
0.025298
0.042438
0.010707
-0.032112
0.239421
-0.021327
-0.008669
0.035086
-0.054689
-0.194324
-0.322148
0.029294
-0.289043
-0.041558
0.033985
0.012741
0.148764
0.018826
-0.030967
-0.039426
0.150713
0.005995
0.130591
0.149400
-0.043222
-0.161643
0.219553
-0.058001
-0.080549
-0.144275
-0.056760
0.068065
-0.010191
0.001155
-0.121138
-0.083251
-0.053858
-0.009957
-0.026571
-0.269021
-0.028634
-0.051350
-0.062636
-0.075393
-0.136164
-0.067097
0.035128
0.007050
-0.135644
-0.178426
-0.040848
-0.155139
-0.002879
0.027633
-0.092179
-0.013153
0.099464
0.099322
0.093772
0.084285
-0.011087
-0.219136
-0.143808
-0.132711
0.135751
-0.039808
0.083868
0.053959
-0.136180
-0.019324
-0.043985
0.160713
-0.351716
-0.274516
0.003482
-0.026458
0.031055
0.036895
-0.022612
-0.132492
0.116833
0.114834
-0.052150
0.248030
0.389905
-0.012709
-0.072401
-0.076714
-0.212871
-0.071480
0.090132
0.130232
0.034042
0.046362
0.019073
-0.262663
-0.170980
0.031195
-0.267339
-0.225359
-0.183742
0.052242
0.042304
0.064049
0.089170
-0.022843
0.116132
-0.040318
0.001016
-0.332812
-0.019075
-0.299404
-0.174848
-0.041882
-0.094976
-0.020298
-0.092186
-0.010172
0.075262
0.132873
0.135463
-0.035913
0.012428
-0.000675
-0.207226
-0.130743
-0.104115
-0.071444
0.001196
0.171812
0.259743
-0.134786
0.101949
-0.061846
-0.067859
-0.101199
-0.080178
-0.070682
-0.022170
0.150872
-0.098470
0.127517
0.068078
-0.159582
-0.394005
-0.314954
0.006445
-0.012519
0.023397
-0.038764
-0.070060
-0.088086
-0.019530
-0.083153
0.012631
-0.085442
-0.295291
-0.307339
-0.014524
-0.097445
-0.129630
0.101720
0.033860
-0.054585
0.099092
-0.018245
0.189694
0.125210
-0.134505
0.045366
0.037398
0.033527
0.073773
0.030410
0.125741
-0.060941
-0.161613
0.014602
0.030372
-0.161650
0.007183
0.090308
-0.043233
-0.226467
-0.195703
0.008926
-0.011266
0.044978
0.130058
0.115163
-0.035308
-0.019543
-0.157729
0.013977
0.082139
-0.100548
-0.057539
0.069226
-0.064810
-0.099454
0.171315
-0.072610
-0.298540
0.062316
-0.019190
0.037673
0.128028
0.009750
0.075171
0.024201
0.192944
0.103124
-0.077088
-0.101676
0.116500
0.060185
0.003554
0.060375
-0.051854
-0.032274
0.010124
-0.064951
-0.160533
-0.004382
-0.057158
-0.042893
0.170928
-0.107598
-0.326715
-0.034420
0.047961
-0.049334
0.012216
0.185207
-0.057150
0.068336
0.020404
-0.106208
-0.104828
0.003105
-0.027776
0.059072
-0.027916
-0.065105
-0.024062
-0.080815
-0.114784
-0.073719
0.002186
-0.095915
-0.087164
0.140248
-0.002707
-0.089663
0.101454
-0.155739
-0.128923
0.285379
0.051245
-0.110615
0.185173
-0.088018
-0.056196
-0.046225
-0.243140
-0.037711
0.128797
-0.102327
-0.181344
0.064443
-0.180992
-0.193015
-0.080958
-0.111541
-0.060840
-0.008674
-0.044096
-0.022259
-0.163209
0.067793
-0.051022
-0.039828
-0.245646
-0.031747
0.269066
-0.099102
0.023049
-0.075207
-0.177088
-0.096913
-0.078259
-0.104689
-0.040360
-0.147914
-0.068751
-0.039489
-0.104592
-0.116152
-0.036159
0.017363
-0.052889
-0.038339
0.189327
-0.036862
-0.126549
-0.001360
-0.074940
-0.078453
-0.019837
0.046869
0.011414
-0.173999
-0.190888
0.115297
-0.019574
-0.000700
0.093533
-0.119129
0.184415
0.061870
0.074262
0.177558
-0.093116
0.094155
0.200394
-0.070848
0.004098
0.063197
-0.094301
-0.047639
-0.079148
0.022815
0.017407
-0.021772
-0.037136
-0.048134
-0.074559
-0.213872
-0.036988
-0.031985
-0.115879
-0.129213
-0.099857
-0.025068
0.146028
0.210881
0.067583
0.083825
0.071277
0.123518
-0.027633
-0.044622
0.139734
0.044870
0.019348
-0.102059
-0.009672
0.034347
0.169943
-0.071179
0.115797
0.043841
-0.112523
-0.217974
0.087477
-0.009008
-0.012094
-0.039228
0.124456
0.239495
0.094329
-0.024884
-0.262455
-0.060879
0.190931
-0.082821
-0.158480
0.020656
-0.140322
-0.269377
-0.143690
0.012225
0.092077
-0.006875
-0.163064
0.050690
-0.020207
-0.067730
-0.042699
-0.190567
-0.465673
-0.002507
-0.016070
-0.074760
-0.041352
0.126888
0.220931
0.021833
-0.019424
-0.261514
-0.139757
0.235909
-0.126548
-0.137134
0.082485
-0.136935
-0.337686
-0.139355
-0.195638
0.146288
0.040258
-0.093591
-0.113545
0.130164
-0.117270
-0.231784
0.078145
0.064377
0.106459
0.086593
-0.037006
0.056139
0.145738
-0.089482
-0.120356
0.115533
-0.138817
-0.265652
-0.008784
-0.079787
0.076595
0.069416
-0.065797
0.108742
0.071520
0.013422
0.106789
0.004809
-0.042848
0.107393
0.024700
0.024679
-0.013887
0.024272
0.070092
-0.118216
-0.095018
-0.127317
0.034812
-0.225811
-0.138713
-0.100760
0.046865
-0.076317
0.044430
0.004628
0.010469
-0.044774
0.006562
-0.238747
0.031765
0.066440
0.120597
-0.143070
0.058359
-0.053538
-0.217072
0.090736
0.037171
-0.111915
-0.123863
-0.054937
-0.314331
-0.046615
-0.106600
-0.059612
0.161630
0.138203
-0.005164
0.063156
0.001618
0.159267
0.034533
-0.010398
0.120935
0.082744
0.063680
-0.086004
0.148209
0.014731
-0.100245
0.022526
-0.267419
-0.302518
0.084303
-0.206051
-0.159104
0.063297
-0.039112
-0.038858
0.019925
-0.019549
0.015938
-0.013801
-0.037977
0.133269
0.211039
0.118583
0.027164
0.158326
0.020924
-0.047422
0.064253
-0.030769
-0.007554
-0.040684
-0.158504
-0.232231
-0.153135
-0.090234
0.006637
0.136126
0.212273
0.156781
-0.042338
-0.062451
-0.374853
-0.092934
-0.265751
-0.219626
0.171676
0.095518
0.163305
0.044699
-0.060919
-0.224790
-0.077230
-0.222667
0.027764
-0.048648
-0.026312
0.259790
0.043273
0.058041
0.140097
0.079295
0.067586
0.078852
0.080163
0.072609
0.010684
0.079376
-0.082549
0.106965
-0.007761
-0.025063
0.005993
0.008524
-0.057944
0.063295
0.180521
0.276811
0.046433
0.080275
0.138246
0.014882
-0.028491
-0.014939
0.065362
-0.092417
-0.131281
0.217821
-0.115278
-0.084910
0.055072
-0.026258
-0.052940
0.106071
0.134759
0.139038
-0.100289
0.009222
-0.248183
-0.143746
-0.185136
-0.283101
0.071546
-0.012915
0.077747
0.136873
0.046866
-0.027179
0.027049
-0.129744
-0.188249
-0.158232
-0.036361
-0.249759
-0.153397
-0.033609
-0.260858
-0.101305
0.082838
0.076300
0.111391
0.002268
-0.120350
-0.004114
-0.164215
-0.065786
-0.015948
-0.207427
0.106444
0.150523
0.105617
-0.014311
-0.015398
0.022743
-0.105237
-0.254895
-0.069477
0.079894
-0.115997
0.230274
0.072925
-0.011715
0.018298
-0.055404
-0.161929
-0.051424
-0.077460
-0.233896
0.051630
-0.065633
-0.021982
-0.032712
0.094145
-0.088872
0.000324
0.090397
-0.170658
-0.110992
-0.029941
-0.001122
-0.015592
-0.032332
-0.061185
0.084071
0.007971
-0.053093
-0.094242
-0.150032
-0.163210
-0.031994
0.064267
0.013907
0.058734
0.126477
0.076210
-0.035419
-0.038376
0.059172
-0.013761
-0.009193
0.080443
0.049045
0.083333
0.034732
-0.099359
-0.136567
-0.158588
0.007982
-0.059036
-0.094824
-0.019751
-0.029784
0.021417
0.212628
0.160152
-0.080201
0.004495
-0.050640
-0.087573
-0.175910
-0.342081
0.135318
-0.207651
-0.164000
0.068783
-0.002218
0.039967
0.067735
0.031336
0.090355
-0.017769
0.018127
-0.072373
-0.072907
0.105683
0.115614
0.128060
0.013455
0.089211
0.098267
0.072833
0.116826
0.066104
-0.004541
0.059719
0.156507
-0.133970
0.049224
0.232124
0.013118
-0.074073
-0.295369
-0.038929
-0.313979
-0.338921
0.102850
-0.132799
-0.194237
-0.091489
-0.058913
0.038320
-0.042193
-0.046831
0.028719
0.000254
-0.128645
-0.048392
-0.015679
-0.096740
-0.006246
0.039721
-0.054287
-0.274837
-0.007798
-0.128412
-0.270859
0.081563
0.257348
0.107242
-0.131827
0.108894
0.115198
0.142197
-0.054047
-0.023576
-0.045794
-0.091328
0.025246
-0.126804
-0.085615
-0.225080
-0.015828
-0.189199
-0.255597
-0.179987
-0.222752
-0.096606
0.015163
0.090391
-0.008459
0.142625
0.143499
0.015483
0.188173
-0.090453
0.097851
0.044643
0.010337
0.001052
-0.085505
-0.204872
-0.087467
-0.026785
0.009171
-0.106630
-0.138780
-0.017623
-0.328192
-0.217563
-0.163701
-0.197870
-0.027562
-0.059764
-0.103771
-0.011696
-0.041477
-0.243508
0.160683
0.100272
-0.099774
-0.032881
-0.051600
-0.144479
-0.002255
-0.026101
-0.158208
0.130200
0.048328
0.018492
0.030467
-0.007557
-0.011817
0.210859
0.096995
0.044985
-0.002960
0.057902
0.121997
-0.143172
0.021621
-0.224327
-0.100911
0.041585
-0.146474
0.045779
0.115366
0.141078
0.070558
0.001216
-0.308908
0.030326
0.142442
-0.139346
0.152028
0.089824
0.038691
0.185633
-0.006575
0.044885
0.032087
0.057099
0.179269
-0.211261
-0.122959
0.061044
0.110506
-0.138829
0.041245
-0.081234
-0.207631
0.044893
-0.042211
-0.035490
0.182574
-0.155338
-0.160342
0.043652
-0.036928
-0.008736
0.051769
0.036981
-0.002306
-0.018504
-0.028300
-0.074507
-0.010789
-0.090668
-0.116558
-0.018153
0.150462
0.059966
0.055371
0.061471
-0.273689
-0.169368
0.034223
-0.123955
-0.239531
0.029529
0.016978
-0.168106
0.064932
0.225316
0.047030
-0.184706
0.055931
0.027778
0.006354
0.022608
-0.027094
-0.231449
-0.171358
-0.139906
0.151345
-0.048870
-0.117145
0.324331
0.170438
0.174864
-0.124812
0.118263
0.115755
-0.003827
0.102475
0.170605
-0.000417
-0.084796
-0.145759
-0.034892
-0.132376
-0.063073
-0.133137
-0.092013
0.050620
0.274545
0.157840
0.047525
-0.059295
0.008807
-0.135929
-0.065883
-0.092395
-0.095062
0.211612
0.059888
0.014948
-0.124777
-0.091682
0.040774
0.017707
-0.076620
0.102604
0.323916
0.013674
0.118976
-0.098477
0.106411
0.083137
0.078940
0.198283
-0.259672
0.092869
-0.182939
-0.327659
-0.231715
-0.088377
-0.045236
0.109357
0.058133
0.103091
-0.039276
0.043591
-0.026269
0.124494
-0.119304
-0.077415
-0.022832
-0.036380
0.010684
-0.135808
-0.026809
0.026083
-0.045306
-0.026414
-0.023313
-0.129062
-0.146940
-0.041045
-0.065670
-0.168793
-0.184546
-0.001824
-0.192757
-0.164022
-0.091907
-0.129157
-0.131329
-0.158024
0.011528
-0.061050
-0.010729
0.021200
-0.012853
-0.060058
-0.049226
0.106537
-0.007253
0.025023
0.020169
0.166192
-0.122998
0.075718
0.070485
0.050492
0.117109
-0.015956
-0.108663
-0.151215
0.022736
0.122899
-0.024349
0.053673
0.180285
-0.098832
-0.084742
-0.014060
0.044097
-0.076721
-0.175584
-0.081878
-0.073396
-0.185292
-0.342132
-0.144578
-0.182386
-0.308827
-0.107443
-0.036755
0.044896
-0.079161
-0.012685
-0.017755
-0.039662
-0.031835
-0.002107
-0.043801
-0.037849
-0.067675
-0.132092
0.035479
0.011221
0.132278
-0.011445
-0.078985
-0.122966
-0.072617
0.018605
-0.084997
-0.157319
-0.109592
0.095811
-0.045870
0.098940
-0.074527
-0.036358
0.148945
-0.095286
0.010745
0.142435
-0.030666
0.097508
-0.024389
-0.156956
0.031450
0.078450
-0.204540
0.108814
0.078536
-0.206817
0.024734
0.091652
-0.068417
-0.140441
-0.197290
0.219818
0.075193
-0.085303
0.145593
0.254951
-0.056431
0.092775
0.069814
0.062146
-0.086575
-0.172357
0.016044
-0.087426
-0.134522
-0.113075
-0.000582
-0.085905
0.111879
0.021458
-0.091006
-0.047638
-0.087451
-0.044259
-0.021928
0.202556
0.005591
-0.186952
0.027685
-0.114340
-0.224631
0.098689
0.019169
-0.251087
0.101641
0.063727
0.066937
0.191002
0.042103
-0.042010
0.006320
0.029201
-0.038165
0.047463
0.048667
0.196992
-0.137863
-0.133624
0.136879
-0.191302
-0.279193
0.121395
-0.093163
0.004565
-0.019673
-0.017585
0.074111
-0.027307
0.015524
0.095906
0.012865
0.133009
0.017401
0.013764
0.080850
-0.124927
-0.065776
-0.025783
-0.124431
0.083723
0.022890
-0.030499
-0.065037
0.052233
-0.020706
-0.167221
0.048793
-0.047663
-0.020197
0.204081
0.037034
0.016595
0.059076
-0.108698
-0.009932
0.080450
-0.128965
0.002683
-0.024868
0.124585
0.004544
-0.144300
0.063234
-0.005262
-0.195208
-0.005678
0.070886
0.029082
0.015451
0.011107
0.021385
-0.215590
-0.007048
-0.034455
-0.254938
-0.021398
-0.052852
0.036959
0.194283
-0.104876
-0.256624
-0.119770
-0.007491
-0.386139
-0.049667
-0.040937
-0.038934
0.087111
-0.098200
-0.053313
0.074413
-0.083321
-0.155073
0.102015
-0.198973
-0.043031
0.167386
-0.148098
0.096669
0.084584
-0.036370
-0.199551
0.218032
0.297542
0.017718
-0.053994
0.032476
-0.159877
-0.036935
0.014231
-0.148756
0.192913
0.092800
-0.165396
-0.015513
0.074155
-0.300036
-0.128702
0.107586
-0.280162
0.076730
0.211204
-0.006475
0.070595
-0.013436
-0.084710
0.105951
0.009638
0.026775
0.071782
-0.068154
0.028026
0.078396
-0.041715
0.132865
-0.097389
0.038775
0.271645
-0.159533
-0.210253
-0.121646
0.060213
-0.048293
-0.040256
0.247811
-0.037058
-0.218375
0.212138
-0.126332
0.019447
-0.069988
0.012423
0.007376
-0.030416
-0.091949
0.109298
0.070718
-0.010518
0.055196
0.078442
-0.153547
-0.064961
-0.092853
-0.165501
-0.136555
0.067179
0.027756
-0.208518
-0.155713
0.118881
-0.136009
0.179668
0.299001
-0.296888
0.090340
-0.032441
0.048526
0.167533
-0.105318
-0.059939
-0.031214
-0.227396
-0.321384
0.078814
0.043529
-0.044795
-0.112860
0.031763
0.148132
-0.069100
0.075652
0.237907
-0.050191
-0.122527
-0.111701
-0.014500
0.145691
-0.140526
-0.102876
-0.018181
-0.030042
0.009934
0.015471
-0.107909
-0.025046
-0.028394
-0.098800
-0.067738
-0.033584
0.013403
-0.103516
-0.082956
-0.062035
0.057584
-0.034399
-0.082305
0.061320
-0.082731
-0.012818
0.005636
0.287922
0.087617
0.149600
0.110939
-0.250785
-0.079690
0.064185
-0.422970
-0.318421
0.057362
0.017140
-0.264060
0.083593
0.082300
-0.250308
0.240337
0.062788
-0.103836
0.046229
0.133767
0.182787
-0.219897
-0.141681
0.038614
-0.097108
-0.096519
-0.123777
-0.199055
-0.141362
-0.068998
-0.137561
-0.102259
0.093611
0.001091
0.031273
-0.109535
0.002071
0.142088
0.079396
-0.051482
-0.169516
0.001437
-0.125386
-0.045188
-0.058574
-0.208603
0.061031
0.209796
-0.285913
0.099947
0.157729
0.094734
-0.084712
-0.051355
-0.010093
0.218293
0.063839
-0.031125
0.009086
0.012444
0.097984
0.079720
0.068994
-0.087809
0.030693
0.046184
0.096742
-0.154343
-0.192791
0.190393
0.015234
-0.151166
-0.023837
0.131269
-0.076666
0.087504
0.223932
-0.117962
0.141950
0.118269
0.027308
-0.000053
-0.064192
0.058497
-0.076176
0.023461
0.015420
0.089442
-0.003339
0.065886
0.033993
-0.085140
0.157262
-0.131151
-0.342088
-0.361038
0.175548
0.112653
-0.048277
0.128912
0.032098
0.013056
0.124300
0.011608
0.038519
-0.218901
-0.091211
-0.044897
-0.043623
-0.025897
0.067207
-0.016133
-0.117877
-0.036243
-0.116497
-0.107082
-0.050947
-0.059161
0.030363
0.143967
-0.062588
-0.108122
0.000018
-0.071211
-0.017242
0.024804
-0.254367
-0.198478
0.027879
0.045072
0.019924
-0.023482
0.035323
0.028726
-0.013154
0.021804
0.011012
0.215906
-0.150408
-0.051931
-0.028132
-0.062512
-0.076555
-0.013351
-0.120209
-0.415048
-0.087477
0.049732
0.102908
0.025402
0.020366
0.038021
0.069082
-0.110724
-0.077258
0.027634
-0.131646
-0.204502
-0.139814
0.054488
-0.044184
0.007875
-0.077076
-0.121910
-0.016086
-0.101971
0.020246
-0.079412
-0.165044
-0.009974
0.223865
0.087445
-0.030257
0.074434
-0.097418
-0.081454
-0.264598
0.175692
0.104848
-0.038641
-0.086921
-0.159998
0.015918
-0.143377
-0.164928
-0.040435
0.091428
-0.142243
-0.012332
0.048165
0.024434
-0.040351
-0.132776
-0.015413
-0.161628
0.131194
0.171835
0.141484
-0.238883
-0.078420
0.031851
-0.271113
-0.208163
-0.004204
0.127744
0.060638
-0.168789
0.069320
0.020006
-0.186936
0.083095
0.161820
-0.020675
-0.012235
0.040539
0.033229
0.089906
-0.046860
-0.010548
0.142119
-0.062263
-0.050479
-0.081396
-0.046686
-0.109233
-0.161828
0.066815
0.057461
-0.229064
-0.098900
-0.068144
-0.351956
-0.229488
-0.185304
0.144155
-0.154694
-0.113486
0.044048
-0.276133
-0.172136
-0.141787
-0.265702
-0.201553
-0.239407
-0.287403
-0.072165
0.009133
0.157514
0.016761
-0.057159
0.111872
0.148075
0.090203
0.061507
-0.005756
-0.099120
-0.202041
0.014264
-0.127115
-0.183275
-0.002805
-0.039842
0.173777
0.210101
-0.143976
-0.025807
0.007662
0.070442
0.127777
0.002646
-0.203895
0.069297
0.081154
-0.341385
0.064550
0.116243
0.039759
0.013787
-0.090950
-0.102060
-0.057634
-0.048779
-0.049159
-0.039579
-0.070995
0.057323
0.077166
-0.004105
-0.035523
-0.065214
0.073997
0.039811
0.085273
-0.001916
0.023746
-0.051318
0.018066
-0.031019
-0.222339
0.035641
0.053817
-0.200563
0.105108
0.202800
-0.038341
0.107507
-0.048448
-0.029606
-0.001356
0.057424
-0.055516
-0.105365
0.050749
-0.015555
-0.120493
-0.100384
-0.193908
-0.156537
-0.114090
-0.073355
-0.022647
0.162148
-0.070280
0.145889
0.079613
0.072816
-0.104316
0.041227
0.187250
-0.104326
-0.079238
0.056467
-0.012180
-0.017170
-0.098253
0.111467
-0.138033
-0.226733
-0.068512
-0.150996
-0.229439
0.018024
-0.022809
-0.022298
0.117093
-0.070512
0.124654
0.036794
-0.059471
0.103537
0.145632
0.049133
-0.053676
-0.011930
-0.087773
-0.032053
0.024254
-0.113031
-0.010003
-0.000951
-0.131477
-0.186762
-0.210082
-0.043689
0.084348
0.047516
0.132843
0.099277
0.195596
-0.061746
-0.116397
0.007280
-0.137298
-0.330066
-0.050346
0.028207
-0.076515
0.181316
-0.078810
-0.170426
-0.088997
0.083022
-0.139307
0.064448
0.083850
-0.060525
-0.021136
0.121553
0.045469
0.011796
0.080306
0.157360
0.157875
0.131174
-0.044420
-0.044801
-0.020533
-0.016563
-0.179682
-0.054649
0.079453
-0.069158
-0.105617
-0.021767
-0.077427
-0.066120
-0.103326
0.048756
-0.184867
-0.090560
-0.099421
0.001413
-0.053837
-0.109268
-0.071938
-0.032785
-0.005105
-0.009655
-0.023471
0.082967
-0.055188
-0.227134
0.108287
-0.053756
0.024702
0.055770
-0.128729
-0.238420
-0.139705
-0.178929
-0.092784
-0.082793
-0.039858
0.007858
0.242503
-0.075988
-0.107369
0.084408
0.007670
-0.124417
-0.205293
-0.237254
-0.170546
0.002053
-0.039933
-0.151589
0.044887
0.073650
-0.015987
0.120387
-0.088204
-0.189764
0.031041
0.016202
-0.109002
0.054134
0.117968
0.081380
-0.040721
-0.138263
-0.007988
0.048288
-0.258853
-0.194990
-0.123867
-0.187376
-0.074219
0.022111
-0.044428
-0.083558
0.094429
-0.238208
-0.050302
-0.188811
-0.053539
-0.162641
-0.330262
-0.110761
-0.039896
0.238146
-0.129573
-0.029124
0.017598
-0.082716
-0.042585
-0.133603
-0.106791
-0.105582
-0.037237
0.024159
0.029585
-0.023522
0.061535
-0.004979
0.191886
0.034969
-0.192701
-0.196290
0.170968
-0.087417
0.010378
0.214634
0.074012
0.045225
-0.098924
0.027799
-0.136133
-0.130398
0.177280
0.094703
-0.131125
0.084125
0.098958
-0.029502
-0.063958
-0.144924
-0.136005
-0.195594
-0.112039
-0.043029
-0.063833
-0.147317
0.092093
-0.110492
-0.077368
0.091080
-0.025418
-0.024769
-0.039507
-0.061444
-0.139210
-0.047289
-0.041608
-0.087162
0.039542
-0.115947
0.037148
0.036501
-0.041037
0.018261
-0.066682
-0.121195
-0.242354
-0.090389
0.230116
0.033814
-0.087887
0.201671
0.244881
-0.043253
-0.064006
0.045625
-0.002006
0.051001
0.013799
0.071756
0.138476
0.052232
-0.109749
-0.074680
0.051108
-0.296464
-0.193016
-0.195095
-0.069641
-0.104237
-0.003962
-0.135121
-0.112322
-0.093189
-0.207974
-0.189086
-0.030504
-0.241728
-0.152688
-0.099553
0.113054
-0.088065
0.114979
0.004032
-0.239575
-0.198641
-0.025817
-0.121490
-0.262525
0.005065
0.031979
0.101843
0.024907
-0.010922
0.138349
0.028645
0.136319
0.094806
-0.005567
-0.216174
0.053518
-0.062302
-0.232566
-0.114244
0.031836
-0.036323
-0.043449
-0.221372
-0.164329
0.112666
-0.071623
-0.130141
-0.236910
0.044585
0.099314
0.041068
-0.103955
-0.248748
0.008618
-0.150261
-0.070747
-0.092824
-0.106515
-0.035494
0.061196
-0.234033
-0.188180
0.269317
0.076720
-0.085562
-0.079034
0.026416
0.040960
0.074651
0.190196
0.123604
-0.061273
0.030145
0.088685
-0.017548
-0.036451
0.072395
-0.016970
0.101873
0.099012
0.089888
0.059281
0.003316
0.025243
-0.074359
0.048789
-0.060649
-0.198917
-0.113518
0.199615
-0.038718
-0.186343
-0.102930
0.026472
0.016390
-0.097038
-0.022270
-0.132575
-0.122095
0.061170
0.033103
-0.162457
0.061399
0.094983
0.072194
-0.004341
-0.025572
-0.206244
-0.059130
-0.064176
-0.056156
0.044563
0.046894
0.074663
0.062912
-0.050539
-0.042355
0.105392
0.091914
0.002348
0.134373
0.094146
0.110979
-0.180850
-0.204501
-0.179444
-0.190301
-0.031862
-0.018542
-0.013586
0.028650
0.150923
0.116014
0.134773
0.146506
0.011539
-0.006854
-0.052013
-0.023483
-0.147883
-0.259317
-0.193425
-0.062551
-0.160606
-0.012458
-0.002178
0.131480
0.008525
0.003920
0.100587
-0.265266
-0.228582
0.093925
-0.105861
-0.103593
-0.075926
-0.042835
0.029414
0.013569
0.034868
-0.066899
-0.016263
-0.101898
-0.031450
0.081407
0.006952
0.095730
0.159449
0.151432
-0.049615
-0.196440
0.055636
-0.013997
-0.089568
0.067634
-0.031924
-0.047351
0.040223
0.050676
0.150325
0.074264
-0.046180
0.069968
0.083385
0.137195
0.125916
-0.018673
-0.086016
0.108560
-0.118107
-0.035059
0.107651
-0.095792
0.027185
-0.037739
0.137566
0.043149
0.047202
-0.029824
-0.124320
-0.078254
-0.008742
-0.138884
-0.233929
-0.182645
-0.047308
0.166628
-0.365114
-0.093406
-0.073278
-0.099847
0.137646
-0.089488
-0.231366
-0.197901
0.161897
-0.166939
-0.237875
-0.199056
0.036278
-0.028559
-0.014578
0.000334
-0.018040
-0.006675
0.081237
-0.002698
0.072533
0.185252
0.247135
0.163839
-0.168654
-0.193958
-0.171935
-0.179808
-0.010924
-0.048054
0.064091
0.081863
0.221703
-0.113451
-0.161086
0.030725
-0.053883
-0.081022
0.016569
0.004584
0.051676
0.014144
-0.077632
-0.107651
-0.074431
-0.091463
-0.001544
0.019855
-0.034642
0.156541
0.025506
0.021601
-0.151543
-0.136234
-0.038972
-0.083337
0.013860
0.111045
0.187150
0.248325
-0.295193
-0.254336
-0.128503
-0.113825
-0.141007
-0.155755
0.110581
0.111536
0.061325
0.010511
-0.012765
0.152152
-0.108857
-0.081769
-0.197692
-0.129479
-0.038952
0.019043
-0.295714
-0.202125
0.292681
-0.073533
-0.213200
-0.049543
-0.060522
0.003936
0.065973
-0.091865
-0.097715
0.062015
-0.122212
-0.041289
-0.025780
-0.050150
-0.073013
0.055035
-0.029909
-0.066802
-0.014099
0.103537
-0.021165
-0.027465
0.068244
0.053202
-0.086683
-0.184411
0.206929
-0.040678
0.122715
0.175054
0.149471
0.200681
-0.186586
0.131664
0.053793
-0.089044
0.128720
-0.097051
0.116376
-0.053655
-0.422797
0.004804
-0.138680
0.003332
0.045183
0.003649
-0.181873
0.197226
0.001115
-0.107932
0.036962
0.134492
0.033559
-0.000523
0.153261
0.014842
0.065754
-0.084700
-0.229936
-0.036512
-0.102518
0.016864
-0.235075
0.063613
-0.006642
-0.008962
-0.077285
-0.280973
0.002618
-0.023304
0.068017
0.059248
0.076113
-0.030150
0.148967
-0.028210
-0.061466
0.025565
0.026627
-0.085385
0.041530
-0.056540
-0.058422
0.058198
-0.002559
-0.037542
-0.177079
-0.043308
0.063075
-0.005581
-0.058231
0.122717
0.080049
0.063790
0.083031
0.036452
0.043302
-0.154976
-0.129240
-0.034183
-0.105630
-0.026100
0.108962
-0.055259
-0.101877
0.093414
-0.094645
0.087674
-0.135967
-0.151308
0.260084
-0.172762
-0.184987
-0.039424
-0.077360
0.124608
-0.003121
0.130669
0.147904
-0.180538
0.090061
0.061129
0.016231
-0.192254
-0.022711
-0.150818
0.051438
-0.061953
-0.030866
-0.059763
-0.189019
-0.064930
-0.027873
0.005044
0.087815
-0.054827
0.012956
0.067178
-0.052526
0.117674
0.009949
0.003054
-0.094818
0.137728
-0.085671
-0.118976
-0.053127
0.038084
0.083165
-0.209981
0.051187
-0.189430
-0.083346
-0.139788
-0.246867
-0.089610
-0.207763
-0.277730
-0.159825
-0.056705
-0.124301
0.047471
-0.059597
0.099257
-0.187208
-0.017500
0.120574
-0.104913
0.036455
0.091409
0.060343
0.098501
0.022808
0.032196
0.101225
-0.067232
-0.164860
-0.000519
0.013054
0.052955
0.031362
0.121651
-0.110946
0.153204
0.083255
0.006143
0.064171
-0.100192
-0.123044
0.076362
0.032628
-0.059415
0.108692
0.024553
-0.045166
0.049970
-0.000098
-0.122400
-0.087305
0.042045
-0.059149
-0.058455
0.051781
0.038572
0.024906
0.038285
-0.076193
0.208933
0.099778
-0.033682
0.270743
-0.157666
-0.025308
-0.001841
0.102140
0.049570
0.177091
-0.130814
0.234852
-0.058620
-0.429137
-0.027209
-0.018730
0.024017
0.002938
0.009673
0.109524
-0.126359
0.119896
0.082177
-0.228645
0.122452
-0.043716
-0.077587
0.117468
-0.172647
0.067276
-0.115663
-0.107286
-0.011914
-0.095538
-0.125590
0.009537
0.023958
-0.102486
-0.154789
0.030543
-0.124613
-0.092705
0.081195
-0.158882
-0.024735
-0.001051
-0.000516
-0.264445
0.045236
-0.058910
-0.251504
0.002637
-0.135508
-0.083275
-0.054660
-0.063581
-0.226535
0.020037
0.080553
-0.156857
-0.044535
-0.042994
-0.082115
0.138092
0.013694
0.090654
0.144607
-0.232562
0.014468
-0.110153
0.079709
-0.014536
0.071348
0.070489
0.137327
-0.070845
0.026695
-0.052540
-0.053141
-0.002108
-0.259001
0.097236
0.002704
0.059603
-0.087109
-0.209629
0.014474
0.016167
-0.113547
0.000761
0.122113
-0.099090
-0.040617
0.149303
-0.145415
-0.108059
0.079457
-0.077079
-0.135324
0.096559
-0.176944
-0.176998
-0.160519
-0.171660
-0.221726
-0.153283
0.066075
0.072810
0.127020
-0.010235
0.079120
-0.157866
0.003672
0.086055
0.067196
0.193713
0.080731
0.130526
0.032421
0.020917
0.140903
0.040781
0.104393
0.088297
0.046081
-0.304610
-0.123968
0.081912
-0.334655
-0.102143
0.205548
-0.215902
-0.074691
-0.004778
-0.065877
0.073466
-0.069547
0.001859
0.101308
-0.218064
0.095876
-0.004359
-0.033987
-0.050154
-0.038738
-0.167315
-0.223155
-0.311634
0.065211
-0.206249
-0.197763
0.227272
-0.040189
-0.088185
0.148960
-0.183577
-0.029388
0.066875
-0.071934
0.046654
-0.047038
0.078183
-0.210475
0.045124
-0.119812
-0.097571
0.174359
-0.044559
0.111465
-0.091166
-0.281435
-0.019540
-0.034541
-0.392545
0.001719
0.047873
-0.078153
0.118769
0.048284
0.005811
0.031436
-0.025221
-0.065489
-0.296046
0.260574
-0.023504
0.004706
0.109986
0.059142
0.056844
0.149579
-0.076126
-0.006309
0.085614
-0.131037
0.375562
-0.000896
-0.127115
0.019667
-0.173394
0.024117
-0.063145
-0.051493
0.095994
-0.212024
0.044454
0.019101
0.108708
-0.031074
-0.054056
0.074439
-0.047448
0.164242
-0.080526
-0.101552
-0.076289
-0.101020
0.047904
-0.035145
-0.001382
0.083723
-0.044594
0.058900
0.103671
-0.069698
0.177066
-0.066513
-0.255942
0.075767
-0.052167
0.054066
0.052610
0.157384
0.044465
0.029714
0.041912
-0.168600
-0.005423
0.033574
-0.163923
0.154368
0.085883
0.033314
-0.022676
-0.097363
-0.343016
-0.037181
-0.178162
-0.055992
0.029355
0.062893
-0.061235
-0.123213
0.048900
-0.154732
-0.168863
0.212605
0.087748
-0.009955
0.035153
-0.060711
-0.062043
-0.042068
-0.031662
-0.178637
-0.106579
-0.061555
-0.043330
-0.045161
-0.007422
-0.045737
-0.147703
-0.083139
-0.117517
-0.027940
0.030893
0.024845
0.066364
-0.103673
0.024550
-0.118526
-0.148772
0.028953
-0.051381
0.101044
0.150000
0.232651
0.104153
0.001120
0.091473
0.062556
0.031007
-0.127611
0.105494
-0.250898
0.046668
-0.036484
0.068440
-0.011067
-0.122547
0.063478
-0.047686
-0.158362
0.055200
0.080433
0.131995
0.023243
0.137769
0.191139
-0.079248
0.202127
0.100713
-0.008444
0.101965
-0.217993
0.065503
0.086657
-0.311110
0.098993
-0.115137
-0.093302
0.103081
-0.051476
-0.033648
0.012141
-0.093110
-0.171859
-0.189210
-0.152074
-0.223483
-0.161002
-0.069658
-0.003862
-0.170712
-0.043425
0.061432
-0.176663
0.023689
0.037193
-0.011511
0.077487
-0.044285
0.064903
-0.060614
-0.285917
-0.000107
-0.142589
-0.107831
0.002770
-0.048578
-0.017081
-0.015209
-0.032526
-0.069308
0.031743
-0.174804
-0.028984
0.053954
-0.037903
-0.225063
0.016183
-0.025767
-0.312178
0.133124
-0.017810
-0.001752
0.121251
-0.100219
-0.292927
-0.123288
-0.227823
-0.495140
-0.128094
-0.088261
-0.214756
0.041873
0.049097
0.010652
-0.056334
-0.007013
-0.081077
-0.163497
-0.083415
-0.121544
-0.104999
0.117733
0.095776
0.094423
-0.107364
-0.066839
-0.094211
-0.042977
-0.113779
-0.120948
-0.555558
-0.168371
-0.000194
-0.378505
-0.148506
-0.166229
0.151932
-0.068643
-0.200701
0.071292
-0.070654
0.028431
0.118473
-0.077364
-0.145564
-0.102271
-0.120223
-0.150524
0.035310
-0.035572
0.001392
-0.060008
-0.052314
-0.005858
0.108350
0.142699
0.198704
0.006079
-0.026884
0.005503
0.067101
-0.065678
-0.061654
0.009904
-0.032268
0.032957
-0.008821
-0.073094
-0.106545
0.027652
0.005687
-0.074446
0.102168
0.084015
0.086805
0.102224
0.177982
0.135501
0.053854
-0.052687
-0.054406
-0.060052
-0.133362
-0.087232
0.057605
0.087561
0.195713
-0.097185
-0.097506
-0.046144
-0.213925
-0.244186
-0.183569
-0.093966
-0.077311
-0.117974
-0.076739
0.027224
0.086796
0.092154
0.100995
-0.062731
-0.010664
-0.004398
0.137109
-0.099419
0.000023
0.050920
-0.094277
0.027158
0.095817
0.002198
0.057353
0.003611
-0.035685
-0.080485
-0.011335
-0.267579
-0.031759
-0.155299
-0.049186
-0.029660
0.023256
0.099536
0.191152
0.110939
0.096781
0.116904
0.009312
0.111155
-0.063619
0.002756
-0.024987
-0.037567
0.058404
-0.032842
0.007130
0.167241
0.128168
0.237199
0.253263
-0.058416
0.122134
0.050440
-0.422266
-0.229931
-0.153699
-0.014323
-0.177019
0.010616
-0.113684
0.076236
-0.051171
0.006136
0.085472
0.098909
-0.119002
-0.066578
0.027001
-0.028665
-0.030788
0.069451
-0.116736
0.112882
0.061897
-0.236994
-0.227427
-0.015578
-0.389642
-0.132254
-0.092149
0.094065
-0.016745
-0.019242
-0.008541
0.022160
0.088530
-0.157968
-0.149023
-0.082588
-0.224357
-0.123504
-0.137610
-0.258783
-0.118027
0.189510
-0.220963
-0.117801
0.007085
-0.019247
0.171900
0.228414
0.042907
0.101441
0.239371
-0.046647
0.049626
0.114297
-0.355983
-0.067408
-0.040210
0.165431
0.287594
0.092042
-0.167201
-0.052450
-0.070363
-0.312930
-0.340500
-0.186949
-0.027412
0.067972
0.182151
-0.025394
0.077714
0.145293
-0.071802
-0.139147
-0.139821
-0.052958
-0.143775
0.056832
-0.056123
-0.155486
-0.171009
0.051451
0.074820
0.040549
-0.189587
-0.162796
0.043057
-0.112323
-0.174713
0.019163
0.052609
-0.008771
0.179267
0.052805
-0.079494
0.039774
0.088410
0.002074
-0.039752
-0.058878
0.002226
0.021333
-0.108092
0.002842
0.115839
-0.063221
0.000992
0.073587
-0.004662
0.090356
0.100745
-0.040771
-0.065296
0.072596
-0.097630
-0.186768
0.150470
-0.020508
0.011297
0.216885
-0.052817
-0.161373
-0.010899
-0.143118
-0.055423
-0.041323
-0.013970
0.096611
0.023456
-0.119881
-0.049892
-0.002617
0.031987
-0.019838
0.033294
0.000432
0.036241
0.009361
-0.025843
0.149785
0.182054
0.013668
0.084806
-0.083697
-0.061764
0.118885
0.043805
-0.110217
-0.182614
-0.101253
-0.006030
0.007633
-0.122543
0.123864
0.204567
0.017131
0.058800
0.036349
0.091091
0.072904
0.042254
0.063301
0.068279
0.143827
0.100583
-0.007473
0.001261
0.062463
0.047347
0.108297
-0.060910
-0.114136
-0.044727
-0.092778
-0.142277
-0.162683
-0.098629
-0.139303
-0.082746
-0.171827
-0.054720
-0.116848
-0.170402
0.043506
0.201468
-0.193919
0.006057
0.027730
-0.151260
0.021354
-0.129076
-0.058142
0.014889
0.054965
-0.026107
-0.041904
0.094434
-0.107034
0.104266
0.075452
-0.130832
0.106024
0.194279
-0.081597
0.020832
-0.114239
0.196646
-0.081388
-0.034953
0.128976
-0.227254
-0.162943
-0.033005
0.037714
-0.023951
-0.077252
0.064994
-0.014919
-0.109752
0.169213
0.113425
-0.066690
0.188234
0.060358
-0.050549
0.150719
-0.067481
0.055748
0.172207
0.112877
0.080653
0.173594
0.035575
-0.081018
0.140314
-0.021591
-0.109079
0.011058
0.030160
-0.127578
0.022991
-0.167925
0.055366
-0.072036
-0.112122
0.182840
-0.209405
-0.051920
0.081755
0.051485
0.108862
-0.036912
0.078648
0.001542
0.108004
0.008262
0.140718
-0.046707
0.023483
0.080757
-0.226815
-0.072628
-0.089904
-0.146752
-0.057380
-0.363207
0.119246
-0.264240
-0.136783
0.260044
-0.195806
0.073604
0.077514
0.105138
-0.030318
0.068806
0.113826
0.011277
0.160485
-0.042911
0.146997
0.080158
-0.030035
0.102469
-0.022140
0.040784
0.037648
-0.070718
-0.033489
-0.159214
-0.053956
0.061984
-0.256668
0.126078
-0.036564
-0.214647
0.175312
-0.195897
0.046876
0.238026
-0.117562
0.201673
0.097607
0.031346
0.146432
-0.010788
-0.010705
0.044896
-0.045838
-0.002240
-0.088144
-0.286162
-0.083709
-0.100477
0.079212
-0.056774
-0.024066
0.133772
0.020016
0.026365
-0.036312
0.054557
-0.043680
-0.166420
0.052550
-0.072690
-0.011370
0.112455
-0.145773
-0.241353
-0.001855
-0.192304
-0.163778
-0.119849
-0.305185
-0.155755
0.051875
-0.035166
-0.104836
0.122091
-0.010852
0.084104
-0.023566
-0.083168
-0.004693
0.052666
0.061544
-0.161182
0.110973
0.034509
0.052820
-0.073235
-0.066352
0.138389
-0.003503
-0.042631
-0.120541
0.028527
-0.112346
-0.030173
-0.156352
-0.002773
-0.104273
-0.100096
-0.099948
-0.135005
-0.071176
-0.076698
-0.083140
-0.129862
-0.120951
-0.052891
0.065498
-0.041096
0.196249
-0.175691
-0.084227
-0.036385
0.006548
-0.134134
0.007924
0.105199
0.105345
-0.163013
0.057748
-0.170200
0.209075
-0.083285
-0.081126
0.137521
0.095694
-0.148494
-0.067822
-0.033083
-0.075500
-0.182006
0.035748
0.083015
-0.069710
-0.155310
0.032322
0.215021
0.053690
0.077184
0.074465
0.087398
0.011298
-0.319193
0.116745
-0.200031
-0.094405
-0.072280
-0.164714
0.185260
-0.171120
0.119676
0.270293
-0.010026
0.126445
-0.114748
0.000834
0.007365
0.023758
0.050913
-0.083326
-0.022797
0.115591
0.005656
-0.327929
-0.068736
-0.096679
0.070728
-0.083861
-0.211895
0.228451
-0.008727
-0.085337
-0.246159
0.038825
-0.084007
-0.116399
0.037140
-0.085040
0.001344
-0.057062
-0.050877
-0.081754
-0.031794
0.028709
-0.050271
0.041611
0.005360
-0.031784
-0.087326
-0.063567
-0.077936
-0.081691
-0.120093
-0.111820
-0.130326
-0.105462
-0.177011
-0.364289
-0.038843
0.018550
0.100958
-0.415799
-0.069393
0.119225
-0.014321
-0.108823
0.075245
0.109095
-0.228016
0.064777
0.055829
-0.081435
-0.027608
-0.056416
-0.115334
-0.018212
-0.002455
-0.128308
-0.083754
0.204739
0.209748
-0.176715
-0.136719
0.105625
0.213488
0.085136
-0.136700
0.149599
0.077653
-0.092186
-0.082050
-0.081286
0.002884
-0.090881
-0.058203
-0.032303
-0.097356
0.110181
0.132742
-0.238976
-0.028231
0.055192
0.119769
0.074147
0.031531
0.073088
0.085962
0.109606
-0.123021
-0.019516
0.056223
0.093457
0.161554
0.169665
-0.020173
0.105169
0.019889
-0.034209
-0.139375
-0.043835
-0.059468
-0.130009
-0.033446
0.005483
-0.037483
0.090944
-0.118367
-0.114725
0.136529
-0.029982
0.062585
-0.054066
-0.132928
-0.065276
0.123722
-0.015285
0.082419
0.242048
-0.139087
0.040874
-0.021565
-0.385510
-0.069251
-0.002088
-0.152810
-0.194670
-0.026654
0.038230
0.057786
0.244249
0.001188
-0.135160
-0.055638
-0.098536
-0.105093
-0.089621
0.188594
0.095436
0.095299
-0.036772
0.127175
0.106492
-0.041355
-0.039747
0.033052
0.020505
-0.144382
-0.021448
-0.041886
-0.109307
-0.106349
-0.008056
-0.096445
-0.060101
0.013637
0.199983
0.076583
-0.116704
-0.230894
-0.067564
0.130762
0.108243
-0.004419
0.062246
-0.092657
-0.155121
-0.084911
0.091590
-0.015182
-0.154156
-0.029741
0.104992
-0.428046
-0.057428
0.141378
-0.070997
-0.315812
0.004503
0.042454
0.067656
0.027759
0.149700
0.142324
0.187274
-0.180648
0.017972
0.150630
-0.022839
-0.163174
-0.100904
-0.185908
-0.159339
-0.002414
-0.047191
-0.328507
-0.005270
-0.012281
-0.054775
-0.193818
0.027779
0.017566
0.094625
-0.050224
-0.268044
0.036664
0.075731
-0.047770
0.058955
-0.059261
-0.062807
0.094842
0.018740
-0.113077
-0.072610
-0.047191
-0.097666
0.070840
0.152391
0.017392
0.147868
0.114107
-0.030582
0.067017
-0.078619
0.029625
0.044304
0.133870
-0.002734
-0.234851
-0.129270
-0.039959
0.150462
0.002499
-0.074225
-0.071542
0.092317
-0.006033
0.038789
0.108379
-0.263071
-0.151544
0.203135
0.008238
0.052812
0.154441
0.096408
0.080441
0.020657
-0.030378
0.138369
0.025722
-0.153723
-0.021053
-0.086138
-0.126962
-0.084064
0.048100
0.053059
0.007958
-0.100425
-0.031582
0.018495
0.129943
-0.259775
-0.086305
-0.075990
-0.101089
0.009749
-0.209680
-0.348808
-0.010189
-0.160900
0.013158
0.111234
-0.073008
-0.148212
-0.003620
0.232189
0.252213
0.026621
0.184096
0.058733
-0.167850
0.126534
0.078127
-0.039479
-0.049981
-0.082220
0.018143
0.098325
-0.052245
-0.070391
0.051045
-0.017132
-0.099051
0.006962
-0.043186
-0.060236
0.086305
-0.059526
-0.248505
0.038454
0.098621
-0.000666
-0.124460
-0.041899
0.076429
0.073466
-0.008994
-0.022350
0.102372
0.116641
0.044454
-0.004978
-0.016297
0.000581
-0.033392
-0.168580
0.002986
-0.098533
-0.160605
-0.132022
0.171861
-0.053317
-0.205869
-0.033483
-0.027600
0.051532
-0.037263
0.135969
-0.020720
0.017934
0.119482
-0.009415
-0.121135
-0.034440
0.132797
-0.013192
0.012794
0.124028
-0.184641
-0.020460
0.039610
-0.087127
0.022246
-0.121107
-0.034900
-0.013430
-0.176846
-0.009286
0.086419
-0.049272
0.061490
-0.094689
-0.039281
0.199717
-0.024825
0.006660
0.119022
-0.147304
0.019029
0.117376
-0.096073
0.060023
-0.068351
-0.106510
0.097186
-0.240947
-0.201146
-0.072683
0.053424
-0.071583
0.164147
0.102054
-0.015531
0.129009
0.077507
0.030000
0.072139
0.037388
-0.072366
0.041221
0.050365
-0.013929
-0.025895
0.086955
-0.146940
-0.108893
-0.183298
-0.073767
-0.046488
0.080545
0.031161
0.046696
0.127434
-0.125267
-0.007998
-0.136785
-0.131720
-0.084819
-0.182505
-0.076701
-0.139945
-0.193352
-0.021007
-0.206528
-0.011856
-0.047267
-0.125346
-0.115996
0.050804
-0.263304
-0.063890
-0.015370
-0.231374
0.099064
0.048303
0.071505
0.065006
-0.067198
0.141097
-0.083285
-0.119930
-0.017816
-0.068162
-0.120075
-0.146530
0.203676
-0.263741
-0.015453
0.113983
-0.257007
-0.069274
-0.131898
-0.032424
0.063464
-0.182196
-0.109281
-0.014319
-0.239851
-0.151604
-0.087881
0.038475
0.011042
0.065198
0.004957
-0.018682
0.004230
-0.122779
-0.048065
-0.074094
-0.117070
-0.099007
0.004195
-0.179519
-0.147555
-0.075200
-0.227684
-0.113769
-0.110038
-0.043329
-0.032827
0.008685
-0.113929
-0.125688
-0.037981
-0.077934
-0.265761
0.011901
0.007460
-0.176098
-0.050833
0.141738
0.092007
-0.059757
0.035783
0.039621
-0.207761
-0.199484
0.115278
0.054219
-0.223300
0.123885
0.175849
-0.196943
0.003585
0.046047
0.144096
0.011387
0.009807
-0.167296
-0.109226
-0.048063
-0.240616
-0.191598
-0.147988
-0.247651
-0.182771
-0.066353
-0.259235
-0.202803
-0.149736
-0.166214
-0.211835
0.019240
0.182808
0.041556
0.126154
0.077250
-0.011459
0.094203
0.101165
-0.229442
0.034454
0.115006
0.167800
0.108511
0.155770
0.135348
0.065147
-0.043347
-0.016694
-0.021786
-0.106990
0.149888
0.137869
0.036568
0.295251
0.082525
-0.037297
0.176192
0.022943
-0.032237
-0.105477
-0.086011
0.145222
0.065975
0.027563
0.099414
0.018433
0.001790
-0.101627
-0.117468
-0.041551
-0.143402
-0.211500
-0.073956
-0.162212
-0.117516
-0.089822
0.049138
-0.070904
-0.137026
-0.057154
0.143573
-0.040867
-0.198471
0.148203
0.017460
-0.004859
-0.091983
0.038428
0.101132
-0.126153
-0.078743
0.001371
-0.212743
-0.024256
0.081077
-0.090578
-0.136726
0.304195
0.146976
-0.060268
0.191112
0.028200
-0.088732
-0.078240
-0.123062
0.106431
0.061562
0.015740
0.164559
-0.035806
-0.066005
0.113091
-0.029759
-0.138099
0.010773
0.013925
-0.070322
0.088727
-0.019698
-0.121976
0.096480
-0.149492
-0.100228
-0.138572
-0.085749
-0.143481
-0.166999
-0.081166
-0.156798
-0.095805
-0.175720
-0.009867
-0.063294
-0.322374
-0.247440
0.005115
-0.377168
-0.349679
-0.016763
-0.103554
-0.009936
0.033233
-0.084023
-0.128542
-0.317536
0.095821
-0.101647
-0.536492
0.010137
-0.112562
-0.117114
-0.305608
-0.437205
-0.303942
-0.214485
-0.279700
-0.094922
0.004691
-0.154887
-0.162634
-0.117860
0.057891
-0.014309
-0.101377
0.178676
-0.149319
0.029494
0.111323
0.089710
-0.027529
-0.047197
-0.038252
-0.088868
-0.345813
0.226540
0.105509
0.012038
0.077674
-0.079368
0.000074
0.130274
-0.009194
0.074431
-0.062863
0.114125
-0.070634
0.034659
0.044337
-0.116497
-0.152315
0.043287
-0.070860
-0.150401
0.195287
0.158124
-0.015242
0.048416
-0.064295
-0.290104
0.150752
-0.189300
-0.173715
0.029672
0.091132
0.076134
-0.024802
0.155456
-0.098559
0.155922
-0.014759
-0.115003
0.073375
-0.066521
0.025071
-0.106431
-0.052655
-0.012143
0.050526
-0.025391
-0.250786
0.011609
-0.119572
0.058077
0.157845
0.015557
-0.090090
0.006126
-0.106789
-0.418012
0.101689
0.202148
0.140302
-0.010368
0.003509
0.014997
-0.006133
-0.115650
0.094364
0.054103
0.115200
0.113110
0.093898
0.063864
-0.089819
-0.069009
-0.144075
0.213065
0.238650
0.073708
0.069715
-0.062444
-0.046734
-0.016922
-0.057833
-0.083973
-0.011280
0.070276
0.076479
0.076249
-0.006314
-0.068206
-0.143617
0.037114
-0.228010
-0.001651
0.237047
0.030727
0.047305
0.085055
0.028378
-0.147246
0.004547
0.018006
-0.334434
0.067230
0.110506
0.140432
0.056668
0.101522
-0.078602
-0.042231
-0.057047
-0.268971
0.003488
-0.216643
-0.218042
-0.063083
-0.260617
-0.160540
0.070893
-0.189604
-0.084723
-0.105582
-0.072729
0.009071
-0.026176
0.083990
0.056791
-0.019765
-0.011243
-0.246488
0.062936
-0.022414
-0.086825
0.114403
-0.011898
-0.126887
-0.059473
-0.094946
-0.258678
0.145544
-0.093121
-0.023465
0.003031
-0.129617
0.044913
-0.054728
-0.055326
-0.069713
-0.127938
-0.038001
0.077142
-0.044986
-0.101122
0.016742
-0.057643
-0.073861
-0.152237
-0.101383
0.037120
-0.111316
-0.273427
-0.093310
-0.048650
-0.113314
-0.083302
0.039228
-0.099722
-0.124912
-0.072220
-0.119220
-0.105026
0.007722
0.041119
0.033350
-0.078284
0.090521
0.120488
0.169873
0.117465
0.070365
-0.144757
-0.005232
-0.142428
0.018313
-0.077639
-0.107187
-0.050680
-0.063681
-0.034801
-0.029721
-0.101886
-0.096130
-0.100301
0.032873
-0.012119
0.003584
0.035567
0.018808
0.069338
0.079964
0.181711
-0.068922
-0.016896
-0.003663
0.094009
0.104123
0.101413
-0.185438
0.021864
-0.194192
-0.140314
0.025824
0.004966
-0.002738
0.047379
0.030697
-0.255230
-0.070693
-0.313202
0.055699
-0.024651
0.124052
0.211236
0.089628
0.129097
-0.055163
0.081196
-0.139044
-0.117814
-0.054221
-0.073376
0.060012
-0.155162
0.021612
0.086439
0.022068
0.130529
-0.076521
-0.184397
-0.049748
-0.093342
-0.133438
-0.189795
-0.189847
-0.128300
-0.078971
-0.143102
0.085282
0.071525
0.029235
-0.047180
-0.107045
-0.337130
-0.096175
-0.218829
-0.194628
-0.097043
-0.089092
-0.063014
-0.062665
-0.058421
-0.085889
-0.262530
-0.103289
0.115010
0.032405
0.105911
-0.416266
0.135336
0.210630
-0.410175
0.177936
-0.016542
-0.368902
-0.246578
-0.182574
-0.006599
-0.051352
-0.065652
-0.125358
0.022919
0.009015
0.020583
0.083887
0.114463
-0.116142
0.098327
0.044529
-0.120912
0.125929
0.049556
-0.011721
0.057992
0.049579
-0.187393
0.090370
0.009054
-0.322025
0.259490
0.070729
-0.165583
0.128824
0.099130
-0.095951
0.169523
0.200153
-0.076442
0.181462
0.137249
0.002399
0.055963
-0.042967
-0.015890
0.046657
0.026166
0.012019
0.083747
0.135585
0.035269
-0.242790
-0.269429
0.027283
-0.007867
-0.114076
0.020207
-0.036070
-0.063030
0.151142
0.030427
-0.039047
-0.093130
-0.039080
0.049628
0.000671
0.078018
0.128607
0.052997
0.005836
-0.011546
-0.138908
-0.005716
0.068987
-0.093403
0.013662
-0.094578
-0.061075
-0.092530
-0.142422
0.125768
0.003612
-0.128287
0.114422
0.004914
0.039631
0.168041
0.129221
0.019310
-0.212376
0.137181
-0.067706
-0.106012
0.039077
0.052004
0.007624
-0.014413
-0.016718
-0.118120
-0.012884
-0.105623
-0.199465
-0.013641
-0.064341
-0.139895
-0.102615
0.100318
0.030008
-0.099209
-0.060991
0.048509
-0.045943
0.073655
0.166584
0.015765
-0.017389
-0.176591
-0.003697
0.079148
-0.212039
0.116067
0.010560
-0.096525
-0.249349
-0.058080
-0.030898
-0.062742
-0.022995
-0.139747
-0.092333
0.045913
0.098818
0.037996
0.025994
-0.233736
0.192873
0.122152
-0.111071
0.324353
0.147240
-0.044829
-0.155104
-0.119214
-0.062222
-0.091810
-0.112696
-0.062075
-0.187306
-0.009485
0.103927
0.061109
-0.025818
0.074661
0.054266
0.050349
0.128631
-0.032375
0.008953
0.051544
0.096986
-0.051642
-0.219883
0.042279
-0.129972
-0.388538
0.025603
-0.160174
-0.248160
0.092606
-0.087036
-0.060248
0.027756
-0.020807
-0.032785
-0.017592
0.044910
0.158572
-0.021663
0.069278
-0.156054
0.082528
0.036003
-0.224123
0.150704
0.167213
0.033815
-0.244263
-0.031575
0.099149
-0.377122
-0.151136
0.079839
-0.269299
-0.133189
0.194487
-0.087427
0.080014
-0.147300
-0.012007
0.015900
-0.148514
-0.006010
-0.008248
0.097768
-0.119109
-0.071705
-0.013937
-0.057267
-0.107158
-0.102076
-0.019176
0.053198
0.000514
0.132862
-0.067335
0.019701
0.009249
-0.070552
0.042542
-0.098286
-0.135631
-0.006387
-0.184007
-0.012593
-0.019758
-0.126480
-0.144235
-0.113699
-0.051873
-0.025693
0.146203
-0.032931
0.013740
-0.066429
0.063052
0.158886
-0.190317
0.138978
0.065842
0.017975
-0.044801
-0.064858
-0.287988
-0.024387
-0.023371
-0.202354
0.050739
-0.057439
0.017304
-0.091205
-0.187238
-0.070339
0.081807
-0.013058
-0.302030
0.188266
0.016782
-0.116479
0.001635
-0.029635
-0.038162
-0.016215
-0.007846
0.014675
0.111014
0.017997
0.046019
-0.021587
0.001168
-0.133125
0.087619
0.015754
-0.044508
0.158201
0.042394
0.028459
-0.372081
-0.532025
-0.404243
-0.272652
-0.229775
-0.333855
0.034422
0.152497
-0.049789
-0.069938
-0.027308
-0.238222
0.003598
-0.110923
-0.097633
0.021605
0.035318
0.140841
-0.037402
-0.127958
0.010925
-0.106170
-0.063601
-0.019212
-0.083853
0.009565
-0.033312
0.007587
0.269357
-0.007691
0.266975
0.088881
0.179377
0.034533
-0.264801
0.074818
0.079834
0.023366
0.038320
-0.046460
-0.029080
-0.039018
-0.027612
0.043131
-0.119970
0.065294
0.070156
0.029261
0.011866
0.023713
-0.033611
0.048614
0.073481
-0.020765
-0.081592
0.024927
0.079784
-0.183475
0.044395
0.182796
-0.095687
-0.030732
0.007104
0.027817
0.067488
0.187598
0.039625
-0.026594
-0.027658
0.135423
0.044792
0.157638
0.146873
0.021291
0.117658
-0.158031
-0.082472
-0.078341
-0.106161
0.035201
-0.184115
-0.162675
-0.151860
0.041893
-0.106414
0.149612
0.012281
0.132533
-0.059721
-0.183629
-0.033780
0.011297
0.002886
0.129169
-0.076857
0.161502
-0.008804
0.024477
0.001964
0.002768
0.070743
-0.063415
0.235296
0.081974
0.048658
0.089340
-0.159728
-0.097085
0.151887
0.127270
0.047033
-0.073342
-0.038632
0.040076
-0.126590
-0.115365
0.048627
0.074084
0.046890
-0.085719
0.097580
-0.077536
-0.027303
0.030369
-0.201006
-0.202357
0.067004
0.023765
0.034481
-0.094968
0.112085
-0.182460
0.028303
-0.059138
-0.217572
-0.032309
-0.009268
-0.166587
-0.095201
-0.150586
-0.253215
-0.060252
-0.042927
-0.125532
-0.003299
-0.078551
-0.048157
-0.077144
0.035338
-0.066912
-0.058104
-0.032005
-0.089787
-0.006530
-0.161784
-0.084517
-0.141441
-0.094896
-0.210212
-0.030485
0.089757
0.090793
-0.002412
-0.006225
-0.046569
-0.088741
-0.105758
-0.052125
-0.041449
-0.136152
-0.000033
0.068822
0.094660
-0.013540
-0.013469
-0.013334
-0.058795
-0.100258
-0.095010
-0.039950
-0.139977
-0.203903
-0.010304
0.077404
-0.218826
-0.016852
-0.032873
-0.118716
0.025731
-0.154033
-0.051323
-0.157561
-0.083142
-0.133816
0.019062
-0.033248
0.013319
0.041766
0.102253
-0.105292
0.056025
0.051401
0.031584
0.041629
0.080688
0.121492
0.134946
-0.016396
0.093865
-0.103233
0.139579
0.075739
-0.002699
0.132433
-0.170161
0.087679
0.051227
0.011139
-0.043173
-0.071175
-0.091652
-0.083215
-0.053424
0.056409
-0.159344
0.142545
-0.075834
0.165259
0.081062
0.276745
0.154060
-0.030788
0.063398
-0.143840
0.106437
-0.007406
-0.115762
0.078045
-0.107894
-0.331352
0.140768
-0.042803
-0.034356
-0.055525
0.040256
-0.138558
0.029760
0.079287
-0.043240
0.153482
-0.099954
0.099617
0.066640
-0.043078
0.104692
-0.061827
-0.085986
-0.184150
0.210396
0.043426
-0.003902
-0.048021
-0.041629
-0.028140
-0.161254
-0.184174
-0.135672
0.070450
-0.054320
-0.115293
0.045205
0.025933
-0.032173
0.045976
-0.024987
-0.042395
0.064309
0.015269
0.055274
0.013142
0.026083
-0.170151
-0.097172
-0.116465
-0.175308
-0.110629
0.025001
-0.048239
-0.039366
-0.180612
-0.132609
0.083003
-0.096926
0.035076
0.006469
-0.039145
0.093794
-0.243858
-0.122105
-0.070042
-0.144715
-0.088961
0.010337
-0.079571
-0.147251
0.016812
0.258419
-0.013289
0.065596
0.112878
-0.171742
-0.154872
-0.189201
-0.040046
-0.146795
-0.398634
0.087175
0.024136
0.010525
0.135792
-0.008117
0.106655
-0.025157
-0.079199
0.099619
0.011850
-0.069835
0.115853
-0.130775
0.083874
-0.370225
-0.087515
0.085289
0.015582
0.086052
0.075695
0.028513
0.195287
0.195050
0.062889
0.231099
0.096433
-0.249408
-0.032162
-0.004782
-0.178835
0.047241
0.017488
-0.207446
-0.119597
-0.044077
0.129115
-0.011951
-0.055266
0.018058
0.060206
-0.002984
0.028588
0.123529
-0.083545
-0.011649
-0.180956
-0.231249
0.141545
-0.106631
0.020424
-0.329703
0.104357
0.121055
-0.129670
-0.272226
0.166112
-0.186263
0.103182
0.049524
-0.118878
0.136718
-0.043292
-0.059752
0.119549
-0.045624
0.136853
-0.019634
-0.030834
0.055048
-0.266834
0.023246
-0.280884
0.116276
-0.110961
-0.012354
0.164565
-0.164144
0.045010
-0.038931
0.136614
-0.156716
-0.207830
-0.227553
0.038051
-0.136008
-0.049216
-0.003197
-0.082904
0.133722
0.033797
0.230843
0.068233
0.143448
0.021568
-0.057107
-0.099969
-0.063346
-0.109070
-0.000256
-0.136373
-0.003592
-0.048702
0.024152
-0.038876
-0.111760
0.067177
0.009788
-0.047816
-0.008946
-0.084767
0.021355
0.118939
-0.015973
0.044199
-0.086077
0.081158
-0.054117
0.021748
0.098099
-0.200657
-0.008399
0.038497
-0.299502
-0.036686
0.087864
0.061377
-0.152361
0.047173
0.040282
-0.202392
0.112650
-0.133192
-0.057016
0.201156
-0.288903
-0.248675
0.005724
0.105116
-0.088189
-0.033266
-0.044177
-0.112754
0.152855
-0.162364
-0.127470
-0.074669
-0.002512
-0.066870
0.012100
-0.038777
-0.142886
0.073994
-0.134307
-0.073442
0.085545
-0.137939
-0.070521
0.093829
0.037862
-0.115622
0.026907
-0.199299
0.042512
0.058151
0.050721
-0.059341
0.115803
-0.015554
-0.139365
0.046393
0.349426
-0.094288
0.118202
-0.074302
-0.169403
0.075027
-0.169494
0.137742
0.063623
-0.301248
0.018191
-0.007564
0.064276
0.103615
-0.062286
0.194259
-0.061774
-0.115460
-0.031244
0.005707
-0.095972
-0.040290
-0.062967
-0.016862
-0.124184
-0.096064
0.032152
0.156799
-0.075741
0.040034
0.095784
-0.084943
0.247711
-0.319861
0.054554
0.145281
0.001784
-0.069496
-0.070772
0.004390
0.096804
-0.134649
0.137346
0.015023
-0.080594
-0.339692
-0.101340
-0.042456
-0.104984
0.092381
-0.077593
0.183645
-0.005108
0.003165
0.021582
-0.293904
-0.069237
0.106725
0.046028
0.029072
0.181054
0.141113
0.031416
0.099413
-0.004264
0.008410
-0.008770
0.003816
-0.011195
-0.248368
-0.049536
-0.037712
-0.025737
-0.026395
-0.007500
-0.017942
0.031809
0.000708
-0.108117
-0.069897
-0.058051
-0.338627
-0.183951
-0.074956
0.074583
0.032974
-0.015088
-0.122937
-0.240512
0.048902
0.099998
0.068734
0.089799
0.030596
0.024134
-0.099164
-0.404397
-0.248982
-0.132960
-0.154832
0.125419
0.244106
-0.092103
-0.113216
0.119999
-0.055379
-0.214297
0.007583
-0.102951
-0.161018
-0.082276
0.163454
-0.034533
-0.053146
0.200532
0.146771
0.016972
-0.164773
0.065874
0.060405
-0.098473
-0.051516
0.000499
0.036245
0.017120
0.118570
-0.133168
-0.119774
0.028051
0.155343
-0.040112
-0.079218
0.097287
-0.077507
-0.106410
-0.013469
0.044782
0.099476
0.099914
0.103835
0.225167
-0.003735
0.066646
0.130545
-0.031685
0.225138
0.182422
-0.134218
0.008718
0.017614
-0.202593
-0.109354
0.063283
-0.287399
-0.239760
-0.240882
0.132976
0.066176
-0.054757
0.142962
0.091415
0.108313
-0.269129
-0.281913
-0.233748
0.080722
0.050723
0.061579
-0.002449
-0.002729
-0.097708
-0.241751
-0.080818
-0.097961
0.057012
-0.012256
-0.025525
-0.057362
-0.017380
0.047595
0.091397
0.165136
-0.041239
-0.102063
0.053416
-0.067061
-0.030185
0.192893
0.035544
-0.037701
0.103262
-0.115381
-0.181203
0.011329
-0.080834
-0.058703
0.094173
-0.086652
-0.075509
-0.082547
0.021712
-0.114198
-0.046272
-0.022048
-0.112868
-0.019672
0.039892
0.140873
0.033161
-0.038407
0.032571
-0.128345
-0.150019
0.127986
0.145083
-0.084929
-0.150962
0.044880
0.052079
-0.003984
0.051533
-0.111136
-0.038942
-0.033901
-0.162116
0.229043
0.061454
0.074564
0.030439
0.093805
-0.018276
-0.338520
-0.149349
-0.178760
0.067271
0.102725
0.125857
0.039198
-0.040354
0.015786
-0.104315
0.064747
0.082007
0.001536
-0.199332
-0.174760
0.060245
0.171278
0.083112
-0.324287
-0.072397
0.148970
-0.136186
-0.070803
0.037739
-0.124343
-0.024174
-0.148495
-0.194602
-0.015995
0.104066
0.083105
0.005356
0.110837
-0.086993
-0.055349
-0.021300
-0.000964
-0.054975
-0.037602
-0.095427
0.153526
0.173555
-0.018738
0.022953
0.018352
0.072815
0.106218
0.273047
-0.440068
-0.173848
-0.020473
0.089956
-0.076277
0.024869
0.135096
0.094525
0.040978
0.056530
-0.065336
-0.005122
0.126112
0.109187
0.021944
0.002059
-0.014910
0.062027
0.023785
0.101401
-0.009915
-0.097499
-0.049717
0.053698
-0.100559
-0.035379
0.061400
-0.105109
-0.118993
-0.259639
0.041825
-0.033072
-0.187506
0.021268
0.124288
-0.003004
-0.116388
-0.127087
-0.290386
-0.310850
-0.353978
-0.138496
-0.024045
0.037194
0.080893
0.136247
0.063149
0.028704
0.043971
0.104042
-0.031395
-0.174646
-0.082428
-0.256952
-0.203734
0.151859
0.025146
-0.190579
-0.036621
0.034039
-0.079189
-0.056618
0.137621
-0.137436
-0.030921
0.028960
0.153466
0.030663
0.169011
-0.036208
-0.026982
0.083948
-0.266735
-0.123566
0.031762
0.176649
-0.026653
-0.184690
0.084628
-0.005971
-0.130818
0.043086
0.074575
0.057702
0.087523
0.061412
0.015389
0.090393
0.020984
0.079236
0.170643
0.190659
0.125554
-0.131225
-0.104731
-0.082327
-0.279084
-0.209056
-0.270013
0.010695
-0.051457
0.034315
-0.250082
-0.219351
-0.135411
-0.264345
-0.230316
-0.135979
-0.050621
0.002133
0.000120
-0.007719
-0.109743
0.044835
-0.063937
-0.161727
0.026419
-0.018469
0.191661
0.014748
0.030267
0.040126
-0.072099
0.033395
-0.086061
-0.106568
-0.018528
-0.051910
-0.121745
0.245000
0.044403
0.062082
0.180859
-0.024764
0.067882
0.105574
-0.168955
-0.016553
0.103757
-0.041720
0.058531
-0.004585
-0.016083
-0.013445
0.015462
-0.000906
0.102023
-0.111193
-0.084418
0.055273
-0.007361
0.034585
0.124213
-0.091170
-0.209743
-0.018090
-0.243983
-0.230625
-0.032935
-0.184944
-0.027819
0.119969
0.095074
0.150073
-0.017368
0.131374
-0.040022
-0.064183
0.215206
0.009333
-0.073015
0.129820
0.050941
0.094535
-0.004291
0.010828
-0.040580
-0.033382
-0.007645
-0.130084
0.060897
0.031508
0.115332
-0.088054
0.114859
-0.008409
0.124336
-0.059302
0.082089
0.067683
-0.021812
0.089307
0.139538
-0.059523
-0.019676
-0.061237
-0.021917
0.033350
0.012195
-0.004430
-0.035137
0.091137
-0.056133
-0.119871
0.018855
0.007728
-0.119890
-0.301278
-0.137395
0.182930
-0.227998
-0.007915
0.112003
-0.075814
-0.103953
0.085320
-0.085197
-0.053921
0.059810
0.037497
-0.034390
0.074867
-0.039427
-0.067505
0.068857
-0.061672
0.112497
0.029502
-0.018290
0.021977
-0.013496
0.152895
0.055350
-0.015341
0.040065
-0.138953
-0.127018
-0.126174
-0.478774
-0.524000
-0.136062
-0.430642
-0.213185
-0.082795
-0.122375
0.021347
-0.260418
-0.140593
0.177024
-0.301545
0.005915
0.248455
-0.103092
0.078981
-0.002666
-0.048767
-0.021497
-0.052744
-0.162981
0.022256
-0.134611
-0.101376
0.013131
0.208629
-0.403742
-0.048618
0.071373
-0.268478
-0.194481
0.007444
-0.171663
-0.200473
0.109518
-0.306894
-0.184041
-0.122054
-0.071392
-0.069660
-0.001928
0.001146
0.123452
0.139097
-0.061240
0.008766
0.103942
-0.062670
0.062339
-0.061269
0.019856
0.112191
-0.209865
0.206294
-0.064170
-0.019287
0.057610
-0.066250
-0.015404
-0.075238
0.092329
0.140105
-0.198037
0.175515
0.113096
-0.233776
0.055689
0.004880
0.000357
0.040234
-0.014633
0.088727
0.051188
-0.017406
0.099217
-0.021550
0.031933
-0.178796
-0.099186
-0.143477
-0.020007
-0.298272
-0.037377
-0.184518
-0.255140
-0.041886
-0.091500
-0.018055
0.066219
-0.079045
0.200202
0.038012
0.089263
0.272258
0.096027
0.034894
0.002995
-0.029178
-0.019646
-0.256259
-0.257856
-0.145228
-0.231959
-0.050354
0.113292
0.020299
-0.102904
0.059501
-0.069709
-0.059554
0.128062
-0.034326
0.044804
0.044071
-0.058530
-0.001394
-0.034170
-0.052643
-0.004924
0.079213
0.141284
0.146167
0.104120
-0.045365
-0.158504
0.092485
-0.156113
-0.071991
0.034936
0.031604
-0.060611
-0.035947
-0.057358
-0.075876
0.012569
0.017985
-0.044141
-0.111067
0.076572
0.042125
-0.215976
-0.136405
-0.055463
-0.156771
-0.302964
-0.168547
-0.106326
-0.150659
-0.177887
-0.199855
-0.459021
-0.030126
-0.027390
-0.207840
0.084247
0.120084
0.005601
-0.202965
-0.218951
-0.013196
0.030044
-0.079959
-0.039405
0.102609
-0.021887
-0.188981
0.061475
0.078510
-0.013091
0.059723
-0.102390
-0.024892
0.172440
-0.107032
-0.081342
0.162255
-0.162079
0.035037
0.065220
-0.284346
-0.025325
-0.024437
-0.156532
-0.004591
0.025016
0.005394
0.015766
-0.128989
-0.217014
-0.050386
0.066144
-0.296822
-0.167601
0.120576
-0.170557
0.000036
0.124895
-0.036985
0.061926
0.163013
-0.040369
0.082499
0.016734
-0.280566
-0.100861
0.097613
-0.245177
0.019304
0.030347
0.050387
0.024355
-0.008984
0.102185
-0.024721
-0.026813
0.031527
0.053594
0.040761
0.028206
-0.002794
-0.075862
-0.151679
-0.042492
0.094334
-0.138438
-0.077835
-0.047653
-0.114739
-0.009174
-0.082938
-0.329186
-0.142285
0.132094
-0.116308
-0.182039
0.135366
-0.145348
-0.216943
0.056681
-0.030066
0.119538
-0.071144
-0.077934
0.016365
-0.031440
-0.044877
0.064050
-0.020336
-0.319872
0.092463
-0.107921
-0.251714
0.012673
-0.172953
-0.097321
0.039625
-0.073615
-0.142896
-0.092286
-0.051720
-0.067576
-0.155321
-0.096671
-0.086197
-0.183694
-0.158681
-0.007033
0.056269
0.167978
-0.192698
-0.058176
0.073964
-0.014191
0.076114
0.087860
-0.057952
0.024388
-0.021769
-0.373487
-0.048854
0.012203
-0.250413
0.004554
-0.051057
-0.318428
-0.190704
-0.004355
0.030446
-0.128280
0.051811
-0.015722
0.104339
0.035614
-0.206473
-0.020262
-0.015826
-0.148684
-0.047823
0.028496
-0.134128
-0.079128
0.059806
-0.024056
-0.172805
-0.073695
0.067692
-0.181396
0.151807
-0.116057
0.002325
0.079746
-0.096086
-0.043806
0.012549
0.124773
0.008592
0.064378
0.022101
-0.051657
-0.095264
-0.238883
0.076950
0.054056
-0.064394
-0.158465
-0.072874
-0.142153
-0.176651
-0.094008
0.063584
0.068816
-0.035332
-0.058888
0.044190
-0.068988
0.150400
0.096342
-0.159189
-0.100383
0.053310
0.133481
-0.142932
0.029589
0.218701
-0.010297
-0.091598
0.085508
-0.106758
-0.153053
0.102220
-0.144379
-0.140241
0.058587
-0.042086
-0.042521
0.070605
-0.045435
-0.057462
0.075784
-0.140195
-0.075968
-0.000215
-0.188713
0.058915
0.073193
-0.046006
0.038665
-0.000948
-0.029862
-0.025402
-0.075106
-0.055399
-0.065458
-0.043964
0.045044
-0.157964
-0.094670
-0.189932
-0.495978
-0.060238
-0.247075
-0.429761
-0.005236
-0.224371
-0.184630
-0.195394
-0.112458
-0.071641
0.025800
-0.062653
0.092229
0.076448
-0.205344
0.001483
0.126461
-0.230625
0.074010
0.061725
-0.096630
0.130680
0.089677
-0.118604
-0.108442
-0.072152
-0.041458
0.032335
0.130195
-0.095050
-0.110512
-0.119886
0.028763
0.086312
-0.060333
-0.220236
0.110029
0.059701
-0.332066
-0.108661
-0.081218
-0.010634
-0.025383
-0.000528
0.028530
0.056922
0.021435
0.016455
-0.016116
-0.065077
-0.142990
-0.072596
-0.106562
0.025345
0.082627
-0.009484
-0.027584
0.070236
-0.128965
0.122381
-0.257802
-0.185990
0.082184
-0.045020
-0.004446
0.190314
0.024432
0.011143
-0.018217
-0.136967
-0.000511
0.009768
-0.059191
-0.034727
-0.160599
-0.146942
-0.102146
-0.073120
-0.146652
-0.058238
0.060056
-0.170235
0.016477
0.103187
0.085148
0.133500
-0.007210
0.250197
0.134694
-0.126303
0.125732
-0.055968
-0.352801
-0.065130
-0.238481
-0.313214
-0.341061
-0.231711
-0.132574
-0.140107
0.169603
0.051635
-0.035930
0.219849
0.030812
-0.087610
0.057977
0.002849
0.029135
0.100134
0.063570
0.167404
0.166427
0.113691
-0.062519
-0.052908
0.117164
0.099535
0.074691
0.013612
0.037979
0.110252
-0.054882
-0.074548
0.210603
-0.005167
0.182561
0.195457
-0.034559
0.017808
0.056894
0.011859
-0.282674
-0.037349
0.033313
-0.141588
0.141763
0.020700
-0.068112
0.165960
0.047398
-0.434785
0.182467
-0.027746
-0.209838
0.043852
-0.133072
-0.089022
0.063008
0.001464
0.207518
0.128670
-0.019997
0.037549
-0.012427
-0.163887
-0.190021
-0.230227
-0.069997
0.183831
-0.003899
-0.054908
0.045187
-0.093698
-0.145730
-0.071360
0.020723
-0.067364
-0.054923
-0.009614
0.049955
-0.043186
0.010470
0.058536
-0.067290
0.040160
-0.058442
-0.012677
0.023420
-0.079804
-0.044579
0.098458
0.071728
-0.022573
-0.075259
-0.049398
-0.303395
-0.056840
-0.053096
-0.067808
0.083990
-0.001462
0.024449
0.090634
-0.062221
-0.175086
-0.140146
0.028664
-0.021044
-0.055522
0.135112
0.053568
0.091921
-0.044579
-0.224910
-0.016128
-0.034645
-0.187456
0.076371
0.107727
0.137505
0.287739
0.010029
-0.124679
0.030628
0.032184
0.049012
-0.062079
-0.146862
-0.037588
-0.087485
-0.067508
-0.067950
-0.124283
-0.018655
-0.024138
0.047254
0.089019
-0.008310
0.190019
-0.115695
-0.131027
-0.106943
-0.016529
-0.114958
-0.075226
0.146966
0.023548
0.050913
-0.141394
-0.066318
-0.215038
-0.075565
-0.086436
-0.098405
-0.036538
0.191316
0.042648
-0.128283
-0.112550
-0.000189
-0.146156
-0.101022
0.113704
0.010166
-0.100624
-0.029424
0.177132
-0.030316
0.013592
0.035099
-0.092326
-0.017414
-0.067144
-0.113422
-0.181950
-0.034462
0.050198
0.187375
-0.151138
0.115357
-0.040520
-0.229397
-0.053613
-0.159276
0.022126
0.001463
-0.075881
-0.060065
-0.046727
-0.043854
-0.110795
-0.100832
-0.086078
0.003449
-0.255324
-0.209344
0.048118
-0.143170
0.034194
-0.088224
-0.051327
0.187224
-0.031699
-0.092894
0.102547
0.008123
0.053813
0.031461
0.041045
0.107629
0.096169
-0.039446
0.041278
0.111150
-0.029270
0.085523
0.008059
-0.285502
-0.185848
-0.202541
-0.098947
-0.163209
0.092889
0.077542
0.202287
0.153582
-0.114412
-0.000356
0.101728
-0.319106
-0.306806
-0.144662
-0.146802
-0.083914
0.154496
0.032179
0.077038
0.165683
0.006106
0.030507
-0.091186
-0.095341
-0.038716
-0.043279
-0.034625
-0.044617
-0.079579
0.124751
-0.175541
-0.367638
0.077506
-0.131659
-0.080832
0.129384
-0.014931
0.072589
-0.018237
0.044245
0.098394
0.039861
-0.047401
-0.116824
-0.077030
0.044311
-0.075195
0.020704
0.092497
0.027781
0.007052
0.046834
0.176861
0.114658
-0.020936
0.190546
-0.181445
-0.210985
-0.239108
-0.009849
-0.067956
-0.059921
0.182348
0.071765
0.054029
0.019217
0.025615
-0.019523
0.083970
-0.013858
0.004457
0.153277
-0.088545
0.038923
-0.001865
0.020232
0.027554
-0.048733
-0.063720
0.030306
0.081567
-0.108069
-0.003314
0.234862
0.242050
0.232234
0.134268
0.069755
0.192866
0.017214
0.020988
-0.015412
0.107458
0.058064
0.238119
-0.093907
-0.015421
-0.088115
-0.183063
0.025333
-0.101608
-0.077033
-0.121902
-0.067165
-0.023949
-0.080154
-0.063667
0.101160
-0.004665
0.040462
0.116531
0.005253
0.143169
-0.052425
-0.025226
0.073142
-0.023292
-0.051719
-0.012142
0.095940
-0.122707
-0.051649
0.131475
-0.044653
-0.107171
0.009935
-0.044169
0.025483
0.077162
-0.066495
0.109480
-0.066275
-0.121252
-0.116993
0.017509
0.042512
0.050388
0.148723
-0.121850
-0.030266
0.025210
-0.262402
-0.197634
-0.037453
-0.008099
-0.037446
-0.042724
0.052057
0.083680
-0.018905
-0.167402
-0.028453
0.023930
-0.179744
-0.110515
0.071225
0.010934
0.085298
-0.127910
-0.295593
-0.173354
0.022031
0.132310
0.055093
-0.011232
-0.102225
0.025425
-0.008654
-0.154341
0.003844
0.095769
-0.092395
0.013515
0.140516
-0.010536
0.050393
-0.130163
-0.330796
-0.316071
-0.204350
-0.072483
-0.246595
0.094500
-0.002330
0.052641
-0.008892
-0.126945
-0.008840
-0.163220
-0.172174
-0.062150
-0.061670
-0.083136
0.028787
-0.058216
0.042892
-0.089550
-0.228825
0.084120
-0.108742
0.108846
0.097768
0.092164
-0.160994
0.119338
0.009489
-0.387311
-0.044266
-0.132171
0.057508
-0.105579
0.075037
-0.147948
-0.294262
-0.135002
-0.065167
-0.075886
-0.012418
0.234211
0.040802
0.031231
-0.134489
0.141560
-0.083775
-0.198266
-0.001736
-0.021574
-0.124017
0.055741
0.006659
0.093761
0.003929
0.131443
0.175120
-0.093786
0.032644
-0.173561
-0.123680
-0.054298
-0.149485
0.042554
-0.115915
-0.123846
0.175461
0.064397
0.012272
0.022867
0.042329
-0.067032
-0.116040
-0.193111
0.119596
-0.008381
-0.045654
-0.102838
-0.081821
-0.115229
-0.104693
-0.158543
-0.035167
-0.209329
-0.068857
0.098958
0.195565
0.032567
-0.306590
0.091606
0.096552
-0.212688
0.042715
0.209685
-0.121936
0.053294
-0.029275
0.022915
-0.377252
-0.502793
-0.444676
-0.258779
-0.089796
-0.160215
0.106957
-0.021722
-0.186738
-0.061270
-0.022025
-0.106028
0.061962
0.008275
0.038478
0.017887
0.142045
0.219183
-0.033300
-0.154676
0.068011
-0.024479
-0.106729
0.101156
-0.051596
-0.070107
-0.014952
0.021579
-0.056907
0.013974
0.195742
-0.081187
0.085526
-0.196995
-0.197137
-0.250541
-0.205727
-0.212158
-0.215672
-0.213654
-0.175010
-0.119596
-0.132175
0.008586
0.020401
-0.063271
-0.164592
-0.005674
0.079330
-0.115861
0.036577
-0.106646
-0.040450
0.046797
-0.176829
-0.091657
-0.004450
-0.086112
0.015756
-0.018674
0.041418
-0.101893
0.092446
-0.079716
-0.199192
-0.056634
-0.152169
-0.188752
-0.152925
-0.306906
-0.201155
-0.270505
0.000457
0.198979
0.072917
0.029747
0.068071
-0.038134
0.039031
-0.047432
-0.316358
0.108757
0.041261
-0.126595
0.031866
-0.281260
-0.024346
-0.130634
-0.137394
0.124021
-0.087598
-0.015901
0.025575
-0.054742
0.100876
0.061916
-0.041274
0.055453
-0.028953
0.039886
0.121956
0.017998
0.154028
0.162077
0.086180
0.060912
-0.064092
-0.133087
0.067344
-0.052713
-0.175909
0.065982
0.017551
-0.093863
-0.231824
0.038783
-0.164562
0.159233
0.237872
-0.198019
0.153383
0.083500
-0.079132
-0.106978
-0.052972
0.023934
-0.099479
0.165669
0.144421
0.038317
0.206872
0.048732
-0.227112
-0.029779
-0.042111
-0.198525
-0.028302
-0.117237
0.063904
0.012120
-0.176370
-0.061101
0.024705
-0.059665
0.138012
-0.039610
-0.026984
-0.026906
-0.171049
-0.000648
-0.015708
0.057638
-0.269036
0.005841
0.030588
0.016042
0.059372
-0.107101
0.187500
0.185822
-0.009403
0.056104
0.089837
-0.129328
-0.090966
0.009360
0.001572
-0.023136
-0.048272
0.056707
-0.290981
-0.053060
-0.045981
0.032725
0.021224
0.060664
0.088388
-0.094363
-0.072908
-0.170359
-0.059515
-0.030927
-0.146341
0.068146
0.042823
-0.020317
0.006078
0.111905
0.150193
0.001117
-0.153986
-0.051282
0.067620
-0.202924
0.163884
-0.169408
-0.105517
-0.100897
-0.140685
-0.071638
0.105019
0.199604
0.308565
0.125028
-0.274026
-0.136147
0.186928
-0.254967
0.011120
0.155441
0.020840
-0.022427
-0.040085
0.154462
-0.125709
-0.094749
-0.083608
-0.191511
-0.072256
-0.027922
-0.228779
-0.135713
0.034132
-0.079693
-0.070631
-0.043269
-0.289114
-0.066424
-0.056175
-0.157995
0.180438
0.175237
-0.110755
0.047896
-0.135650
-0.021722
-0.010096
0.059953
-0.121236
0.064587
-0.192656
0.043316
-0.111277
0.109686
0.076457
-0.101595
-0.083522
0.025468
-0.070016
-0.160645
-0.077292
0.132881
-0.042403
0.195168
0.156559
0.101320
0.088782
0.017328
-0.011276
0.043975
-0.398588
0.034434
0.091974
-0.171729
0.037995
-0.222474
-0.080664
-0.245173
-0.157499
-0.168193
-0.133876
-0.095138
0.000106
0.068016
-0.063970
-0.138617
0.033398
-0.317345
0.019566
-0.141138
0.030051
0.146207
-0.187942
0.003371
0.049399
-0.098596
0.034760
-0.037096
0.025680
0.027674
-0.010597
0.175362
0.023509
-0.006315
0.018214
0.096219
-0.194771
0.199429
0.228338
-0.264107
0.140897
-0.146076
-0.325150
-0.061147
0.075287
-0.128213
0.018135
0.082501
-0.079652
0.043262
0.068328
0.012198
-0.344952
-0.224953
-0.126836
-0.135259
0.000385
-0.086038
-0.024074
0.080330
0.017896
-0.076054
0.041163
0.011873
-0.023079
0.126266
0.117426
0.119659
0.053390
0.027973
0.083608
-0.081897
-0.044126
0.076082
-0.286616
-0.125855
-0.070359
-0.080858
-0.006703
-0.094460
0.037885
-0.037567
0.088970
0.033970
-0.052536
-0.099905
-0.245337
-0.266174
0.010782
-0.026271
0.011476
-0.025722
0.021393
-0.045398
-0.077845
-0.027749
-0.098176
-0.129720
0.167957
-0.179432
0.036625
0.281292
0.052511
-0.108107
0.033285
-0.066507
0.104190
0.016338
0.056247
0.001108
0.092306
0.068341
-0.098018
0.048261
0.056766
0.048298
-0.093429
0.042052
0.196842
0.058248
0.002206
-0.002413
-0.169269
-0.111348
-0.150824
-0.100744
-0.162993
-0.105573
-0.096049
-0.109274
-0.212233
-0.226334
-0.205932
-0.093382
-0.189177
-0.159530
-0.197346
-0.233814
-0.258050
-0.237364
-0.352728
-0.233935
0.143318
0.123996
-0.024041
0.127041
0.232963
0.086162
-0.062353
0.076579
0.123944
-0.054810
0.131435
0.049942
0.107521
0.074705
-0.000988
0.027563
0.069085
0.018563
-0.241033
0.039886
-0.128839
-0.261490
0.080619
-0.100320
-0.269472
-0.062675
-0.132522
0.013327
0.053155
0.113357
-0.026554
-0.044665
0.310385
-0.028448
0.064027
0.323811
0.003135
-0.127513
0.113551
-0.080114
0.022868
0.025690
-0.101998
0.127963
0.055009
0.026459
-0.149571
0.066868
-0.141025
-0.191221
-0.032871
-0.046276
-0.096034
-0.101329
-0.056439
0.067142
-0.103444
0.112063
0.120475
0.039039
0.075843
0.013180
-0.033665
0.048456
-0.013138
-0.089360
0.130889
0.062127
-0.022748
-0.088369
-0.059692
-0.132956
-0.221782
-0.015947
-0.060145
0.101834
-0.098861
-0.073876
0.075865
0.012006
-0.221320
0.064239
0.184178
0.149745
0.080997
0.118648
0.127960
-0.079150
-0.038550
-0.104627
-0.163453
0.192383
0.215000
-0.079682
0.074815
0.191123
0.071963
0.095706
0.216085
-0.081025
-0.111882
0.057717
-0.208116
-0.080029
0.048315
-0.215436
-0.199745
-0.102328
-0.213269
-0.349491
-0.044603
-0.051245
-0.254765
-0.059399
-0.111635
-0.096620
-0.118000
-0.007541
-0.112945
0.068776
0.029950
-0.063256
0.254474
-0.179850
-0.008271
0.049493
0.106335
0.041096
-0.139673
0.145721
0.210665
-0.165757
0.044077
-0.052045
-0.322901
-0.112309
0.063106
0.066124
-0.076073
0.109964
0.064261
-0.070117
0.009470
0.084007
0.006844
-0.038426
-0.053631
-0.021109
0.070484
0.036838
0.025674
0.092907
-0.018508
-0.112222
-0.077842
-0.060704
0.103805
-0.017445
0.023782
-0.108641
-0.084416
-0.005823
-0.143741
-0.031724
0.001805
-0.243555
-0.013792
0.122695
-0.343306
-0.064373
0.067667
-0.155479
0.083809
0.073252
0.089718
0.096239
0.048662
0.122866
0.055180
-0.125877
0.215587
-0.023255
0.016666
0.032156
0.075749
0.017359
-0.077435
0.278143
0.038553
0.122961
-0.005236
0.014228
0.117049
-0.067111
-0.051523
-0.017983
-0.105062
-0.073516
0.044561
-0.008907
-0.000220
0.149613
0.109752
-0.106278
-0.070021
-0.143797
-0.287030
-0.073344
0.002158
-0.028206
-0.039999
-0.018251
0.011810
-0.032049
0.012914
-0.003011
0.014138
-0.114520
0.146155
0.094394
-0.064267
0.019598
0.053809
-0.222472
-0.191024
0.162043
-0.194399
-0.219636
0.055375
-0.068969
-0.196230
0.206893
0.056637
-0.056395
-0.201700
-0.001285
0.093703
-0.068886
-0.014625
0.017697
0.096021
0.026425
0.164593
-0.052374
0.070394
-0.213287
0.034057
-0.086802
0.012057
-0.028220
-0.072467
0.060141
-0.130072
-0.181866
0.192399
-0.091399
0.062479
-0.010255
0.027164
0.167519
0.131638
0.167717
0.032584
-0.020278
-0.087208
-0.336286
-0.152321
-0.370704
-0.401002
-0.018420
-0.085289
-0.159988
0.074520
-0.040917
-0.012705
0.134249
-0.066856
0.042160
0.140260
0.067629
-0.067407
-0.030444
0.013810
-0.036344
0.103714
0.035665
0.085035
0.144145
-0.149934
-0.299887
-0.049640
0.090160
0.134935
0.043946
-0.148771
-0.005170
0.012117
-0.093572
-0.186476
-0.160138
0.072282
0.013456
-0.007713
-0.136414
-0.130962
0.051458
-0.003338
-0.267210
-0.041139
0.013087
0.035364
0.072300
-0.027969
-0.033803
0.011884
0.012281
0.047130
0.139664
0.036351
0.018354
-0.043260
-0.105785
0.029804
-0.042287
0.140105
0.007182
0.062508
-0.038424
0.017033
-0.012375
-0.034909
0.075532
0.019886
-0.157853
-0.185660
-0.102113
-0.130629
0.062726
-0.069849
0.013831
0.139194
0.048912
-0.000159
0.079350
0.181090
-0.089214
0.011882
0.047578
0.102073
0.007596
0.174463
0.050536
-0.023536
0.072804
-0.209153
-0.300482
-0.019309
-0.292520
-0.253493
-0.062249
-0.044978
0.033651
0.134446
-0.004776
0.026862
0.009175
-0.043955
-0.072270
0.000681
-0.113533
0.021164
0.015206
-0.017806
0.057943
0.123226
0.011256
-0.011868
0.040199
-0.096105
-0.127462
-0.182136
0.083666
0.126694
-0.041468
-0.127661
0.078934
0.009713
-0.066816
-0.049208
-0.042301
-0.035443
0.044756
0.103968
-0.188846
-0.027429
-0.047305
-0.197169
-0.048879
0.040752
-0.182290
-0.032866
-0.023413
0.033839
-0.031820
0.080031
-0.028579
-0.085728
0.037467
-0.112026
-0.061388
-0.159192
0.129619
0.274758
0.044296
-0.161905
-0.096714
-0.026744
0.125305
-0.033634
0.035129
0.049789
-0.199235
0.136238
0.026335
0.055285
-0.074875
0.113621
0.182699
-0.009076
0.108260
0.168628
0.006337
0.117909
0.057840
0.026196
-0.072100
0.020956
0.069601
-0.058692
0.033305
0.054651
0.020335
0.114587
0.110531
-0.004952
0.036907
0.035158
-0.202611
-0.179818
-0.062257
0.393967
0.073277
-0.329141
0.076491
-0.144855
-0.458620
-0.154551
-0.221758
-0.146075
-0.027317
0.038532
0.088135
0.033646
0.012644
0.052534
0.032377
0.096940
0.051574
0.023950
-0.174872
-0.006975
0.051734
-0.038016
0.068026
0.030364
0.061025
0.037057
-0.257358
-0.357294
-0.151277
0.095761
0.086276
0.099965
-0.105700
0.154406
0.171731
0.003553
0.001861
0.020746
-0.291944
-0.354163
-0.080438
-0.341159
-0.342373
-0.091349
0.007848
0.084565
0.120046
0.030808
0.034022
0.019453
-0.116120
-0.031833
-0.044024
0.160679
0.081018
0.131665
0.055137
0.085953
-0.183560
-0.090071
-0.116054
-0.139261
0.002658
0.039742
0.163729
-0.128990
-0.186751
-0.090896
-0.100307
-0.282870
-0.266845
0.018683
0.209217
0.114636
-0.151958
-0.191261
-0.253872
-0.098688
-0.092908
-0.208672
-0.031018
-0.072111
-0.275753
0.081103
0.039071
0.007479
0.054233
-0.002918
0.016293
0.047824
-0.015576
-0.239500
-0.028547
-0.115907
-0.197285
0.052829
0.087615
0.085642
0.056263
-0.050232
-0.216061
0.097011
-0.066103
-0.229239
0.051445
0.017636
-0.103861
-0.010610
-0.015446
-0.010018
0.025802
0.038474
0.067945
0.006560
0.037154
-0.082551
-0.015987
-0.100134
-0.181296
-0.140967
-0.186221
-0.181425
-0.145858
-0.089438
-0.163106
-0.157592
-0.105877
-0.287045
0.155993
0.141697
0.104539
0.124922
0.155278
0.051900
-0.043119
-0.067194
-0.018329
0.208012
0.147584
0.222269
0.159879
0.198757
0.185397
-0.162016
0.003301
0.068948
-0.025097
-0.020415
0.003299
0.024577
0.038976
-0.085055
0.074044
0.039670
-0.003582
0.049618
-0.013421
0.047535
0.049515
0.132289
-0.091662
0.025598
0.103174
-0.124295
-0.108435
0.005055
0.118985
0.036628
0.158855
0.157965
-0.056793
-0.097955
-0.071908
-0.095466
-0.001919
-0.088522
0.003753
0.011751
-0.058478
-0.053850
-0.118113
-0.131900
0.035555
-0.005119
-0.010211
0.077991
0.198860
0.168820
-0.025869
-0.039394
-0.107498
0.129575
0.019289
-0.053612
0.111850
0.110627
0.052959
0.026844
0.024426
0.185348
-0.040920
-0.183847
-0.053828
-0.053996
-0.225406
-0.050231
-0.152228
-0.027058
0.057405
-0.015484
0.142002
0.150723
-0.078585
0.086391
0.242537
0.013564
-0.039440
-0.017372
0.120604
-0.013548
-0.161155
-0.007991
-0.093161
-0.427297
-0.082285
-0.114273
-0.052140
0.062687
0.067367
-0.032959
0.037084
0.192567
-0.052487
-0.121329
-0.172506
-0.056834
-0.251396
-0.285026
-0.250355
-0.049061
-0.100547
0.101896
-0.012641
0.099636
-0.022651
-0.166441
-0.074808
-0.222990
0.070299
0.109253
-0.139220
0.048402
-0.131163
-0.328370
0.044419
-0.154248
-0.390588
0.109070
0.019445
-0.102554
-0.035246
0.000834
-0.021946
0.033177
0.110489
0.014066
-0.069728
0.019024
0.032345
0.100992
0.140270
-0.132210
-0.022091
-0.050800
0.049525
0.050788
0.087697
0.075410
-0.114388
-0.098578
-0.086842
0.079329
0.093867
-0.014498
0.127222
0.030258
0.004004
0.037832
0.054485
-0.141915
-0.110421
-0.206557
-0.242394
-0.036539
-0.060574
-0.208921
-0.030064
-0.053813
0.004822
-0.030099
0.081974
0.104660
-0.069175
0.031405
-0.028657
0.142192
0.138207
0.115373
0.047165
0.019681
-0.031154
-0.056245
0.010070
-0.135269
0.000184
0.049238
-0.233574
0.026400
-0.052365
-0.273937
-0.067648
-0.196800
-0.244774
-0.006950
-0.215832
-0.260501
0.063148
-0.046748
-0.305458
0.081765
-0.004110
-0.197892
-0.179476
-0.035246
-0.110499
-0.162764
-0.132740
-0.124708
-0.126881
-0.145608
-0.173138
-0.039760
-0.025619
-0.051196
-0.090846
-0.001233
0.021267
-0.122374
-0.138522
0.059101
-0.037062
0.081756
0.019362
-0.021130
-0.079350
-0.104454
-0.235873
-0.072979
-0.177207
-0.083597
0.117823
0.228077
-0.137442
-0.177622
-0.028391
0.002428
-0.242306
0.015063
0.039555
-0.005770
-0.188475
0.162700
0.081532
0.114691
0.087896
0.115921
-0.090953
-0.014196
-0.228456
-0.187538
-0.104778
-0.165761
-0.168680
0.095100
-0.118120
-0.086241
-0.149774
0.015440
-0.016455
-0.029160
-0.147787
-0.017297
-0.012951
0.002275
-0.010884
0.032822
0.092212
0.008960
0.031293
-0.036849
0.038926
0.056883
-0.000381
0.051434
-0.203149
-0.111429
-0.074469
-0.102000
-0.173830
-0.107111
-0.123413
-0.219390
-0.054574
0.016867
0.031890
-0.191299
0.254905
0.306912
0.124616
0.194021
0.126925
0.006035
-0.031175
-0.018403
-0.125400
0.137372
0.208225
0.159194
0.090991
0.138343
-0.042430
0.152146
0.123261
-0.032439
-0.101470
-0.030228
0.050379
-0.129399
-0.051526
-0.026956
0.082731
0.098571
0.031266
0.017031
0.135741
0.009760
-0.031248
-0.015003
-0.160084
-0.061494
0.044624
-0.059122
-0.226669
-0.003088
-0.074724
-0.133016
-0.021066
-0.136896
-0.105782
0.012980
0.212346
-0.145293
-0.030053
-0.037384
-0.000362
-0.054405
0.006387
-0.077160
-0.145238
-0.249758
0.044453
0.008473
-0.080456
0.068212
0.065805
-0.202540
0.036436
0.079637
-0.108258
-0.037281
0.069773
-0.008904
0.034376
0.076648
-0.063771
-0.005981
0.144460
0.224472
-0.310651
-0.105422
-0.100034
-0.302999
-0.291518
-0.322304
-0.187854
0.040716
-0.059592
-0.063336
0.089916
0.121002
-0.147203
-0.041844
0.063003
0.129686
0.074313
0.000436
0.094142
0.029005
0.013800
-0.060939
0.160712
0.010873
-0.168693
0.128747
0.164644
-0.037119
0.092925
0.070206
-0.123675
-0.032235
-0.061972
-0.028677
-0.039578
0.121620
-0.277771
-0.188232
0.000111
-0.145032
-0.356141
-0.022843
-0.035236
0.069985
0.121375
-0.059985
-0.017308
0.103790
0.143227
0.045970
0.098280
0.012398
-0.231158
-0.039970
0.027891
-0.099181
-0.113475
0.138126
0.029279
-0.016367
0.050638
0.055268
-0.099615
0.096664
0.143957
0.162441
-0.106914
0.041461
0.073178
0.018348
-0.042002
-0.063865
-0.102969
0.014166
0.012419
-0.035253
-0.080408
-0.226749
-0.006076
-0.062304
-0.131308
0.036682
0.045020
0.021080
0.011598
0.001874
-0.069756
-0.132299
-0.052188
-0.202234
-0.332190
-0.105312
-0.031777
-0.245939
0.004398
0.122909
-0.084412
-0.027397
0.009126
-0.053404
0.065540
-0.025625
-0.260769
-0.100210
-0.241318
0.082158
0.022733
0.208166
0.016835
-0.067373
-0.076625
0.042382
-0.134817
-0.154215
0.027225
0.044255
-0.015356
0.037084
-0.067920
0.054366
0.156381
0.068866
-0.036879
-0.078306
-0.104622
-0.117571
0.038068
-0.112929
-0.008155
0.129762
-0.036041
-0.054389
-0.195202
-0.113245
-0.150430
-0.147844
-0.127107
-0.205549
-0.031485
-0.128178
-0.149747
-0.221672
-0.132895
0.027095
-0.210222
-0.247428
-0.067770
-0.099307
-0.095739
-0.155191
0.091914
0.002121
0.075054
0.132235
-0.088169
-0.035400
0.082811
-0.305232
-0.150131
0.093065
0.191799
0.177057
-0.135585
-0.178657
-0.213531
-0.037599
-0.303021
-0.185958
-0.161490
0.049032
-0.003062
0.094760
0.139234
0.145323
-0.027220
-0.033039
-0.056375
-0.016860
0.107798
-0.084640
0.049969
-0.043439
-0.185868
-0.082863
-0.115989
0.111323
0.225110
0.147587
0.036160
-0.090948
-0.246501
-0.022832
-0.134457
-0.362163
-0.246604
-0.140096
-0.002160
0.001494
0.023462
0.051557
-0.022943
-0.019308
-0.003522
0.093287
-0.012384
-0.072145
-0.053450
-0.003676
-0.119035
-0.033488
0.118996
-0.038663
0.035965
-0.093460
0.046079
-0.036981
-0.029117
0.042737
0.095636
-0.077044
0.078066
0.019909
-0.160984
-0.134618
-0.071227
-0.070972
-0.035682
0.051115
-0.091787
0.024346
0.134410
-0.116284
-0.075466
0.018374
-0.017062
-0.092229
-0.005847
0.083540
-0.063050
0.072833
-0.008432
0.037869
0.124679
0.008664
0.152940
0.033781
-0.275922
-0.130912
0.093835
-0.061494
0.074866
-0.006221
-0.053964
0.066199
-0.028670
-0.107725
-0.139053
0.277442
-0.006363
-0.004091
0.022312
-0.091949
-0.128691
-0.080826
-0.046670
-0.070251
-0.023569
-0.064512
-0.118982
-0.081035
-0.056997
0.011449
0.054423
-0.045393
-0.028166
0.063738
0.177635
0.117916
0.124918
-0.121005
-0.157981
-0.068561
-0.154066
-0.244103
-0.097116
0.070134
0.003129
0.149485
0.101268
-0.201325
-0.181964
0.012730
-0.405068
-0.297514
-0.191906
-0.107726
0.057366
-0.075187
-0.011774
0.187599
0.129337
0.158235
0.192640
-0.058114
-0.031509
0.176307
0.015054
0.040875
0.074677
-0.204689
-0.135190
0.011995
0.116054
-0.131286
-0.050960
0.017289
-0.085672
-0.036402
0.177382
0.027864
0.064292
-0.207912
-0.047533
-0.037454
-0.073821
-0.202738
-0.147514
0.111732
-0.150621
0.049913
0.064082
0.051827
-0.173797
-0.087857
0.034010
0.043300
0.051827
0.081645
0.106912
0.100209
0.255587
-0.113253
0.039082
-0.070629
-0.281196
0.100393
-0.182368
-0.245003
-0.182334
0.011270
0.145650
0.000073
0.146950
0.128084
-0.131692
0.057672
0.073005
-0.002706
0.073177
-0.059828
0.060341
0.059843
-0.055041
-0.108594
-0.154159
-0.119656
-0.123367
-0.160064
0.054350
0.026216
0.010194
-0.086941
0.060193
0.001982
0.120924
0.065728
0.038748
0.096139
-0.085847
-0.107111
0.079978
-0.073447
-0.342639
-0.132852
-0.046466
0.047691
0.046057
0.087065
0.069162
0.035264
-0.051631
-0.167286
0.050692
0.079862
0.139508
-0.048147
0.112322
0.088791
-0.181131
-0.061223
-0.097890
-0.361468
-0.052522
-0.000974
-0.079733
-0.021773
0.000597
-0.114028
-0.031116
-0.162217
-0.180567
0.063841
0.011466
-0.060874
-0.009292
-0.200981
-0.116929
-0.090531
-0.248979
-0.436526
-0.128784
-0.073102
-0.036419
-0.004523
0.020399
0.007730
-0.015489
-0.035888
0.073689
0.041729
-0.004185
-0.099543
-0.001226
-0.132545
-0.169852
0.082556
-0.079759
-0.011661
0.056966
0.005835
-0.138354
0.173870
0.087720
-0.012547
0.013551
0.153375
0.107991
-0.077177
-0.267391
0.032418
-0.069584
-0.116200
0.037823
-0.008101
-0.088105
0.053566
-0.007787
-0.115743
-0.091065
0.134484
0.033917
-0.046699
0.222972
-0.000878
-0.071264
-0.068223
-0.059020
0.217523
-0.212924
-0.293031
0.128449
-0.014400
-0.129839
0.050130
-0.067873
-0.174526
-0.231771
-0.117352
-0.108956
-0.266189
0.267887
0.190528
-0.228986
0.019671
-0.149604
-0.043268
-0.047512
-0.191251
-0.013535
0.040634
-0.043407
0.028951
0.003168
-0.075919
0.029504
0.061498
-0.026793
0.117657
-0.040422
-0.120397
0.028406
0.036275
0.022240
0.184862
0.193214
-0.068978
0.080566
0.224245
-0.043473
-0.163998
0.200910
0.125473
-0.366936
0.077268
0.006306
-0.442338
0.226889
0.081922
-0.077309
0.345754
0.202220
-0.101315
0.032440
-0.079774
-0.167218
0.163722
-0.147886
-0.001110
-0.045269
-0.085325
-0.011235
0.085410
0.115580
-0.001322
-0.011602
-0.038672
-0.004305
0.007281
-0.032525
0.042373
-0.130638
-0.127770
0.087930
-0.145506
-0.253117
0.002908
-0.030897
-0.020322
-0.045412
0.039737
0.026437
-0.053756
-0.005921
0.061447
0.041277
-0.139592
-0.203165
-0.016442
0.109851
0.013101
-0.059939
0.039766
-0.057258
-0.124283
0.122843
-0.041185
-0.139043
-0.074086
-0.269880
-0.165547
0.139888
-0.230552
-0.231458
-0.028348
0.004467
-0.103613
-0.003374
0.138853
-0.032023
0.069974
0.201602
0.087072
0.198414
0.034954
-0.252686
0.156399
0.013034
-0.097916
0.278645
0.043976
-0.089542
-0.112682
0.116411
0.142351
-0.143421
-0.147419
-0.068883
-0.085016
0.131075
0.151573
0.177525
0.020818
0.018085
-0.096480
-0.131239
-0.024562
0.029536
-0.171297
-0.072551
-0.109557
0.051608
-0.027622
-0.061582
0.097555
0.058224
0.006671
-0.091488
-0.034003
0.078953
-0.189457
-0.140252
-0.065505
0.005542
0.041621
-0.121045
-0.060344
0.104082
-0.121183
-0.424515
0.007619
-0.111633
-0.417143
-0.029094
0.195464
0.185188
-0.036603
0.008095
0.121630
0.028383
0.150207
0.081641
-0.020304
0.003942
0.058478
0.020324
0.033143
-0.265469
0.079207
-0.115928
-0.253232
0.048665
-0.056475
-0.242647
0.091554
-0.016848
-0.074956
0.004448
-0.048085
-0.104023
-0.077743
-0.082072
-0.182127
-0.185117
0.085557
0.021827
0.021692
-0.005453
-0.021548
-0.072598
-0.053296
-0.173580
-0.115540
0.019346
0.031324
-0.095158
0.046932
-0.013432
-0.101470
0.029454
0.161192
0.071761
0.142717
-0.125048
0.048579
-0.078440
-0.244419
0.168660
-0.057542
-0.237119
0.049314
-0.075594
-0.111431
0.085664
-0.061257
-0.178289
0.001054
0.210357
0.011890
0.157780
-0.295859
-0.335659
-0.179307
-0.094954
-0.269775
-0.116846
0.239333
0.066845
-0.108888
0.013693
0.019414
0.077933
-0.062774
-0.060423
-0.065619
-0.067163
-0.038004
-0.115533
0.111325
0.015405
-0.038861
-0.085795
0.000133
-0.143749
-0.155253
-0.098906
-0.041376
-0.002909
0.254209
0.283491
-0.207653
-0.093045
0.165404
-0.297879
-0.291925
-0.099806
-0.052387
-0.042252
0.097920
-0.127269
0.000439
0.060351
-0.282129
-0.047421
-0.015295
0.063237
0.028481
-0.056295
0.122429
-0.035150
0.100854
-0.027564
-0.114674
0.014845
-0.004813
-0.171829
-0.121195
-0.119011
-0.003184
-0.040518
0.107941
0.097365
-0.008965
-0.000840
0.047650
-0.383568
0.209117
0.159925
-0.302780
0.033171
-0.070465
0.030615
0.025528
0.042271
0.084410
0.034835
0.067610
0.031773
-0.128834
-0.108389
-0.050570
0.002572
0.119229
0.147385
-0.237088
-0.177445
0.086421
-0.192597
-0.102023
0.041578
0.093262
-0.022307
-0.234513
0.138782
-0.108745
-0.233096
-0.074102
0.063652
0.116926
-0.082322
-0.083414
-0.248581
0.106117
0.085284
-0.242363
0.004766
0.038556
0.074420
0.031152
-0.082860
-0.108653
-0.229445
0.007997
0.128798
-0.191503
-0.002286
0.214363
0.079154
0.007198
-0.075306
-0.079141
0.018967
0.011378
-0.045148
0.079054
-0.047661
-0.112088
-0.212422
-0.147593
-0.098351
0.036004
-0.094458
0.169101
0.083587
-0.095707
0.025064
-0.054392
-0.012390
-0.110171
-0.071106
0.057343
-0.056510
0.036245
0.018312
0.018898
0.053450
-0.119534
0.078288
-0.058959
-0.079851
0.144972
0.018617
-0.145682
0.073671
-0.102769
-0.283656
0.124999
-0.152353
-0.281194
-0.031392
-0.025653
0.069129
-0.185719
0.183768
0.118437
0.138043
0.032444
0.002334
-0.027446
0.102385
-0.162529
0.088139
0.062106
-0.009999
-0.006176
0.169331
-0.002112
-0.069397
-0.065014
-0.036882
-0.006218
0.114174
0.151441
-0.271627
0.021535
0.113251
-0.215136
-0.100356
0.128094
0.033707
-0.053322
-0.178391
0.047787
0.073015
-0.027513
0.007932
0.030113
0.037439
-0.052800
-0.083127
-0.026026
0.051347
0.015114
-0.059202
-0.190529
0.041963
0.024331
0.076202
0.169388
0.203250
-0.137632
0.003932
0.067733
0.004713
0.006763
0.097755
-0.007005
0.092893
0.156718
-0.081187
0.149878
0.150438
-0.135003
-0.096356
0.114969
-0.002849
0.054544
0.037222
-0.115563
-0.119189
-0.004885
-0.054956
-0.021512
0.098268
-0.037304
-0.253783
-0.227694
-0.181766
-0.061465
-0.004308
0.170666
0.006197
0.093754
-0.146270
-0.109041
-0.094746
-0.045940
0.045684
-0.094865
-0.249891
-0.099413
-0.120671
-0.016253
-0.166484
-0.065829
0.007732
-0.102769
-0.193932
-0.125709
-0.195279
0.033513
-0.078139
0.128371
-0.057493
0.002037
-0.082029
-0.108556
0.145089
0.126705
-0.103275
-0.119062
-0.290427
-0.079827
-0.104058
-0.012554
0.084921
-0.061307
0.143526
0.063649
0.138612
0.042568
-0.090071
0.014711
-0.204711
-0.088050
0.021680
-0.159586
-0.054916
0.076913
0.097000
-0.302348
0.103271
0.109658
-0.186521
-0.010447
-0.045713
-0.002240
-0.026569
0.070746
-0.093195
-0.027690
-0.058742
-0.099737
0.029811
-0.046476
-0.094851
-0.047932
-0.101069
0.051981
-0.160173
-0.118622
-0.027997
-0.064614
-0.068580
-0.061039
-0.122634
0.049783
0.116977
0.004606
-0.022979
-0.172184
0.104963
0.003155
-0.151716
0.013045
-0.130757
-0.153089
-0.026870
-0.240587
-0.155869
0.017675
-0.150991
-0.094971
-0.042783
0.057330
0.081843
-0.013780
0.047069
0.154430
0.067378
0.069344
0.063664
0.058132
-0.139588
-0.065944
-0.086800
-0.253268
-0.298954
-0.062901
-0.460245
-0.242855
0.015040
0.199670
0.125917
-0.019925
0.060222
0.052440
0.184419
0.151125
0.049127
0.251022
0.156503
-0.013779
0.190653
0.070449
-0.055839
0.195458
0.110140
-0.037104
0.125068
0.070628
-0.119485
0.120165
0.031944
-0.033470
0.130705
-0.026830
-0.163574
0.065905
0.109836
0.202341
-0.051351
0.044939
0.018180
-0.009088
0.023122
0.050618
0.241062
0.123977
0.025041
0.051530
0.026454
0.071348
0.078050
0.164715
0.101230
0.108040
0.089159
-0.132134
0.034565
0.038744
-0.247467
0.016611
-0.076852
-0.378500
-0.013794
0.008601
0.067162
-0.081745
-0.023777
0.001480
0.004739
0.012796
0.041077
-0.010526
-0.221469
-0.178509
-0.015209
-0.124881
-0.365602
-0.049155
-0.264468
-0.310472
0.014608
0.056483
-0.131931
-0.016262
-0.046999
-0.116204
-0.137154
-0.064153
-0.033284
-0.039809
-0.050236
-0.096747
0.152069
-0.016054
-0.106967
-0.034834
-0.092519
-0.235577
0.214848
0.091587
-0.058040
0.152123
0.083442
-0.016565
0.131897
0.080284
-0.101313
-0.002885
-0.029803
0.073687
0.071647
0.048085
-0.136486
0.034460
0.039562
-0.224244
0.146157
0.080285
-0.090666
0.134698
0.085798
-0.001334
0.221375
-0.004763
-0.178910
-0.129694
-0.002624
0.138340
-0.196591
-0.007126
0.038212
-0.148025
-0.003165
0.077470
-0.024774
-0.089213
0.068038
0.007617
0.049459
0.138990
-0.013997
-0.082717
-0.069078
0.116563
-0.035882
-0.096672
0.149926
-0.001075
-0.051871
-0.007797
-0.164582
-0.158141
-0.017060
-0.120626
0.087137
-0.013525
-0.057691
0.075452
-0.010707
-0.050100
0.009054
-0.036027
0.056538
0.057338
0.065310
-0.063355
-0.056905
0.112868
-0.025846
-0.063900
0.056967
-0.026510
-0.068885
-0.104775
-0.137899
-0.054792
0.027896
-0.066289
0.058550
0.053100
-0.072081
-0.186435
-0.064431
-0.123772
-0.375990
-0.028565
-0.224083
-0.265023
-0.106064
-0.210102
-0.128828
-0.090874
-0.106052
-0.011023
-0.036177
-0.087509
-0.101147
0.065452
0.076520
0.043283
0.047249
0.061609
0.073543
0.129009
0.083268
0.087684
0.000986
-0.076302
-0.034268
-0.013558
-0.067791
-0.288060
-0.182493
-0.050273
-0.136933
0.107527
-0.281572
-0.141634
-0.043465
-0.266234
-0.327711
0.121623
-0.374405
-0.297129
0.091231
0.012601
0.112197
-0.096884
-0.037448
-0.234590
0.071223
-0.162405
-0.211412
0.101306
0.110310
0.205086
0.007580
-0.028549
0.062975
0.030192
0.087193
-0.031936
-0.192838
-0.162081
-0.051866
-0.132066
-0.086971
-0.028808
-0.094337
-0.051948
0.090182
0.001892
0.013702
-0.109206
0.024999
-0.074828
-0.110117
0.090692
0.009683
0.017320
-0.115755
0.071099
-0.092477
0.066813
-0.021635
-0.093009
0.210551
0.159083
0.043603
0.073614
-0.067142
-0.180118
-0.097056
-0.139005
-0.017303
-0.143211
-0.237263
-0.026394
0.035016
-0.011904
-0.044075
0.080113
0.075996
0.091885
-0.244067
0.053335
0.213039
0.161836
-0.139506
-0.176591
0.124770
-0.127247
-0.071679
-0.314240
-0.219957
-0.051349
-0.128459
-0.097474
0.066516
0.010993
0.081316
0.002819
-0.184238
0.051428
0.135698
0.040490
0.095889
0.111600
0.035889
-0.057405
0.039638
0.180467
0.098205
0.037036
-0.013254
-0.177951
0.117418
0.080351
-0.217034
-0.081409
0.191589
0.107071
0.033967
0.079888
-0.038876
-0.082854
0.152317
0.086536
-0.046920
-0.208471
0.018740
0.049496
0.017060
-0.008292
0.044636
-0.005295
0.080301
-0.017393
-0.052972
-0.026357
-0.005765
0.030451
-0.092896
-0.082838
-0.192473
-0.101290
0.057530
0.077546
-0.070248
-0.034367
-0.015820
0.052535
-0.084386
-0.133017
0.110903
0.052425
-0.252616
-0.135265
-0.009978
-0.067108
-0.182408
-0.084922
-0.190230
-0.184858
0.119285
-0.057871
-0.079264
0.018966
-0.294531
-0.153087
-0.079709
-0.266139
-0.165287
0.054333
-0.120456
-0.058752
0.046510
-0.139907
-0.054058
-0.165011
-0.047334
0.090963
-0.054403
0.040558
0.090942
-0.057458
-0.125127
-0.016748
-0.044445
-0.057249
-0.055090
0.018518
-0.182396
-0.053602
0.171122
-0.537714
-0.249367
0.052147
-0.122923
-0.034171
0.180647
0.192704
0.193954
0.037104
-0.100086
0.099877
0.075761
-0.183966
-0.111168
-0.052969
0.158372
0.043463
-0.014423
0.049162
0.052264
0.032582
-0.178204
0.147535
0.124222
-0.106994
-0.065307
-0.071141
0.130028
0.052370
-0.011098
0.024228
-0.186704
-0.061877
0.174600
0.053638
-0.020485
-0.435179
-0.270825
-0.118811
-0.020498
-0.159729
0.032052
0.175350
0.077905
-0.001876
0.140576
0.115077
-0.054990
0.214359
0.076188
-0.057995
0.060824
0.086340
-0.025195
0.118118
-0.054685
-0.157297
0.158018
0.017176
0.042672
-0.303130
-0.051588
0.019674
-0.027277
0.049524
0.050956
-0.061528
-0.012811
0.000899
-0.012679
0.020531
-0.011212
0.047653
-0.148056
-0.119040
-0.025082
-0.179652
0.005064
-0.234313
-0.133577
-0.045882
-0.122374
0.016131
0.019489
-0.124936
0.065754
0.073824
-0.025387
-0.049642
-0.004516
-0.183486
-0.051444
0.031259
-0.116335
-0.095736
0.073927
-0.179926
-0.013875
0.123675
-0.285160
-0.106153
-0.063982
-0.198961
-0.105453
0.065082
0.040536
-0.014154
-0.136849
0.046815
-0.255811
-0.061308
0.050093
-0.207140
0.020609
-0.127106
-0.263537
-0.055036
0.050175
0.024315
-0.099624
-0.048125
-0.070550
-0.046067
-0.068796
0.047671
0.054028
-0.089165
-0.086365
-0.113652
0.071171
0.067371
-0.026552
-0.110973
0.130361
0.206289
-0.113261
-0.071589
0.057393
-0.093262
-0.033851
-0.050173
-0.070486
-0.015647
0.001095
-0.147558
-0.005983
-0.006985
-0.151581
-0.113262
0.012810
0.016385
-0.046185
-0.004990
-0.212450
0.071368
0.138822
-0.224787
-0.109688
0.145282
-0.110000
-0.068500
0.000524
-0.039145
0.033578
0.212606
0.067544
0.049574
0.182508
0.166341
0.210509
0.103071
0.124378
0.030156
0.033014
0.036931
-0.009744
0.013285
0.012917
0.045313
-0.034148
-0.105603
-0.123751
0.000494
-0.274029
-0.173223
-0.012885
-0.147444
-0.035552
0.104910
-0.187544
-0.113682
0.101308
-0.231455
-0.184412
0.027656
0.019159
0.157972
0.103829
0.017028
0.013999
-0.101494
-0.080262
0.059804
-0.000063
-0.069402
-0.070794
0.016806
-0.096814
0.071334
-0.000627
-0.089187
-0.000893
0.022725
-0.118102
-0.175794
-0.022987
-0.029546
0.092202
0.015032
-0.066615
0.093190
0.046316
-0.022719
-0.098162
-0.106661
-0.025172
0.011376
-0.005947
-0.074119
0.095532
0.054889
0.013630
0.001670
-0.108376
-0.001794
0.073783
0.105866
-0.103550
-0.052441
0.097004
0.038111
-0.111236
0.021823
-0.124586
-0.109247
-0.151645
-0.038400
-0.002928
-0.067757
0.122971
0.058135
-0.068336
-0.096371
-0.154276
-0.252660
-0.323307
-0.023917
-0.085354
-0.229976
0.026771
0.030419
0.000630
0.099900
0.118418
0.063899
0.076663
0.028608
-0.049619
0.053678
-0.029509
-0.157021
-0.226882
-0.192584
0.050158
0.029262
-0.058858
0.030026
0.070301
-0.019352
-0.205029
-0.050928
-0.003281
-0.193012
-0.071545
-0.015510
0.146122
0.164439
0.088183
-0.077143
-0.030426
-0.033254
-0.336989
-0.184537
-0.072065
-0.170373
-0.173636
0.049046
0.089504
0.129845
0.039213
0.113508
0.144591
0.098727
-0.061747
-0.096538
-0.019361
-0.142965
-0.147710
0.099378
-0.251177
-0.136162
0.128840
-0.128733
-0.156915
-0.046466
-0.075228
0.046637
-0.004527
0.008442
-0.034142
0.029471
0.082387
-0.021882
-0.001941
0.016289
0.008849
0.103508
0.014645
0.126465
0.153324
-0.198842
-0.053043
0.116514
-0.150631
-0.142413
0.005208
-0.182842
-0.153166
0.130519
0.026693
-0.065782
-0.004401
-0.234157
-0.125181
0.058926
-0.185516
-0.160170
-0.066067
-0.113348
-0.013767
-0.078675
0.069850
0.071420
0.087306
0.156897
0.096630
0.029387
0.235064
0.213677
0.044502
-0.087319
-0.185316
-0.110596
-0.153985
-0.079043
-0.087672
-0.021237
-0.061983
-0.110687
0.011342
-0.083320
-0.039775
-0.087401
-0.137973
-0.034576
-0.025838
-0.053260
0.030145
-0.208095
-0.241169
-0.122713
-0.529324
-0.278698
-0.125842
-0.166873
-0.049443
0.030412
0.075172
-0.022107
-0.063542
-0.023081
0.033704
0.046547
0.075970
0.086440
-0.043082
-0.031650
-0.076123
-0.086011
-0.373706
-0.185672
-0.090454
-0.089018
-0.093667
-0.102928
-0.093631
-0.142399
-0.050927
-0.176202
-0.195985
0.022079
-0.106478
-0.051090
-0.056086
-0.219723
-0.056540
0.000314
-0.188323
-0.167941
0.033670
0.036063
0.090674
0.061536
-0.137666
-0.133866
-0.230822
-0.112455
-0.183014
-0.184882
-0.210152
-0.229788
-0.269026
-0.053896
0.079627
0.186574
0.100859
0.030211
0.068230
0.101392
0.137328
0.111179
-0.135839
-0.040882
-0.062830
-0.082031
-0.038431
-0.046836
-0.039269
0.126265
0.003968
0.039947
-0.148332
-0.264939
-0.019146
-0.165068
-0.248976
0.010332
-0.114913
-0.343929
-0.264611
-0.119570
0.140456
-0.215635
-0.102032
0.029905
-0.164835
-0.077278
0.043156
0.057555
-0.055172
-0.269450
0.120544
-0.135321
-0.291902
0.231118
-0.079534
-0.264530
-0.048890
0.087233
0.121698
-0.049284
0.069058
0.030166
-0.129540
-0.128063
0.097797
0.080649
-0.040589
0.021756
0.110483
-0.100830
-0.074136
-0.052269
-0.248684
-0.150410
0.128431
0.099320
0.017333
0.146426
0.067594
0.008113
0.035114
-0.077281
-0.144728
-0.213293
-0.107563
-0.023946
-0.183993
-0.178133
-0.197706
-0.087118
0.153564
-0.051335
-0.089147
0.037947
0.137105
0.021772
-0.020105
0.115426
-0.070819
-0.037544
0.269734
0.192804
0.111199
-0.057407
0.225367
0.059987
-0.303319
0.130073
0.109696
-0.302670
-0.069221
-0.179799
-0.096791
-0.012769
0.156894
0.058272
0.148128
0.060906
0.146621
0.054865
0.090172
-0.163051
0.132993
0.013493
-0.118386
0.146730
-0.111478
-0.087797
0.022787
0.005797
-0.150212
0.021517
-0.031467
-0.053494
-0.004937
0.015371
-0.013449
-0.037943
0.002132
-0.087941
0.005783
0.178816
-0.079059
-0.075696
-0.008564
0.014649
0.082892
0.161863
0.086916
0.179131
0.133037
0.050184
0.065257
0.001639
-0.058385
0.072981
-0.046499
-0.010323
-0.100732
-0.090842
-0.019214
-0.211980
0.063179
0.033672
0.183722
0.143641
0.053163
0.151902
0.014014
0.009706
-0.028735
-0.116988
-0.192406
-0.048421
-0.137705
-0.192427
-0.129350
-0.207478
-0.168312
-0.083219
0.070668
0.103044
0.100881
0.105020
0.048683
0.038742
-0.023886
0.025771
-0.023945
0.056969
0.142516
0.062207
0.046773
-0.028036
-0.073307
-0.094501
-0.054481
-0.137489
-0.012248
-0.169210
-0.064083
-0.101860
-0.182429
-0.067203
0.049478
-0.049126
0.043618
-0.020027
-0.055998
0.059718
-0.182460
-0.171919
0.017795
-0.152912
-0.200310
0.037108
-0.074709
-0.313083
-0.066781
-0.088605
-0.130277
0.098661
-0.057899
-0.122979
0.072187
0.043869
0.035334
0.032699
0.040040
-0.128727
0.073711
0.048921
-0.115267
0.042202
-0.033106
-0.221976
-0.137738
-0.092560
-0.102450
-0.084793
-0.054483
0.104922
-0.084163
-0.000690
0.035427
0.048457
0.242241
0.112323
0.224281
0.168532
-0.035415
0.198481
-0.024215
-0.179441
-0.036987
-0.014247
-0.045300
-0.157848
0.074318
0.064696
-0.171246
0.034191
0.049318
0.049920
-0.057975
-0.128335
0.092977
-0.122602
-0.211504
0.184284
-0.067438
-0.224605
-0.004387
0.019246
-0.050775
0.013286
-0.066920
-0.137581
0.018608
0.097587
-0.183058
-0.100035
-0.012494
0.023307
-0.090714
0.012960
0.053464
-0.099018
-0.056957
0.080912
-0.147806
-0.082769
-0.133474
-0.102477
-0.143901
-0.048907
-0.151960
-0.148402
-0.045974
-0.061950
-0.004192
-0.029459
0.038168
0.088234
0.145787
0.014657
0.096658
0.129636
0.095114
-0.065487
0.072373
0.046817
0.028353
0.056522
0.073090
-0.009363
0.027930
0.096166
0.095487
0.010315
0.154535
-0.002963
-0.294110
-0.068069
-0.111033
-0.060384
0.144783
-0.015465
-0.296930
-0.029793
0.111172
0.018999
-0.018718
0.128971
-0.048030
0.092532
0.164585
0.037582
0.035966
0.008551
-0.193746
-0.109298
-0.191621
-0.108318
0.092729
-0.150653
-0.034774
-0.032452
0.038190
0.033891
0.009753
0.057406
-0.051116
0.155165
0.096671
0.050573
-0.039494
0.093578
-0.101494
0.034193
0.064316
0.031537
0.092207
0.064347
-0.008354
0.097618
-0.020577
-0.269576
0.106701
-0.005814
-0.017145
0.064378
0.064536
-0.182803
-0.001188
0.144625
-0.118546
0.026652
0.020797
-0.176429
0.189890
-0.034532
-0.104370
0.012379
0.048932
-0.002458
0.111649
0.022270
-0.068211
0.003560
0.006358
0.017339
-0.036103
0.016544
-0.106037
0.081834
-0.039084
-0.046512
0.084608
0.129046
0.049383
-0.107048
-0.074474
0.126168
-0.237596
-0.094798
-0.056931
-0.084424
0.009810
-0.331492
-0.019407
-0.035473
-0.109821
0.002544
0.007208
0.021541
0.063187
0.095675
0.090214
0.026536
-0.053278
-0.141126
0.031654
-0.105819
-0.000919
-0.102630
-0.062154
-0.311739
-0.039533
-0.079636
-0.080114
0.155807
0.124022
0.133527
0.075636
0.053509
-0.035567
-0.080958
0.225350
-0.014101
-0.004605
-0.030619
-0.110792
-0.028247
-0.089137
-0.365471
-0.041411
-0.107904
-0.149733
0.075003
-0.046226
0.037596
0.149510
0.058561
-0.217819
0.020551
0.040242
-0.146532
0.123462
0.032179
0.083690
0.016964
-0.072025
0.038689
-0.210606
-0.248328
0.075451
-0.210840
-0.255223
-0.092746
0.013125
-0.016560
0.021708
-0.180744
-0.070224
-0.202637
0.089185
-0.108282
0.006296
0.040568
-0.023140
-0.120810
-0.055924
-0.106989
-0.041133
0.111735
0.066349
0.140447
0.107173
0.052901
0.198379
0.056035
-0.007725
-0.038218
-0.044588
-0.062488
0.044983
0.213589
0.104522
-0.192598
0.027924
-0.034680
-0.329457
-0.016794
-0.110443
-0.146383
0.047002
-0.067398
0.160795
0.156466
0.024832
0.160040
0.034557
0.002312
0.023554
-0.000111
0.073988
-0.200638
-0.117381
-0.061602
-0.057679
-0.164680
-0.071334
-0.119732
-0.072619
-0.143569
-0.231054
-0.201999
-0.017689
-0.084336
-0.255257
-0.250124
-0.221094
0.011396
-0.016481
0.241470
-0.104205
0.100673
0.231240
-0.143747
-0.058858
-0.141501
-0.211565
-0.192260
-0.485520
-0.034502
-0.049562
0.010107
0.044320
0.003026
0.093298
-0.029913
-0.055202
-0.015646
0.088439
0.000575
-0.151577
-0.184461
-0.321679
-0.585004
0.148039
0.027354
-0.048087
-0.078432
0.101109
-0.027443
-0.071680
-0.037396
-0.034819
0.063489
-0.173729
-0.212058
-0.027034
0.064025
-0.133174
0.057808
-0.004255
-0.386456
-0.173322
-0.014218
0.023875
-0.106418
-0.138658
0.014726
-0.042525
-0.073013
-0.046122
-0.059786
-0.058511
-0.124747
-0.040113
-0.035729
-0.204790
-0.067189
-0.027457
-0.089318
0.016416
-0.289226
-0.268479
-0.039518
-0.028505
-0.191185
-0.008619
0.011942
0.031266
-0.161850
-0.127449
0.078180
-0.191377
-0.278677
-0.214313
-0.079859
-0.079483
-0.035745
0.101477
0.157124
0.146817
0.127756
0.149292
0.113642
0.038118
0.075389
-0.024294
-0.048908
-0.189050
-0.157471
-0.057626
-0.111711
0.036902
0.067101
0.109539
0.113949
-0.138478
-0.201479
-0.052656
-0.170836
-0.111019
-0.263634
-0.047365
-0.035423
0.022509
-0.102911
-0.116066
0.016732
-0.073038
0.010904
-0.007439
0.020329
0.053845
0.074744
0.002921
-0.144262
-0.138328
0.096167
-0.075143
0.003644
0.122605
0.065516
0.047570
-0.099554
0.000938
0.015806
0.000928
0.187952
0.095202
-0.031312
0.002886
0.078569
-0.156684
-0.067638
0.116548
-0.039395
0.095242
-0.006130
0.031635
-0.043588
0.006726
-0.015228
-0.162217
-0.188164
-0.054072
-0.110734
-0.084349
-0.023009
-0.075337
-0.122292
0.075984
0.077712
0.066482
-0.077362
0.106530
0.086887
-0.201733
-0.109794
-0.018000
-0.055148
-0.096450
-0.057042
-0.015356
-0.072144
0.052875
0.059929
0.078484
0.106735
0.163903
0.077556
0.051644
0.019951
0.050736
-0.032537
0.056557
0.032980
-0.018184
0.076590
0.059136
0.089338
0.005103
0.001826
0.066656
0.010376
0.027863
0.086308
-0.043956
-0.159518
-0.081339
-0.157313
-0.146943
-0.260023
0.049542
-0.040952
-0.079242
-0.081151
-0.169920
-0.207410
0.031362
-0.016941
-0.129213
0.098263
0.047957
0.069595
-0.122677
0.004543
0.040800
0.006661
0.033903
-0.026080
0.012360
-0.014725
0.063419
-0.003886
-0.095637
-0.065170
-0.005914
-0.054990
-0.215185
-0.224863
-0.007809
-0.024360
0.093077
-0.161343
-0.077085
0.094562
0.022727
-0.103358
0.109388
0.044102
-0.059652
-0.028127
-0.028576
-0.043031
0.045980
-0.000164
0.109351
0.183634
0.114916
0.137383
0.073134
-0.103843
0.100609
-0.058238
-0.224569
-0.169770
0.102190
0.035853
-0.145529
0.027252
-0.139473
-0.261953
-0.001547
-0.109269
-0.282462
0.150515
0.108262
0.024542
0.002419
0.097230
0.179058
-0.041543
0.095805
0.123038
-0.146894
-0.085665
-0.096255
0.074918
-0.048062
-0.126678
0.080283
0.019864
0.054404
0.003341
0.140232
0.186195
0.085762
0.112632
0.088272
-0.012415
0.005792
-0.018228
-0.141857
-0.019275
-0.036100
0.028104
-0.341753
-0.372190
-0.172415
-0.511445
-0.363373
-0.182650
-0.207731
-0.250432
0.057638
0.155759
0.143704
0.061634
0.031450
0.047447
-0.038844
0.091674
0.136300
0.020085
-0.092387
0.017239
0.049213
0.019333
0.040312
0.036136
0.035649
0.089915
-0.151006
-0.274719
-0.217008
-0.095413
-0.086463
-0.062639
0.040523
0.088837
0.139474
-0.131458
-0.134228
-0.087399
-0.042624
-0.036244
-0.255815
0.065007
0.109778
0.105250
-0.178409
-0.146605
-0.127987
-0.107237
-0.173087
-0.155978
-0.186568
-0.232529
-0.227837
0.191963
0.084532
0.166374
0.041196
0.081650
-0.046595
-0.035026
-0.030484
0.044010
0.178761
0.023947
0.104348
0.058922
0.146431
-0.119172
-0.178742
0.158678
0.056067
-0.077949
0.143282
0.038101
-0.107509
-0.141759
0.173247
0.144109
-0.139019
0.034733
-0.332273
-0.051593
-0.108733
-0.109031
0.042265
-0.008255
0.121804
0.019626
-0.009555
-0.059224
-0.046449
-0.181001
0.039584
-0.116823
-0.021961
0.104099
-0.232337
-0.115792
0.016374
0.025182
-0.056181
0.010983
0.061847
0.055909
0.020415
-0.042372
0.067677
0.055070
0.159246
0.203051
0.167581
-0.041956
0.104408
0.248426
0.237556
0.054628
0.083342
-0.177475
-0.058851
0.104145
-0.112069
-0.201044
0.103856
0.169894
0.112413
-0.151917
-0.062916
-0.130211
0.024733
0.105761
0.000471
0.271481
-0.015534
-0.077530
-0.010648
0.060670
-0.038116
0.111753
-0.005477
0.088942
0.155118
0.090627
0.001772
0.049148
-0.036586
-0.052905
0.076400
-0.034583
-0.141866
-0.013725
0.074648
-0.033530
0.066455
0.013271
-0.031661
0.016565
-0.111587
-0.086773
-0.060030
-0.276253
0.007920
0.055010
-0.221873
-0.155696
0.166752
-0.177662
-0.102476
-0.017667
-0.053782
-0.095758
0.016593
-0.179221
-0.085533
-0.093275
-0.135483
-0.050911
-0.099872
-0.076991
-0.073714
0.007128
-0.137686
0.001071
0.137538
0.114421
-0.222423
-0.027025
0.175546
-0.050214
0.087158
0.019350
0.018435
-0.111413
-0.225330
-0.084037
0.034831
-0.069091
-0.106178
0.139831
0.059808
-0.130167
-0.012595
0.186013
-0.098604
-0.097168
0.085536
0.158182
-0.142898
-0.048440
-0.109500
0.071072
-0.052295
-0.056601
0.180385
0.229847
0.012206
-0.146868
0.037704
-0.061828
-0.250449
0.118939
0.153478
-0.322451
-0.001627
-0.006891
0.028887
0.051739
-0.060641
-0.142569
0.045484
0.068017
-0.151453
0.173798
0.073257
0.007715
-0.145268
-0.072050
0.070456
0.001824
-0.033968
0.013326
0.050663
0.116132
0.111043
0.179186
0.126884
-0.134845
0.072527
0.195107
-0.138840
-0.234289
0.026549
-0.051883
0.016550
0.016473
-0.008568
0.177262
0.055222
0.188314
-0.097662
-0.006911
-0.228942
-0.100032
-0.033567
-0.035006
0.069369
0.016596
-0.236813
0.069158
0.097359
0.032846
-0.106560
-0.028671
0.120076
-0.037386
-0.100026
0.062829
-0.082671
-0.263428
-0.158369
-0.146319
-0.107732
-0.193962
-0.241703
-0.295371
-0.198184
-0.260861
-0.258490
-0.079742
-0.209422
-0.118755
0.057385
-0.113493
-0.182922
-0.063698
0.102952
0.118447
0.038613
-0.028528
-0.106375
-0.017248
-0.028562
-0.351094
-0.157183
0.033491
-0.096557
-0.052426
-0.000006
-0.086641
0.112335
-0.159433
-0.286437
0.001625
-0.061655
-0.358322
-0.138996
-0.087160
-0.007935
0.095359
-0.046221
0.003282
0.140082
-0.064241
-0.167509
-0.113656
0.062585
-0.135258
-0.115599
-0.018972
0.061898
0.019294
-0.021823
0.000794
-0.119774
-0.143651
-0.091667
-0.121623
-0.197056
-0.144535
-0.144631
-0.141336
-0.204656
0.001478
-0.064634
0.041253
-0.158720
-0.138833
-0.164687
-0.001295
-0.072405
-0.056725
0.102188
0.156823
0.133512
-0.309810
-0.086098
0.046908
0.099734
0.108553
-0.052509
0.054551
0.148745
0.248508
-0.094461
0.006864
0.010515
-0.543615
-0.226790
-0.036326
-0.108482
-0.168251
-0.248339
0.014515
0.070225
-0.095823
-0.027891
0.050168
0.022961
-0.043865
0.047308
-0.032743
-0.314141
-0.159924
0.012275
-0.005431
-0.087125
0.194873
0.068708
-0.018232
0.052631
0.129101
0.014080
-0.004123
-0.059548
0.115580
0.071438
0.196925
0.291427
0.257234
-0.004615
0.163019
0.168696
-0.056667
0.074592
0.186339
-0.025740
0.124410
0.174654
-0.307967
-0.145027
-0.036105
-0.091688
-0.121278
-0.007931
-0.124174
-0.118362
-0.265295
-0.023292
-0.022421
-0.273566
0.071465
0.076322
0.106776
0.090950
-0.055965
-0.029840
0.094402
0.147444
0.053258
0.001759
-0.001659
0.022480
0.108274
0.118065
0.022042
-0.176201
-0.147507
-0.068120
-0.142922
-0.069369
-0.149607
-0.099233
-0.154933
-0.249754
0.048312
0.010178
-0.007251
0.083631
0.018633
0.068292
0.051716
-0.109772
-0.111714
-0.132499
-0.053581
0.020595
-0.056711
-0.160421
0.000170
0.014507
-0.060095
0.058951
0.041261
-0.040864
0.058247
-0.093088
-0.113990
0.046822
0.075457
-0.016009
-0.091389
-0.068471
-0.141831
-0.014896
0.176744
0.041905
0.101615
0.018975
-0.026176
0.061604
0.094260
0.023817
-0.018296
-0.393279
-0.147423
-0.060513
0.124869
0.088425
0.098424
-0.034103
-0.168641
0.027434
0.171272
0.037342
-0.142964
0.094380
0.069455
-0.005683
-0.179408
-0.029456
0.018192
-0.011911
0.098329
0.077819
-0.208116
0.066502
0.111523
-0.241997
0.016306
0.103757
-0.053503
0.018814
-0.031734
0.037718
0.023038
-0.021369
-0.117089
-0.029079
-0.039062
-0.143714
-0.244818
-0.139025
0.146322
0.033542
0.079233
-0.128597
-0.272526
-0.056203
-0.050675
-0.163776
-0.175392
0.049360
0.199609
0.139559
-0.034828
0.040546
-0.079086
-0.317119
-0.104313
-0.003933
-0.013568
-0.014676
0.074974
-0.205993
-0.033872
0.021509
-0.356774
-0.174996
0.157591
-0.354078
-0.104385
-0.028499
-0.082073
-0.040139
-0.036746
0.050176
0.178041
0.212431
-0.002615
-0.098406
-0.155501
-0.170094
-0.173901
0.109063
0.137510
-0.089469
0.148339
-0.038407
0.008399
0.046969
0.075052
0.040734
0.273447
-0.142272
-0.164126
-0.199183
-0.002358
-0.090607
-0.074132
-0.006793
-0.024951
0.010763
-0.301032
-0.214964
-0.113163
-0.003520
0.007309
0.018561
0.007425
-0.012683
-0.050187
0.191817
0.084156
0.015029
-0.129144
-0.087606
-0.143706
-0.210950
-0.075805
0.002330
-0.093845
-0.176557
0.126510
0.099256
0.076174
0.178278
-0.023523
0.102816
0.033608
-0.041215
-0.029146
0.217803
-0.016149
-0.049735
-0.034320
0.022040
-0.060502
-0.026747
-0.084260
0.125948
0.036971
-0.062490
0.039740
0.089128
-0.137209
-0.121279
-0.096036
-0.038342
-0.033040
-0.014996
0.010775
-0.097383
0.025352
0.021751
-0.053468
-0.038338
-0.190335
-0.227163
0.037477
-0.093183
0.079907
0.009176
-0.130731
-0.302992
-0.264176
0.096604
0.031824
-0.065121
0.202589
0.061239
-0.241339
0.030932
-0.009393
-0.094835
0.010853
-0.059309
-0.184130
-0.098809
-0.068583
0.016897
0.067806
0.064059
0.162447
0.011826
0.096290
0.072666
0.092277
0.030051
0.032387
-0.052899
-0.166371
-0.004909
-0.094715
-0.229013
-0.164929
-0.142421
-0.009010
-0.029725
-0.102452
0.017838
0.069693
-0.055528
0.047008
-0.021691
0.217992
0.173990
0.046170
0.139864
0.057419
0.064148
0.127410
0.085063
0.000873
0.252491
0.132572
0.070788
0.187102
0.008933
-0.053794
0.107282
0.034372
0.023905
0.109611
0.070795
0.235805
-0.013797
0.122560
0.125671
0.083531
0.202721
0.104624
0.022192
0.072980
0.135303
-0.053913
-0.003005
-0.067060
0.055928
0.023563
0.078825
0.084585
0.018027
0.150436
-0.077863
-0.076633
-0.097116
-0.116592
-0.227891
-0.254914
0.076457
0.010265
0.096933
-0.181044
-0.184360
-0.071138
-0.041715
0.010533
0.009579
0.065222
-0.035924
0.149041
-0.191714
-0.178993
-0.168802
-0.238463
-0.229442
-0.005979
0.094004
0.146390
0.092414
0.060669
-0.001753
0.070297
0.056688
0.023372
0.028112
0.050380
0.141794
0.193385
-0.272579
-0.387837
-0.459505
0.001587
0.058175
0.098627
0.140506
0.065070
-0.047655
-0.089125
0.006535
-0.012528
-0.008509
-0.003061
0.005732
-0.160648
-0.034288
0.182993
-0.266527
-0.287333
-0.090664
-0.166951
0.115798
-0.032963
0.116594
0.018634
-0.021145
-0.036528
0.096730
-0.128083
-0.112244
-0.092752
-0.292916
-0.210466
-0.002062
0.022308
-0.229965
-0.065789
0.089073
-0.134744
-0.019940
-0.097984
0.074394
-0.057771
0.045775
0.047066
-0.121608
-0.114516
-0.046315
-0.071600
-0.268878
0.059690
-0.007127
-0.045734
-0.042188
-0.051505
-0.094119
0.057485
0.132861
-0.038512
0.258146
0.035085
0.047235
0.180367
0.044509
-0.033284
-0.093797
-0.176346
-0.168335
0.060886
0.020413
0.041449
-0.057973
-0.034313
0.077526
0.047770
-0.018714
-0.079371
0.062838
-0.031302
0.135975
-0.003954
-0.099258
0.001673
0.132902
0.056018
0.026293
0.129799
0.026190
0.030965
-0.123942
-0.279584
-0.307032
-0.195945
-0.325173
-0.142338
-0.034149
-0.059210
-0.188660
0.075033
0.042102
0.040903
-0.104358
-0.081092
0.048631
0.042076
-0.099183
-0.065302
-0.006935
-0.026801
0.135787
-0.000765
-0.041510
0.167054
-0.065879
0.085662
0.108113
-0.414298
-0.471253
-0.370203
-0.156771
-0.041367
0.004728
0.154860
-0.067928
-0.064172
0.050707
-0.074041
-0.045566
0.016115
-0.124247
0.029427
0.005822
0.110140
0.147493
-0.102759
0.041510
-0.016866
0.106426
0.055303
-0.162664
-0.114009
-0.007524
0.033952
-0.060348
0.139280
0.113399
-0.026785
0.082889
0.027900
-0.020024
-0.039676
0.042144
-0.000404
-0.004998
0.088793
-0.041211
-0.063197
0.067183
0.092691
-0.018114
-0.161539
-0.179041
-0.135930
-0.203462
0.057140
0.073156
-0.068286
0.045705
0.162714
0.126128
-0.222110
0.028123
0.102971
-0.268006
-0.134618
-0.032721
0.050403
-0.262944
-0.247064
-0.010208
0.025119
-0.277671
-0.062875
-0.112488
-0.385458
-0.155420
-0.033466
0.172966
-0.006288
-0.009809
-0.059656
-0.009903
0.068635
0.020677
0.102719
-0.060130
-0.183260
0.050232
0.069029
-0.088059
0.045474
-0.106782
-0.202183
-0.052989
-0.053274
0.001922
-0.152706
-0.040482
-0.365162
-0.033026
-0.010693
-0.193833
0.162357
0.181846
-0.148772
0.205607
0.159471
-0.040631
0.194329
0.126102
-0.051806
0.136725
0.069886
-0.053426
0.143996
0.140744
0.134730
0.155840
0.177691
0.108259
-0.049618
-0.107254
0.075497
-0.013313
-0.079358
-0.066058
0.046969
0.000444
-0.050767
0.058753
-0.043391
-0.103257
-0.194334
-0.001681
-0.054747
-0.185717
0.001577
0.050661
0.019784
-0.055589
-0.040048
-0.106564
-0.126036
-0.099717
-0.285528
-0.154552
-0.066206
-0.048807
0.037663
0.107755
-0.120652
-0.079267
0.103472
-0.005177
-0.212470
0.045995
0.106857
0.030286
-0.129245
0.034872
-0.066500
-0.274062
0.021292
-0.093045
-0.115581
-0.006623
-0.119256
-0.102828
0.094747
0.141898
-0.020942
0.092054
0.149138
0.003825
0.093399
0.221903
0.190359
-0.047190
-0.040023
0.095579
-0.121817
-0.107621
0.141057
0.109250
-0.210002
-0.315870
0.013717
-0.003243
-0.271702
0.029845
0.046411
-0.111727
0.017026
0.135755
0.024395
-0.163602
0.039802
-0.021386
-0.109088
0.057742
-0.076593
0.191837
0.100185
-0.175963
0.101030
0.034686
-0.303028
0.141852
0.042059
-0.104608
-0.123855
-0.113803
-0.010197
0.014084
0.033036
-0.058723
0.048460
0.081686
-0.009237
0.147476
-0.073263
-0.031408
0.011659
-0.099426
-0.058154
0.041653
0.007448
0.035951
0.107906
0.025556
-0.156677
0.097489
0.112080
-0.286382
0.135199
0.195462
-0.141154
0.128353
-0.118198
0.032566
-0.010508
-0.069371
-0.059727
-0.033449
-0.202712
-0.101835
-0.016087
-0.090481
-0.080419
0.001455
-0.031464
-0.040045
0.081004
-0.141452
-0.194752
-0.187700
0.106667
0.165428
-0.227860
0.029486
0.201499
-0.274002
-0.037725
0.186301
-0.004565
-0.000732
-0.116998
-0.018215
0.059548
-0.184960
0.072635
-0.019857
-0.058658
-0.018537
-0.028398
-0.171885
-0.012874
-0.092246
-0.131464
0.017305
-0.033579
-0.088989
0.125096
-0.087818
-0.079242
-0.186650
0.024572
0.060897
-0.316915
-0.013147
0.157753
0.071349
0.181006
0.160295
-0.113779
-0.084785
0.041732
-0.053955
0.019410
0.113775
-0.055231
-0.210452
-0.092769
0.000327
-0.060516
0.006742
0.103535
0.025948
-0.086881
0.119139
-0.001469
-0.081029
-0.027577
0.074869
-0.133838
0.072733
0.055370
-0.134330
0.032143
-0.073529
0.226366
-0.115700
-0.152969
-0.304396
0.012371
-0.111864
-0.244393
-0.034314
0.043905
-0.073668
-0.015801
0.042295
-0.018789
0.016264
0.021157
0.027113
0.001587
-0.003105
-0.097298
0.020582
0.019924
-0.005663
0.078744
0.091394
-0.122957
-0.134929
-0.033635
0.028445
-0.060798
-0.033687
0.029336
-0.120294
-0.042910
-0.304230
0.100527
0.120049
0.019583
-0.062635
0.080108
0.132391
0.070650
0.086091
0.024573
0.082485
0.040499
0.144288
0.052171
-0.064732
0.092754
0.045512
-0.001310
0.136613
0.068739
0.008444
-0.008048
-0.225857
0.032721
-0.041902
-0.136874
-0.212209
-0.138415
0.012082
0.118240
0.033989
-0.103895
-0.064622
0.013053
0.147015
0.112384
0.107114
0.073118
0.073756
0.137256
0.091294
0.149821
0.310021
0.094125
0.200369
0.164468
0.025599
0.065593
0.157933
0.050080
0.001182
0.124274
-0.108128
-0.096121
0.019946
0.279252
0.111534
0.164390
-0.012615
-0.061925
-0.045425
-0.220340
-0.102898
-0.096787
0.156655
0.143151
0.199423
0.066252
0.078562
0.071207
0.029632
-0.024312
0.108847
0.131707
0.083637
0.004374
0.109337
0.013033
0.005692
0.018954
-0.079734
-0.175493
-0.116437
-0.008548
0.030848
-0.289009
-0.215775
-0.121766
-0.108416
-0.066509
-0.038482
0.146176
-0.087477
-0.024055
-0.136824
0.024721
-0.033322
-0.304827
-0.310572
-0.246791
-0.029423
-0.053242
-0.110833
-0.144590
-0.129416
-0.119788
-0.057261
-0.127043
-0.130682
0.037558
0.009026
0.039255
-0.000282
0.008318
-0.105344
-0.315987
-0.307521
-0.227805
0.095217
0.103353
0.001931
-0.030926
0.047374
0.099160
0.120222
0.111232
0.098394
0.165056
-0.058850
0.088146
0.124346
0.008960
0.055345
-0.121926
-0.051581
-0.182655
0.097889
0.163639
0.244412
0.120724
0.215601
0.249257
-0.038334
0.008143
0.135687
-0.026684
-0.012583
-0.252795
0.023799
-0.195306
-0.183474
-0.252323
-0.287767
-0.484480
0.007965
-0.028004
-0.023319
0.027320
0.106588
0.085417
0.065941
0.170762
0.023811
0.082122
0.019341
0.015617
0.138600
0.054732
0.111345
-0.050081
-0.116929
-0.106586
0.157131
0.139477
-0.089925
0.017386
0.121001
-0.028973
0.036734
0.126479
-0.013173
-0.057595
0.040671
0.045502
0.007040
-0.008886
0.009033
0.008143
-0.107831
-0.068010
-0.072068
-0.044974
-0.186363
-0.189796
-0.270255
-0.270878
-0.346157
-0.212843
-0.276304
0.153748
-0.056188
0.076085
-0.095208
-0.052830
-0.101217
-0.220852
-0.308137
-0.210159
-0.113017
-0.163263
-0.130587
-0.096247
-0.207187
-0.127748
-0.334882
-0.288119
-0.112369
-0.116476
-0.059068
0.052573
0.007622
-0.024937
-0.148407
-0.017287
-0.050839
-0.172637
-0.008104
-0.089104
-0.005399
-0.052789
-0.019459
0.019958
-0.379813
-0.284012
-0.339991
0.239193
-0.008566
0.009820
-0.092946
-0.040137
-0.087940
-0.245388
-0.103546
-0.200530
0.034164
-0.025447
-0.109353
-0.104713
-0.037747
-0.008594
0.001313
-0.099148
-0.079823
-0.009646
-0.010115
-0.009878
-0.111491
-0.029551
0.032237
0.029633
0.049523
0.084496
-0.179684
-0.221495
-0.201037
-0.151423
-0.093896
-0.156981
-0.236079
-0.144628
-0.094976
0.034936
0.188969
0.076273
-0.096229
-0.011729
0.057084
0.105476
-0.029672
0.045640
-0.003734
0.124994
0.034618
-0.137278
-0.109725
0.027918
-0.006728
-0.114681
-0.166721
-0.111810
-0.124433
-0.086391
0.049312
0.075138
0.039798
0.154944
0.093935
-0.099662
-0.108210
-0.317395
-0.257516
0.085965
-0.059383
-0.072456
0.041974
0.123746
0.133266
0.194254
0.183378
0.025199
0.044044
-0.006801
-0.177606
-0.171632
-0.149488
-0.306145
-0.234205
-0.387048
-0.124944
-0.059523
0.021836
-0.039956
-0.014720
0.071226
-0.026455
-0.079138
0.083221
0.140074
0.064416
0.152057
0.238825
-0.027621
0.163534
0.066367
-0.119040
-0.019420
0.051671
0.019862
0.083729
0.086399
-0.044532
-0.010316
0.064942
-0.251171
-0.152819
-0.093261
0.027683
0.012469
-0.087390
-0.062948
0.008154
0.029012
-0.324804
-0.382726
-0.246668
-0.028335
0.029971
-0.051435
-0.013442
0.085392
-0.012435
-0.097739
-0.044842
-0.051959
0.086490
0.053933
0.119151
-0.062216
-0.026888
0.051040
0.131633
0.119824
-0.002150
-0.136288
-0.152419
0.036587
0.047305
0.027053
0.027489
0.213261
0.090302
-0.041271
-0.017882
-0.008902
-0.122769
-0.149344
-0.064968
-0.168798
-0.185472
-0.180696
-0.082174
-0.054961
0.045487
0.018133
-0.052663
-0.008549
-0.052467
0.217361
0.305323
0.143590
-0.151913
-0.140323
-0.258037
-0.107540
-0.006762
-0.119656
-0.381947
-0.254928
-0.168229
-0.009504
0.013525
0.006960
0.082694
0.071665
0.132321
0.034637
0.051518
0.066067
-0.086562
-0.068927
-0.062059
-0.195919
-0.260715
-0.266208
-0.072816
-0.075123
0.011493
0.133296
0.071144
-0.011041
-0.114949
-0.106909
0.015946
-0.206396
-0.044482
-0.089075
-0.061936
0.082968
0.179942
-0.021640
-0.041549
-0.022068
-0.313588
-0.185921
-0.102451
-0.030316
0.040249
-0.009480
0.053867
0.039307
0.024204
-0.044987
0.072740
-0.078308
-0.014241
0.111953
-0.065307
-0.125805
-0.038439
-0.081649
-0.109459
-0.075068
-0.033642
0.108516
-0.015127
0.073932
0.210777
0.236406
0.072082
-0.044021
-0.001518
-0.157665
0.021147
-0.014372
-0.034785
-0.103622
-0.087296
-0.077254
0.055083
0.119808
0.065850
-0.113681
-0.037557
0.034922
-0.006360
-0.054305
-0.016738
0.273000
0.181461
0.036509
-0.062192
0.026760
-0.321021
-0.253765
-0.096237
-0.214396
-0.004765
-0.054218
-0.170044
-0.025939
-0.021998
-0.043474
0.134066
0.150474
0.022332
-0.001769
-0.175642
-0.149450
-0.110817
0.062315
0.052151
-0.023512
0.000850
0.123274
0.118296
0.161715
0.106634
-0.007619
-0.067003
-0.105686
-0.174364
-0.198704
-0.279376
0.033873
-0.094288
-0.160086
0.026713
0.088457
-0.118511
-0.080282
-0.066945
-0.088077
-0.062005
-0.027998
0.012104
0.010518
0.073674
0.076628
-0.094069
-0.126612
-0.042262
-0.342539
-0.241652
-0.103815
-0.033510
-0.048805
-0.131069
0.023500
0.027096
-0.021290
-0.026735
-0.006922
-0.037990
0.078771
0.072281
0.133221
0.079170
0.113576
0.095869
-0.333035
-0.165482
-0.082198
-0.053092
-0.030023
0.013524
0.084307
0.202469
0.083857
0.065243
-0.081070
-0.247073
0.032447
-0.121111
-0.050585
0.127884
0.029890
0.105045
0.137913
-0.020044
-0.064350
-0.051028
-0.187222
-0.227480
-0.086755
-0.215050
-0.064150
-0.147362
-0.041913
-0.045581
-0.057835
0.095574
0.014589
-0.068784
-0.005299
-0.193386
-0.075042
-0.104844
-0.035627
-0.001315
-0.022280
-0.089997
0.062935
0.057244
-0.087808
0.028429
0.077755
0.075745
0.005200
-0.041240
-0.027744
-0.196199
-0.094990
-0.248077
0.202607
0.166786
0.105162
-0.067606
0.036209
-0.018023
0.058271
0.130304
0.123314
0.230521
0.097922
0.009885
0.064445
-0.192365
-0.072633
0.140638
0.031470
0.173656
-0.037512
0.050906
-0.111385
0.098332
0.096231
-0.002154
-0.057145
0.025031
-0.185668
0.013506
-0.008139
0.029958
0.038587
0.092816
-0.032496
-0.110837
-0.161504
-0.101204
0.161961
0.003598
-0.135696
0.079759
-0.057980
-0.435353
0.101691
0.061000
0.050075
-0.047173
-0.009616
0.084368
0.172741
0.133220
0.013523
-0.176617
-0.104084
-0.127570
0.041873
-0.183371
-0.066031
0.122602
0.003457
-0.011553
0.065961
0.026060
-0.090587
0.167438
-0.050553
-0.053752
-0.050877
-0.078208
-0.134348
0.038687
-0.025391
0.040509
-0.333010
-0.303696
-0.033474
0.054305
0.093544
0.060132
0.013105
0.072192
0.045557
0.209912
0.006759
-0.039496
0.122561
-0.077092
-0.121731
0.048603
-0.101120
-0.196936
-0.072941
-0.232871
-0.120032
-0.051581
-0.034546
-0.043105
0.017856
-0.035446
0.094638
0.055781
-0.104952
-0.043551
-0.108695
-0.195551
-0.069966
0.131501
0.092915
0.169520
-0.162042
0.105739
0.220571
-0.114465
-0.007434
-0.106071
-0.238085
-0.133573
-0.077856
0.136576
0.018402
0.008180
0.026466
0.064321
-0.182234
-0.013310
0.022812
0.053771
0.076465
-0.116567
-0.141240
-0.105495
-0.116675
-0.044448
0.074193
0.069617
0.056832
0.021431
0.086108
-0.122418
-0.160865
-0.083909
0.025850
-0.165051
0.201946
0.000111
-0.037548
0.019965
-0.050796
0.003068
-0.079642
0.050545
0.051365
-0.035002
-0.184622
-0.218166
-0.017610
0.116296
0.061375
-0.026084
0.108627
0.009300
-0.081706
-0.075579
-0.091654
-0.115554
-0.263369
0.083498
0.153409
-0.082331
0.058035
0.068794
-0.095295
-0.124454
0.004084
0.057031
-0.111444
-0.083583
-0.053725
-0.404678
-0.247745
-0.245150
0.166872
0.087882
-0.002281
0.200999
0.073285
-0.176673
-0.007854
-0.207614
-0.831062
-0.207651
-0.297523
-0.114352
-0.063798
0.014997
0.079746
0.029292
0.112833
0.152493
0.158781
0.000743
0.057863
0.089035
-0.029836
-0.160636
-0.005550
-0.077491
-0.073647
-0.002705
0.024423
-0.005038
0.006232
0.027344
-0.141676
-0.038388
0.162990
-0.117351
-0.093393
-0.047058
0.000244
-0.030770
-0.129514
0.004802
-0.157214
-0.099613
-0.460913
-0.155053
-0.082850
-0.087137
-0.161438
-0.055019
-0.131194
-0.177332
-0.169684
-0.092635
0.075166
-0.141030
-0.171228
-0.004338
0.050035
0.060648
0.053757
-0.069386
0.010035
-0.165389
-0.099295
0.124935
0.066710
-0.084586
-0.037613
-0.078736
-0.178790
-0.291810
0.012008
0.169080
0.087382
-0.102858
0.029366
0.003194
-0.331020
-0.193654
0.094976
-0.125978
0.000376
-0.151458
-0.195123
0.088664
0.047589
0.080309
0.005471
-0.105389
0.170408
0.104807
-0.098261
-0.125806
-0.086282
-0.037352
-0.167278
-0.041183
-0.001253
-0.107646
0.076160
-0.020382
-0.189093
0.094165
0.073429
0.047149
0.184080
0.025932
0.044287
0.199925
0.202591
0.044761
0.015325
0.227145
0.161995
0.155921
0.165126
-0.277001
0.026276
0.190266
-0.246516
-0.221385
0.032604
-0.111265
-0.109876
0.159609
0.132556
-0.038574
-0.105559
0.023309
-0.043498
-0.064327
0.056241
-0.027304
-0.238610
-0.179266
-0.165287
0.071386
0.003723
0.091096
0.114202
0.106417
0.151738
0.058894
-0.456106
-0.012050
0.052755
-0.127322
-0.050249
0.060985
0.137607
0.168608
0.101699
0.179674
-0.018501
0.050248
0.143491
-0.031166
-0.169467
0.047590
-0.086141
-0.176733
0.117614
-0.049137
-0.043756
-0.067774
-0.051461
-0.041834
0.077529
0.095097
-0.156050
-0.169509
-0.034701
-0.077785
-0.114338
-0.145933
0.071717
-0.103314
-0.019003
0.161327
0.096069
0.101097
-0.043006
0.025417
-0.002451
-0.088064
0.078074
0.001334
-0.174913
-0.256955
0.045583
-0.042764
-0.077124
-0.053594
-0.075118
0.135044
0.061258
0.041828
-0.057193
-0.096048
0.061945
0.121913
-0.006822
-0.051297
0.004043
0.012867
-0.042917
-0.268029
-0.108118
0.187004
-0.125899
-0.013721
0.187656
-0.048289
0.095074
0.183942
-0.092761
-0.148442
0.137741
0.123263
-0.151221
0.150920
0.044451
0.046036
0.001749
-0.281622
-0.219267
0.134512
-0.098504
-0.219023
0.114225
0.098387
-0.000539
0.054177
-0.106479
-0.169811
-0.031597
-0.180927
-0.177114
0.032421
-0.123004
0.036654
0.230499
-0.056028
-0.100776
0.211293
0.043099
-0.033489
0.106812
0.207587
-0.016013
0.066303
-0.033730
0.143827
0.082292
-0.266710
0.036504
0.211292
-0.215263
-0.346146
-0.021040
-0.020304
-0.093309
0.106291
0.061942
-0.062690
0.072833
0.022137
-0.046639
0.029911
0.015566
0.106960
-0.026367
-0.062314
0.003045
-0.022758
-0.090976
-0.019309
0.058508
0.029360
-0.104176
0.039067
-0.026117
-0.005299
-0.094896
-0.117930
-0.111107
-0.247480
-0.193729
-0.309202
-0.019882
-0.372076
-0.221473
0.007352
-0.055571
0.146955
0.245832
-0.054678
0.028194
0.133655
0.102548
0.056040
-0.040817
0.115369
0.131295
-0.203367
-0.049356
0.111674
-0.024872
0.004865
0.114847
-0.093999
-0.247404
-0.105946
-0.097728
-0.061857
0.120652
-0.064139
-0.012954
-0.020125
-0.060216
0.032590
-0.121020
-0.131902
-0.023858
0.042038
-0.110157
-0.119552
0.123336
0.002669
-0.026318
0.010389
-0.106875
0.137446
0.086045
-0.003668
0.015401
-0.012584
-0.056702
-0.009308
-0.046547
-0.033930
-0.195492
-0.016249
0.056303
-0.113239
-0.059755
0.165085
-0.063881
0.019709
0.164511
0.106055
0.106854
-0.148574
0.011350
0.053477
0.005520
-0.134183
0.022431
-0.015134
-0.048296
-0.212474
-0.039590
0.095342
0.088623
-0.157321
0.110033
0.132397
-0.156968
-0.032433
0.103310
0.255521
-0.123982
-0.226387
-0.032333
0.094794
0.017538
-0.074698
-0.016809
-0.025497
0.019150
0.018618
-0.091821
0.009264
-0.018670
-0.050225
-0.056850
-0.028194
0.014842
0.106093
-0.044950
-0.173884
-0.225575
0.013860
-0.098130
-0.381821
0.141216
0.005369
-0.021189
0.185304
0.255227
-0.058933
0.055161
0.222662
0.032907
-0.055015
0.024729
-0.248650
0.118276
0.128379
0.006355
-0.013446
0.131289
-0.048940
-0.149326
0.140630
0.130858
-0.112452
-0.148850
0.122463
-0.077206
-0.106948
0.021369
-0.104674
-0.065951
-0.008484
0.079781
-0.109696
-0.148636
-0.012077
-0.004219
0.050390
-0.110673
-0.092033
-0.174552
0.066372
0.049440
-0.076588
0.003998
0.226771
0.183025
0.018580
0.012414
0.108852
-0.056202
-0.121114
0.055750
0.014766
-0.202205
-0.090223
0.012141
-0.154750
-0.089167
-0.003447
-0.131803
-0.096276
-0.034154
-0.069426
-0.025952
-0.269046
-0.288075
-0.079753
-0.008165
-0.064785
-0.091403
0.047254
-0.001427
-0.196987
0.154276
0.120012
0.074021
0.038529
0.032086
-0.123219
-0.066669
-0.047360
-0.076106
-0.109165
-0.126403
-0.023422
-0.063368
-0.056521
-0.194684
0.005899
0.143258
-0.039513
0.119467
0.081972
-0.106629
0.049534
0.039775
-0.089038
-0.136408
-0.000874
-0.120864
0.069322
-0.053324
-0.188064
0.115727
0.012162
-0.127963
0.074978
0.110770
0.010296
-0.090954
-0.049560
-0.261799
-0.049742
-0.106736
-0.176746
0.090296
-0.141692
-0.040644
-0.144659
-0.242235
-0.303438
0.076731
-0.024217
-0.043305
-0.026543
0.107425
-0.038200
-0.015455
-0.187393
-0.037210
0.134947
-0.055159
-0.196225
0.073333
0.035832
-0.151261
-0.025091
-0.014070
-0.133970
-0.060944
-0.107080
-0.112249
0.105420
0.134304
-0.031967
-0.018742
0.133663
0.081214
0.087247
-0.005371
-0.072014
0.079540
0.072122
-0.142200
-0.077795
0.149943
0.147732
0.054304
0.075368
0.120271
0.120236
0.114876
0.113596
0.074377
0.029235
0.072180
-0.041565
-0.082366
0.019843
-0.149586
0.013221
-0.077854
-0.119731
-0.130435
-0.072587
-0.036691
-0.137938
-0.182856
0.049127
-0.012096
-0.055040
-0.054236
-0.192662
-0.289146
-0.242809
-0.167054
-0.207329
-0.125694
-0.047793
-0.021714
0.128134
0.080471
0.053482
0.067398
-0.073016
-0.033730
-0.135199
-0.035919
0.038422
-0.053627
-0.091015
-0.200272
-0.108698
-0.074126
-0.077945
-0.029498
0.012933
0.005825
-0.086722
-0.167904
-0.028203
0.066698
-0.082973
-0.157327
-0.120635
-0.097099
-0.127046
0.046245
0.233742
0.223460
-0.120660
-0.136956
-0.092188
-0.036379
-0.238246
-0.297401
-0.124389
-0.165616
-0.224831
-0.003608
-0.063191
-0.152115
-0.174646
-0.081789
-0.086850
-0.036298
-0.123591
-0.327044
-0.005406
0.180077
-0.010372
0.097178
0.146470
-0.048544
-0.039544
-0.051544
-0.146693
0.081331
0.042713
-0.058448
0.295694
0.088899
-0.141639
-0.022180
0.020641
-0.012160
-0.095767
0.090220
0.004004
0.017172
-0.093623
-0.128838
0.100841
-0.032928
0.077341
-0.087983
0.092883
0.125440
-0.457517
0.067396
0.162896
0.097284
0.075542
-0.198432
0.085781
0.174961
-0.143012
-0.270164
0.007232
-0.091962
-0.025380
-0.102398
0.034952
-0.096107
-0.118874
-0.055456
-0.124572
0.028633
0.116748
0.106099
-0.008665
0.001594
0.083870
-0.004120
0.025480
0.152187
0.009321
0.069186
0.243000
0.073308
0.015562
0.336583
0.085520
-0.107848
0.319755
0.133033
0.036398
0.183009
0.054407
0.052558
0.153169
0.127785
0.033441
0.003521
0.205438
0.159957
0.131356
-0.116690
0.078779
-0.007536
-0.092513
-0.001783
-0.185712
-0.140983
-0.020893
0.059819
0.090799
0.081587
0.168223
0.059550
0.005834
0.055223
-0.114980
-0.185705
0.110582
0.064109
0.069713
-0.001412
0.115085
0.018264
-0.189785
-0.114148
0.031096
-0.001331
-0.007220
-0.017662
-0.033444
-0.090371
-0.152273
-0.107675
-0.218465
-0.152443
0.126787
-0.129265
-0.009341
-0.019282
-0.128896
0.007993
-0.106837
-0.127920
-0.050983
-0.005850
0.039792
0.026922
-0.072641
0.013540
-0.085759
-0.138825
0.073789
-0.027177
0.096097
-0.134204
-0.005791
-0.009787
-0.132034
-0.101506
-0.077876
-0.061264
0.028654
-0.127693
-0.366860
-0.100368
-0.019579
-0.321501
-0.170023
0.090684
-0.033874
-0.119894
0.097067
0.077088
-0.048493
0.099097
-0.011294
0.011014
0.202514
-0.141927
-0.175305
-0.266986
-0.001317
-0.131202
-0.136215
0.133808
0.062864
-0.005661
0.000282
0.102174
0.085831
-0.051989
0.045326
0.034144
-0.086974
-0.057612
-0.015703
-0.042637
-0.055172
0.076939
-0.220572
-0.143450
-0.015844
-0.278249
-0.130735
0.094431
0.005829
-0.084438
-0.068359
0.083072
-0.048208
0.119383
0.147393
-0.119672
0.049582
0.200687
-0.170618
0.084414
-0.053643
-0.141195
0.102138
0.106085
-0.006265
-0.048555
0.093080
0.105744
0.002368
0.146785
0.032841
-0.021585
0.116133
0.090550
-0.012226
-0.078926
-0.021507
0.034121
-0.041571
-0.030271
-0.002433
0.016169
-0.071204
-0.283877
-0.059636
-0.132977
-0.201206
0.006450
-0.031466
-0.099901
0.049060
-0.117393
-0.126046
0.038682
0.032329
0.138080
0.063746
0.143712
0.192177
-0.141014
0.071405
0.054915
-0.168787
0.019922
-0.091554
-0.039993
-0.005901
-0.325269
-0.273143
-0.135283
-0.142024
-0.134150
-0.242884
0.201197
0.034308
0.005092
0.040420
0.040728
-0.154085
-0.126546
-0.005995
-0.235471
-0.141837
-0.042500
-0.142348
-0.115956
0.013814
-0.003974
-0.070955
0.080109
0.025002
0.042784
-0.043016
-0.047614
-0.119556
0.058332
-0.102281
-0.191076
0.148496
0.098018
-0.071951
-0.043390
-0.072671
-0.118946
-0.029244
-0.010503
-0.062679
0.010334
0.007673
-0.033912
-0.196110
-0.083982
0.001479
-0.209836
-0.160120
0.097768
-0.157047
-0.123082
-0.010413
-0.001723
0.070815
0.021890
-0.013384
-0.105480
0.024076
0.173278
-0.044615
-0.001866
0.073275
0.069593
0.059826
-0.128399
-0.005113
-0.062409
-0.156925
0.027724
-0.027555
-0.174900
-0.099852
0.061952
-0.020047
0.138849
0.080838
0.034886
0.071817
-0.077423
-0.015779
-0.018122
0.085889
-0.046762
0.190877
-0.029674
-0.118216
0.051750
-0.069822
-0.076231
-0.230531
-0.108624
0.083380
-0.103366
-0.167563
-0.086566
-0.215232
-0.102943
0.003712
-0.010524
-0.064355
-0.083916
0.005591
0.042134
-0.179530
-0.080519
-0.132800
-0.090917
0.043305
-0.151122
-0.167379
-0.060719
-0.038257
-0.125430
0.017073
0.011922
-0.180715
-0.073234
0.008812
0.027328
0.041161
0.099369
-0.071442
0.059110
0.104580
-0.002558
-0.154021
0.032918
0.006335
-0.054040
-0.011158
0.026403
-0.200975
0.130765
0.004491
0.010971
0.050614
0.045376
-0.045633
0.120122
-0.033591
0.123575
-0.071628
0.121341
0.026992
0.096715
0.124792
0.154670
-0.168169
0.206330
0.005945
-0.134531
-0.071326
-0.180391
0.147210
-0.070568
0.021048
-0.064012
0.157576
0.010640
-0.017658
-0.049080
-0.008504
-0.078680
-0.025599
0.004025
-0.035310
-0.053356
0.002198
0.043607
-0.117549
-0.021827
0.019729
-0.059156
0.115619
0.089777
0.065499
0.047349
-0.082579
-0.130688
-0.008782
0.047167
0.027213
-0.194794
-0.055577
-0.121332
-0.047054
-0.171958
0.056538
0.105899
-0.185150
-0.139652
-0.098375
0.087572
0.080091
0.033151
0.039505
0.022843
-0.142449
-0.042428
-0.228906
-0.157792
0.075518
0.157867
0.053028
-0.189510
-0.084958
0.036086
-0.331462
-0.016215
0.097389
-0.083558
-0.026970
-0.053862
0.037245
-0.064469
0.065441
-0.132221
-0.071974
-0.162389
-0.056873
-0.104159
-0.080476
-0.139852
0.033188
-0.072729
-0.052961
0.068477
0.037625
-0.009784
0.200364
0.111162
-0.030095
-0.080078
0.091028
0.081365
0.086857
-0.106649
0.098472
-0.046806
-0.270265
0.072266
-0.030353
-0.036351
0.125020
-0.067914
0.365137
-0.082014
-0.280234
-0.131736
-0.018671
0.014357
0.003748
0.031672
0.208746
-0.064067
0.057103
0.091344
-0.031016
-0.006660
-0.197846
-0.037544
0.110871
-0.175465
0.211354
-0.032535
-0.156466
0.231000
-0.423123
-0.351843
-0.253111
-0.288233
-0.330680
-0.258254
-0.235409
-0.331213
-0.224385
0.011109
-0.090485
-0.060526
-0.065280
0.164317
-0.006077
-0.089880
-0.002423
-0.072576
-0.101985
-0.007499
-0.023905
-0.032050
-0.109580
-0.049869
0.092779
-0.027749
0.176293
-0.063232
-0.089416
0.125061
0.109658
-0.028158
0.139452
0.185245
-0.108222
0.180295
-0.142911
-0.069547
-0.010946
-0.039324
-0.076619
0.118091
0.089197
-0.021622
0.026297
-0.286008
-0.259126
-0.192042
-0.152038
-0.072762
-0.031325
-0.158511
-0.180489
-0.237275
-0.251902
-0.223124
-0.175167
-0.175358
-0.333680
-0.319694
-0.147208
-0.318979
-0.313021
-0.071775
-0.003520
0.020719
-0.075699
-0.145476
-0.166412
-0.092959
-0.102983
-0.186768
-0.096025
-0.218583
0.062086
0.004397
-0.045375
-0.041485
0.081628
0.022485
0.024844
-0.078432
-0.184834
0.098761
-0.042236
-0.026675
0.082551
0.117021
-0.071065
-0.065055
-0.013828
-0.110228
0.055440
0.195448
-0.203365
0.061953
0.138309
-0.265710
0.280748
0.150090
0.001259
0.010943
0.064795
0.028540
0.027221
-0.157552
-0.002493
-0.156879
-0.152850
0.020932
0.009362
-0.088707
-0.161800
0.057944
0.017643
-0.143208
0.195902
0.140155
-0.072020
-0.007352
0.155415
-0.004673
0.125870
0.103369
-0.023585
0.133478
0.083477
0.036781
-0.194772
0.139531
0.030782
-0.009914
0.055641
-0.091330
-0.000129
0.085857
0.020267
-0.158510
-0.008922
-0.020263
0.124296
0.017733
0.172844
0.068182
0.067970
-0.162645
-0.201002
0.013006
-0.173027
-0.034729
0.094815
-0.137457
0.056597
0.203028
-0.122256
0.070605
0.171172
-0.260472
0.128117
0.015241
-0.272942
-0.066446
0.206850
0.149688
0.010125
-0.049998
0.179480
-0.102134
0.003362
0.076322
-0.206410
0.094194
-0.067507
-0.153762
0.004347
0.058175
-0.045800
-0.120878
0.011108
-0.087042
-0.013586
-0.005557
0.069619
-0.050283
0.009496
-0.018703
-0.020431
-0.096871
-0.213374
-0.037429
-0.100219
0.168088
-0.130011
-0.179867
0.090068
0.037755
-0.119865
0.255056
0.028796
-0.128067
-0.202500
0.065797
-0.293060
0.079004
-0.019492
-0.201956
0.175571
0.053277
-0.364575
-0.088664
-0.045774
-0.295357
-0.088399
0.048785
-0.034531
0.079845
0.016028
-0.283107
-0.000625
0.153772
-0.216203
0.048536
0.130002
-0.137164
0.146176
-0.058136
0.001413
0.229543
-0.039109
-0.044952
-0.070159
-0.055997
0.046278
-0.221419
-0.018949
-0.120962
-0.043081
-0.161356
-0.176375
0.009577
-0.283885
-0.022377
-0.049866
0.083814
-0.199237
-0.161490
-0.049912
-0.077033
-0.067455
0.104957
-0.096855
-0.079145
-0.131894
0.220328
0.115378
-0.094928
-0.053334
-0.094872
-0.211918
0.038832
-0.188742
-0.100199
-0.043219
0.118894
0.018885
-0.021815
0.073156
-0.113863
-0.104864
-0.010425
0.056509
0.042700
0.116746
0.047414
0.036412
-0.118148
-0.061537
-0.023526
-0.169867
0.162582
-0.112360
-0.066899
0.096019
0.020929
0.068116
-0.041100
-0.116787
0.074698
-0.082317
-0.128156
-0.044179
-0.184627
-0.060587
0.006784
-0.042775
-0.058667
-0.045450
0.174223
0.094430
-0.262149
0.177186
0.086883
-0.300609
-0.001849
-0.112376
-0.266367
-0.011280
-0.196035
-0.114801
0.013367
-0.196375
-0.050219
0.101432
-0.052496
0.113676
0.090713
-0.082545
-0.273608
0.108168
0.062249
-0.002564
-0.085407
-0.049600
-0.146155
-0.102611
-0.065427
-0.013476
-0.005643
-0.043743
0.215848
-0.027223
0.051348
0.109200
-0.195136
0.023471
0.024281
-0.149911
-0.095178
0.153085
-0.170309
0.006029
0.219245
-0.073043
-0.046876
-0.090696
-0.010383
-0.074613
-0.034043
0.028251
-0.042061
-0.028574
0.044418
-0.146730
-0.112980
-0.026276
-0.148078
-0.237017
0.087716
0.084851
-0.147763
0.004300
-0.116158
-0.030494
0.004080
-0.155190
-0.016637
-0.135551
-0.094631
-0.102356
0.048580
-0.256917
-0.334660
0.047369
-0.127672
-0.296173
0.135922
0.007285
-0.225291
-0.008585
0.060288
-0.170038
0.098536
0.055037
-0.041157
0.056874
0.035216
0.105172
-0.060553
-0.222032
-0.067482
-0.194844
0.006377
0.126557
-0.028640
-0.032582
-0.093593
-0.070830
0.013821
-0.129449
-0.040111
-0.166096
-0.155690
0.014641
-0.137094
0.087296
0.235861
0.040568
-0.180817
0.170463
-0.077596
-0.007296
0.130460
0.029966
0.106662
0.251577
0.130002
-0.270850
0.148929
-0.021647
-0.165684
0.037611
-0.152818
-0.131631
0.125507
0.049129
-0.037392
-0.027068
0.034880
0.114750
0.018780
0.140425
0.152252
0.090376
0.152587
0.052067
0.010222
0.093629
0.047313
0.049088
0.110224
0.215033
0.015266
0.088273
-0.155049
-0.000412
-0.045356
0.035753
-0.005159
0.054153
0.190332
-0.140459
-0.068875
0.032123
-0.119847
0.093819
0.143915
-0.060121
0.054043
-0.041285
0.014875
-0.060698
0.002467
-0.094171
0.132024
-0.018302
0.012030
0.045034
-0.080507
0.046692
0.055860
-0.119972
0.135130
-0.004791
-0.050469
-0.078325
-0.023762
0.018147
-0.110363
-0.183703
0.026129
-0.113482
-0.061675
0.115913
0.028803
0.073400
0.076218
0.036749
0.114992
-0.277109
0.108279
-0.034814
-0.060646
0.007282
-0.005064
0.094460
-0.068147
-0.032346
0.063552
-0.163905
-0.025065
0.204618
-0.241005
-0.019176
0.015851
0.145065
0.113172
-0.121992
0.111242
-0.111283
-0.198185
0.106882
0.014430
0.058133
0.028595
-0.099156
-0.236381
-0.137482
-0.174294
-0.119299
-0.223590
-0.102859
-0.075131
0.016198
0.057478
-0.184920
0.083706
0.014575
0.013292
-0.006168
0.036950
0.055036
0.104113
-0.121529
0.117438
0.003443
-0.051480
0.086652
-0.070143
0.072767
0.124351
-0.095446
-0.241051
-0.064109
-0.037598
0.142558
-0.081433
0.249540
0.166919
-0.053541
-0.017886
-0.190346
-0.281588
0.090631
-0.278549
-0.277275
0.123871
-0.118019
-0.166076
-0.002306
0.046621
-0.081604
0.086314
0.027847
0.018876
0.052384
0.128140
0.031548
0.033423
0.045929
-0.176080
-0.097709
0.013700
0.111512
-0.196821
-0.099843
-0.014269
-0.043377
-0.155964
-0.156353
0.012056
-0.224002
-0.186276
-0.134124
-0.203537
-0.219729
0.146732
0.132535
0.039497
0.008732
0.046183
-0.032740
-0.058752
-0.130485
0.158282
-0.014605
-0.050653
-0.021709
-0.137603
0.027412
0.172319
-0.126252
0.129485
0.122328
0.062554
-0.122655
-0.162100
-0.040995
-0.132230
0.057828
-0.099165
-0.051565
-0.051376
0.059200
-0.132437
-0.299933
-0.109476
-0.252227
0.097813
-0.213314
-0.056755
0.199762
-0.203814
-0.160520
-0.265103
-0.128486
-0.331007
-0.189283
-0.031345
-0.133926
0.042802
-0.134149
-0.170743
-0.084004
-0.178300
-0.135243
-0.210988
-0.046948
-0.177002
-0.232782
0.010112
0.015022
-0.091174
0.100279
0.111970
-0.150761
-0.122656
-0.157460
-0.232457
0.066537
-0.071385
-0.125293
0.082298
0.163642
0.067884
0.086049
-0.180070
-0.174257
-0.215702
-0.211537
0.101748
-0.113392
-0.178511
0.011682
-0.049948
-0.195292
-0.201577
-0.013521
0.061266
0.095227
-0.050165
-0.106762
-0.213163
0.043329
0.159427
0.248456
0.021152
-0.047480
0.083438
-0.019435
-0.014967
0.003900
-0.189026
-0.192563
-0.150692
-0.019646
0.220064
0.150877
-0.010042
-0.129479
-0.207910
0.132058
0.142077
0.049698
-0.105694
-0.070214
0.017938
-0.050986
0.050273
0.008483
0.139007
0.054830
0.160315
-0.016370
-0.066851
-0.029682
0.094662
0.035627
-0.027890
0.104390
-0.013970
-0.015126
0.036218
0.032210
-0.073496
0.039470
-0.098441
-0.108963
-0.017109
0.062934
-0.076445
-0.028197
0.037642
-0.002370
-0.013318
-0.056458
-0.097005
-0.099804
-0.138587
-0.247559
-0.020797
0.006129
-0.087004
-0.108067
-0.083342
-0.084302
-0.150301
-0.047887
-0.211857
0.232031
0.111289
0.061174
0.013717
-0.020332
-0.129762
-0.186516
-0.063690
-0.022432
-0.117773
-0.189572
0.098067
0.005318
-0.049464
-0.096386
-0.242198
-0.259155
-0.031878
-0.153348
-0.117369
-0.120005
-0.025228
-0.057609
-0.125408
-0.019387
-0.028742
-0.128908
0.116359
-0.055118
0.026238
0.105272
0.180415
-0.013197
-0.000074
-0.099261
-0.024889
-0.026014
0.092804
-0.093771
0.022855
-0.142923
-0.188819
0.020136
0.011496
-0.064888
0.002470
0.021018
-0.107712
-0.009268
0.134870
0.120591
-0.009921
-0.062715
-0.053192
-0.058127
-0.025415
0.043752
0.059044
-0.061441
-0.052834
-0.001960
0.061254
0.014107
0.033399
-0.104968
-0.024721
-0.174257
0.048153
0.017622
0.031455
-0.056206
0.106067
0.032302
-0.078383
-0.175023
-0.103982
-0.138155
-0.088603
0.087546
-0.121510
-0.233885
-0.140061
-0.084696
-0.272802
-0.007469
-0.152500
-0.172767
0.095461
0.058709
-0.152276
-0.000384
-0.112015
-0.016961
0.132021
0.073726
0.178038
0.079133
0.154315
0.003273
-0.112861
-0.110639
0.146507
0.100989
0.051534
-0.115025
0.106996
0.179988
0.085967
0.093988
-0.010047
-0.024065
0.026170
0.086250
0.086127
-0.179562
-0.217597
-0.149708
0.033531
-0.096090
0.115645
0.125063
0.077081
-0.038172
-0.259209
-0.067755
-0.072705
-0.098021
-0.064703
-0.116798
-0.201259
-0.211906
-0.098173
-0.038970
-0.108358
-0.131227
0.109431
0.120713
0.078457
-0.138745
-0.352933
-0.365781
-0.049752
0.113917
0.097197
-0.079857
0.029532
0.026686
-0.021380
0.236643
0.220337
-0.314986
-0.236357
-0.214178
-0.151309
-0.190544
0.057091
-0.030085
-0.150975
0.129775
-0.037080
-0.147936
-0.078504
-0.175616
0.161457
0.102104
0.033239
0.066335
-0.056541
0.065782
0.026156
-0.140485
-0.015072
0.197061
0.124651
0.053122
-0.134100
-0.194570
0.130484
0.188426
0.007657
-0.101140
-0.153681
-0.062558
-0.171932
-0.040110
-0.082090
-0.160131
-0.014358
-0.050501
-0.024130
0.011030
-0.050494
-0.050755
-0.088615
-0.094625
-0.038809
-0.178423
-0.185986
-0.059292
-0.080265
0.019952
-0.022708
-0.247735
0.125302
-0.116790
-0.343321
0.086147
-0.058375
0.052903
0.008570
-0.354177
0.030947
0.077276
-0.303945
-0.003660
0.047742
-0.073737
-0.060901
0.022307
0.056898
0.015850
0.138326
0.073367
-0.105422
0.092904
0.002860
-0.035115
-0.130149
-0.284569
0.109079
-0.076788
0.037026
0.187229
-0.173821
-0.073063
0.011089
0.034072
-0.088693
0.026095
0.046777
-0.166929
-0.292888
0.184111
0.142829
0.109668
0.128940
-0.002267
0.029571
0.137206
-0.101176
0.001610
0.025478
0.217839
0.032224
0.100243
0.210436
-0.124440
0.016577
0.004182
-0.163626
-0.015187
0.037678
-0.067942
-0.089732
0.085450
0.027937
-0.133912
0.027977
0.227176
0.131391
0.059534
0.052845
0.062354
0.023925
-0.046977
-0.008697
0.030305
-0.220179
0.044735
0.050824
-0.027442
0.060798
-0.009077
-0.230900
0.024115
-0.172175
0.048291
0.197882
0.116582
0.031525
-0.266796
0.085561
0.126288
0.067909
0.174260
0.013888
-0.074203
-0.016654
-0.014723
-0.260795
-0.279676
-0.030555
-0.039662
-0.065452
0.070433
-0.216084
0.079782
-0.020262
-0.014213
0.004616
-0.064862
0.007772
-0.073002
-0.013922
0.062790
-0.051640
-0.003295
-0.023273
-0.143786
0.105801
0.232836
-0.178670
0.034381
-0.029791
0.079849
-0.084908
0.052512
-0.057664
-0.016308
0.000125
-0.187333
-0.114289
0.133612
-0.054555
-0.076893
0.036046
-0.125947
-0.184612
0.119422
-0.402262
-0.296972
-0.031277
0.004106
-0.013630
0.109893
-0.040956
-0.010547
0.076991
-0.070860
-0.206804
0.017600
-0.095613
0.011541
0.124804
0.027638
-0.057301
-0.067959
-0.069954
-0.129257
-0.059054
0.007205
-0.028349
0.206654
-0.076630
-0.086294
0.012970
-0.255876
-0.111125
0.133946
0.057166
-0.101350
0.029044
-0.159259
-0.111281
0.047081
-0.176687
-0.022811
0.012250
0.035770
0.125263
0.208343
-0.195691
0.152126
0.004697
-0.113145
-0.083070
-0.017532
-0.057391
0.114706
0.085681
-0.325340
0.028910
0.162740
-0.214950
-0.081867
-0.059047
0.009985
-0.062813
0.137551
0.211686
0.020002
0.009100
0.069405
-0.067639
0.049416
0.059098
-0.106162
-0.147895
-0.099613
-0.001558
0.053036
-0.080378
0.076947
-0.118021
-0.061154
0.160041
-0.058328
-0.065382
0.017617
-0.145648
-0.238439
-0.178121
-0.214390
0.127141
-0.083779
-0.063249
0.170956
-0.257048
0.086488
0.218429
-0.354606
0.084241
-0.115759
-0.072481
-0.139059
0.015710
-0.134709
0.001326
-0.194666
-0.153827
-0.056899
0.070636
-0.187874
-0.033162
-0.107517
-0.045696
-0.133653
-0.127979
0.102468
-0.076598
-0.061683
0.060333
-0.021497
-0.114676
-0.128310
-0.027868
-0.209803
0.068346
0.053944
-0.096642
0.044069
0.103348
-0.138613
0.086850
0.026581
-0.293399
0.027471
0.044756
0.057271
-0.045854
-0.066695
-0.010242
-0.041891
-0.004892
0.002113
-0.029134
-0.018379
0.055694
-0.085085
0.050644
-0.038848
-0.055379
0.127225
-0.037518
-0.238593
-0.086930
0.073976
0.197246
0.094218
-0.098765
0.019586
-0.004938
-0.447290
-0.155510
-0.046685
0.047595
-0.052054
-0.101816
0.040852
-0.015577
-0.046931
0.099070
0.059969
0.161316
-0.299302
-0.158398
-0.170639
0.025747
-0.011335
-0.082165
0.051453
-0.011264
0.219329
-0.014045
-0.001095
0.095290
-0.085079
0.166651
0.112598
0.150312
0.057063
0.178550
-0.116453
-0.119529
-0.242742
0.143931
-0.051307
-0.084151
0.077923
-0.144871
-0.029049
0.239940
0.107305
-0.030392
0.210775
0.171182
0.117151
-0.002964
0.016997
0.097403
0.381787
0.173565
0.004916
0.078561
-0.071320
-0.028020
-0.226858
-0.001601
-0.045641
-0.144203
-0.247328
-0.117634
-0.021005
0.042852
-0.009589
0.015476
0.016499
0.161439
0.080634
-0.192650
-0.248938
0.065960
-0.058459
-0.133318
0.063068
-0.131322
-0.102537
-0.114851
-0.011572
0.014989
0.085257
0.157297
0.181930
-0.249931
0.159664
-0.008996
-0.037027
0.124194
0.080515
-0.144945
-0.092189
-0.032962
0.210443
0.108151
0.227032
0.039574
0.104543
0.071581
-0.013565
0.081455
-0.042571
0.041962
0.010436
-0.014125
-0.026520
-0.114763
-0.000668
-0.186877
-0.034748
0.050943
0.017881
-0.027604
-0.017996
0.043425
0.103817
0.236913
-0.141753
-0.086167
-0.010249
-0.044272
-0.206291
-0.067016
0.161641
0.076888
-0.048568
0.025658
0.007151
-0.125724
0.032055
-0.016299
-0.089969
0.014192
0.051702
0.113401
-0.007650
0.024701
-0.061163
-0.383673
-0.245336
-0.522236
0.088710
-0.169761
-0.179206
0.008444
-0.060195
-0.155085
-0.173328
-0.215040
-0.174186
-0.206060
-0.042142
0.011451
-0.050819
0.140591
0.089500
-0.105578
0.053693
0.152423
0.053734
-0.070822
0.005841
0.050973
0.074710
0.102554
-0.098620
-0.019893
0.055227
-0.034604
-0.059065
0.005016
-0.136203
-0.022034
0.029140
-0.196858
-0.112178
-0.328032
0.066757
0.247290
0.011539
0.064670
0.052913
0.026231
-0.124109
0.113144
0.151242
-0.019333
-0.159975
-0.256497
0.032169
0.010961
-0.041203
-0.014428
-0.131414
0.077569
-0.139479
0.021289
0.100096
-0.130939
-0.081059
0.080764
-0.041700
0.049322
0.181463
0.004194
0.122105
0.123643
-0.167765
-0.044442
0.018703
0.020038
0.002586
0.041768
-0.052901
-0.097839
-0.118037
0.003715
-0.022037
-0.138687
-0.086894
-0.048355
-0.058499
-0.050085
0.042726
-0.016867
0.033440
0.028317
0.020658
0.114007
0.200980
0.151512
0.066655
0.040309
0.099344
-0.084899
-0.119706
-0.107933
-0.129268
-0.281383
-0.390244
-0.075147
-0.136316
-0.103749
-0.109103
0.035882
0.044838
0.121460
0.198927
0.145209
-0.083053
-0.151093
0.033958
0.039444
0.012890
0.128200
0.059023
-0.030817
0.128290
-0.144888
-0.204385
-0.232699
0.111982
-0.048511
-0.081616
0.003480
-0.125389
-0.099582
0.078065
-0.002807
0.001338
0.136435
0.090089
0.065657
-0.022768
0.065615
0.148391
0.133350
0.116543
0.099083
-0.010338
-0.106735
-0.230853
-0.044325
-0.162160
-0.187420
0.005299
-0.144451
-0.170077
-0.079566
-0.127742
-0.120877
0.029459
-0.011772
0.162379
-0.065299
-0.107180
-0.150560
-0.162254
0.020633
-0.082452
-0.044144
-0.097283
-0.110147
-0.099435
0.112374
0.172081
-0.170524
-0.080078
-0.097228
-0.197053
0.020405
-0.228853
-0.040414
0.050117
0.035768
0.050693
0.216422
0.073555
0.134110
0.152097
0.015752
-0.036228
0.089785
0.087245
0.023485
-0.018128
-0.169601
-0.187512
-0.197928
-0.335057
0.211843
0.130997
-0.008331
0.153165
0.077152
0.012486
0.103624
0.090554
-0.066519
0.188253
-0.096700
-0.043693
0.083122
-0.067215
0.114759
0.040303
-0.031467
-0.084794
0.108102
0.047814
0.211524
0.057148
-0.059891
-0.098597
-0.012275
0.055698
-0.000448
-0.019775
0.034461
0.079331
0.182577
-0.011749
-0.130028
0.009961
-0.016018
-0.148552
-0.059964
-0.026727
-0.098045
0.185737
0.164782
0.202364
0.024538
0.029414
-0.064425
-0.201331
-0.089637
0.059397
-0.057033
0.169453
0.050035
0.121637
0.096083
0.173842
-0.056495
0.058562
-0.117928
0.052568
0.275340
-0.054551
0.154127
0.092204
-0.057194
-0.028360
-0.140566
-0.111868
-0.148884
-0.227785
-0.109283
-0.079082
0.019629
-0.063789
-0.105138
0.098932
-0.064134
0.004439
0.064451
-0.082960
0.049345
0.007827
-0.082184
0.011238
0.082114
-0.029360
0.181101
0.005467
-0.079116
-0.088376
-0.050497
-0.280759
-0.054037
-0.160457
-0.209054
-0.007440
0.011796
-0.099729
-0.048559
-0.060883
-0.094723
0.142999
0.005156
-0.055341
0.066807
0.004481
0.007186
-0.101684
-0.253996
-0.280858
-0.169347
-0.051298
0.087973
-0.169121
-0.106898
0.083507
-0.160976
0.019726
0.204018
0.054638
-0.120968
-0.173995
0.256453
-0.020934
-0.059135
0.153615
-0.162201
-0.131573
0.022767
-0.310359
-0.181445
-0.093336
-0.138235
-0.192406
-0.045941
-0.129362
-0.249758
-0.012334
-0.093961
-0.019429
0.056721
0.014887
-0.033376
0.077465
0.053799
0.023169
-0.040385
0.050241
0.142218
-0.052380
0.070057
-0.093480
0.013227
-0.055921
-0.049015
-0.027135
-0.050559
0.162421
-0.019485
-0.032647
0.199166
-0.134029
0.079262
0.166281
0.029517
0.001755
-0.072174
0.095343
0.177244
-0.021552
0.068521
0.049402
0.034195
0.042669
0.016628
-0.102587
0.025505
-0.088101
-0.157603
-0.007747
-0.009365
-0.014129
0.138550
0.163412
0.093378
0.259287
0.122082
0.257555
0.095373
0.157766
0.159395
-0.135957
-0.111762
-0.243307
0.048021
0.107898
-0.040857
-0.037578
0.010800
-0.088781
0.033387
0.057853
-0.046723
0.006314
0.169649
-0.033094
0.122529
0.152872
0.070806
0.108290
-0.018612
-0.160559
0.065312
-0.072531
-0.104533
0.009761
0.177435
-0.012655
0.023902
0.141540
0.091901
-0.111765
-0.094983
-0.231726
-0.294478
-0.197455
-0.317404
-0.069943
-0.025248
-0.195227
-0.054673
-0.016028
-0.127230
0.022088
-0.087136
-0.078408
-0.221479
-0.183122
-0.137187
-0.127119
-0.034715
-0.022105
-0.182704
-0.177467
-0.243191
-0.059330
0.146845
0.095253
-0.224020
-0.019942
0.096394
-0.172332
-0.163508
-0.005793
0.114646
0.073787
-0.102193
0.019346
0.177074
-0.086848
-0.116838
0.090143
0.040882
0.073092
-0.118396
-0.113023
0.039019
-0.114236
-0.080854
0.026461
-0.015376
0.147655
0.123340
-0.046253
-0.089517
0.064486
-0.004795
0.014620
-0.208516
-0.037953
-0.097508
0.077052
-0.011680
-0.263236
-0.012489
0.055648
-0.054726
0.074024
0.128986
0.129036
0.159071
0.178258
0.097060
0.143553
0.221618
0.079664
-0.108262
0.077069
0.084236
0.043786
0.111783
0.064891
-0.078025
0.067996
0.121090
-0.235478
-0.021875
0.088324
-0.067682
-0.374081
0.053194
-0.083900
-0.250550
-0.188441
-0.086421
-0.241701
-0.089306
-0.023220
-0.069574
-0.101671
-0.046439
0.039361
-0.060308
-0.086281
-0.039525
0.058802
0.040390
0.125988
-0.092234
-0.082706
0.097253
0.072386
-0.145417
0.007629
-0.058559
-0.052015
-0.349804
0.004135
0.096212
-0.269371
-0.123709
0.106451
0.022549
-0.004560
0.125525
-0.060578
-0.127996
-0.096958
-0.039660
0.023646
-0.274726
-0.037061
-0.004359
-0.126419
-0.043646
-0.052277
-0.083454
-0.007796
-0.123788
-0.001259
-0.083521
-0.152173
-0.054771
-0.050181
-0.132593
-0.226157
-0.173552
0.124466
-0.237608
-0.226337
-0.006920
0.002930
-0.066017
-0.301398
-0.067208
0.015524
-0.073010
-0.074564
0.041949
0.113170
0.058932
0.008652
-0.112839
-0.183803
-0.131285
0.050095
-0.213279
-0.281659
-0.110709
0.113685
-0.005374
-0.039173
0.030086
0.040029
0.075123
-0.217538
0.013783
0.117622
0.070955
-0.033703
0.032640
0.049395
-0.031358
0.066474
0.121867
0.097497
-0.185466
-0.046271
-0.174803
0.027758
-0.137001
0.105120
0.030428
-0.148509
0.076278
0.017699
-0.102255
0.053256
-0.151242
-0.117088
0.062321
-0.019185
-0.274803
-0.166334
-0.189385
0.130047
0.040523
0.133912
0.063074
0.174330
0.021515
-0.036623
-0.030250
-0.018713
0.093730
0.056403
-0.089475
-0.002418
0.054060
0.060867
-0.300851
-0.107553
0.013319
-0.171292
-0.037970
0.146566
-0.013098
-0.231828
-0.053986
0.129985
0.028933
-0.119962
0.029340
-0.065942
-0.084854
-0.063976
-0.161482
-0.149268
-0.164404
-0.045286
0.053149
-0.014020
-0.075086
-0.199334
-0.051212
-0.079739
0.022280
-0.302210
-0.051981
-0.086893
-0.033838
-0.094448
-0.064177
-0.189038
-0.095321
-0.133070
0.060070
-0.079967
-0.059122
0.030760
-0.073559
-0.083991
-0.235311
-0.313841
0.062449
-0.146535
-0.213362
-0.159601
0.067692
-0.129641
0.015012
-0.022720
-0.153424
-0.090092
-0.114780
0.025339
0.119196
0.031206
-0.013087
-0.175856
0.067572
0.025728
-0.045826
-0.051150
-0.045672
0.002220
0.052371
-0.111844
-0.157342
-0.044649
0.069858
-0.128033
-0.043034
0.115600
0.116827
-0.038707
-0.190808
-0.186918
-0.083012
-0.095775
-0.110874
-0.183911
-0.110415
-0.056679
-0.108642
0.004322
0.048654
-0.128676
-0.002302
-0.058242
-0.203396
-0.048632
-0.115014
-0.183019
-0.123162
0.187537
-0.220330
-0.299459
0.098118
-0.343477
-0.196988
0.045398
0.035860
0.144082
0.235480
0.005747
0.023447
0.148712
0.056888
0.059721
0.086932
0.152347
0.007997
-0.073001
0.098018
-0.094786
-0.075539
0.131368
-0.102679
0.000597
0.116691
0.110526
0.031287
0.004933
0.068257
0.127447
0.014105
0.102150
0.041408
0.028475
0.042549
-0.088569
-0.088128
-0.107203
-0.100807
0.022404
0.000203
-0.123090
-0.039989
0.114297
0.134963
-0.008791
0.050918
0.126342
0.015087
0.107734
0.220359
-0.140724
-0.139139
0.021746
-0.016125
0.131871
0.130943
-0.059764
0.118078
0.070806
0.003047
-0.189323
-0.172959
0.090077
-0.123719
-0.210562
0.135578
0.047695
-0.099560
0.013843
-0.115513
-0.095053
-0.074625
-0.128538
-0.089755
0.039150
-0.031014
0.032843
-0.060003
-0.095328
0.016699
-0.271721
-0.270639
-0.074771
-0.019544
-0.272869
-0.068422
0.094370
-0.147332
-0.271200
0.076755
-0.154568
-0.169993
0.146201
0.236755
0.066307
-0.049534
-0.037114
-0.223330
-0.127063
-0.180646
-0.080478
-0.010256
0.037556
0.041827
-0.084622
0.060022
0.051364
0.047607
0.152079
0.152534
0.009418
0.097574
0.134315
-0.083633
-0.050057
0.160733
-0.130585
-0.157394
0.105341
-0.097944
0.036151
0.036956
-0.151948
0.084994
-0.006038
-0.322991
-0.136325
0.000299
-0.186794
-0.095995
0.074779
-0.098869
-0.225490
-0.060722
-0.226989
-0.311073
-0.151972
-0.224090
-0.166119
0.052268
-0.128620
-0.058372
-0.108022
-0.086872
0.001519
-0.047489
-0.086630
0.015580
0.022044
-0.076889
-0.065792
0.064887
-0.007842
-0.091794
0.112345
-0.075383
-0.038319
0.275813
-0.199710
-0.136940
-0.070954
-0.152562
-0.097172
-0.025604
-0.203439
0.066384
0.024492
-0.091518
0.106167
-0.072704
0.081640
0.133048
0.121773
-0.129168
0.052215
0.038697
0.125662
0.078817
0.080315
-0.138793
0.028373
-0.056252
-0.161351
-0.081153
-0.026449
-0.044159
0.064817
0.153242
-0.096038
-0.011911
0.111714
-0.017524
0.013044
0.039101
0.092874
-0.052223
0.030240
0.058227
-0.148269
-0.092780
0.142507
-0.082189
0.090542
-0.016174
-0.087757
-0.108752
-0.088044
-0.064126
-0.063042
0.029590
0.131155
0.089243
0.014631
-0.070664
0.076320
-0.037859
-0.043997
0.022894
-0.048613
0.143871
0.192485
0.051065
-0.184105
-0.014697
-0.211737
-0.445598
-0.119064
-0.283243
-0.335269
-0.163595
0.025911
-0.224047
-0.267853
-0.135295
-0.427007
-0.225267
-0.021043
-0.060463
-0.008637
-0.067370
-0.075161
-0.020701
-0.150267
-0.083859
-0.057168
0.010632
0.069159
0.129474
0.008729
0.160739
0.005930
-0.010107
0.154582
0.198434
-0.076821
0.046523
0.154073
0.105820
0.096086
0.017120
-0.040529
-0.054894
-0.008440
0.095896
-0.041564
0.037118
-0.078577
-0.076559
-0.117545
-0.022252
-0.003790
-0.090051
-0.059412
0.000402
-0.042012
-0.158220
0.036554
0.036234
-0.079419
-0.113484
-0.005997
0.036210
-0.032454
0.083020
