-0.035578
-0.076219
0.176757
0.264118
0.092952
0.096402
0.121899
0.027176
-0.004945
-0.072054
0.014658
-0.079561
-0.037549
-0.019594
-0.239632
0.015703
0.123946
0.118877
0.048485
-0.164304
-0.135823
0.135506
0.040390
-0.069159
0.114636
-0.007638
0.031380
-0.057140
-0.037598
-0.085226
-0.100851
-0.072854
0.042946
0.115652
0.039524
-0.055954
-0.036139
0.018068
-0.032590
0.028403
-0.035831
0.021901
-0.011829
0.185356
0.034906
-0.113075
-0.135048
-0.056679
0.049747
0.083164
0.059327
-0.057697
-0.096671
-0.112236
-0.188271
0.030768
0.013705
0.167207
0.048043
-0.126615
-0.121991
0.091123
-0.054105
0.205461
0.180038
0.033386
0.069281
0.042833
0.018442
-0.050074
0.059334
0.062628
0.112592
0.157226
0.148478
0.013941
0.076648
0.008840
-0.020003
0.194754
0.198833
-0.014377
-0.079346
-0.167282
-0.090213
-0.089457
-0.241266
-0.076125
0.006788
-0.152610
-0.060247
0.071054
0.120079
0.071408
0.033517
0.139940
-0.065827
0.004606
-0.116544
0.043261
0.022869
-0.074100
-0.169332
-0.016451
-0.130214
-0.115925
0.192563
0.116668
-0.027963
-0.118753
0.193966
-0.028408
-0.140149
-0.042184
0.057216
-0.128325
-0.105948
0.140185
0.120153
0.150639
-0.155969
0.023780
0.111875
-0.141282
0.134525
0.036699
-0.070791
-0.062235
0.103234
0.223792
0.125677
0.134705
-0.034437
-0.058377
0.069809
-0.100499
-0.090171
-0.155171
0.018498
0.005763
-0.011285
-0.024722
-0.062749
-0.026987
-0.044261
0.099641
0.077333
-0.196399
-0.116107
0.195834
-0.087737
-0.044222
0.105867
-0.001063
0.046838
-0.076744
0.197690
0.088257
-0.166649
0.097844
-0.122812
-0.282809
-0.113199
-0.035551
-0.085151
-0.039139
-0.138696
0.036458
0.123520
-0.131529
-0.172712
0.063977
0.027668
-0.150911
0.078095
-0.123713
-0.207000
0.111400
-0.113404
-0.097137
0.003527
0.030810
0.166913
-0.265199
-0.156614
0.099727
0.035975
0.160144
-0.103706
-0.061496
0.156676
0.077031
0.057186
0.087773
0.045181
0.045180
-0.006180
-0.096185
0.106140
0.116419
0.084310
-0.025903
0.108254
0.218101
-0.234600
0.167033
0.198217
-0.163424
-0.088373
-0.137831
-0.001057
0.102482
0.117197
0.063983
-0.071360
-0.154763
0.041272
0.040608
-0.093396
-0.066303
0.197346
0.007351
-0.241861
-0.207145
-0.088568
0.039547
-0.021701
0.065307
-0.059933
0.153902
0.054121
-0.155081
-0.185007
0.043779
0.043910
-0.089355
-0.066616
-0.208024
-0.173293
-0.102694
-0.110976
0.240974
0.274034
-0.075693
0.112454
0.043609
-0.094543
-0.386156
-0.086041
0.116627
0.078252
0.063550
-0.199395
0.024950
0.215232
-0.076685
0.113219
0.174366
-0.186527
-0.053575
0.131899
-0.327874
-0.008822
0.009664
0.012164
0.016579
0.216208
0.043948
-0.053291
-0.042186
0.093974
0.138437
0.114636
0.117182
0.074634
0.031663
0.021050
0.031926
-0.004155
-0.104418
-0.216149
-0.112058
-0.001187
0.077870
0.127791
-0.141743
-0.064052
0.143395
0.164139
-0.013294
-0.120950
0.017598
-0.045949
-0.182664
0.164070
0.155857
-0.012195
0.028894
-0.022371
-0.070408
0.044849
0.068683
-0.091923
-0.106925
-0.048064
-0.025774
-0.076081
-0.139529
-0.347407
-0.106770
-0.106290
-0.198640
0.151514
0.219287
0.097951
-0.001456
-0.038523
0.052615
-0.031983
-0.144830
0.059015
0.179784
0.345617
0.122180
0.063422
0.104909
-0.000709
-0.060240
-0.072219
0.010416
0.046028
0.165240
0.112197
0.013854
-0.042553
-0.134972
-0.014058
0.126383
-0.024434
0.057991
-0.068346
-0.165716
0.070510
0.084289
-0.038804
-0.343339
-0.224947
-0.118790
-0.054844
0.117078
0.109232
0.025023
-0.047577
-0.111698
0.194640
0.102809
0.036719
0.003652
0.053284
-0.091871
-0.171086
-0.156484
-0.160402
-0.039640
-0.044298
-0.128183
0.187514
0.100022
-0.016416
-0.074266
0.031913
-0.003363
0.076248
0.190757
-0.053630
-0.024547
0.114230
-0.061986
0.078473
-0.062091
-0.095349
0.048232
-0.064234
0.164058
0.045228
-0.006143
0.137187
0.158718
0.052810
0.064597
-0.171891
-0.103085
0.010015
0.092647
-0.021818
-0.075024
0.010492
0.111663
-0.091259
0.049458
0.159506
-0.066775
0.064197
0.159589
0.132391
-0.041827
0.006182
-0.087386
-0.021904
-0.003097
-0.076058
0.162513
0.064048
-0.277857
0.016262
0.128821
0.159975
-0.146307
0.087888
-0.038346
0.003801
0.039848
-0.122962
0.009052
-0.020607
0.010487
-0.037948
-0.120370
0.010640
0.086221
0.251028
0.234851
-0.098939
0.092229
-0.014167
0.147686
0.087000
0.121308
0.006910
-0.108506
0.019535
0.032636
-0.027088
-0.013811
0.064303
0.117806
0.099636
0.138812
0.059909
0.072015
-0.118641
-0.191016
-0.119571
0.081891
-0.148686
-0.073476
-0.080642
-0.072849
-0.061062
0.336129
0.034297
0.095026
0.072478
-0.012728
-0.076628
0.151994
0.207819
0.044240
-0.018471
0.146675
0.171606
-0.249114
-0.195052
0.256736
-0.113528
-0.174391
0.053290
-0.011731
0.167142
-0.118766
0.042143
-0.026507
0.011961
-0.052595
0.000093
0.001277
0.071330
-0.017868
-0.056275
-0.070616
-0.166016
-0.243607
0.015965
0.057014
-0.121650
-0.237008
-0.041208
0.044707
-0.054098
0.015603
-0.066818
0.120834
0.090116
-0.039932
0.024722
0.159332
0.096396
0.058469
-0.043888
0.023256
-0.103387
-0.321606
-0.121158
0.236862
0.037473
0.049073
0.234902
0.092377
-0.006901
0.146663
0.106979
0.173446
-0.084629
-0.018509
-0.043641
-0.045542
0.081094
0.147329
-0.015126
0.100209
0.051972
0.035451
0.071474
0.269021
0.104066
-0.046738
0.071078
-0.124617
-0.108505
0.031432
0.029791
-0.022199
0.133581
-0.163292
-0.251167
-0.008491
0.055581
-0.034969
-0.001411
0.094017
0.078495
-0.019547
0.211310
0.055997
0.091520
0.018518
0.026555
-0.040265
-0.014222
0.103116
0.150442
0.032897
-0.015421
0.154528
0.141069
-0.004630
0.043635
-0.140658
0.115229
0.041600
-0.080017
0.219197
0.029994
0.070242
0.031172
0.048954
0.013937
0.126008
0.103464
-0.052903
-0.026922
-0.115456
-0.023031
-0.150761
0.068342
0.001982
-0.103922
-0.227132
-0.033570
-0.078904
-0.032293
0.121008
0.231654
0.071706
0.124551
0.029542
-0.030457
0.170435
-0.047739
0.091390
0.032676
0.010743
0.111907
0.011434
0.063406
-0.093029
0.071952
-0.002518
-0.246500
0.147072
0.113984
-0.026771
0.035977
0.007932
0.019859
0.109851
0.066801
-0.060521
-0.041556
0.027931
-0.172360
-0.195145
-0.328917
-0.187444
-0.168901
-0.218279
-0.241017
-0.135262
-0.131365
0.049910
0.089828
-0.021723
0.101843
0.033877
-0.026816
-0.090032
-0.002678
-0.056278
0.076154
-0.066275
-0.170843
-0.094837
-0.063362
-0.109289
-0.155886
0.163129
0.251932
0.150133
0.118859
0.007519
0.021155
-0.152197
-0.020047
0.012331
-0.002283
0.082214
0.108632
0.016926
-0.089087
0.026101
-0.017832
-0.138445
-0.052539
-0.009889
-0.037631
-0.312517
0.095589
0.065155
-0.032198
0.045442
0.104315
-0.032278
-0.141046
-0.099480
0.074623
-0.008306
-0.112114
0.031131
0.021686
0.118233
-0.048737
-0.176838
-0.042080
-0.022815
-0.036418
-0.171060
0.036689
0.020635
0.110024
0.185144
0.050262
-0.020333
0.200933
0.056120
-0.022340
0.001402
-0.172399
-0.150003
-0.216800
-0.045781
0.005519
0.141716
0.002340
0.163215
0.337724
0.073900
0.094210
0.254091
-0.134320
-0.230720
0.174699
-0.165663
-0.195471
-0.032710
-0.067513
0.028809
-0.080061
0.001938
-0.011943
0.012184
-0.117986
-0.035002
0.278023
-0.042663
-0.035421
0.176830
-0.084809
0.010221
-0.009085
0.329091
0.148322
-0.097302
0.163361
-0.074819
-0.059046
-0.016719
-0.074946
0.055377
-0.029678
-0.120125
-0.020564
-0.104755
-0.220078
-0.173592
0.074387
-0.066877
-0.054215
0.188052
0.136864
-0.231572
0.117655
-0.110673
-0.081586
-0.048364
-0.141628
-0.112348
-0.051840
-0.028462
0.175074
-0.086694
-0.030046
-0.167801
-0.109177
-0.024890
-0.003073
-0.004837
0.101948
0.040302
-0.150954
0.062257
0.139778
-0.090078
-0.141834
-0.088518
-0.189524
0.033628
0.094376
0.027537
0.138463
0.067571
-0.130179
0.019732
-0.047620
0.066567
-0.010199
-0.460417
-0.122656
-0.048742
-0.274846
-0.046404
-0.012357
0.061128
0.190641
0.118178
-0.082584
-0.103413
-0.322365
0.009260
-0.097493
-0.202450
0.108143
0.052192
0.147319
-0.025042
-0.097362
-0.016033
0.126926
-0.076714
-0.076196
-0.056540
-0.025261
-0.233131
0.081265
-0.063485
-0.026309
-0.178908
-0.013292
0.046510
-0.002359
-0.077675
-0.262140
0.029554
-0.045928
-0.147970
0.066005
0.125182
0.082112
-0.072610
0.179127
0.177210
0.028618
-0.116916
-0.101562
-0.110334
-0.049962
-0.068900
0.064514
0.018186
0.062112
0.125540
-0.143964
-0.103232
-0.041316
-0.109939
-0.072789
-0.084400
-0.034566
-0.045368
0.147889
-0.059479
-0.021728
-0.029135
0.033844
0.014078
-0.087637
0.107255
0.205625
0.022703
-0.001481
0.144823
-0.037213
-0.104668
-0.034627
-0.145327
0.115360
-0.146615
0.128282
0.010136
-0.082638
0.005390
-0.092225
-0.043932
-0.020147
0.102313
0.021646
0.181371
-0.191816
-0.072338
-0.000904
-0.152136
-0.087105
0.070932
0.020686
-0.053633
-0.031737
0.235458
0.076273
0.080459
0.119352
0.125091
0.098401
0.002458
-0.027356
0.096376
0.085638
0.144570
-0.033821
0.033267
0.016291
-0.076289
-0.047983
-0.243310
-0.164490
0.166304
0.006744
0.020211
-0.020415
0.057428
-0.014377
0.068403
0.213437
0.058320
-0.002706
0.045959
-0.145917
-0.050617
-0.063955
-0.071158
-0.131867
-0.072028
0.054088
0.058038
-0.037579
-0.116976
-0.009638
-0.022626
-0.065006
-0.076192
-0.023671
-0.022247
-0.063721
-0.154626
-0.098962
0.043689
0.054115
-0.037121
0.145847
-0.157521
-0.067619
-0.043389
-0.107062
-0.052845
0.128048
0.118773
0.023733
-0.055079
-0.106559
-0.140610
0.128564
0.019940
-0.239206
0.282634
0.257732
-0.023285
-0.040579
0.055278
-0.016267
-0.020294
-0.222085
0.027447
0.094768
-0.112756
0.113800
-0.047553
0.048114
-0.167378
0.025916
0.019753
-0.001819
0.035281
0.036089
-0.024728
-0.045461
-0.312989
-0.208727
0.044701
-0.153750
-0.105537
0.091776
-0.054980
0.100892
-0.104288
-0.164250
0.078282
-0.065609
-0.142272
-0.158226
0.049937
0.050930
-0.120295
0.042567
-0.022772
-0.007086
-0.141247
-0.035979
-0.055037
0.032388
0.229752
0.120330
-0.086927
-0.190348
-0.136605
-0.014839
-0.136547
-0.280139
0.095007
0.018567
-0.084701
-0.117746
-0.053677
-0.152323
-0.187920
-0.136067
-0.089234
-0.068645
-0.134247
-0.087187
0.081097
0.009804
0.128651
0.076702
-0.099597
-0.003691
0.150981
0.150674
0.105321
-0.208378
-0.294537
0.006995
-0.044749
-0.104504
-0.054217
0.031653
0.019751
-0.045060
0.120238
-0.102892
0.173149
0.022701
-0.063488
-0.013835
0.202039
0.079838
0.049408
0.065159
0.067341
-0.008526
-0.123895
-0.168360
0.017874
-0.123378
-0.122181
-0.190226
-0.014493
-0.055835
-0.005409
-0.024028
-0.090190
-0.154405
0.062645
0.074160
0.024892
-0.128834
-0.196191
-0.125990
-0.007229
-0.033417
0.092701
0.032209
-0.042454
0.022022
-0.040238
0.395785
0.073688
0.077955
0.140053
0.122355
0.050334
0.090891
0.111546
-0.037713
0.040043
0.026381
-0.161865
-0.101561
0.018786
-0.122385
-0.095921
0.072086
0.388011
0.171231
-0.261440
0.126534
0.118771
-0.169409
0.014019
0.115096
-0.027368
-0.092209
-0.034724
0.095521
0.083925
0.125445
0.004706
0.099784
0.088546
0.065379
0.122619
0.191932
0.032625
-0.119713
-0.165668
0.010182
-0.032609
-0.072976
0.041561
-0.131879
-0.256566
-0.110888
-0.103909
-0.061955
-0.119560
0.021139
-0.000534
-0.001024
0.271335
0.154067
-0.192923
-0.135628
-0.085109
-0.194258
-0.223093
-0.244642
0.006576
0.074154
-0.007254
-0.012106
0.034856
-0.041885
0.172982
0.045545
0.013731
-0.030653
-0.092284
0.019165
0.026253
-0.072973
-0.122158
-0.154440
0.142834
0.043964
0.038595
-0.086144
0.048775
0.112677
-0.129990
0.048996
0.103596
-0.078673
-0.097991
0.119637
-0.011667
0.083881
-0.273388
-0.060018
-0.031681
-0.054610
-0.036093
-0.160809
-0.044724
0.110624
0.096924
-0.160106
0.078047
-0.054001
-0.066108
0.213535
-0.126444
-0.130913
0.086875
-0.027106
-0.212117
-0.130527
-0.241271
-0.046319
-0.008245
-0.126112
-0.019764
0.069639
-0.074928
0.054906
-0.020429
0.045483
-0.064101
0.012007
-0.081605
0.091972
0.235600
0.082431
0.061127
-0.009561
-0.150354
0.028287
-0.130445
-0.112369
0.029911
0.001222
-0.116249
0.058468
-0.065146
-0.096204
-0.176666
-0.072390
-0.167507
0.045289
0.120806
-0.058667
-0.186556
0.096738
-0.074075
-0.258046
-0.097761
0.022259
0.024483
-0.004186
0.045260
-0.150827
-0.013981
-0.198872
-0.000592
0.002662
0.027898
0.205679
0.078290
-0.176981
0.067228
-0.061388
0.072463
0.066036
0.014150
-0.100868
-0.049999
-0.063423
0.031608
0.073533
-0.114111
0.056789
0.003791
-0.022347
-0.111929
-0.106124
0.002459
0.088931
0.273782
-0.112819
-0.004639
0.250120
-0.199167
-0.120530
-0.018612
-0.056422
-0.064723
-0.015297
-0.045084
0.139423
-0.048073
0.029435
0.042522
-0.038024
-0.149435
-0.009710
-0.017759
-0.176713
-0.194166
-0.026732
-0.020595
0.012816
0.113710
-0.016846
0.174778
-0.060053
-0.011015
0.198794
-0.009517
-0.078045
0.046286
-0.021690
-0.016587
0.203552
-0.051558
-0.140242
-0.088452
-0.007827
-0.083256
-0.170583
-0.186991
0.012558
-0.112012
-0.061088
-0.059924
0.100846
-0.168149
0.034248
0.079845
-0.094982
0.051508
0.172853
0.012042
0.078671
0.126706
0.141716
0.191383
0.080680
0.130923
0.012581
-0.222568
-0.080398
0.036951
-0.158808
0.176349
-0.116282
-0.181727
0.057835
-0.024341
0.155981
-0.096720
0.183243
0.064212
0.167063
0.221772
0.033114
-0.052171
0.062155
0.026946
0.019462
0.035561
-0.021700
-0.035004
-0.028704
-0.069606
-0.070960
0.033376
0.034451
0.265583
0.088355
0.230136
0.234721
-0.012570
0.238677
0.143932
-0.035918
-0.117955
-0.093603
0.038993
-0.050968
-0.015815
0.187707
0.152044
-0.008250
-0.031188
-0.053313
-0.083337
-0.025670
-0.159068
0.098329
0.007771
-0.107554
-0.199342
0.186471
0.138740
-0.134891
0.180321
0.047403
-0.195619
0.075233
0.033555
0.070600
0.077814
0.012714
0.112714
0.077647
0.076348
-0.045833
0.030514
-0.030960
-0.038713
0.074659
-0.059365
-0.096709
-0.062544
-0.287482
-0.234461
-0.120039
-0.107064
-0.061033
0.099350
0.037751
-0.061967
-0.082920
-0.053078
0.300979
-0.066814
0.145025
0.238879
0.067715
-0.212110
-0.120525
-0.160293
-0.147444
-0.155257
-0.001422
0.150858
0.059761
0.091415
-0.012692
-0.177746
0.005065
0.054779
-0.162968
0.050679
0.078384
-0.021476
-0.042465
0.045177
-0.171968
0.125779
0.106341
0.046861
0.012070
0.115025
0.132167
0.148032
0.065114
0.002975
-0.090218
0.125695
0.330535
0.018581
-0.058520
0.074999
-0.084422
-0.249977
-0.033626
0.050255
-0.179886
-0.144196
-0.113803
-0.052626
-0.134518
0.005449
-0.148810
-0.067720
-0.056253
0.009653
0.054742
-0.124513
-0.009787
0.197246
0.015326
-0.075563
0.156013
-0.028786
0.007655
0.185217
-0.073697
0.140343
-0.092534
0.196071
-0.113220
-0.093004
-0.171685
-0.311184
0.173043
-0.219010
-0.217226
-0.007206
-0.079426
-0.114533
0.024440
-0.062958
0.050658
-0.000747
0.115085
0.099036
-0.095899
-0.027687
-0.018949
-0.127419
0.084172
-0.045806
-0.073045
0.010642
-0.046380
-0.002302
-0.050946
-0.052968
0.004843
0.032214
-0.009042
-0.065135
0.037302
0.087482
-0.018931
0.156730
0.042160
-0.118553
0.001416
-0.217022
0.334894
-0.019873
-0.149656
0.156362
0.051221
0.067180
-0.050508
0.116409
0.088651
0.082298
-0.116234
-0.041451
0.252179
0.117901
0.239722
0.149778
0.003610
-0.021329
0.192175
-0.150468
-0.089626
-0.049826
-0.209842
-0.132744
-0.212764
-0.176901
-0.195697
-0.165692
-0.072133
-0.132956
-0.021329
0.018927
-0.113764
-0.059878
0.090298
-0.037875
0.043218
-0.032487
0.150760
0.221292
0.083085
-0.275519
-0.235168
-0.049669
-0.191112
0.024271
-0.158510
-0.043342
0.015301
0.019934
-0.056030
-0.011806
-0.098801
0.131749
0.033123
-0.037631
0.144796
0.067079
-0.031401
-0.103401
-0.096509
0.104354
-0.125467
-0.016167
0.032137
-0.178292
-0.118085
0.047356
-0.032593
-0.153810
-0.042263
-0.263847
0.017737
-0.144475
-0.074658
0.129194
0.047655
0.063019
0.173473
-0.080185
0.025143
0.224981
-0.140103
-0.299367
0.052736
0.085873
0.163052
0.095621
0.071881
0.127015
0.159403
-0.078223
0.072506
0.016572
0.207232
0.250166
0.184983
0.015701
-0.185499
0.149841
-0.040504
-0.146965
-0.041038
-0.146326
-0.144345
-0.103779
-0.007694
-0.199208
0.017165
-0.014407
-0.015549
0.230449
0.105784
-0.021864
-0.154476
-0.093423
-0.102838
-0.199210
-0.076896
-0.120052
-0.006528
0.053235
0.089211
0.176139
-0.050985
0.063570
0.132329
-0.104766
-0.073886
0.023022
0.138102
-0.087361
0.033527
0.142824
0.054591
-0.017775
0.122062
0.124125
-0.090167
-0.067822
0.095803
-0.104647
0.210687
0.191303
0.149159
0.089325
0.203706
0.056722
-0.064310
0.150178
-0.148240
-0.097371
0.144348
0.049988
0.006429
0.159159
0.081308
0.018166
-0.055438
0.087234
-0.023669
-0.153556
0.239786
0.013724
-0.164201
0.054738
-0.083775
-0.068611
-0.101239
0.055901
-0.126447
-0.127008
0.145369
0.009326
-0.104154
-0.004800
0.149371
-0.120409
0.203718
0.059455
-0.063469
0.145547
0.145136
-0.065665
-0.014268
-0.073647
-0.090208
-0.027120
-0.084514
0.189364
-0.075609
-0.065673
0.156535
0.033211
0.013920
-0.010140
0.148047
0.015191
-0.327262
0.110770
-0.093733
-0.084661
0.158164
0.084700
0.079618
0.095794
0.121237
0.210535
0.125471
0.039941
-0.066522
-0.020772
-0.104222
-0.011803
-0.045158
-0.135271
-0.014405
-0.095148
-0.214835
-0.121965
0.017780
-0.183931
-0.244743
-0.034917
0.231712
0.022976
-0.031520
0.042559
-0.127342
-0.045927
-0.247483
-0.163648
-0.226638
-0.091310
-0.022407
-0.161403
-0.032392
-0.033203
0.035426
-0.111585
0.021838
0.180505
-0.010863
-0.067143
0.102390
-0.051807
-0.203586
0.033142
-0.155995
-0.067876
0.016286
0.033669
0.040708
0.029641
0.060209
-0.047532
-0.070539
0.006925
0.371105
-0.166863
-0.180687
0.024177
0.010455
0.002016
0.038279
0.100686
-0.086088
-0.025783
0.035479
-0.047212
-0.222295
0.080054
-0.070099
-0.117279
0.087941
0.067270
-0.093882
0.076155
0.090860
-0.067463
0.066981
-0.024988
-0.013413
-0.056108
-0.130849
0.065807
-0.113128
-0.022076
-0.044761
-0.046911
-0.038143
0.060381
0.158936
0.096129
0.169103
-0.138614
-0.121387
0.055754
0.030019
-0.025067
0.015076
-0.071458
0.185144
-0.096823
-0.075392
-0.130715
0.094752
-0.071091
-0.158018
-0.008665
0.200649
0.000579
-0.001177
0.047296
0.278308
0.139199
-0.050951
-0.073131
0.170107
-0.065635
-0.113621
0.054051
0.083599
-0.064925
0.163426
-0.070701
-0.058393
-0.054039
-0.087983
-0.090692
0.104342
0.241472
0.370315
0.047733
-0.060272
0.086297
0.012564
0.125258
-0.118028
0.258647
-0.211714
-0.280407
-0.055025
-0.094453
-0.079110
-0.061234
0.032011
0.054080
0.124203
0.127738
0.014060
0.214295
0.125622
0.112748
0.041664
-0.019614
-0.096776
-0.074796
-0.113369
-0.198403
-0.049532
0.043450
-0.009358
0.082394
0.007994
0.076602
0.053239
0.157515
0.166425
0.067833
0.180996
0.112242
-0.013224
0.086872
-0.042159
-0.003889
0.142579
-0.061769
-0.317166
0.200203
-0.148971
-0.258081
0.050312
-0.052482
-0.055175
0.027926
-0.048214
-0.105274
-0.065232
0.063670
0.080997
0.169163
0.254868
-0.035775
0.073661
-0.080152
-0.215034
-0.036911
-0.166860
-0.175170
0.020144
-0.165707
-0.001738
0.008286
-0.169778
0.076639
0.031956
0.126033
-0.213014
0.034484
0.106985
-0.104025
0.130955
0.052116
-0.059248
0.110761
0.044491
-0.085913
0.258527
0.109043
0.015475
-0.153961
0.004071
0.200460
-0.228275
-0.067820
0.146960
0.098802
0.139442
0.082678
-0.132857
-0.215156
0.034239
0.042824
-0.060629
0.096279
-0.019914
0.083521
0.167049
0.149537
-0.017140
0.072881
0.030797
-0.094984
-0.024638
0.051707
0.137607
0.005824
0.043279
-0.055968
0.117064
0.101356
-0.205237
-0.015778
-0.097107
0.177781
0.191841
-0.072060
-0.065613
-0.044477
-0.053615
-0.096423
-0.051482
-0.122630
0.068347
0.071409
0.127088
0.054440
-0.030407
-0.072370
-0.101028
-0.037303
0.106214
-0.083164
0.139880
-0.033228
-0.085205
0.076796
-0.078559
-0.310158
-0.131404
-0.007092
-0.055369
-0.238956
0.006705
0.022390
0.049130
0.132283
-0.000122
0.024646
-0.039775
-0.001953
0.111097
0.026944
-0.016782
0.010860
0.068467
-0.147906
-0.158606
-0.082067
-0.028220
-0.000918
-0.023462
-0.073500
-0.028148
-0.146872
-0.062218
0.041173
0.030087
-0.005892
-0.003643
0.026612
-0.096479
-0.007732
0.124953
0.031177
-0.103781
0.045803
-0.047068
0.014562
-0.003093
-0.010831
0.035094
-0.162093
-0.317346
-0.045103
-0.075563
0.084794
0.226307
0.097476
0.086124
0.250114
-0.040530
0.139812
0.155277
-0.034901
-0.034584
-0.031765
0.031530
0.086646
0.209197
-0.021244
0.030616
0.010449
0.078159
-0.132307
0.027558
0.215969
0.030263
0.039699
0.131170
0.055724
0.045044
-0.032651
-0.271946
0.092598
-0.094137
-0.197699
-0.144110
0.149110
-0.113341
-0.140653
0.034738
0.084912
0.039876
-0.054826
-0.305568
-0.083424
-0.076955
0.094455
-0.151929
0.006465
-0.065960
-0.079687
-0.231392
-0.065480
-0.055521
-0.132134
-0.061905
-0.040486
-0.252508
-0.224020
-0.052524
-0.145710
0.055209
0.112164
0.062506
0.488623
-0.003546
0.093147
-0.024437
-0.022844
-0.012381
0.025913
0.027426
0.216803
-0.000492
0.022684
-0.025793
-0.071239
0.139348
-0.151625
0.201459
0.102689
-0.073242
-0.043409
0.018255
-0.071618
-0.086899
0.072531
-0.149242
-0.079625
-0.054616
0.065802
-0.002059
0.065998
0.018862
-0.166584
-0.026481
-0.156551
0.100526
0.128401
-0.073272
-0.024718
0.018739
0.028003
-0.105577
-0.004904
-0.081454
-0.030678
-0.189010
0.175796
0.124823
-0.067634
-0.099553
-0.026655
0.321333
-0.075356
-0.038684
0.193590
-0.044475
0.159402
0.204940
0.073874
-0.183465
-0.118407
-0.142204
-0.129991
-0.057238
-0.082371
-0.003204
-0.049094
-0.035161
-0.265469
-0.097878
-0.116396
-0.228854
-0.081760
-0.040901
-0.115179
-0.108859
0.052566
-0.053959
-0.026745
-0.092475
-0.110247
-0.085319
0.066121
0.035957
-0.190639
0.053122
-0.092025
0.030289
0.076604
0.027286
-0.053883
-0.053941
-0.058121
-0.182146
0.164595
0.142278
0.125325
-0.075013
0.112575
0.078870
0.080006
0.095868
0.163381
0.042615
0.139905
0.046762
0.054649
-0.280513
-0.114294
-0.074174
-0.105034
-0.159564
-0.021232
-0.144473
0.082134
0.048955
-0.143047
0.009224
-0.002637
-0.146914
0.013548
-0.063018
-0.193789
0.005967
0.020832
0.202967
0.164167
0.069198
0.253471
0.084029
-0.106012
0.190031
0.000247
-0.037236
0.063598
-0.062455
0.148713
0.250608
-0.088043
0.188287
-0.026122
0.064535
0.158767
-0.118809
-0.051844
0.085526
-0.065637
-0.030662
0.156981
0.122571
0.003512
-0.003084
0.142844
0.035489
0.130387
-0.154297
-0.139029
-0.053616
0.079486
0.001762
-0.206521
0.092994
0.159076
-0.154989
0.269294
0.027514
0.003146
0.057966
-0.135365
0.103616
-0.029107
-0.115078
0.051801
0.040349
-0.261298
0.022174
0.015505
0.027392
0.060361
0.009482
-0.178919
-0.141171
-0.294409
-0.087990
-0.015724
0.045628
0.063767
-0.019187
0.139248
-0.006469
0.022835
-0.172902
0.089796
0.082949
-0.035391
-0.000482
0.075780
-0.069438
0.070081
0.110868
-0.052195
-0.136815
0.071139
0.100888
-0.150537
-0.031744
-0.001190
-0.080507
-0.012346
-0.160752
0.072521
0.012119
0.000134
0.178618
-0.050104
-0.014820
-0.059167
0.064277
0.084965
-0.011959
-0.070774
-0.125776
-0.039122
-0.015325
-0.107050
-0.020238
-0.093466
-0.155945
0.092362
0.007390
0.047157
-0.113540
-0.025531
-0.232684
-0.099931
0.289098
0.143254
-0.060960
-0.006009
0.149133
0.064084
-0.215334
-0.216090
0.030563
-0.007838
-0.072911
0.017029
0.126549
-0.136445
-0.053253
0.009073
-0.125244
-0.073418
0.102392
0.086868
0.018493
0.101813
0.026288
-0.006220
-0.034315
-0.081279
-0.061599
0.013033
-0.035508
-0.268154
-0.098975
-0.103066
-0.068193
0.200957
0.068613
-0.062387
0.201664
0.283380
-0.043231
-0.016823
0.075708
-0.215330
-0.108101
0.138717
0.010953
0.013317
0.022125
0.229698
0.100021
0.000341
-0.251393
0.009885
0.165744
-0.047883
-0.130383
-0.046373
0.165178
0.028267
-0.016733
0.086890
-0.033063
0.039370
0.124378
-0.014782
-0.058905
-0.066315
-0.085492
0.053466
0.266933
-0.114804
-0.030361
-0.056447
-0.040642
0.027620
-0.012032
-0.059314
0.078577
0.088537
-0.082154
0.093405
-0.143666
-0.060013
-0.078475
-0.273613
0.017233
0.010408
0.095516
-0.046938
-0.176375
-0.070542
-0.129478
0.049186
-0.105773
-0.002627
0.197722
-0.161337
-0.105179
0.349113
-0.039722
-0.021535
0.095867
0.284857
0.073601
0.035380
-0.011364
-0.131891
-0.005677
0.003390
0.025082
-0.093298
-0.046477
-0.047694
-0.068783
0.060329
-0.073518
-0.039290
-0.050535
-0.065030
-0.120727
-0.014606
0.051447
-0.003092
-0.055576
-0.001019
-0.156638
0.158892
0.056281
0.147938
-0.247429
0.003562
-0.083641
-0.114676
0.027623
0.057297
-0.020780
-0.034224
-0.027933
-0.001196
0.022269
0.266003
0.256069
-0.054008
-0.052462
0.115525
0.164504
0.120247
0.017292
0.070455
-0.037946
-0.013539
0.005517
0.085703
0.062150
0.023031
0.153161
0.134099
0.076716
0.056452
-0.075867
-0.074494
0.076323
0.065669
0.016273
0.078406
0.075076
0.078634
-0.201262
-0.084725
-0.002676
0.059643
0.042519
0.014469
-0.083972
-0.227671
-0.055939
-0.008180
-0.166167
-0.137926
-0.134267
-0.142098
-0.080157
-0.154844
0.074136
0.068523
0.001680
-0.000439
0.155572
0.143968
0.257117
-0.037512
-0.080796
-0.081094
-0.089365
-0.067827
-0.064402
-0.026368
-0.015167
-0.052822
0.225718
-0.146538
-0.105557
-0.035820
-0.062202
-0.102566
0.174436
-0.013777
-0.038311
0.124315
-0.206888
-0.028605
0.072017
0.187863
0.169997
-0.016031
-0.240423
-0.128168
-0.108413
-0.243639
-0.061235
0.063373
0.057883
0.106227
0.007440
0.028119
0.115534
-0.188342
-0.096962
-0.000661
-0.008055
0.140204
-0.057279
0.006800
0.176998
-0.007844
0.107991
-0.036268
0.038821
0.034877
0.057758
0.015400
-0.014901
0.287266
0.012804
-0.172567
0.058154
0.167410
0.072543
0.329091
0.058074
-0.069168
-0.099397
-0.016259
-0.123952
-0.018280
-0.113826
0.009007
0.003257
0.192969
-0.241687
-0.085711
0.066954
0.025585
-0.001588
0.001794
0.115453
0.011760
-0.012903
-0.002554
-0.096618
0.088334
-0.076720
-0.056453
-0.124556
0.049363
-0.015470
-0.117835
-0.037273
0.055693
-0.046697
-0.032377
-0.053336
0.102880
0.059187
-0.055367
-0.150904
-0.335967
-0.289785
-0.053667
-0.190241
-0.120388
0.180433
0.083423
0.112504
0.253523
-0.021343
-0.073900
-0.085437
-0.208719
-0.060256
0.013196
-0.035458
-0.137132
0.129435
-0.139320
-0.012134
-0.055317
-0.011569
0.013797
0.039100
-0.009998
-0.071772
-0.009699
-0.057692
0.084277
-0.010471
0.066486
-0.018082
-0.009719
0.118454
0.209370
-0.023370
-0.123700
0.051301
0.149736
-0.024918
-0.140464
0.127539
0.194012
0.043586
0.011814
0.155378
-0.019309
-0.080234
0.061937
0.172647
-0.045310
-0.141511
0.046897
0.136127
-0.121910
-0.294270
0.037300
0.019695
-0.085468
-0.117132
0.102924
-0.116745
-0.058201
-0.035550
-0.053023
-0.041335
0.022474
-0.058315
-0.050038
0.060299
0.071492
-0.244431
0.071156
-0.010235
-0.169678
-0.050726
-0.158960
-0.192419
0.217651
0.089441
0.076169
0.014115
0.070953
0.044078
-0.141662
-0.119123
-0.039823
0.052145
-0.001508
-0.116219
-0.199799
-0.199265
-0.155165
-0.128725
-0.079731
-0.020002
0.214317
0.007023
0.012152
0.098177
0.027423
0.068626
0.048290
0.090113
-0.013119
-0.283410
0.039478
-0.155439
-0.066793
0.052724
-0.029834
0.041459
0.039899
0.119682
0.030397
-0.006825
-0.003823
-0.018319
-0.134631
-0.027225
-0.054525
0.081975
0.034697
-0.082203
-0.070135
-0.028467
0.076694
0.317317
0.072665
0.039487
0.271116
0.130297
0.039391
0.146210
-0.054613
0.083348
0.001300
-0.095903
-0.019765
0.125424
0.112323
0.048250
0.154361
0.139633
0.217716
-0.077988
-0.060435
0.145379
0.031469
-0.090913
0.189114
0.128507
-0.098088
-0.043625
0.052095
0.028930
-0.154819
-0.140814
0.037643
0.191315
-0.021762
-0.014178
-0.023144
0.226945
0.228070
-0.059734
-0.130426
0.307545
0.007694
0.131942
0.064867
0.016783
0.184520
0.013725
-0.054915
-0.041750
0.110683
-0.166732
-0.040099
-0.102483
-0.144951
-0.224435
-0.090409
-0.119354
-0.106198
-0.108465
0.230107
-0.028823
-0.068908
-0.025938
-0.114037
0.080585
-0.083426
-0.118939
-0.116423
-0.095187
0.282862
-0.256923
-0.043542
0.117772
0.080011
0.108994
-0.021066
0.153489
0.089190
-0.218814
-0.072316
0.130991
0.174301
-0.119031
-0.094265
0.206767
0.097344
-0.007992
-0.014803
-0.096985
-0.095512
0.098767
-0.126816
-0.125430
0.018516
0.024027
-0.035013
-0.075209
-0.005586
0.037029
-0.019160
-0.111797
0.112296
-0.095766
0.020479
-0.201792
0.158811
0.220864
-0.118285
-0.113865
-0.090123
0.028097
0.066036
-0.179367
-0.127623
-0.184070
-0.200060
0.080795
0.032121
-0.135493
0.057875
0.008602
-0.184790
-0.142729
0.051491
-0.132753
0.201542
0.178761
0.122470
0.198634
0.162604
-0.025369
-0.147408
-0.123927
-0.101558
-0.046020
0.085714
0.032558
0.117296
-0.109551
-0.148109
0.160065
0.077427
-0.099288
-0.002323
-0.031476
0.135308
-0.104789
0.002494
0.082769
-0.076904
-0.008255
0.030916
-0.019588
0.098436
0.110619
-0.088609
0.073785
0.082807
0.047157
-0.089561
-0.044600
-0.055691
-0.109695
-0.185049
-0.086289
0.056107
0.224290
0.061782
0.018233
0.007202
-0.017904
-0.059086
-0.136706
-0.173597
-0.158180
-0.239458
0.132909
0.058683
0.122244
0.156970
0.066671
0.050590
0.015155
0.208347
0.162251
0.046451
0.214374
-0.055037
0.104375
0.006368
-0.066677
0.051373
0.002679
-0.097032
-0.007397
0.031108
-0.015732
-0.133732
0.078265
0.202888
-0.140733
0.053733
0.115771
-0.119557
0.026175
0.052290
0.077912
0.138334
0.092244
0.109467
0.139592
-0.025171
-0.029396
-0.033858
-0.011366
0.069580
-0.027055
0.036373
0.092914
-0.029598
-0.016727
-0.254765
-0.234257
0.080296
-0.079374
-0.063223
-0.166413
-0.034429
-0.080746
-0.278724
0.173138
0.172281
-0.029250
-0.009828
-0.098637
-0.119108
-0.074937
-0.227174
-0.230305
-0.128582
-0.200419
0.043803
-0.079365
-0.159107
-0.014334
0.023629
0.173236
-0.118188
-0.029805
0.116133
-0.017118
0.012226
0.123786
0.013415
0.070102
-0.111566
-0.012731
-0.061246
-0.032261
-0.022306
0.060428
-0.019370
-0.092078
0.015611
-0.075205
-0.080127
0.056678
0.063360
0.027355
0.139028
-0.058274
-0.220882
0.012057
-0.163743
-0.166982
-0.096773
-0.098377
-0.098091
-0.210008
-0.170904
-0.234555
0.035068
0.114929
0.047061
0.144622
0.204295
0.219390
-0.086964
-0.001883
0.112607
-0.094749
0.088706
0.010088
0.165425
-0.167051
-0.159429
-0.084064
-0.068608
-0.129043
-0.122858
0.204639
0.046556
0.061607
0.056219
0.188293
-0.086215
-0.121814
-0.125752
-0.062625
-0.193848
-0.102875
0.123790
-0.035110
0.017492
-0.159348
-0.079389
0.046561
-0.200459
0.000613
0.105586
0.007816
0.044080
-0.195526
0.048895
-0.005245
-0.226356
0.000325
0.039171
0.083154
-0.028421
0.116934
0.140162
-0.049171
-0.067075
-0.056628
0.179580
0.219584
0.010242
0.031250
0.020782
0.234058
-0.148734
-0.050388
-0.016983
-0.057613
-0.243580
-0.054200
-0.056224
-0.157124
-0.169100
-0.198912
-0.135132
-0.060344
-0.041194
-0.117304
0.046147
0.185689
0.207122
0.110524
0.007829
-0.226478
0.005184
0.074416
-0.246339
0.012619
0.250106
0.061241
0.065096
0.047512
-0.239088
-0.066669
0.056114
-0.074653
0.106501
-0.113895
0.203353
0.069457
0.051311
0.241948
0.067561
-0.037186
0.075101
-0.087345
-0.045068
-0.171583
-0.038353
-0.030027
-0.185111
0.051770
0.086195
-0.032282
-0.228149
-0.040925
-0.224535
-0.179279
0.012498
-0.045605
0.036301
-0.056174
0.008994
0.060377
0.139571
-0.191205
-0.052333
0.019029
-0.170816
-0.207021
-0.149753
-0.112764
-0.034958
-0.160548
-0.132999
0.021445
-0.186029
-0.129788
0.050727
-0.066270
0.154595
0.202954
0.086882
-0.071288
-0.072031
0.098947
-0.037788
-0.154756
-0.040338
0.000714
-0.232708
-0.164089
-0.138421
-0.134840
-0.083126
-0.020285
-0.095504
0.145039
0.124582
-0.071380
-0.005356
-0.056450
-0.157981
0.076559
-0.207531
-0.015392
-0.144826
-0.040310
-0.132864
-0.095549
0.120340
0.107241
0.025373
0.068933
0.239260
0.093056
0.020672
-0.216332
0.128231
0.071547
0.165954
0.001473
0.058962
0.117200
0.087032
-0.045279
-0.238487
0.057483
-0.021088
-0.077147
-0.058905
-0.230784
-0.188619
-0.062423
-0.056116
-0.117364
0.049106
-0.087127
0.116722
-0.118719
-0.201497
-0.154507
-0.081378
0.013536
-0.102306
-0.073890
-0.113166
-0.005731
0.030299
-0.132930
-0.006249
0.064275
-0.070166
-0.183441
0.012285
-0.064631
0.054019
0.019598
0.064459
-0.041652
-0.137188
-0.114615
0.192462
-0.081861
0.093673
0.034172
0.116228
0.139194
0.072037
0.072911
0.061089
0.088700
0.034111
0.247578
0.064016
-0.019486
0.025607
0.052905
-0.107246
0.254295
0.142751
0.059223
-0.017410
0.006263
-0.027519
-0.076556
0.068997
-0.044331
-0.152792
-0.006958
-0.066863
0.118968
0.133857
-0.098154
0.041271
0.133577
-0.034948
-0.044728
0.020145
-0.134934
-0.071150
-0.015800
-0.061209
-0.070224
-0.000544
0.118535
-0.009874
0.079536
-0.070305
-0.211947
-0.023704
-0.145050
0.040310
0.004880
-0.058834
0.058336
0.181312
0.089655
0.164069
0.260549
-0.040329
0.075415
0.152400
-0.048033
-0.030214
-0.117599
0.036269
-0.037076
-0.109578
0.094794
0.042725
-0.227570
0.026267
-0.012212
0.078782
-0.169326
-0.308321
-0.118757
-0.030943
-0.130659
0.174506
-0.165558
-0.011978
0.166885
-0.038875
-0.029583
0.001959
-0.112835
0.050813
-0.057371
0.032749
0.147615
0.134367
-0.028176
0.041558
-0.108874
0.100903
0.149540
0.065300
0.044307
0.151787
0.223532
0.075034
0.105027
0.204406
0.162918
0.163981
0.227568
0.092084
-0.036530
-0.097318
0.010290
-0.120108
0.101876
0.086230
-0.134395
-0.174340
-0.072871
-0.005792
0.019782
-0.035518
-0.214755
-0.000390
0.136654
0.128672
0.155323
0.069510
0.275465
0.129940
-0.227357
0.042392
0.049287
-0.013919
0.103919
0.004468
-0.019256
-0.078785
0.097871
0.037724
0.172739
0.080885
0.021467
-0.006718
-0.005677
-0.056494
0.070860
0.070307
0.150673
-0.211750
0.018423
-0.145694
-0.359531
-0.202523
-0.117860
-0.022240
-0.071131
0.074109
0.024736
-0.075876
-0.052947
-0.187420
-0.043684
-0.109611
0.091156
0.121395
0.073946
0.196052
0.188808
0.012003
0.117105
0.089215
-0.056483
0.015300
0.012987
0.221309
-0.180948
0.004770
-0.017073
-0.204519
-0.079049
-0.074733
0.119892
0.069545
0.046284
-0.115817
-0.092744
0.057253
-0.036372
-0.005076
0.041358
0.213715
0.153236
0.272329
0.178691
0.029875
0.015217
-0.035460
-0.028011
0.078891
0.016604
-0.081546
-0.002506
-0.157758
0.031032
0.058527
-0.077736
-0.077243
0.055588
0.136480
0.030123
-0.110075
-0.139725
0.051999
-0.085357
-0.139693
-0.092750
-0.156536
-0.022381
-0.149210
0.046800
0.121805
0.030186
0.165261
0.078859
-0.025882
-0.080337
-0.220138
-0.230569
0.035556
-0.056816
0.070948
-0.007676
-0.129119
-0.080264
-0.104359
-0.179441
0.020591
0.101658
-0.229500
-0.093990
0.053653
0.049501
0.024890
0.004432
0.118986
0.089361
-0.226000
-0.253848
-0.121870
0.062136
-0.015621
-0.185090
-0.055046
-0.025355
-0.124017
-0.063913
-0.045304
-0.062063
0.110148
0.073074
-0.013318
0.013653
0.095549
-0.049873
0.143550
0.027163
-0.114245
0.119388
0.043260
-0.084425
-0.013656
-0.079998
-0.164628
-0.031667
0.159662
0.072347
-0.040718
0.020463
0.067755
-0.109599
-0.104576
-0.060368
-0.069041
0.027477
-0.023542
-0.045603
-0.161050
-0.067043
-0.047671
-0.021329
0.027241
-0.204987
-0.159130
-0.058702
-0.215574
-0.000227
0.027560
-0.036101
0.047251
0.180795
0.001702
0.244164
0.015935
0.034220
0.121961
0.127957
-0.070806
-0.109566
-0.149598
0.106991
0.007975
-0.118975
0.209952
-0.055408
-0.069588
-0.164356
-0.074220
-0.172848
0.121203
-0.035455
-0.051161
0.152983
0.064158
0.019416
-0.018030
0.014720
0.020418
0.008299
-0.107698
0.044504
0.164593
0.050636
0.024544
0.008048
-0.153778
-0.149500
-0.041604
-0.167277
-0.162969
-0.050630
-0.151615
-0.008351
0.039683
-0.031287
0.191144
0.286958
-0.107837
0.031099
0.329755
-0.022207
-0.074039
0.062560
-0.113729
-0.184077
-0.097534
-0.032324
-0.101041
0.038425
0.110404
-0.082149
-0.090533
-0.050184
0.100908
0.006685
0.175948
0.153541
0.075837
-0.193747
0.055479
-0.025306
-0.130408
-0.007564
0.169680
-0.087724
0.083504
0.006794
0.020052
0.210103
-0.030600
-0.037042
0.082046
-0.043816
-0.052747
-0.055321
0.268932
0.070045
0.020981
0.146702
-0.049710
-0.156058
0.219706
-0.165672
0.143948
0.215210
-0.125980
0.065423
0.114638
0.153640
-0.051589
0.064177
0.003274
-0.097673
0.172445
0.052007
0.057058
0.098388
-0.150612
0.144155
0.005610
0.076515
0.037245
-0.038010
0.070812
-0.006850
-0.059138
-0.020391
-0.075282
-0.074926
-0.066447
0.048249
-0.100907
-0.025948
-0.106567
-0.038928
0.036062
-0.063434
-0.114724
-0.051785
0.146071
0.090522
0.068641
0.101451
0.041984
0.094133
0.071750
0.011567
0.041387
0.075544
-0.149224
0.026625
0.017063
0.019725
0.095679
-0.093294
0.020960
0.056849
-0.033348
-0.098070
-0.104084
-0.104999
0.036232
-0.154346
-0.102023
-0.083827
-0.090740
-0.057946
0.120864
-0.211042
-0.256879
0.112536
-0.140122
-0.238272
-0.134976
-0.112942
0.043911
-0.055238
0.088785
-0.166623
0.162972
0.113226
-0.134722
-0.166002
-0.107821
0.026384
0.095193
-0.202932
-0.019694
0.144493
-0.108036
0.138775
-0.085582
0.008258
0.157445
-0.007954
-0.182784
-0.075952
0.080470
-0.170689
0.018503
0.003240
-0.143693
-0.072532
-0.147137
0.080346
0.070840
0.039476
0.144243
0.119411
0.045814
0.134245
-0.058757
0.111502
0.164813
-0.110687
0.009038
-0.061136
-0.141655
-0.160175
0.012574
-0.182286
-0.053837
-0.037569
-0.181219
0.072207
-0.013571
-0.237444
-0.127423
-0.231870
-0.113587
0.037511
-0.139651
-0.145122
0.116376
-0.013724
0.013886
-0.062475
-0.165157
0.026714
-0.143342
-0.082429
-0.136537
-0.102024
0.030952
-0.180141
-0.109423
-0.128805
0.008924
-0.068885
0.065580
-0.086062
-0.054176
0.212187
-0.085177
0.073968
-0.020247
0.008983
0.059446
0.033592
-0.112127
-0.050185
0.086103
-0.047508
-0.129002
-0.027002
-0.036422
-0.112750
-0.009930
0.069221
-0.090695
0.078264
0.147268
-0.063861
-0.014514
0.026265
-0.000395
-0.093754
0.029618
-0.018456
0.051891
0.039763
-0.142135
-0.175708
-0.102856
-0.069308
0.168315
-0.121035
0.002060
0.177322
-0.142207
0.045550
-0.109822
-0.040630
-0.015249
-0.028552
0.026484
-0.022224
0.135778
0.097329
0.113364
0.005894
0.056879
0.057231
-0.086903
-0.134095
-0.068403
-0.045062
0.223744
-0.207315
-0.141991
-0.131314
-0.220922
-0.163145
-0.010353
-0.042212
0.134815
0.052802
-0.330751
-0.155097
-0.036701
-0.235828
0.055106
-0.029074
0.040891
0.236894
0.019240
-0.012137
0.026425
-0.085805
0.000806
-0.027281
-0.039799
0.058082
0.139331
0.042028
0.188459
0.258078
0.026859
0.145359
0.219064
-0.048166
0.063638
-0.086240
-0.274146
0.094900
0.131682
-0.084390
0.012368
-0.100587
-0.033145
-0.001518
-0.087047
0.064587
-0.087730
-0.203324
-0.006866
-0.078974
-0.160070
0.021162
-0.068874
-0.066599
-0.093618
-0.067628
0.011369
-0.044070
0.191019
0.230387
0.045251
-0.089418
-0.042958
0.025028
0.034400
-0.002476
0.109091
-0.195748
-0.225220
-0.011520
-0.064408
0.000314
-0.110639
0.070796
-0.113835
-0.003975
0.013250
-0.057801
-0.211753
-0.006895
-0.059413
-0.073874
-0.103177
-0.079896
-0.144280
-0.116520
-0.021426
0.059117
0.087758
0.036821
0.138732
-0.113984
-0.204835
-0.015457
-0.020341
-0.228541
-0.155052
0.126946
-0.128408
0.034455
-0.019771
0.117722
0.175123
0.004360
-0.000281
0.125120
-0.093742
-0.099861
0.171707
0.020310
-0.016493
-0.039313
0.096536
0.090858
0.032699
0.019347
0.072579
-0.102842
0.061291
0.086879
0.084113
-0.051925
0.098172
-0.115966
-0.013436
-0.062050
-0.091503
-0.084659
-0.363395
-0.005925
0.039822
0.007792
0.207475
0.196708
0.133256
0.251669
-0.004562
-0.112531
0.039931
-0.067038
-0.116197
-0.007950
-0.133787
0.154004
0.116178
-0.112323
-0.159855
-0.060744
-0.043261
-0.074461
-0.051145
-0.147597
0.019075
-0.124978
0.293243
-0.197422
0.012095
-0.018807
-0.070419
0.349601
0.091936
-0.008639
0.377307
-0.060765
-0.267437
-0.049976
0.064147
-0.024405
0.020644
-0.033116
-0.104624
0.085799
-0.039502
-0.044071
-0.104279
-0.086581
-0.027224
-0.022948
-0.059358
-0.061568
-0.125922
0.100674
0.069826
0.114855
0.035227
-0.029556
0.081161
0.032561
-0.041137
0.192355
-0.132849
-0.228603
-0.107326
0.060259
-0.203534
0.063226
-0.097233
-0.181599
0.219870
-0.004174
-0.034227
-0.048109
-0.097783
0.066459
-0.086728
-0.198823
-0.039936
-0.131122
-0.138881
0.087258
-0.123089
-0.120331
0.047615
0.129763
-0.228609
-0.133585
0.112754
0.097459
-0.056669
-0.118670
0.219575
0.044773
0.064240
0.072773
0.032580
0.139718
-0.049412
0.029801
0.066973
0.175634
-0.055274
0.093063
0.084153
-0.037481
0.166799
0.026083
-0.091181
0.091317
0.130968
0.097272
0.045967
-0.024482
0.159118
-0.038200
-0.063656
-0.213905
0.002748
-0.002082
0.039661
0.010934
-0.061488
-0.120135
0.080397
0.161759
0.043553
-0.031264
0.159362
0.168572
0.058239
-0.006246
0.142028
0.018240
-0.144530
-0.096511
-0.061976
-0.080971
0.203258
0.053628
-0.315717
-0.209794
0.116468
0.313025
0.073498
0.028249
0.006258
0.071220
0.153436
0.075049
-0.091699
0.017504
0.155426
-0.077534
0.056399
0.195276
-0.034862
-0.212972
0.096458
0.032302
-0.021569
-0.167658
-0.014033
0.054478
-0.034259
-0.080271
0.057918
0.071126
0.025009
0.020762
0.014486
-0.016229
0.024279
-0.047345
-0.057269
0.079419
-0.051538
-0.015711
-0.053317
-0.067425
0.160563
0.044398
-0.025251
0.032249
-0.071614
0.099541
0.144813
-0.119395
-0.202848
-0.003922
-0.096084
-0.415812
0.021391
0.004053
-0.072990
-0.076686
-0.087141
0.041937
-0.056996
0.011661
0.183006
0.086786
-0.204013
0.179328
0.207714
-0.077059
-0.140319
-0.087542
0.051618
-0.078438
0.055784
0.009762
0.043790
-0.071821
0.008207
-0.101630
0.181931
-0.073978
0.078807
-0.007329
0.017324
0.001666
-0.067851
-0.069620
0.135199
-0.057142
0.116625
0.234364
0.032272
-0.030648
0.187463
-0.082505
-0.020379
-0.108525
-0.069252
-0.025864
-0.039956
0.128613
0.073390
0.047949
0.322563
0.132118
0.000522
-0.044031
0.150451
-0.226197
0.062029
0.110158
-0.101807
-0.058880
0.071045
-0.208158
0.243528
-0.076795
-0.125896
-0.067197
-0.040865
-0.000903
0.044956
0.036984
-0.063834
-0.209755
-0.090113
-0.064580
-0.037761
-0.039975
0.055447
0.083024
-0.058902
0.273415
-0.014517
0.082746
-0.099911
-0.000002
0.135679
-0.123068
-0.265199
0.030346
-0.129527
-0.234431
-0.283340
-0.157832
-0.080372
0.013147
-0.148542
0.015327
0.068777
0.112759
-0.315633
0.281964
0.074986
-0.195090
0.065405
0.208495
0.081274
0.071773
0.072972
-0.259020
0.107538
0.136926
-0.133185
-0.045207
0.009646
0.020092
-0.015976
-0.011752
0.126826
0.263750
-0.002713
0.122533
0.024233
0.032236
-0.077141
0.047236
0.074033
-0.121545
0.038596
-0.066972
-0.140750
-0.116476
0.048072
0.090695
0.050695
0.143087
0.053099
-0.021790
-0.101028
0.067071
-0.059228
-0.081116
-0.048667
-0.056156
-0.206238
-0.126309
0.080959
-0.016318
-0.047657
-0.026405
-0.008355
-0.064300
0.063073
0.099203
-0.126592
-0.263822
-0.132911
-0.078357
-0.131462
-0.001311
-0.021710
-0.034792
-0.025156
-0.286439
0.073777
0.014385
-0.233014
-0.036318
0.144880
0.052783
-0.033019
-0.137294
-0.015761
-0.018206
-0.106769
0.030862
0.031716
-0.002343
0.228595
-0.036650
0.017013
-0.355662
-0.073922
0.067475
-0.162094
-0.180533
-0.032517
-0.150055
-0.066069
0.105108
0.167434
0.225330
-0.026804
-0.000705
0.111946
-0.100940
0.126916
0.070099
0.173434
0.124211
0.272559
0.064298
0.015223
0.123225
0.146529
0.252368
0.105216
-0.010277
0.021069
0.052241
-0.153702
0.011577
0.102422
0.001431
-0.025923
0.036876
0.051008
-0.207770
0.012061
-0.006093
-0.164360
-0.235461
0.102885
-0.274512
-0.147533
-0.052420
0.218666
0.054190
-0.064853
-0.002717
-0.007371
-0.101337
-0.160247
-0.086017
0.146335
-0.143540
-0.159735
0.020530
0.135028
-0.188537
-0.057288
0.058390
-0.039620
-0.277203
0.090748
-0.065247
-0.141303
-0.062775
0.086706
-0.004602
0.164644
0.040098
-0.077582
-0.128077
-0.012062
-0.007925
-0.048485
0.081434
0.189364
0.122014
0.198083
-0.109587
0.153072
0.176329
-0.017290
0.081578
-0.027448
-0.127851
-0.031593
-0.119387
-0.006583
-0.003942
-0.099447
0.103521
-0.064758
-0.023099
-0.022682
-0.019951
-0.161828
-0.134401
-0.084836
0.037133
0.075512
0.010613
-0.003527
-0.105101
0.064487
0.030167
-0.022371
0.131575
-0.087217
0.107884
0.141699
0.011835
-0.115679
-0.106882
-0.315926
-0.144816
-0.131809
0.184803
-0.249812
-0.159894
-0.013901
0.065485
-0.055026
0.023070
0.206893
0.137490
-0.079490
-0.124258
-0.017967
0.113433
-0.097244
-0.121224
0.026519
-0.047407
-0.212561
-0.138886
0.018596
0.089511
-0.027753
0.053063
0.151411
0.064858
0.039098
-0.101327
-0.297655
0.201491
0.126532
-0.036830
0.025375
0.003394
0.068248
0.054165
-0.123989
0.013037
0.027656
0.095030
-0.033112
0.070559
0.101290
0.033758
0.041752
0.072398
-0.004109
0.043155
0.141952
0.036463
0.016113
0.048925
-0.109406
0.007853
-0.166388
-0.074343
0.011630
-0.104901
-0.225743
-0.044993
-0.055901
0.078100
0.045043
0.128924
-0.004872
0.067736
0.248200
0.166497
-0.010121
0.022342
0.019015
0.023219
0.099482
-0.026600
0.021367
-0.059970
0.107899
-0.029553
0.066310
-0.029058
-0.060354
0.007447
0.040078
-0.008185
-0.090411
-0.208335
0.072005
-0.094446
-0.200671
0.281157
0.055075
-0.164636
-0.013209
-0.077359
-0.126857
0.155884
0.028404
-0.093001
-0.031429
-0.028240
-0.062037
0.002781
-0.116026
-0.060695
0.070651
-0.059369
0.203223
-0.237374
0.125271
-0.051163
-0.100687
-0.002402
-0.201171
-0.287185
-0.252749
-0.127499
-0.016418
-0.032444
-0.245302
-0.044335
-0.112851
-0.059438
0.063794
-0.039844
-0.074162
-0.032576
0.025702
-0.076707
-0.044470
0.105812
-0.021737
0.060114
-0.109694
0.064073
0.080603
-0.224267
-0.123470
0.085275
-0.203045
-0.011505
-0.023116
0.013735
-0.055606
0.050937
0.011580
-0.033796
0.082361
0.061583
-0.068268
-0.040157
-0.020173
0.117677
-0.010701
-0.219318
-0.022909
0.018279
-0.166297
-0.043707
-0.060842
-0.112518
-0.033712
0.194539
0.156413
0.087473
0.078011
0.098777
-0.050127
-0.058527
0.031636
-0.007624
-0.002167
0.201395
0.069096
-0.276085
-0.139590
-0.126565
0.093051
0.114533
0.058353
0.034108
-0.088126
-0.060986
-0.180608
-0.125223
-0.018938
-0.197889
-0.208110
0.083529
-0.137121
0.050882
0.147466
-0.005713
-0.003822
0.035485
-0.031138
-0.073456
0.035990
-0.165140
-0.034184
0.091182
0.237229
0.179460
0.136669
-0.066975
-0.017247
-0.088837
0.083200
0.134686
0.104675
0.058877
-0.057396
-0.081812
-0.124133
-0.077990
-0.203957
-0.047567
0.033911
0.056578
-0.013050
-0.052042
-0.037327
-0.017115
-0.026748
-0.008037
0.228901
0.115854
0.087236
-0.048222
0.174603
0.064787
0.030329
0.043004
-0.024835
-0.100278
-0.181057
-0.144555
0.181546
0.113547
0.076567
0.185340
0.128164
0.248344
0.052300
-0.069528
-0.098915
0.008370
0.191311
-0.149559
0.061280
-0.118891
-0.240540
0.135600
-0.093028
-0.129457
-0.163772
-0.167561
-0.124072
-0.049116
-0.121608
-0.043977
0.000835
0.119517
-0.004362
-0.236350
-0.051400
-0.202569
0.053554
-0.001606
0.003314
0.020787
-0.042440
-0.062896
-0.045785
-0.203661
-0.138351
-0.081664
0.004210
0.019380
0.059332
-0.206874
0.094417
-0.038225
-0.014315
0.051313
0.177258
-0.050853
-0.022318
0.088422
0.039618
-0.074476
0.035930
0.138826
-0.007660
-0.127726
-0.159311
-0.139009
-0.027323
-0.080050
-0.091441
-0.044194
-0.134347
-0.108888
-0.108322
-0.264628
-0.178045
-0.115145
0.155990
-0.092356
-0.037991
-0.119000
-0.074053
-0.112395
-0.039582
0.006779
0.094509
-0.021951
0.028116
-0.110525
-0.114341
-0.027144
-0.091254
0.142334
0.149184
-0.072039
0.093383
0.004467
-0.006788
0.124283
0.114828
-0.072506
-0.123321
-0.067135
0.065863
0.057039
-0.107276
-0.153012
-0.175973
-0.074426
-0.170728
-0.023064
0.073059
-0.052702
0.197302
-0.140643
0.272185
0.059342
0.136197
-0.154994
-0.167731
-0.156103
0.047502
0.092857
0.104862
-0.007843
0.053120
-0.068996
-0.035889
-0.068409
-0.155716
0.006147
-0.104374
-0.085451
0.030210
-0.033326
-0.132635
-0.006274
0.007189
-0.152371
0.225234
-0.062858
-0.077219
-0.144189
-0.194576
0.018903
-0.002049
-0.104486
-0.001903
0.153240
-0.055676
0.018107
-0.138570
-0.133311
0.045638
0.066651
0.100467
0.109127
0.221713
0.116072
0.022714
-0.179331
-0.017007
0.080093
-0.184905
-0.159412
0.064746
-0.054514
-0.166826
0.100941
0.123845
0.108612
-0.083240
-0.091104
-0.222422
-0.239599
-0.009174
-0.097613
-0.076056
-0.131104
0.022035
0.224165
0.021141
0.070275
0.042291
0.014967
0.008432
0.030129
-0.133637
-0.047425
-0.044812
-0.030187
0.062796
0.076449
0.187311
0.074891
-0.114760
-0.138984
-0.104377
0.021922
-0.026251
0.015630
0.015374
-0.084101
-0.166976
0.053340
0.041767
0.399785
0.292666
-0.121939
-0.013060
-0.119972
0.150707
-0.060503
-0.037815
-0.136745
0.083707
-0.114962
0.083996
-0.030193
-0.177091
-0.033074
0.001506
0.091454
-0.031563
-0.042709
-0.009817
-0.029590
-0.045422
-0.176643
0.318309
-0.080739
-0.161768
-0.224697
-0.056767
-0.127871
-0.112132
0.207869
0.061798
-0.282832
-0.097358
-0.068839
-0.083320
-0.188479
-0.149875
0.008580
-0.074081
-0.006214
-0.151006
-0.044408
0.132765
-0.005679
0.111927
0.144680
-0.024806
0.012780
0.065851
-0.111555
-0.069858
-0.136135
0.067836
0.076949
-0.098541
0.201694
0.341326
0.128127
0.218014
0.076170
-0.100977
-0.135040
-0.060892
-0.044470
0.074508
0.111602
-0.079364
-0.270371
-0.063418
-0.068926
0.013962
-0.056677
0.134441
0.047343
-0.081221
-0.024850
-0.059614
0.106331
0.053057
-0.215758
-0.029106
-0.006507
0.117802
0.175770
0.097461
0.041751
0.054569
0.094656
-0.203561
-0.095603
-0.052288
0.098094
-0.047555
-0.091617
-0.068806
0.012388
0.126260
0.063912
-0.047208
-0.129263
0.063727
0.154871
0.218278
0.071937
-0.149113
0.009454
-0.051833
-0.043716
-0.027909
-0.066160
-0.020349
0.068967
0.129543
0.020232
-0.051507
-0.036685
0.116681
0.044261
0.076771
0.000121
0.034377
0.140920
0.090827
0.038087
-0.046054
-0.089007
-0.188806
0.119939
0.127570
0.001037
0.024561
0.107822
0.174622
0.161484
0.183462
-0.037943
0.182718
0.032301
0.021717
-0.066158
-0.141866
-0.083422
0.060723
0.078791
0.020065
0.033089
-0.099430
-0.136567
-0.156523
-0.079243
-0.098759
0.279304
0.206602
0.004338
-0.102521
-0.140347
-0.097874
0.000220
0.085902
0.083475
-0.157798
0.056323
0.039503
0.007381
-0.213842
-0.127318
-0.077648
0.074954
-0.008599
-0.028546
-0.046253
-0.024063
-0.109443
0.031100
0.030210
0.021757
0.103958
0.105066
0.221024
0.067914
0.075570
-0.298275
-0.079183
-0.052318
0.177780
-0.074476
-0.042843
-0.043934
0.179946
-0.045344
0.012874
0.003795
-0.079338
0.057177
0.006164
0.022728
-0.218491
-0.025696
-0.143094
0.018502
0.057164
0.237746
0.050771
0.133617
0.124807
-0.026195
0.156458
0.044125
0.248919
0.114700
0.057424
0.027535
0.067735
0.056461
0.053883
-0.115484
-0.017588
0.113485
-0.025269
-0.065280
0.088511
0.135842
0.057969
-0.031694
0.202816
0.007057
-0.084628
0.043022
-0.078051
0.213852
0.114709
-0.052821
-0.262895
-0.135784
0.103196
-0.087972
0.080722
-0.032545
0.167893
-0.150479
-0.126590
0.048385
-0.042005
-0.078574
0.160496
0.220522
0.254643
-0.086989
-0.056271
-0.005974
-0.032888
-0.205756
-0.172786
0.054363
0.082130
-0.014355
0.046562
-0.049081
-0.105228
-0.050424
-0.060703
0.193726
-0.003734
0.084138
0.073875
0.084296
0.058564
0.077209
0.021057
0.131766
0.205223
-0.040299
-0.101357
-0.169759
0.183695
-0.038467
-0.062181
0.080944
-0.016623
-0.262768
-0.069055
-0.022621
0.005958
0.103224
0.098830
-0.096689
0.056539
-0.025647
0.059932
0.147691
-0.039720
-0.037295
-0.086455
-0.010091
-0.131449
-0.085765
-0.103608
-0.042374
-0.076614
-0.071171
0.007532
0.021049
0.209759
-0.009996
-0.018681
0.117495
-0.082194
-0.094709
0.038319
0.164167
0.007733
-0.065828
-0.139254
-0.191759
0.089133
-0.001349
-0.212791
0.017721
-0.063836
0.126353
-0.290660
-0.128467
0.089157
-0.207221
0.180623
0.026034
0.023832
0.214468
-0.131477
0.199497
0.034995
-0.086291
0.276224
-0.016286
0.013820
0.012661
-0.151031
-0.118521
-0.168051
0.123587
0.058457
-0.086491
0.094262
-0.095050
-0.070813
-0.037785
-0.107642
0.068470
-0.032330
-0.189081
-0.277231
-0.276432
-0.027103
-0.067119
-0.029675
-0.125686
-0.091516
0.085239
-0.048268
0.029442
0.172799
0.209725
0.095343
-0.027367
-0.027388
-0.264354
0.062472
-0.004924
-0.049300
0.023668
0.081005
-0.004586
-0.007436
-0.079139
-0.068724
0.149068
-0.024486
0.065317
0.038131
0.219148
0.083386
0.067466
-0.131303
0.030203
0.090356
-0.138365
-0.188424
0.076610
0.031888
-0.253513
0.077007
0.130946
0.183924
-0.031466
-0.106039
-0.084657
0.034695
-0.172209
0.041867
0.011365
-0.073235
0.185690
0.103461
-0.224496
-0.113311
-0.128775
-0.112909
-0.129677
-0.021566
0.089085
0.199694
-0.163971
0.075632
0.124324
-0.122680
-0.077880
-0.195734
-0.074899
-0.203513
-0.037234
0.145785
0.012600
-0.138105
-0.048628
0.237022
-0.006915
-0.121822
0.089671
0.193374
-0.131862
0.098562
0.021811
-0.145957
-0.058674
-0.065822
-0.117296
-0.071788
-0.234620
-0.199730
-0.111200
-0.013443
0.087447
-0.018881
-0.076906
-0.148510
0.093618
0.011850
0.049804
-0.000273
-0.015362
0.056673
0.041565
0.005537
-0.185407
0.248402
-0.031145
-0.048478
0.226563
-0.127876
-0.141446
0.064647
-0.048998
-0.099151
0.088839
0.074373
-0.040683
0.187022
0.122612
-0.103749
0.004260
0.091778
0.017404
0.228736
-0.051448
-0.235034
0.187662
-0.215762
0.049554
-0.019349
0.131126
-0.047259
-0.035562
0.138501
-0.005079
0.053162
0.091574
-0.012692
0.102378
0.033248
0.100431
-0.001747
0.002192
-0.053119
0.063759
-0.017777
-0.042553
-0.020749
-0.120933
0.102406
-0.114135
-0.015292
0.059858
-0.326254
-0.033437
0.092697
0.016457
0.172441
0.159377
0.031967
-0.050513
0.050273
0.144230
-0.013151
-0.027781
-0.054765
-0.065285
-0.143656
0.096479
-0.177485
-0.046358
0.035565
-0.188003
0.098780
0.027319
0.203426
0.068807
-0.064016
-0.077443
0.164653
0.065675
-0.257009
0.242345
-0.049761
-0.037127
0.223508
0.073887
-0.026403
0.073132
-0.281348
-0.221348
-0.082265
0.049688
0.131678
0.100520
-0.068265
-0.091006
-0.140950
0.062554
-0.025930
0.039627
-0.048812
0.034055
0.040126
-0.063719
-0.005326
0.094506
0.063728
-0.198846
-0.095410
-0.062258
-0.251795
-0.090101
0.089592
-0.032031
-0.006230
0.184663
-0.042815
-0.021118
0.093646
-0.021454
-0.155591
0.027055
-0.180062
-0.052568
0.073498
0.014317
0.087865
-0.004623
-0.051121
0.051536
-0.027753
0.093049
-0.066752
-0.054849
0.084529
0.107505
-0.015052
-0.071477
0.133517
0.013629
-0.084978
0.050513
0.002849
-0.163815
-0.128541
0.109418
0.052673
-0.150364
-0.109961
-0.103807
0.022910
-0.172821
-0.218962
0.001154
-0.028566
-0.192312
0.008679
-0.014800
-0.082492
0.091488
-0.033390
0.013550
0.003109
0.077702
-0.041334
-0.010482
-0.036805
0.042314
-0.023782
-0.126320
0.100555
0.004788
-0.031418
-0.017997
0.039133
0.100546
0.094479
0.169575
0.006803
-0.032055
-0.019245
-0.033761
0.104185
0.103551
-0.131921
-0.116240
-0.080866
0.163141
0.222264
0.042292
0.216199
-0.094928
-0.317464
-0.009654
-0.025809
0.091308
-0.093997
-0.040644
-0.069848
0.055932
0.164991
0.001733
-0.117318
0.025309
-0.119992
-0.179111
0.057363
0.072272
0.075162
0.054143
0.033449
-0.004007
0.003043
-0.199149
-0.154586
0.053788
0.066960
-0.223347
-0.030892
-0.112456
-0.058024
-0.188375
-0.074854
-0.151706
-0.001472
-0.009485
-0.027666
0.115673
0.036144
-0.091476
0.116487
-0.077034
-0.015459
0.001380
-0.117156
0.115638
-0.271665
-0.153158
-0.090500
0.103874
-0.027302
-0.074841
-0.003507
0.018405
-0.017780
0.015752
0.079143
-0.261102
-0.307991
0.023406
-0.168642
-0.024083
0.136921
-0.101929
-0.029698
-0.092737
-0.160735
-0.080510
-0.005124
-0.174202
0.052809
-0.042953
0.154516
0.073620
-0.085936
-0.157362
-0.133230
0.127015
0.110512
0.030541
-0.019295
-0.029925
0.009363
0.091819
-0.113229
-0.002594
0.042356
-0.152487
0.060901
-0.083340
0.032418
0.183483
0.053302
-0.103978
0.042248
-0.026422
0.032406
0.019895
-0.102431
-0.165532
0.003814
-0.013928
0.031593
-0.183427
-0.105644
0.063713
-0.080709
-0.088811
0.072945
-0.051312
-0.025598
0.024011
-0.085780
-0.030422
-0.061666
-0.038003
-0.038654
0.081750
0.035907
0.110412
-0.256038
-0.091618
-0.095716
-0.089063
-0.091894
0.035296
0.071394
-0.056643
0.175850
-0.064533
0.145472
0.071657
0.019400
-0.041592
-0.131250
0.029151
-0.167847
-0.089617
0.170780
-0.081859
0.073460
0.111506
-0.130745
-0.027633
0.143190
-0.084372
0.077196
-0.098922
0.071000
-0.210143
0.013516
0.073161
-0.254972
0.116714
-0.241191
-0.273940
-0.026791
0.039721
-0.075042
0.050161
0.377475
0.033253
-0.028794
0.133770
-0.231151
0.198074
-0.105712
-0.132084
0.436398
-0.040818
-0.085957
0.055495
-0.276485
0.136612
0.037079
0.033605
-0.156346
0.006209
-0.054652
-0.103807
0.018652
0.051427
-0.130620
-0.040792
0.118263
0.090609
-0.151898
0.088435
0.134225
-0.014390
0.180184
0.008324
0.129296
0.138177
-0.020625
0.108709
-0.115287
-0.197412
-0.092731
-0.220525
-0.058410
0.040814
-0.094838
0.036422
0.102170
0.034349
-0.077592
-0.120885
-0.103007
-0.045516
-0.150216
-0.051409
-0.082318
-0.169712
-0.093381
0.124067
-0.024488
-0.125216
-0.076845
0.094501
-0.232223
0.007625
0.160272
-0.099398
0.082662
0.246867
0.017091
0.182162
-0.087672
-0.134548
0.005302
-0.035019
-0.099139
-0.032303
-0.008679
-0.053516
0.012011
0.051728
-0.069134
0.038860
-0.080665
-0.085809
0.090053
-0.100978
-0.033563
0.025801
0.115754
-0.108604
0.030596
-0.041909
0.016727
-0.057001
-0.107609
0.066926
-0.072287
-0.081263
-0.155037
-0.099935
-0.058395
-0.159562
-0.050765
0.002652
0.086056
0.133391
0.081978
0.109395
0.087171
0.035488
0.149106
-0.028179
-0.183630
0.057009
-0.000711
0.097472
0.164540
0.075428
0.075399
0.204504
0.072350
0.035090
0.116377
-0.006355
0.066939
-0.002662
-0.035204
-0.082003
-0.008288
-0.080171
-0.177956
-0.057694
-0.001636
-0.214413
0.097751
-0.157148
-0.050124
0.082592
0.121080
0.144839
0.294295
0.112504
-0.055958
-0.063452
0.027475
-0.104864
-0.175254
0.083596
0.101648
-0.034281
0.171633
-0.160806
-0.016913
-0.056879
0.016831
-0.113961
0.110125
0.110831
0.080477
-0.113853
0.079209
-0.073669
0.038687
0.108586
0.078049
-0.096003
-0.033356
-0.021981
-0.010545
0.040984
0.076915
0.046586
-0.171344
-0.158502
0.242129
-0.169690
-0.117887
0.081247
0.136752
0.149885
0.018417
-0.181980
0.016784
-0.067591
0.178686
-0.145509
-0.084887
0.032249
-0.128875
-0.011444
0.265920
0.022114
-0.143852
-0.019287
-0.019356
0.025097
-0.027855
-0.062695
-0.324648
-0.034291
0.008125
0.084916
0.105292
0.162181
0.191454
0.106212
0.016177
0.226362
0.007913
-0.074760
0.068140
-0.155480
-0.062538
-0.151663
0.121772
0.113910
-0.051348
-0.153128
-0.047102
-0.112864
-0.125259
-0.160135
-0.023840
-0.099664
-0.010242
0.026666
-0.044587
0.003805
0.022275
-0.080442
0.061836
0.019059
0.174856
0.071920
0.143366
0.091448
0.061348
0.007615
0.173828
-0.120484
-0.198445
0.056958
0.132496
0.052681
0.260834
0.188572
-0.026651
-0.190926
-0.107225
0.040014
-0.100883
-0.057891
0.055495
-0.057897
-0.086648
-0.007119
-0.026396
-0.090051
0.021871
-0.051689
-0.023108
-0.024427
0.150832
-0.144609
0.050344
0.071244
-0.074930
0.168385
0.087824
-0.026841
-0.006573
0.055844
0.041139
-0.137667
0.027110
0.184198
0.020462
-0.128630
-0.054685
0.030090
-0.161878
-0.037960
0.182469
-0.069687
0.052301
-0.032996
-0.019077
0.072497
0.057828
0.195534
0.166078
0.043684
-0.118081
-0.050504
0.240360
-0.089167
-0.172353
-0.078342
-0.095582
0.077508
-0.004366
0.090781
0.073947
-0.039958
-0.068166
-0.079881
0.053604
0.104345
-0.002346
0.024434
0.151234
-0.018548
-0.040038
-0.052272
0.007809
0.043665
0.050156
-0.087641
-0.174026
-0.023091
-0.065158
-0.151018
0.167308
0.191986
0.095520
0.363945
0.451364
-0.004156
0.016958
0.117772
0.006402
-0.007086
0.009653
-0.208801
0.167294
-0.003105
-0.045364
0.168336
0.037473
0.096240
-0.116197
-0.042838
-0.024619
0.018035
0.019468
-0.069269
0.090799
0.077011
0.101718
-0.062585
-0.051148
-0.154554
-0.073179
0.271301
-0.047841
-0.132406
0.122287
-0.021261
0.119236
0.120058
0.196916
-0.012377
-0.047532
0.042558
-0.033082
-0.153298
-0.037320
0.103879
0.085083
-0.022804
0.040580
0.076573
-0.160196
0.100620
-0.104165
-0.175859
-0.099234
-0.113563
-0.071056
0.046471
0.030757
-0.114210
-0.066609
-0.024070
-0.098360
0.253352
0.112408
0.023789
0.223965
0.254773
-0.046024
-0.202276
-0.150845
-0.069355
0.242483
0.237476
0.000737
0.222029
0.313700
-0.091475
-0.144185
0.039818
-0.062234
0.043374
0.104067
0.060143
-0.232161
-0.084509
0.086992
0.104398
-0.112405
-0.034499
-0.030983
0.048925
-0.056469
0.136127
-0.091946
-0.004933
0.134319
-0.039683
0.042018
0.023675
0.004875
0.007374
-0.089324
0.039256
0.073855
-0.022972
-0.048022
0.195011
-0.025085
-0.015086
-0.087041
-0.146624
0.046401
-0.065229
-0.050216
0.081689
0.025809
-0.024147
0.023921
0.051164
0.220961
0.119879
-0.063611
0.041390
0.171101
-0.091530
0.164148
0.248125
0.064295
-0.135729
0.094920
0.142105
-0.134559
-0.123207
0.142989
-0.174230
-0.189840
-0.035022
-0.254538
-0.068263
0.061861
-0.151849
0.021835
0.034403
-0.166176
0.034608
0.091954
-0.069981
0.121932
-0.018710
0.002383
0.190575
-0.062912
0.012425
0.004727
-0.128859
0.018603
0.118928
-0.114571
-0.170732
-0.217910
-0.097848
0.109631
-0.002126
-0.092369
0.108673
0.061720
-0.182826
-0.082680
-0.271743
-0.012420
-0.148522
-0.064928
0.018278
-0.143379
-0.045295
0.059066
-0.043068
-0.011853
0.138329
-0.015622
0.060536
-0.072783
0.011688
-0.125484
-0.090246
-0.077976
-0.019454
-0.092004
-0.025093
-0.005259
-0.094695
-0.059833
0.012829
0.047980
-0.088064
-0.189129
-0.016138
-0.010754
-0.041712
0.023588
-0.115681
-0.102686
0.102056
0.066209
-0.001009
0.173050
0.109997
0.037618
0.138530
-0.013958
0.023513
-0.051590
0.049186
-0.016990
0.032541
-0.208495
-0.220956
0.056554
-0.107774
-0.163916
-0.108613
-0.104509
-0.007033
0.010550
0.013391
-0.132125
0.066546
-0.067521
-0.010525
-0.117272
0.185426
0.098372
0.194228
0.109653
0.055630
-0.078579
-0.016628
0.065862
0.161207
0.111312
-0.023663
0.082793
-0.052882
-0.082749
-0.010393
0.329310
-0.102792
-0.190857
0.203890
0.018775
-0.076289
-0.009416
0.038193
0.094776
-0.132949
0.023903
-0.040023
-0.084735
-0.008218
-0.136500
0.025648
-0.129868
-0.179255
0.121297
0.158675
-0.185279
0.133026
0.224659
0.014806
-0.009513
0.275525
0.049484
-0.189856
0.085065
-0.114613
-0.213417
-0.188084
-0.095793
-0.106209
-0.061461
-0.057041
-0.217984
-0.225395
-0.097239
0.011653
0.080095
-0.021857
-0.003235
-0.131097
-0.055590
0.027119
0.095365
-0.027265
0.185251
0.036639
0.044718
-0.075625
-0.063185
0.070123
0.044194
0.035140
-0.086837
-0.008185
-0.172226
-0.055040
-0.052298
-0.143627
-0.094114
-0.191761
-0.232722
-0.010400
0.059505
-0.146894
-0.223909
0.037367
-0.013012
-0.016780
-0.206930
-0.018803
0.158085
-0.021494
0.070859
0.199996
-0.164440
-0.099855
-0.095949
-0.068982
-0.058422
0.259472
-0.074430
0.180349
0.424946
0.087279
-0.076044
-0.234570
-0.225416
-0.189556
-0.158307
-0.158448
0.065611
-0.041695
-0.225530
-0.061014
0.117221
0.021119
0.104170
0.019989
0.130945
-0.005803
-0.068669
-0.157581
0.019101
0.102756
0.084335
-0.023004
0.050259
-0.019254
0.067697
0.075848
-0.074920
0.155332
-0.022321
0.224715
0.263566
0.082682
0.125552
-0.127695
-0.018122
-0.001798
0.008037
0.144350
-0.030639
-0.072584
-0.053993
0.212994
-0.101086
-0.105838
0.157837
-0.086535
-0.081382
-0.115395
-0.127517
-0.166748
-0.310689
-0.046641
-0.018884
0.081767
0.013615
-0.142200
0.079390
0.001272
0.117612
0.081724
0.165904
0.201485
-0.086807
0.016249
0.205716
-0.423448
-0.019023
0.200271
0.033759
0.046324
0.120199
-0.024844
0.090334
0.127081
-0.132962
0.014298
0.153765
0.144541
-0.091440
-0.010718
0.135004
-0.039816
0.062259
0.058939
0.040589
-0.050761
0.019325
-0.018524
-0.055365
0.038907
0.093871
-0.221175
-0.041761
-0.113073
-0.106931
-0.124992
-0.127478
-0.107805
0.385726
0.133452
-0.319943
-0.012414
0.027069
-0.020607
-0.283735
-0.165407
0.049864
0.066835
-0.058441
0.102260
-0.064404
0.160671
0.021721
-0.083455
0.143468
-0.247504
-0.011936
0.041705
0.010063
-0.045542
0.078793
0.108621
0.228077
-0.058402
-0.051946
0.167989
-0.032361
-0.018655
0.014185
-0.139793
0.049957
-0.237806
-0.150617
-0.046143
-0.243282
0.010179
-0.032051
0.044300
-0.049317
-0.104286
-0.014932
-0.163458
-0.107348
-0.140162
0.149910
0.074631
-0.166970
0.015602
0.089307
0.011247
0.085445
0.129034
0.132596
-0.102238
-0.102493
0.120062
-0.131028
-0.022250
0.040101
-0.021636
0.011121
-0.046255
-0.101065
-0.056540
0.331962
-0.072995
-0.199637
-0.107213
-0.095832
-0.021990
-0.167282
0.125586
0.020083
0.007632
0.066208
-0.199154
-0.042084
-0.172142
-0.073104
0.087913
0.042219
-0.254656
-0.027255
-0.169704
-0.045577
0.050140
0.103054
0.005556
0.038234
-0.054327
0.058625
-0.064014
0.025951
0.137832
-0.054249
-0.010480
-0.067794
-0.177391
0.139717
0.087579
-0.174337
0.267861
0.010772
0.060587
-0.031569
-0.062874
-0.017005
0.014564
-0.080367
0.195455
-0.031861
-0.063858
-0.039387
-0.176704
-0.055471
-0.210637
0.081866
0.170134
-0.388228
0.018273
0.009938
-0.046912
0.037837
0.061310
0.036560
-0.143852
0.014829
-0.316446
0.000879
0.030038
-0.267366
0.229810
-0.056365
-0.056332
0.010249
0.017190
0.022775
-0.072462
0.133668
0.053780
-0.101069
-0.138195
-0.097811
0.026178
-0.052300
0.128027
0.032702
0.193119
0.067992
0.116281
0.056682
0.088410
-0.043060
-0.089878
0.111776
0.006632
-0.028152
-0.008968
0.179976
0.016897
-0.044889
-0.121573
-0.060358
-0.111272
-0.146408
-0.154855
-0.203363
-0.052195
0.115871
-0.127084
-0.098421
0.107108
-0.163736
-0.044620
-0.049792
0.083880
0.004588
-0.235006
0.144165
-0.082932
-0.135862
0.058341
-0.075735
-0.068503
-0.015718
-0.019809
0.013072
-0.007999
0.006122
0.062019
-0.085452
0.062490
0.140877
0.106092
0.066948
0.100539
0.135120
0.015395
-0.049181
0.070748
-0.154863
-0.245732
-0.102535
0.060586
0.043081
-0.046817
-0.042051
-0.065081
0.070430
-0.124090
-0.103528
-0.197002
-0.189555
-0.087072
0.069781
0.045141
0.009398
0.247867
-0.009874
-0.016136
0.028165
-0.023303
-0.040895
0.196319
0.206516
0.009531
-0.095595
-0.056274
-0.123552
-0.139640
-0.077848
0.008037
-0.173680
-0.118463
0.008474
-0.066251
0.015868
0.044323
-0.070772
-0.031002
0.011856
-0.034787
0.080204
0.126744
-0.349554
0.123130
0.148533
-0.035518
-0.001561
0.144867
-0.063590
-0.004641
-0.141347
0.106311
-0.025602
-0.209868
0.099612
-0.051485
-0.051348
-0.203963
-0.235243
-0.187180
0.185108
-0.124795
-0.170452
0.189698
-0.128007
-0.061234
-0.044513
0.076537
0.161781
0.202521
0.031624
-0.021986
0.165615
-0.259272
0.015522
-0.199505
-0.071233
-0.006387
-0.027842
-0.029455
-0.051153
-0.140488
-0.172922
0.122829
-0.148385
-0.095622
0.053641
0.074539
0.045880
0.067069
0.244606
0.005657
-0.038487
-0.081944
0.023822
-0.032263
0.052202
-0.002591
0.057688
-0.239967
-0.085557
0.212994
0.139882
-0.263717
-0.071516
0.142690
-0.183000
-0.167720
0.104698
-0.090265
-0.177288
-0.136912
0.088959
0.148685
-0.027955
0.020309
-0.038805
0.015974
-0.073917
-0.051437
-0.199094
-0.001141
0.001420
0.063741
0.067418
0.048064
0.194785
-0.085205
-0.013712
0.252688
-0.216899
-0.072800
0.209167
-0.159840
0.005356
0.033748
-0.000735
-0.020314
-0.130435
-0.137485
-0.031214
-0.209002
-0.238945
-0.218424
0.063558
-0.051094
0.061194
0.123612
-0.086383
0.049390
-0.121200
-0.146092
0.003701
-0.053630
-0.011217
-0.141518
-0.042296
-0.050893
0.148678
-0.012657
0.071413
-0.008017
0.076005
0.219948
-0.087597
0.075476
-0.053595
-0.003246
-0.077788
-0.115038
-0.057045
-0.153179
0.051826
0.163029
0.228821
0.021747
-0.015244
0.080856
-0.088699
0.031648
0.016141
-0.105910
0.056234
0.059413
-0.169612
-0.040970
0.076122
0.007638
-0.180319
0.180405
0.068191
-0.227444
-0.085305
-0.062265
-0.030017
0.077156
0.040263
0.068671
0.016701
-0.097672
0.005524
0.000686
-0.135710
-0.005767
-0.225433
0.144625
-0.077971
-0.045399
0.253649
-0.051682
-0.074346
0.091262
0.075658
0.123128
0.202689
0.024252
-0.074494
-0.161304
0.104625
-0.242395
0.001244
0.044329
-0.086645
0.016948
0.046915
-0.017473
0.091771
0.065884
-0.017767
-0.027354
0.028343
-0.162169
0.001636
0.111887
-0.046387
0.177014
0.041613
-0.006486
0.076007
-0.099657
0.202354
0.097497
0.036722
-0.081200
-0.025985
-0.211069
-0.129053
-0.107582
0.059784
-0.253316
-0.041317
0.149461
-0.160803
-0.081525
0.041499
-0.092483
-0.003013
0.048235
0.077648
-0.058230
0.041847
0.036607
-0.136760
-0.079186
0.123294
0.024990
0.022257
0.092637
0.000264
-0.024565
-0.102943
-0.006879
0.172851
-0.084581
0.095227
0.295658
-0.054195
-0.126425
0.138704
0.001429
-0.017661
0.033887
0.035863
0.150539
-0.110626
0.096376
0.006721
0.117168
0.016214
-0.119974
-0.121113
0.059266
0.216726
-0.069858
0.081695
0.064929
-0.050468
0.100273
-0.044952
-0.033007
-0.104927
-0.208910
-0.205618
0.107077
-0.141837
0.049238
0.096905
0.079769
-0.088563
-0.040724
-0.069218
0.069092
-0.007747
-0.100926
0.103052
0.064241
-0.109195
0.071839
-0.024136
0.035983
0.012794
0.009827
-0.060034
-0.017631
-0.008164
-0.111649
-0.227412
0.050534
0.088119
0.063737
0.037260
0.033398
-0.102019
-0.021906
0.088612
0.055523
0.042512
-0.083442
-0.088856
-0.119004
-0.145666
-0.311055
0.086888
-0.049838
-0.002962
0.018381
0.071256
-0.123324
-0.054605
-0.128175
-0.162453
0.001954
0.074602
0.048065
-0.022606
0.025324
0.203647
-0.207926
0.144348
0.083276
-0.297885
-0.123439
-0.139308
0.007025
-0.006913
0.098441
0.036125
0.095664
-0.138772
-0.057016
-0.107167
-0.219684
-0.055271
-0.160909
-0.000393
0.070695
-0.028618
-0.047401
-0.038642
-0.015273
-0.158481
-0.027512
-0.004134
0.098044
-0.149629
0.106217
0.294848
-0.041396
0.125693
0.012282
-0.115524
-0.038156
0.039676
-0.024305
-0.070076
-0.096532
0.088495
0.148461
-0.084862
-0.108621
0.149149
0.271045
-0.089154
0.189605
0.103555
-0.038614
-0.101441
-0.012953
-0.127023
0.110674
0.016571
-0.001858
0.122166
-0.181024
0.011046
0.000276
-0.142274
0.058322
-0.091534
-0.032608
0.006031
-0.051411
-0.025301
-0.043113
-0.032339
0.060445
-0.095302
0.250165
0.124634
-0.046450
0.161231
0.129439
-0.116227
0.047695
-0.023384
-0.115824
-0.060537
0.013788
0.142582
0.104121
0.188331
0.107250
0.111871
0.068834
-0.154511
0.202830
0.093459
-0.010516
0.145368
-0.079483
0.149956
0.017617
-0.028072
0.020336
-0.033933
0.105548
0.058527
-0.086532
0.072887
-0.048616
0.033319
-0.106665
0.058363
-0.043726
0.124308
-0.072595
0.184755
0.176514
-0.136038
0.183902
0.092586
-0.142784
-0.012839
-0.074335
-0.105615
-0.002682
-0.131491
0.072623
0.105154
-0.113495
-0.007574
0.093490
-0.213378
-0.041072
0.124706
0.094103
-0.052255
0.125719
-0.004388
-0.022257
0.226090
-0.226701
-0.102606
-0.001509
-0.048083
0.116468
0.011695
-0.050512
0.214257
-0.004130
0.198372
-0.027698
0.141326
-0.084459
0.024326
0.087012
-0.088291
-0.063894
-0.192364
-0.075869
0.103708
-0.019819
-0.193714
-0.033476
-0.065149
-0.010164
-0.065732
-0.048953
-0.225056
-0.011280
-0.104080
0.359608
-0.073942
0.008835
0.197441
0.043492
-0.027340
0.062034
0.050615
-0.206188
-0.181837
0.015962
-0.019522
-0.057610
-0.136427
-0.079188
-0.086724
-0.149670
-0.003237
-0.008949
-0.028536
-0.031943
-0.157973
-0.052033
-0.024304
-0.111544
-0.080125
-0.043737
0.071346
-0.095870
-0.089210
0.202900
0.033955
-0.007967
0.044280
0.071766
0.043918
0.307139
0.162956
0.025916
-0.145480
0.046631
-0.139157
0.081763
0.090060
0.021849
0.065715
0.044370
0.155980
0.072230
0.015500
-0.025048
-0.218588
-0.053751
-0.103481
-0.021131
-0.204782
-0.127021
-0.005033
-0.015721
-0.175722
0.035168
0.212885
-0.052699
0.120648
0.120709
0.017245
0.107400
0.146491
0.091312
0.089295
0.271029
0.002259
0.315956
0.065294
-0.098865
0.081106
0.110796
-0.152877
0.060404
0.231696
0.096271
0.176561
0.002568
0.041853
0.010146
-0.108897
0.089299
-0.135941
-0.072222
0.094815
-0.122494
0.122165
0.127039
0.006833
-0.091325
0.084197
0.147566
-0.120273
-0.007730
-0.226862
-0.101133
0.094218
-0.076279
-0.147480
-0.012271
-0.153490
0.029459
-0.190588
0.207988
0.037926
0.013135
0.099081
0.039601
0.109201
-0.004749
0.043213
-0.004308
0.066447
0.005204
-0.235148
0.106380
-0.096071
0.041646
0.038985
0.242902
0.007310
-0.013550
0.214512
0.014375
-0.024205
0.013736
-0.098428
-0.186532
-0.090680
-0.051398
-0.074898
0.096672
-0.051815
-0.025733
0.158467
-0.032565
-0.319966
0.123749
0.007660
0.245885
0.192824
0.056933
0.293448
0.090078
-0.219668
-0.265129
0.176724
-0.238987
0.061867
0.208830
-0.103211
0.002725
0.174373
0.012737
0.326224
0.048560
0.033800
0.120493
-0.178962
-0.135718
-0.156443
-0.080389
-0.044248
-0.042990
-0.106629
-0.099000
-0.101717
0.005919
-0.008762
-0.167036
-0.060125
-0.050530
-0.129371
0.047753
-0.149027
-0.064656
0.028438
-0.011071
0.050969
-0.143976
-0.065117
0.109276
0.035311
0.065855
0.184199
-0.055645
-0.018798
0.007339
0.094146
0.077649
-0.100557
-0.000217
0.031137
-0.256640
-0.046482
0.024253
-0.084058
-0.037067
-0.036008
0.010620
0.120147
-0.045637
0.012000
0.029271
-0.022063
-0.033482
0.032018
-0.115147
-0.149120
0.038521
-0.042540
-0.012724
0.185166
0.044734
-0.004683
-0.083040
-0.122372
-0.186930
-0.000980
-0.053765
-0.008404
-0.015435
-0.130871
-0.146371
0.014397
0.058882
0.154303
-0.014220
-0.084266
-0.064078
0.046812
-0.076861
0.024967
-0.100740
-0.274359
-0.048129
0.048159
0.009436
0.111786
0.014673
0.053356
-0.080209
0.025392
0.196943
0.040870
0.003629
0.112902
-0.028145
-0.000446
0.197598
-0.059504
-0.074478
0.136460
-0.041786
-0.128706
0.081366
0.072396
0.055002
0.183968
-0.004000
0.081613
0.054954
0.021252
0.288548
-0.024887
0.113003
0.235240
-0.036852
0.121790
-0.132468
-0.027011
-0.038854
-0.108647
-0.204655
-0.235974
0.082298
0.072442
-0.030364
0.064190
0.010512
-0.087586
-0.043689
0.040439
-0.074409
-0.000688
0.052047
-0.176178
-0.275459
-0.140606
-0.258448
0.015955
-0.002030
-0.023060
-0.126752
-0.176759
-0.071722
0.110158
-0.050220
-0.101261
-0.108277
-0.149122
-0.191911
-0.060214
-0.148377
-0.128740
0.025389
-0.038973
0.042563
-0.025243
0.053251
-0.082752
-0.055008
0.026567
-0.002038
0.015899
-0.102796
-0.096332
0.021871
-0.194706
-0.270350
-0.176745
-0.188332
-0.115130
-0.017678
-0.007525
0.004603
0.105250
0.170136
0.238213
-0.085311
-0.103820
0.004514
0.170345
-0.019407
0.011344
0.043687
0.076927
-0.021682
-0.145262
-0.110502
-0.145953
0.136313
0.075272
-0.188918
0.149186
-0.029130
0.044184
-0.015643
-0.201337
-0.158738
-0.047323
-0.112227
0.037432
-0.191370
0.006129
0.128966
-0.206477
0.006309
-0.049710
0.051038
0.120815
-0.004775
-0.079309
0.056161
0.011707
-0.089156
0.026114
0.109231
0.048332
-0.108644
-0.083472
0.050297
-0.091391
0.091222
-0.049471
-0.078573
-0.088002
-0.076624
-0.026932
0.050902
0.178622
0.137974
0.085579
0.021461
-0.012629
-0.171951
-0.118050
-0.098721
0.002968
-0.115997
-0.123681
-0.065409
0.037318
0.093357
0.072502
0.046035
-0.172041
-0.021623
0.008081
-0.205647
-0.016810
-0.079215
0.004862
0.120837
-0.094397
0.060208
0.073874
-0.123437
-0.145512
-0.366065
0.031911
0.029240
-0.155797
-0.023469
-0.068334
-0.092200
0.072002
-0.020352
-0.136844
0.068454
-0.110335
0.098480
-0.066364
-0.045381
0.154823
-0.096942
-0.020657
-0.131416
-0.012443
0.175932
-0.068204
0.026977
0.164828
0.105886
-0.033693
0.121731
-0.016764
-0.135435
0.027764
-0.070633
0.051760
-0.162069
0.048687
-0.216224
-0.232944
-0.097891
0.053108
0.154353
0.154725
-0.200859
-0.043159
0.061705
0.178028
0.127653
-0.006384
0.204638
-0.024750
-0.077976
-0.142871
-0.082799
0.216842
-0.006906
-0.266555
-0.173895
-0.022431
-0.055606
-0.003060
0.026887
-0.013200
-0.023212
0.034158
0.142952
0.004362
0.024503
0.014496
-0.024277
0.054816
-0.087326
-0.028393
0.171972
0.317663
0.103880
0.025017
-0.069390
-0.143500
-0.049143
0.140856
-0.080185
0.036593
0.058886
-0.059906
0.218625
0.034587
-0.136554
0.020071
0.055157
-0.155808
0.222771
-0.057020
-0.042599
0.051648
-0.268519
-0.090999
0.069074
-0.172175
-0.086819
-0.161900
0.057960
0.059958
0.083417
0.006355
0.178656
-0.030299
0.016230
0.194277
-0.069726
0.031367
-0.025977
-0.040009
-0.044979
0.030250
0.214646
-0.009649
-0.012856
0.137209
-0.072516
0.042487
-0.117997
0.044252
0.048634
-0.104121
-0.017551
-0.036901
-0.061515
0.052041
-0.126038
0.072544
0.103523
-0.305719
0.084269
-0.108655
-0.065020
0.289672
0.171944
0.069833
0.008129
-0.029002
-0.046184
-0.032191
-0.102462
-0.066761
0.118135
-0.001877
-0.093066
-0.047917
-0.172304
-0.016931
0.051478
0.015868
-0.009539
-0.098909
-0.302390
-0.009090
-0.089387
-0.215460
-0.054185
0.128866
0.129441
0.020873
-0.016300
-0.094607
-0.195573
-0.060716
-0.041416
-0.155713
-0.133594
-0.078080
-0.005663
0.108330
0.143970
0.138009
0.246805
0.104139
0.122333
-0.211881
-0.338518
-0.186882
0.068172
0.117022
0.193191
-0.028497
-0.097375
0.102927
0.060570
0.132984
0.056971
-0.112308
0.049012
-0.247525
0.095909
0.121540
0.006249
0.087809
0.039607
0.065128
0.073053
0.154760
0.073020
0.014555
0.130360
0.033515
-0.175507
-0.077001
0.133203
-0.351285
-0.091729
-0.083118
0.044403
0.120981
0.051394
-0.085860
-0.276718
-0.243780
-0.003205
-0.118076
-0.027565
0.191601
0.058321
-0.104962
0.002371
0.219257
0.072341
-0.043514
0.013308
0.097735
-0.093516
0.020623
-0.005987
-0.052967
0.096757
-0.009790
0.001403
0.045999
0.067948
-0.062244
0.126940
0.134116
0.072748
0.042118
-0.033180
0.028946
-0.054780
-0.123596
0.031561
0.190111
0.061905
-0.251370
-0.372863
-0.052633
0.023937
-0.172064
0.220606
0.069760
0.022319
-0.080778
0.159337
-0.038543
0.059534
-0.093588
-0.112498
-0.014723
-0.033157
-0.003088
0.212525
-0.062436
-0.092312
-0.139209
0.021513
-0.059696
0.002436
0.081584
0.150921
-0.022947
-0.090540
0.014267
-0.084020
-0.090945
-0.067827
0.042391
-0.029453
-0.054002
-0.155695
-0.070977
-0.124813
0.147820
0.114270
-0.077741
0.096201
0.115268
-0.114438
-0.028720
-0.026574
-0.135657
0.099931
-0.088955
-0.027361
0.109716
0.045053
-0.049661
0.130095
0.068238
-0.010049
-0.089516
-0.076426
0.023814
-0.080844
0.024086
-0.190849
-0.217475
-0.198427
-0.097594
-0.216189
0.045018
0.077834
-0.014402
0.019880
0.098835
-0.096142
-0.137634
0.056912
0.006347
0.115694
-0.022859
-0.040657
0.036961
-0.043889
-0.179034
-0.053457
-0.127601
0.140085
-0.034372
-0.168528
0.003803
0.088789
0.002895
0.100763
0.075863
0.081662
-0.092599
-0.134145
-0.200602
-0.233076
-0.235427
-0.049374
0.081312
-0.142199
-0.016549
-0.015984
-0.061063
0.052192
-0.046769
-0.119131
-0.015101
-0.142411
-0.082608
0.069020
-0.015907
-0.205948
-0.142020
-0.041188
-0.013854
0.036466
-0.033524
0.157240
0.170358
-0.051797
0.051299
-0.149684
-0.112076
-0.102921
-0.009667
0.041512
0.097080
-0.134483
-0.225384
-0.081880
-0.187931
-0.116912
0.046990
0.008323
-0.038283
0.034731
-0.258524
-0.064820
-0.108474
0.053479
0.061507
0.004653
-0.064531
0.182175
-0.023151
-0.094569
0.055970
0.046330
-0.145427
-0.061345
-0.005872
0.130116
0.225965
0.079123
0.006433
-0.079410
0.099190
0.071748
0.014323
-0.039105
-0.108180
-0.102272
-0.028602
0.000489
-0.025228
-0.154665
0.069314
0.174522
0.015530
-0.157430
-0.161159
-0.008836
-0.124297
-0.111103
0.298400
0.507593
0.109870
0.079104
0.181953
-0.046515
-0.192489
-0.022724
-0.037604
0.174879
-0.027277
-0.018245
0.021473
-0.117447
-0.083205
0.113307
0.048613
0.061743
-0.328992
-0.048544
0.046766
-0.149207
-0.152694
-0.111930
0.220115
0.129931
0.038058
0.269591
0.264481
0.225471
-0.125401
-0.008045
0.096509
0.054895
0.198786
-0.051305
-0.222548
-0.470001
-0.303888
-0.020697
-0.043653
0.126405
-0.017087
-0.034900
0.053582
0.079282
0.030146
0.064303
0.075379
-0.026737
0.079702
0.018844
0.121050
0.023952
-0.025399
-0.035748
0.000727
0.009394
-0.030513
0.153646
-0.057466
-0.277963
0.061056
0.167417
-0.063888
0.083151
0.076776
-0.205288
0.047939
-0.136518
-0.009733
-0.163488
0.069970
-0.040473
-0.120726
0.061082
0.119778
0.222121
-0.027347
-0.030163
-0.120604
0.059392
0.185252
0.067086
-0.007685
-0.016026
0.183666
-0.013307
0.050132
-0.016119
0.083414
0.155770
-0.087274
0.048882
0.055923
-0.113453
-0.009710
-0.140946
-0.194485
-0.050366
0.168706
0.001005
-0.118542
-0.002611
0.021314
0.043100
-0.069041
0.064636
-0.002542
-0.029220
0.089580
0.062215
-0.106754
0.149119
-0.158115
-0.027520
0.111547
-0.048557
-0.049009
0.046469
-0.075945
-0.259525
-0.182119
0.002262
0.027872
0.187222
0.086570
-0.029407
0.012374
-0.187473
-0.158610
0.011114
-0.036372
0.041228
-0.089695
0.196511
-0.036682
-0.278914
0.162364
0.081215
-0.059763
0.037410
0.069547
-0.147083
-0.049322
-0.042656
-0.113923
0.237114
0.234763
-0.200126
0.038975
-0.137172
0.039373
-0.108379
-0.085569
0.085166
-0.151487
-0.089454
-0.197246
0.103518
-0.002921
0.038859
-0.244277
0.125226
0.038685
0.026797
0.025122
0.055766
0.101329
-0.039533
-0.094505
-0.345306
0.013247
0.088281
-0.034002
0.001190
-0.135807
0.088722
0.042680
-0.212647
-0.059490
0.125723
0.048986
-0.293426
-0.055886
0.016354
0.170466
0.055009
-0.000053
-0.059270
-0.128335
-0.035059
0.113255
0.261924
-0.246826
-0.150714
0.013205
-0.051332
0.071023
0.014406
0.046652
-0.058026
0.035854
-0.062414
-0.097181
-0.060352
-0.032893
-0.241328
-0.192020
-0.198454
-0.008019
-0.144863
-0.249597
-0.070457
-0.078694
0.207357
-0.028830
-0.077339
0.040538
-0.088619
-0.108801
-0.042541
-0.136300
-0.039019
0.075876
-0.004228
-0.033543
0.091391
-0.132944
-0.023093
0.096879
-0.057733
-0.127140
-0.112388
-0.042860
0.118584
-0.085185
0.020777
0.073660
0.079851
0.027238
0.016859
0.025404
-0.043192
0.049008
-0.130352
0.056686
0.110430
0.017841
-0.047823
-0.150607
0.105670
-0.016663
0.131790
-0.159217
-0.079126
0.159096
0.039911
-0.106284
-0.040464
0.015787
0.113060
-0.144632
0.026258
-0.193710
-0.140960
-0.005151
0.219605
0.048110
-0.041096
0.138415
0.042553
-0.150920
0.073205
0.001856
-0.006323
-0.077309
0.024724
-0.065185
0.015995
-0.046317
-0.189822
0.119931
-0.157356
-0.147164
-0.051090
-0.056542
-0.038748
0.087321
-0.033585
-0.081098
-0.006328
-0.072668
-0.043698
-0.018682
-0.052832
0.094792
0.076251
-0.115898
-0.161056
-0.091386
0.006956
0.006527
0.036425
0.130848
0.039640
0.011316
0.080118
0.080602
0.087061
-0.164775
-0.122293
0.238470
-0.198106
-0.250324
0.186099
0.060358
-0.002733
-0.130513
0.115057
0.092076
-0.133137
-0.103948
-0.043554
0.098589
-0.150307
-0.107456
-0.055276
0.174474
-0.073730
-0.320113
-0.121581
-0.228709
0.095292
-0.061418
-0.110749
0.042016
0.019567
-0.024858
0.056634
-0.096397
0.100962
0.012965
-0.119870
-0.086825
0.045460
-0.034538
-0.058270
-0.029170
0.003207
-0.016363
0.048238
-0.010983
0.092416
0.059003
-0.004191
0.165675
0.066752
0.064393
-0.039284
0.006242
-0.064935
-0.160027
-0.073616
-0.077463
-0.038515
-0.031493
-0.106873
0.001968
0.180621
-0.201314
0.001751
0.185216
0.056441
-0.228057
0.321662
0.039988
-0.292357
0.032346
0.317986
0.054122
-0.350472
-0.057362
-0.091133
0.201122
0.205829
-0.079800
-0.033370
0.246416
0.249305
-0.066976
0.058669
0.096453
0.175605
0.163076
-0.034838
-0.007902
-0.082300
0.051599
-0.224642
-0.122323
0.027598
-0.226946
-0.187350
-0.057677
-0.061642
-0.039452
-0.030613
-0.027389
-0.054587
-0.079288
0.132508
0.087571
0.094974
-0.026567
-0.012661
0.037306
-0.044638
0.011822
0.163607
-0.013392
-0.086845
0.070829
-0.206152
-0.060555
-0.030632
0.169239
0.081046
0.063945
-0.133667
-0.007796
-0.023500
-0.098036
-0.030869
-0.035428
0.071943
-0.079177
0.041337
0.079383
0.152435
0.103677
0.044155
0.071068
0.200302
-0.219119
-0.265667
0.074075
-0.005726
-0.076226
0.021825
0.024851
-0.066804
0.019400
0.031681
0.066015
-0.072854
-0.170620
-0.015213
-0.042298
-0.061376
0.010980
0.047532
0.121387
-0.158854
0.158640
0.153078
-0.122766
-0.209637
0.194914
0.090446
0.029351
-0.228227
-0.092580
0.078268
-0.021700
-0.025129
0.240510
0.039593
0.063777
0.168150
-0.060657
0.029765
-0.124946
0.005063
0.135259
0.106882
-0.027109
-0.054459
0.018841
0.234321
0.178455
0.104176
0.005729
0.133628
0.137079
-0.101411
-0.004968
-0.029930
0.239887
0.201056
-0.022361
-0.049481
-0.150446
-0.158523
-0.189785
-0.210314
-0.193696
-0.005741
-0.155848
-0.063667
-0.026036
-0.013962
0.092849
0.164342
-0.021035
-0.073920
0.089598
-0.051098
0.005359
-0.019630
0.129816
0.026417
-0.008463
0.005638
-0.075929
0.157380
-0.060784
-0.062189
0.120920
-0.109195
-0.079288
-0.002388
-0.154755
-0.027356
0.365699
0.233880
-0.046558
-0.101618
0.042379
0.109498
-0.045820
-0.076496
0.003304
-0.061975
0.069872
-0.187559
-0.042103
-0.105854
0.013729
-0.060937
-0.115965
0.039274
0.019377
0.097518
0.092128
-0.087241
-0.090175
-0.227571
-0.089442
0.090346
-0.109878
-0.093126
0.108493
0.035101
-0.010149
-0.092600
-0.096927
0.032961
0.012628
0.079984
-0.125456
-0.114712
0.094345
-0.068232
-0.095706
-0.051293
0.064959
0.060600
-0.157671
0.066893
0.195971
-0.004326
0.229063
0.120962
0.016744
0.015338
0.024551
0.025106
-0.169778
-0.148294
-0.147869
-0.079070
0.073025
-0.099530
-0.015266
0.075954
-0.120343
-0.030568
-0.019367
-0.030746
-0.112072
-0.070515
-0.055593
-0.049109
-0.080390
0.005147
-0.009190
-0.094033
-0.061863
0.035380
-0.069406
-0.112642
-0.194827
-0.047868
-0.048924
-0.077149
-0.005433
0.148013
-0.070916
0.002720
0.138196
-0.047446
-0.190245
-0.127373
-0.187451
-0.298948
-0.127315
0.018735
0.094033
0.257265
-0.162366
0.010160
-0.020444
0.064252
-0.112653
0.003414
0.004705
0.015086
0.076364
-0.027900
-0.165433
-0.175850
0.026401
-0.078783
-0.251062
0.266749
0.101085
-0.079257
0.029344
-0.123637
-0.206152
-0.012390
0.026086
-0.061234
-0.042009
-0.155962
0.070271
-0.161641
-0.241663
-0.019361
-0.063567
-0.074372
0.056630
-0.070494
-0.206330
-0.109943
0.070181
-0.056540
-0.085925
0.163981
0.028281
-0.210596
0.010231
-0.133412
-0.014240
-0.056552
0.124052
0.137284
0.050722
0.159982
-0.030372
0.119786
0.184786
0.158004
0.047840
0.110571
0.092403
-0.044073
-0.084735
-0.163979
0.288681
-0.045010
-0.242234
-0.060016
-0.052211
-0.080795
-0.042695
-0.198695
-0.250141
-0.063546
0.279232
0.064311
-0.117975
0.148397
-0.081695
-0.081097
-0.000897
-0.065095
0.070510
-0.043750
-0.076731
-0.221812
-0.160654
0.018126
-0.076456
-0.191938
0.026030
-0.134373
-0.043703
0.021488
-0.050261
-0.020124
0.120996
-0.025206
0.014580
0.028531
0.177961
0.338695
0.031830
-0.138673
-0.028426
-0.044281
0.070379
-0.091851
-0.092857
-0.023828
-0.224347
-0.077663
0.030024
0.053859
0.103074
-0.049262
0.044211
0.195349
0.087552
-0.022562
-0.064162
-0.037317
0.024341
-0.041361
0.093800
0.012588
0.011530
0.023597
-0.137088
-0.031565
-0.007424
-0.075042
0.105484
-0.124883
-0.034701
0.066556
-0.170418
-0.120612
-0.155027
-0.073108
0.023762
0.093710
-0.050687
0.030212
-0.055109
0.317711
-0.051640
0.042148
0.151221
-0.034308
0.124926
-0.116284
-0.060101
0.027547
-0.011277
-0.106419
0.035852
-0.111328
0.030180
-0.013827
-0.123995
-0.100613
0.105088
0.002573
0.217689
0.075760
-0.093790
-0.113658
0.072774
-0.094417
-0.024853
0.030207
0.024929
0.024397
0.040241
-0.089947
0.101118
-0.070569
-0.112185
0.079624
0.002566
0.106886
-0.104630
0.151218
0.180736
0.140985
0.087829
0.116143
0.034758
0.075305
0.124882
-0.142789
-0.032566
0.054375
-0.012146
0.065729
0.087817
0.046509
-0.071991
0.185242
0.045246
0.063986
0.091633
0.046678
-0.153706
-0.022034
-0.072817
0.083292
0.111063
0.049312
-0.031692
-0.023346
-0.069678
-0.085607
-0.073563
0.043960
0.049250
-0.097040
-0.311191
-0.055529
-0.040424
0.089328
0.029044
0.153765
0.156131
-0.003803
-0.159474
-0.141398
-0.071349
-0.079645
-0.084246
0.036240
0.021026
-0.144987
-0.021527
0.014512
-0.206825
-0.133449
-0.001523
0.090895
-0.035358
0.135986
-0.039436
-0.161885
0.143268
0.109568
-0.214798
0.021210
-0.049547
-0.306323
0.033483
-0.133947
-0.014409
0.112705
-0.047099
-0.144314
-0.017533
-0.119650
0.080491
-0.003936
0.029664
-0.177623
0.034593
-0.026310
-0.053408
-0.025090
0.072379
-0.089449
0.201036
0.035695
0.061052
-0.100739
-0.098658
-0.129450
0.067150
-0.002298
0.024083
0.097353
0.205799
0.041554
0.057132
-0.057532
0.064724
0.010718
-0.192169
-0.117901
0.114170
-0.014283
-0.068746
-0.067284
-0.032839
0.069777
-0.035845
0.113989
0.029128
-0.145500
0.169650
0.092253
0.150461
-0.029625
-0.102956
0.073255
-0.076413
-0.149565
0.049693
-0.156879
-0.251641
-0.025765
-0.026907
-0.069737
-0.060562
-0.006770
-0.122166
-0.082095
0.067810
0.148250
-0.091122
-0.351751
-0.231317
0.039338
-0.154659
-0.038138
0.007901
0.029344
-0.155354
-0.050430
-0.129300
0.155584
-0.136462
-0.138013
0.080303
0.062632
-0.017589
-0.037118
-0.086328
-0.114365
0.031107
-0.112945
-0.101974
0.008114
0.089778
-0.022129
-0.076228
0.018358
-0.125232
0.077936
0.025251
0.018625
0.134482
0.191519
0.156791
0.057519
0.011639
-0.176319
0.000785
-0.026614
-0.072705
0.123922
0.044657
0.011275
0.007829
0.101932
-0.043930
0.089842
0.080484
0.023295
0.055801
0.109355
0.024412
-0.016181
-0.069744
-0.106784
0.037298
-0.081880
-0.018166
-0.033481
0.188241
0.186341
-0.185732
-0.043829
-0.019335
0.051054
-0.129744
-0.052929
-0.174536
-0.070819
-0.008942
-0.037011
-0.128457
-0.073612
0.108042
-0.042537
-0.133825
-0.011828
0.046822
0.143951
0.088404
-0.258962
-0.207587
0.017297
-0.185239
-0.071229
-0.019189
0.095782
0.044678
-0.015727
-0.180248
0.002520
0.046432
0.015745
-0.038811
0.072275
-0.005362
-0.036835
-0.177722
0.005013
-0.051202
0.045011
0.007251
0.002070
0.115695
0.180097
0.114668
-0.035785
0.337336
0.430352
0.125609
0.052856
0.002016
-0.076861
-0.216007
-0.371095
-0.179529
-0.163507
-0.175149
0.144955
-0.014965
-0.127721
0.106744
-0.005225
0.014575
0.013160
-0.061692
-0.130943
0.070395
0.018917
-0.016671
-0.013160
-0.001528
0.016323
-0.165877
-0.061284
-0.093502
-0.117394
0.183496
0.106987
-0.009157
0.107030
-0.025789
0.002770
-0.077309
0.054566
0.251264
-0.002574
-0.054362
0.044578
-0.066500
0.063302
-0.000925
0.204651
0.080416
0.188959
0.040458
-0.119700
-0.047773
0.102874
-0.163696
-0.133268
-0.117957
0.018639
-0.022222
-0.007607
-0.107954
0.191008
0.008801
-0.102399
-0.044737
-0.250280
-0.126858
-0.132657
0.034476
-0.184869
-0.215944
0.082554
0.013040
-0.057802
-0.123004
0.077780
0.106699
-0.038194
-0.070621
0.031440
-0.044306
-0.059553
0.078595
0.146026
-0.173896
0.066787
-0.113008
-0.072301
0.036012
0.154219
0.086008
0.014140
0.108127
0.007515
0.207053
-0.087385
0.113541
-0.027356
-0.103232
0.050829
0.104640
-0.010228
-0.119266
-0.090877
0.028195
0.148619
0.045586
0.130373
0.285698
0.175079
-0.028098
-0.152071
0.038505
-0.089058
-0.118717
-0.110627
0.086663
0.183723
0.022965
-0.108925
-0.194984
-0.000151
-0.175553
-0.103070
-0.044760
-0.057010
-0.142595
-0.109523
0.187801
-0.049500
-0.073466
-0.062857
0.025465
0.006285
0.172808
0.229509
0.156587
-0.075435
-0.137945
0.004721
-0.017236
0.079440
0.124243
0.028131
-0.099700
0.119122
-0.015664
-0.198166
-0.116780
-0.152609
-0.192208
-0.015931
-0.000472
0.138061
0.008727
-0.094388
0.074502
0.204650
-0.097351
-0.038123
0.057418
-0.074282
-0.159038
0.141634
-0.142355
-0.233513
-0.183818
-0.057416
-0.119080
-0.088568
-0.094933
0.145773
0.231823
-0.131045
0.022164
-0.130248
-0.062802
0.065303
0.149625
-0.104109
0.065931
0.008612
-0.080259
-0.086551
-0.209513
-0.050176
0.159223
0.193632
-0.013939
0.099285
0.039109
-0.015824
-0.041124
-0.073382
-0.119734
-0.182324
0.074767
-0.246430
-0.183789
0.032699
-0.301522
-0.054944
0.112154
0.138251
0.050932
0.194224
0.189892
-0.015773
-0.139658
-0.045666
-0.195897
-0.084663
-0.003986
0.065050
-0.000924
0.021866
0.005519
-0.074537
0.082153
0.016775
-0.090764
-0.069589
-0.134028
0.004813
-0.127226
0.031909
-0.101673
-0.135900
-0.165416
0.030787
0.019720
-0.109907
0.026798
0.136369
0.057694
0.050098
0.023753
0.094744
0.042747
-0.130923
-0.196394
-0.052358
0.062899
0.173788
0.149928
0.140111
0.059899
0.100180
-0.098559
0.062454
0.040534
0.175102
0.031820
0.054742
0.001753
-0.098953
0.039408
0.017323
0.046016
0.175314
0.065994
-0.080877
-0.165582
0.162641
0.056068
-0.077514
0.166812
-0.002422
-0.034189
-0.014261
-0.041154
-0.060312
-0.003861
0.056122
-0.077678
-0.187140
0.068500
-0.161050
-0.134270
-0.155320
0.168944
-0.080487
-0.073104
-0.093599
-0.053539
0.039843
0.050765
-0.058457
-0.099993
-0.093065
-0.078740
0.054602
0.095342
-0.102170
-0.152211
-0.001251
0.403312
-0.169905
0.255797
0.141413
0.107135
0.119272
0.014239
0.001329
-0.024758
-0.024246
-0.070684
-0.196853
0.031151
-0.063036
0.144767
0.057301
-0.015439
0.023323
0.003689
-0.136643
0.049004
-0.126221
0.032812
-0.023297
-0.094079
-0.096532
-0.079149
-0.169067
-0.220467
0.116632
0.090584
-0.084692
-0.024712
-0.021896
-0.162260
-0.006950
-0.181331
-0.036556
-0.093061
-0.048113
0.080574
0.007293
0.130507
-0.081604
-0.200146
0.154740
-0.044670
-0.107907
0.123742
0.177228
-0.001807
-0.096953
0.030779
-0.060348
-0.142514
-0.005769
-0.089008
-0.228002
0.049970
-0.052191
0.165392
-0.020305
-0.027284
0.268526
0.015234
0.003021
-0.057717
-0.121113
0.076291
0.046746
-0.038457
-0.067540
0.058570
-0.025125
-0.039001
-0.011476
-0.118163
-0.210201
-0.306904
-0.055006
-0.072144
-0.144331
-0.110488
-0.192498
0.140232
0.149955
-0.047936
-0.025280
-0.120697
-0.187965
-0.153966
-0.179344
0.029611
0.185055
0.098253
0.090291
-0.141924
-0.138132
-0.217241
-0.033057
0.161779
0.029690
0.021192
-0.005257
0.031295
-0.172745
-0.130649
0.047906
-0.167673
-0.009529
0.117703
-0.014307
-0.092815
-0.072595
-0.043332
0.102870
-0.030074
-0.014388
0.173577
-0.142485
0.133512
-0.279370
-0.089536
0.084766
0.083322
0.102352
0.081034
0.193301
0.140557
0.163382
0.265381
-0.054427
-0.132108
-0.099919
-0.275116
0.058882
-0.038075
0.036722
0.135821
0.142085
-0.234489
-0.050961
-0.059413
-0.033687
-0.158559
-0.230365
-0.116671
0.183003
-0.019319
0.021697
-0.059433
0.169867
0.030958
-0.126522
0.118071
0.134996
0.045901
0.183415
0.284266
-0.028473
0.049099
0.022077
-0.044406
0.095756
-0.057342
-0.206143
-0.045362
-0.004776
-0.174279
-0.012577
0.013602
-0.076587
0.101813
-0.048522
0.272273
0.158791
-0.045221
-0.121845
0.050620
-0.215167
-0.257363
-0.026307
0.034132
-0.057581
-0.267357
-0.265269
0.028012
0.013528
-0.120186
-0.048080
-0.149030
-0.029940
0.121283
-0.000320
0.077036
0.115105
0.163033
0.129201
0.155032
-0.031797
-0.085447
0.054474
0.058505
0.006881
0.063322
0.181453
0.000816
0.098050
0.096530
0.065970
0.089031
0.051607
0.086094
-0.112601
-0.103950
0.064265
-0.170575
0.019213
-0.102567
-0.206840
-0.167467
-0.018078
-0.198831
-0.261689
-0.034244
-0.052837
0.066114
0.120252
0.082729
0.109357
0.119655
-0.255996
0.031796
-0.114462
-0.100614
-0.049274
-0.184760
0.082686
-0.063123
-0.141068
0.100284
0.010147
-0.012074
0.104942
-0.069697
-0.047945
0.015704
-0.034445
-0.254823
0.148752
0.084483
-0.030697
0.121392
0.068352
-0.015267
0.105208
0.096283
0.086677
0.016438
-0.165286
-0.098943
-0.224233
-0.234536
-0.078993
0.169953
-0.079335
0.073163
-0.121050
-0.182341
-0.187829
-0.154629
0.219071
-0.081593
0.207152
-0.041625
-0.300043
0.145349
0.090489
-0.050134
-0.104002
-0.066972
0.013445
-0.037875
0.127563
-0.092942
-0.050165
0.046439
-0.126983
0.095724
-0.009768
-0.075042
0.103977
0.135060
0.157876
-0.000819
0.094333
-0.000056
-0.008160
0.021982
-0.096726
-0.036810
0.007715
0.012446
0.139220
0.128325
0.153461
0.176429
0.087580
-0.069397
-0.143714
-0.142966
-0.197795
-0.007353
-0.069065
-0.217129
-0.068847
-0.112763
0.112922
-0.107102
-0.028853
-0.007880
-0.132001
-0.293312
-0.124879
0.026788
0.006996
-0.073240
0.036317
-0.030268
0.149931
-0.025065
-0.116117
0.011718
-0.263693
0.010534
-0.078260
0.250630
0.126054
0.156185
-0.201829
-0.096602
-0.135574
-0.093157
0.093699
0.037059
0.147960
0.098756
0.153036
-0.164941
0.006607
-0.146954
0.097045
-0.113284
0.103564
-0.091462
0.020453
-0.134481
0.010641
-0.104982
-0.101495
0.098262
0.018665
0.184411
-0.031298
-0.109727
-0.129394
0.194300
0.136301
0.025741
0.284902
0.054729
-0.029015
-0.059764
0.020803
0.153919
-0.121056
0.018279
-0.052478
-0.152002
-0.170210
-0.175470
0.085967
0.049278
-0.011964
0.006852
-0.133928
-0.038530
0.085631
0.103139
0.176189
0.222020
0.075865
-0.081080
0.106141
0.087861
0.128906
-0.133992
0.067655
0.057408
-0.273615
-0.119435
-0.044858
-0.015262
-0.047030
0.011912
0.104300
0.108845
-0.004862
0.079518
-0.014361
-0.177543
0.090400
-0.008573
0.088050
0.112936
-0.056699
0.033670
-0.110355
-0.113454
0.072069
-0.059668
-0.028024
0.111755
-0.100962
0.117080
0.084042
0.004854
0.041532
0.191514
-0.257550
-0.001011
0.007190
-0.187652
0.009033
-0.064622
-0.107191
0.072436
-0.089469
-0.074250
-0.040086
0.123068
0.024429
-0.009248
0.143950
0.094226
-0.005422
-0.014950
0.112863
-0.078670
-0.240023
0.083802
0.074131
0.105913
0.010471
0.122130
0.259859
0.009372
0.033515
0.047382
0.097775
-0.124284
-0.062988
-0.034107
0.115309
-0.150804
-0.095987
0.110956
0.012406
0.073859
-0.005212
-0.063433
0.140433
-0.152578
-0.039984
0.103845
0.006031
-0.077822
0.159013
-0.213998
0.000702
-0.057176
0.023366
-0.092254
0.133617
0.059363
-0.056930
0.124967
-0.045907
-0.002276
0.284373
0.091717
-0.182176
0.198684
-0.015167
-0.088670
0.024210
0.000304
-0.062824
-0.123142
0.057096
0.138796
-0.142978
0.012469
-0.053422
0.027009
0.078153
-0.171892
-0.023230
0.020405
0.045576
0.096109
-0.019280
-0.183892
0.068478
0.027705
-0.143486
0.089351
-0.022631
0.048562
0.086200
0.113815
0.102323
-0.033084
-0.043899
0.119772
0.023466
-0.204702
0.062812
0.088277
0.135308
0.153121
-0.050311
0.050412
0.218099
-0.039082
-0.166483
0.003313
-0.018696
-0.197857
-0.061128
0.060704
0.067709
-0.173718
-0.159009
-0.029766
-0.116669
0.174520
0.128348
-0.262335
0.025073
0.122928
-0.078623
-0.065852
-0.117965
0.004144
-0.018717
-0.031386
-0.101849
0.017521
0.089133
-0.027074
0.058774
-0.011968
0.074461
-0.070448
-0.182500
-0.052098
0.012673
-0.019122
-0.185675
-0.034340
-0.168436
0.239893
-0.055453
0.049369
-0.015642
-0.094886
0.105517
0.106365
-0.113030
0.066968
0.021792
0.141634
0.097820
0.043619
0.119091
-0.038629
-0.226787
0.012361
-0.031180
0.087574
0.122712
0.155652
-0.125036
-0.124538
-0.010354
-0.141871
-0.040321
0.163102
0.009184
-0.128625
0.051938
-0.031880
-0.092966
-0.060010
-0.002718
0.178764
0.151552
-0.176787
0.039358
-0.093374
-0.178528
0.045113
-0.026131
-0.068772
0.042491
-0.125437
-0.316913
0.177180
-0.137977
-0.183658
0.339104
0.016833
-0.115468
0.066742
-0.018072
-0.219087
-0.063619
-0.057093
-0.179744
-0.116220
-0.143446
-0.046640
0.102179
-0.042151
-0.091070
-0.000003
0.083485
0.051864
0.115176
0.065644
0.041678
-0.097429
-0.083068
0.030631
-0.089770
-0.133865
-0.252492
-0.024541
0.037575
-0.170076
-0.311132
-0.182826
-0.003316
-0.066199
0.180702
0.257985
-0.172092
-0.013648
-0.031920
0.056701
0.012961
0.089009
0.101983
0.044551
-0.133483
0.111709
0.093753
-0.026999
0.045630
-0.111103
-0.089309
0.165419
0.074466
0.103030
0.091696
0.023343
0.030396
-0.034450
-0.059220
0.085532
-0.130756
-0.074272
0.045149
-0.108089
-0.024073
0.107891
-0.214867
-0.150040
0.020435
-0.005823
-0.186350
0.053780
0.017887
0.084593
0.035675
-0.035475
-0.047912
-0.124572
-0.129306
-0.139237
0.049447
-0.037886
-0.023544
0.026282
-0.141990
-0.086623
0.080482
-0.021791
0.004902
0.098483
0.165873
0.099117
0.204944
-0.208657
0.006848
-0.164433
-0.203190
-0.008713
-0.042876
0.173425
-0.015925
0.168779
0.144462
0.141934
-0.021390
-0.045559
0.116023
0.054561
-0.002304
0.006707
-0.112623
-0.055608
-0.102444
-0.086848
-0.133196
-0.138706
0.094852
0.253179
0.216010
0.009756
-0.018351
-0.006950
-0.224641
-0.184230
-0.186061
-0.095670
0.052059
-0.068215
-0.133799
-0.117290
-0.118347
-0.041595
-0.121003
-0.100448
0.077163
0.044054
0.126337
0.278822
-0.066434
-0.205673
-0.135819
0.038116
-0.089337
-0.083568
0.059548
0.134113
-0.064193
-0.042197
-0.074020
-0.084049
0.187521
-0.167652
-0.140488
0.188488
0.158312
0.106574
0.002401
-0.160884
-0.088875
0.043476
0.115407
-0.024238
-0.127007
0.016361
-0.077806
-0.053349
-0.179546
0.091294
0.077525
-0.125925
-0.155654
0.174090
0.121015
-0.082533
-0.248725
-0.286170
-0.097404
-0.111642
-0.193411
0.218319
0.186264
-0.042049
0.036807
-0.122916
-0.027535
0.040727
0.031938
0.034647
-0.210782
0.101425
0.101692
-0.111738
0.144501
0.308813
-0.086893
-0.005752
-0.188830
-0.326469
0.217020
0.085236
-0.089220
-0.032665
-0.064978
-0.087653
0.144601
-0.131306
-0.188320
0.094764
-0.077990
-0.083994
-0.134839
-0.143257
0.057396
-0.153590
-0.052230
-0.019232
-0.106562
-0.120812
-0.069343
-0.049901
0.189335
0.164626
0.054276
-0.026698
-0.140225
0.186916
-0.106581
-0.105580
-0.131303
0.147660
-0.011938
-0.186038
-0.142693
-0.279732
-0.021613
0.092736
0.105339
-0.002016
0.093093
0.047358
0.026842
-0.096798
-0.070207
0.071446
-0.034941
-0.064061
0.026339
-0.042194
0.041923
0.033985
0.046807
0.116064
-0.082732
-0.032176
-0.123655
0.052036
-0.035973
-0.047978
0.104984
0.171121
0.032017
0.151246
0.128698
0.060396
0.115907
-0.041485
-0.028263
0.039683
0.154323
-0.248717
0.059729
-0.029913
-0.199097
0.129727
-0.055746
-0.090579
-0.102434
-0.011204
0.000369
0.001398
-0.010745
0.068841
-0.015185
0.039538
0.090277
-0.019836
-0.052375
-0.073739
-0.104390
-0.043717
0.120144
0.013038
-0.131950
0.183782
-0.039869
-0.022720
0.068887
-0.056634
-0.010716
0.157708
-0.120157
-0.059524
0.073559
-0.165737
-0.050003
0.184827
0.011181
-0.013040
0.226979
0.229346
-0.068739
-0.013569
0.067436
0.078480
-0.040150
0.017730
0.026559
0.046538
0.096546
-0.022935
-0.034577
-0.011450
-0.113247
-0.186735
0.071841
-0.049165
-0.219459
-0.109581
-0.092865
0.111852
0.117169
-0.042136
-0.027747
-0.049117
-0.068120
-0.025510
0.132848
0.060044
0.259519
0.072786
0.048609
-0.142346
0.223292
0.045622
0.040990
0.148441
0.161176
0.120551
0.196723
0.047192
-0.121398
0.071998
0.136811
0.106142
-0.140279
0.097619
0.156106
-0.153981
0.151281
0.005780
-0.111103
-0.015704
0.011614
0.098293
-0.103545
0.023879
0.230210
0.065287
0.069970
-0.076454
-0.026339
0.011490
-0.023055
0.018786
0.106312
-0.069064
-0.052142
0.053754
-0.020961
-0.045170
0.127189
-0.139449
-0.065891
0.115820
0.019438
-0.040493
-0.012114
-0.192190
-0.078496
-0.158635
0.082383
-0.085015
0.123497
-0.058796
-0.153160
0.031274
0.082923
-0.166334
0.023497
-0.054574
-0.054651
0.011113
0.250290
0.124746
0.041185
-0.045754
-0.072286
0.107087
0.098937
0.111825
0.106690
-0.044120
-0.091234
-0.126099
-0.165049
-0.105562
-0.078701
0.207643
0.081565
-0.200381
-0.011293
-0.077939
-0.046347
-0.173546
-0.128688
-0.050549
0.070608
0.298420
0.117256
-0.060409
0.046907
0.090254
-0.159955
-0.336057
-0.193376
0.001181
0.032848
-0.257355
-0.048965
-0.114568
0.000669
-0.110572
0.020770
-0.069446
0.022270
0.059623
0.186179
0.040674
-0.088422
-0.132071
-0.051350
-0.058839
0.046954
-0.081549
-0.022254
0.087485
0.029100
-0.036695
0.034379
-0.071055
0.034094
0.088865
-0.205861
0.075692
0.057048
-0.063154
0.025451
-0.130890
-0.044455
-0.077528
-0.177863
0.007826
-0.057445
-0.036719
0.047387
0.070077
-0.239957
0.030061
0.118450
0.024030
-0.027989
0.024308
-0.020122
-0.069060
0.105962
0.006861
0.138100
0.025554
0.141766
-0.071411
-0.133567
-0.042915
-0.026560
0.092047
0.157669
0.049678
0.035174
0.058033
-0.188737
0.065367
0.059387
-0.132649
0.050318
0.234823
-0.007472
0.159692
0.104081
-0.061037
0.095282
0.296717
-0.023042
-0.052802
-0.147305
0.129835
0.107909
0.064367
-0.142758
0.040289
-0.147793
-0.063860
-0.066303
-0.136360
-0.211614
0.062448
0.040792
-0.071346
-0.010960
-0.012003
0.038766
0.232160
0.031032
0.104311
0.052029
0.071734
-0.064584
0.031904
-0.043720
0.154288
0.312196
0.051777
0.106211
0.060025
0.084684
-0.155128
-0.097439
-0.094355
0.029688
0.182854
0.337944
-0.077061
-0.122917
-0.046583
-0.003731
0.114757
0.030588
-0.119674
-0.003605
-0.013808
0.017991
0.100293
0.164333
-0.097981
0.067368
0.175966
-0.139495
-0.175772
-0.048752
-0.098521
-0.189087
-0.162697
-0.133003
-0.004924
-0.104484
-0.028556
0.111412
0.455392
-0.157657
0.073957
0.218238
0.006822
0.097527
0.074041
-0.045488
-0.071885
0.216983
0.065826
-0.161370
-0.022322
-0.173160
0.127863
-0.013544
0.048327
-0.086127
-0.207406
0.078280
-0.007982
0.097452
-0.065929
-0.036232
-0.015031
-0.061611
0.081410
-0.117538
0.107196
0.034032
0.089017
0.068768
0.064469
-0.046581
0.035498
-0.081207
0.135123
0.089060
-0.062470
0.003379
-0.136659
-0.109964
0.073458
0.112551
0.040246
0.190998
-0.024785
-0.077547
-0.058123
0.067479
0.062325
-0.137981
0.079920
0.129255
0.140302
-0.086635
-0.068399
0.012409
0.097722
-0.070232
-0.015481
-0.135107
-0.012015
-0.205536
-0.016391
-0.060310
-0.151783
0.026994
-0.094126
-0.087751
0.057817
0.060750
-0.082108
0.126860
-0.076221
-0.015925
0.067858
-0.172360
-0.115676
-0.282051
-0.267394
-0.024840
-0.036888
-0.036981
-0.077564
-0.076159
-0.176893
-0.169751
-0.074461
0.001893
0.095537
0.120987
0.053122
0.063693
-0.122766
-0.083431
-0.148604
-0.087627
0.104614
-0.042663
-0.065554
0.073755
-0.038365
-0.046170
-0.025594
0.085649
-0.010390
-0.049883
-0.088583
0.071001
0.075534
-0.021369
-0.095622
-0.018304
-0.002206
-0.064197
0.051049
-0.028959
-0.162154
-0.037477
-0.121855
-0.188932
-0.090748
-0.005270
-0.098174
-0.175926
-0.157354
-0.052686
0.066342
0.030732
0.099804
-0.068623
-0.148400
0.028397
0.043576
0.117555
0.177896
0.069436
0.086626
-0.026632
0.009163
0.099845
0.046104
-0.068418
-0.080418
0.086061
-0.015864
0.083351
-0.058878
-0.128257
0.004774
-0.104413
-0.111214
0.131647
-0.096733
0.074156
-0.000165
-0.141403
0.020061
0.028851
-0.031960
-0.112356
-0.090088
0.073132
0.072700
0.076992
0.053266
-0.118401
-0.282498
0.010647
0.035950
-0.070810
0.148744
-0.142812
-0.059463
0.078049
-0.031490
-0.036013
-0.054377
0.087782
-0.284939
0.089262
0.170091
-0.261387
-0.028475
0.041151
-0.054907
0.056273
0.072815
0.073348
0.071218
0.037919
-0.149895
0.092046
-0.070279
-0.326597
-0.023020
0.001116
0.097761
-0.101319
0.067659
0.226536
0.089294
0.085251
-0.025055
-0.004259
0.120374
0.037729
0.030219
-0.082438
-0.167012
0.042583
0.083002
-0.196202
0.100250
0.047540
-0.012281
0.113787
-0.003751
-0.117046
0.003349
-0.034960
-0.208448
0.204983
0.061790
0.239110
0.082391
0.109356
-0.004984
0.002777
-0.109921
-0.185828
-0.035591
0.016485
0.077426
-0.074946
-0.138811
0.009826
-0.113564
-0.049198
0.032382
-0.137334
0.046341
-0.169724
0.043637
0.000903
-0.051021
0.007728
0.051141
-0.051906
0.111689
0.181101
-0.028758
-0.088794
-0.111265
0.030132
-0.031221
-0.021156
-0.007075
-0.091628
-0.135422
0.043814
-0.108649
-0.086043
-0.003712
-0.079282
0.220648
0.498882
-0.031676
0.091968
0.139906
-0.101237
0.005200
-0.114769
-0.183652
0.040180
-0.009765
-0.056287
-0.014497
0.001548
-0.069411
-0.017187
-0.097716
0.014611
0.096558
0.187726
0.095271
0.022423
0.068443
-0.017272
-0.043226
-0.009643
-0.102817
0.111759
-0.198494
0.040135
0.025059
0.102407
0.193339
0.183893
-0.017742
0.030318
-0.198970
-0.103213
-0.096129
-0.123753
-0.269761
0.104356
0.134198
-0.024976
-0.096779
0.072313
0.210894
0.084356
-0.006487
-0.178738
0.100627
0.232733
0.064773
0.090037
-0.040408
-0.104838
0.038716
-0.021792
-0.022852
0.058876
0.005415
-0.071002
0.049099
-0.099242
-0.110689
0.043664
0.127133
-0.028185
-0.021799
-0.129799
-0.089755
-0.112912
-0.021404
-0.067321
-0.043188
0.175550
-0.051005
0.026736
0.064159
-0.028799
-0.165972
-0.059135
0.274735
0.049379
-0.198162
0.372469
0.198750
-0.110318
0.046126
-0.070500
-0.058100
0.048953
0.011399
-0.148235
-0.050393
0.020187
-0.044510
-0.076067
0.084892
-0.097909
-0.067428
0.016273
0.074356
-0.130417
0.121114
-0.111588
0.032851
-0.145684
0.023546
0.060620
-0.057525
-0.003993
-0.017421
-0.070241
-0.026194
-0.003159
0.118231
-0.093355
-0.223510
0.045955
-0.087785
-0.138940
-0.065997
-0.135720
-0.168183
-0.031587
0.063927
0.020075
0.144095
0.194340
0.020736
0.191951
0.126046
-0.110506
-0.097465
0.019015
0.070841
0.077472
0.076565
-0.007478
0.023183
-0.070437
-0.393485
0.186030
-0.137595
-0.076383
-0.129824
-0.051175
0.040698
-0.110724
-0.073703
0.165487
-0.039729
0.111163
0.041527
-0.019597
0.119445
0.058769
-0.222094
0.054328
0.151134
-0.104839
0.067636
0.147668
-0.217879
-0.101852
-0.095696
-0.175619
-0.020799
-0.054975
0.047110
0.023446
0.163140
-0.140326
-0.134916
-0.062875
-0.203087
0.101659
0.196118
0.246514
0.237248
0.015596
-0.110438
0.055725
-0.138527
-0.035000
-0.123770
-0.102388
0.039600
-0.102907
-0.147955
-0.025864
0.056213
0.109359
-0.011809
0.121820
0.115523
0.006732
-0.046971
0.028274
-0.025358
0.142389
-0.165450
0.003620
0.109709
-0.133986
-0.063660
-0.073454
-0.026446
0.155384
0.277543
0.036007
-0.030972
0.013917
-0.083108
0.182691
0.193407
0.124149
0.253189
0.267033
0.148738
-0.014124
-0.021547
-0.205006
0.024558
-0.006095
-0.177778
-0.110680
-0.054245
-0.251678
0.061979
0.219763
0.058777
-0.218458
-0.216374
0.113871
0.030033
0.229880
0.206277
-0.005619
0.107322
0.130614
-0.225726
-0.178598
-0.066088
-0.089158
0.025476
-0.021456
0.130112
0.132014
-0.009628
-0.033327
-0.305248
-0.050602
-0.144422
-0.068058
0.023387
-0.073674
0.081543
0.085251
-0.081929
-0.007152
0.048598
0.054657
0.036436
0.085662
-0.067573
-0.080869
-0.091970
-0.050125
-0.095278
-0.062613
0.056279
0.042862
0.126433
0.075636
0.130849
0.101574
-0.194993
-0.066665
0.054741
-0.038206
-0.100673
0.083018
0.129054
-0.052099
-0.063439
-0.069560
0.010890
-0.116491
0.011608
-0.028632
-0.050253
0.124596
0.095387
0.011517
-0.018895
-0.067455
0.085270
-0.163524
-0.096411
0.002931
0.102735
0.126444
0.020371
0.028847
0.129163
0.129139
0.044556
0.074544
0.111741
-0.193111
-0.016210
-0.056705
-0.008670
-0.025575
0.009913
-0.254721
-0.000082
0.045841
-0.028189
0.054833
-0.024049
0.107448
-0.131888
0.030947
0.007127
-0.287827
-0.366237
-0.007051
-0.042688
-0.058642
0.091831
-0.075773
-0.007952
0.032089
-0.084320
0.023520
0.120363
0.160189
0.074908
0.160339
0.185484
0.021233
-0.023427
-0.075195
0.140356
-0.065943
-0.056704
-0.024479
-0.081426
-0.226398
-0.091869
-0.089878
0.009592
-0.028211
-0.007154
0.057042
-0.006547
0.081164
-0.054827
-0.014707
-0.018282
0.018427
0.155552
-0.127210
-0.122008
-0.052426
-0.056234
0.006908
0.020516
-0.229965
-0.145502
0.187264
-0.002248
0.002360
0.071900
0.121167
0.048474
-0.036730
-0.025580
0.080472
-0.024562
0.029808
-0.068839
-0.033881
0.049250
-0.068720
0.073724
-0.019229
-0.018942
0.032186
-0.024912
0.024385
-0.045934
-0.224805
-0.095759
-0.099331
-0.018902
0.158516
0.136711
0.116649
0.047538
-0.011232
0.009026
-0.304328
-0.020130
-0.421405
-0.246547
0.114474
-0.029177
0.237748
0.197756
0.024154
0.072566
0.157496
-0.055280
0.113789
-0.002661
0.034672
0.070669
-0.088843
-0.020217
-0.172392
-0.250372
-0.235121
-0.201121
0.027552
-0.039715
0.071931
0.115345
-0.059642
-0.232254
-0.142473
-0.137150
-0.268165
-0.209959
-0.126598
-0.147068
-0.149685
-0.204008
-0.125896
-0.106944
0.042487
0.105323
0.129705
0.104120
0.163077
-0.019256
-0.112903
-0.185192
-0.269877
-0.024381
-0.109589
-0.087876
-0.043594
-0.030443
-0.130856
0.083338
0.029843
0.077527
-0.038432
0.068565
-0.123067
-0.154974
0.048934
-0.049704
-0.137875
-0.013366
-0.107297
0.157709
0.260736
0.108432
0.000607
0.040021
-0.086573
-0.004193
-0.277039
-0.132892
-0.075563
0.064572
-0.033475
-0.022642
-0.020231
-0.203219
0.029230
0.041453
0.119654
0.183523
-0.009444
-0.083478
0.155035
-0.103488
0.045014
0.002414
0.069440
0.074696
-0.039041
0.027585
0.057794
-0.183564
-0.014005
0.024218
-0.000240
-0.037722
-0.150997
-0.017028
-0.213475
-0.093333
-0.019105
0.191547
0.024183
-0.073380
0.242915
0.078088
-0.055308
0.133822
-0.038662
-0.068180
0.005612
-0.049858
0.128008
0.126059
0.102780
0.054227
0.062641
0.077550
-0.046090
0.001730
0.097457
0.046163
0.062405
-0.014839
0.196351
-0.034580
0.006704
-0.067504
-0.118792
-0.192922
-0.128391
-0.051383
-0.141050
0.063844
0.113844
-0.010926
0.032840
0.038592
-0.092697
0.103703
-0.054499
-0.072167
0.059884
-0.025573
-0.178116
0.061123
0.022904
0.018937
-0.054818
0.083737
0.110854
-0.009230
0.148991
0.002061
0.031370
0.018004
-0.046400
0.148631
0.065278
0.243422
0.024969
-0.019851
-0.016034
0.001650
0.074737
-0.053605
-0.202087
0.062275
0.027993
-0.007589
0.009963
-0.033111
0.025851
0.043076
-0.072233
-0.110457
0.127228
0.133779
0.027540
0.079212
0.114713
-0.017168
-0.091596
-0.013250
0.100054
0.069221
-0.034778
-0.147212
0.136127
0.099598
0.059956
0.011643
0.034268
0.026018
0.283093
0.082836
0.175075
0.092675
0.076798
-0.004116
0.041404
-0.181966
-0.148435
0.020633
-0.137104
-0.133529
-0.083274
0.114996
-0.088463
-0.025466
0.134964
-0.083439
0.107481
-0.008108
0.288706
0.223045
0.030951
0.226817
0.010217
-0.145118
0.030411
-0.128550
-0.010091
-0.009702
0.065426
-0.060658
-0.233331
0.037135
-0.151883
-0.080002
-0.121048
0.041963
-0.150264
-0.070539
-0.045097
0.046647
0.091711
0.197161
-0.055642
-0.134862
0.063103
-0.058533
-0.040629
-0.040119
0.017560
-0.069664
-0.247549
0.071489
-0.057705
0.054117
-0.066392
0.104427
-0.024704
-0.075735
0.150964
0.136372
0.073499
-0.161369
-0.111689
-0.058409
-0.013435
0.013926
-0.079595
-0.069798
0.159982
-0.077748
0.151400
0.104382
-0.127737
-0.106079
0.012684
-0.098793
-0.124179
-0.120903
-0.085920
-0.098151
0.079287
-0.187778
0.027795
-0.035996
0.119960
0.001238
0.018551
0.002457
0.082099
-0.189677
-0.040124
-0.119807
-0.115758
-0.042434
0.022492
0.024677
-0.159994
0.230782
0.092912
0.211793
0.099898
-0.203529
0.161606
0.021459
-0.208054
-0.031234
0.358181
0.160994
-0.011781
0.066758
-0.010203
0.188342
-0.073003
-0.220857
0.143955
0.054889
-0.072380
0.003743
0.014912
-0.139193
-0.041851
0.087759
0.029648
0.112944
0.033000
-0.084346
-0.109080
-0.185425
-0.291467
-0.066443
0.007028
-0.066533
0.077027
-0.103046
-0.030969
0.042043
-0.055599
-0.173699
0.052753
0.046152
-0.173051
0.070763
0.112769
-0.130513
-0.139353
0.117849
0.088465
-0.003074
-0.048670
-0.005926
0.016909
0.043935
-0.094227
-0.102656
-0.063347
-0.100649
0.021934
-0.042015
-0.076116
-0.057893
-0.027991
-0.009008
0.014052
-0.014746
-0.195125
-0.051842
-0.082419
-0.055272
-0.064888
-0.002191
0.056967
-0.064375
-0.139211
0.180857
0.079878
-0.254621
-0.111942
-0.009872
-0.036079
0.228074
0.008872
-0.087597
-0.245347
-0.069028
-0.231178
-0.125068
-0.046402
-0.058327
0.280248
0.168654
-0.033837
-0.347449
0.069887
-0.059706
-0.033100
-0.143713
0.023370
0.035557
-0.124107
0.093348
0.183965
0.185851
-0.078130
0.252001
0.055693
-0.029789
-0.098705
-0.034354
-0.186477
-0.176600
0.241789
0.095108
-0.071830
-0.041580
-0.028502
0.088089
0.060312
-0.112128
-0.021184
0.217849
0.110392
-0.206318
-0.018304
-0.084781
-0.112881
-0.178444
0.172016
-0.006370
-0.203076
0.080304
0.162292
0.098891
0.072300
0.078526
0.085690
0.040678
-0.194881
-0.012235
-0.206346
-0.137907
-0.033701
-0.094677
0.046852
0.084915
0.028488
-0.118422
0.173737
0.299895
0.043023
-0.147764
-0.052650
0.034756
-0.118984
-0.020187
-0.018409
-0.131008
-0.061270
-0.024185
0.036914
0.002997
0.229537
0.028450
0.146703
0.294433
0.193616
0.183601
-0.009013
0.003031
-0.247130
-0.152693
-0.057684
-0.161946
-0.068723
-0.051675
-0.016391
0.054837
-0.135174
0.013286
-0.111104
-0.059597
-0.153503
-0.086141
0.007179
-0.143702
-0.109373
0.000086
0.019634
-0.250881
0.038534
-0.218093
-0.134666
-0.035031
0.060561
0.022456
0.096629
0.115310
0.030366
-0.221816
-0.149880
0.118021
-0.076084
-0.021810
-0.084243
-0.124725
-0.123794
-0.082311
-0.082356
0.118700
0.011373
0.018206
0.068536
0.120043
0.183727
-0.158412
-0.087780
0.189951
0.113586
-0.243685
0.023194
0.259950
-0.005842
-0.152177
-0.046878
0.088434
0.007951
-0.268369
0.068940
0.071320
-0.150003
-0.054854
0.108682
-0.250167
-0.021493
0.162365
0.014521
-0.194833
-0.107165
0.008407
-0.074839
-0.155460
-0.034615
-0.095998
0.075771
0.014906
-0.127962
0.120411
-0.034448
0.032783
-0.052841
0.034033
0.061951
0.026573
-0.106524
0.146280
0.093051
-0.122959
-0.236038
0.079874
-0.076514
-0.182563
0.129294
0.085770
0.058043
-0.254095
-0.049059
0.223871
-0.041412
-0.173402
-0.063372
0.113735
0.088317
0.015341
-0.015067
0.063360
0.044397
-0.163336
-0.058069
-0.019483
-0.117350
-0.075044
-0.215134
0.081182
0.153360
-0.082034
0.045538
0.056000
-0.001666
0.081705
0.106367
-0.006553
-0.124167
-0.092281
0.040133
-0.005380
-0.035140
-0.040738
-0.088386
-0.025596
-0.114257
0.164126
0.262031
0.159234
0.042494
0.027711
-0.095435
-0.141378
-0.014555
-0.079988
0.004758
-0.064424
0.126994
-0.095081
-0.289981
0.152162
-0.001417
-0.145128
-0.086006
-0.023913
0.056641
0.098599
0.151753
-0.089187
-0.077509
0.071279
-0.175132
0.050569
0.281746
0.024145
0.173748
0.117735
0.149929
-0.056693
0.079962
0.020952
-0.007888
0.102447
0.086559
0.201918
0.081960
-0.116546
0.019847
-0.136215
-0.155239
-0.254100
0.138896
0.037456
-0.054264
-0.080630
-0.127214
0.019435
0.070001
-0.122047
0.074488
0.132645
0.008331
-0.045660
-0.080641
-0.020329
0.008253
-0.217256
-0.002567
0.214796
-0.035930
-0.028688
0.103458
-0.015014
-0.063603
0.155761
-0.016888
-0.140003
0.004351
-0.045009
-0.061164
-0.081390
-0.140312
0.165151
-0.109966
-0.086616
-0.057462
-0.039992
0.041736
-0.142674
-0.061605
0.057658
0.064614
-0.030074
0.013310
-0.064716
0.035976
-0.015126
-0.089524
-0.013929
0.036166
0.111288
0.090367
-0.148778
-0.004312
-0.122667
-0.084801
-0.130903
-0.240464
-0.071565
0.043622
0.096162
-0.085742
-0.167045
-0.017809
-0.004316
0.078231
-0.091995
-0.022579
-0.043551
0.055365
-0.029276
-0.234221
-0.140409
-0.036372
-0.141513
-0.145026
-0.150402
0.033634
-0.049691
-0.070392
-0.024390
-0.136768
-0.055488
-0.195833
0.036312
0.169131
0.072946
0.146988
-0.044382
-0.017070
-0.236715
0.181392
0.008945
-0.189501
0.181577
0.043948
0.033344
0.053836
-0.067022
-0.193654
-0.096000
-0.042081
-0.039931
0.052541
-0.023095
0.249115
0.034705
-0.137008
0.148038
0.120041
-0.000448
0.008253
0.117541
0.084546
0.104589
-0.028267
0.110968
0.096030
-0.011604
-0.239416
-0.097175
-0.068997
0.072483
0.110561
0.147623
-0.066839
-0.152856
-0.185497
-0.020513
-0.225190
-0.019112
0.031401
0.025812
0.021531
-0.043780
-0.314582
0.057601
-0.040560
-0.028715
-0.050543
-0.078199
0.089844
0.053846
-0.132288
-0.060015
0.068928
0.083507
0.076037
-0.006945
0.093301
0.363861
0.071970
-0.033862
0.291838
0.088096
-0.177734
-0.021730
-0.045539
0.017313
0.039502
-0.044484
0.124418
0.021728
-0.233146
-0.022956
-0.150119
-0.026389
-0.181543
0.020867
-0.003067
-0.032395
-0.122894
0.081234
0.188073
0.070475
-0.098964
-0.265553
-0.032742
0.030536
-0.006754
-0.093954
-0.065868
0.209361
0.126653
0.153499
0.080999
0.136050
-0.040532
-0.098569
0.114759
0.153223
0.116171
0.054557
-0.013061
0.082890
0.021410
-0.077386
-0.027834
-0.010604
0.077408
-0.009083
-0.179139
0.153722
-0.078031
-0.241295
0.180416
0.098401
-0.042315
-0.174888
-0.058662
-0.141412
0.111697
0.189333
0.012335
-0.097487
-0.029561
-0.025493
-0.189682
0.001804
-0.067047
-0.058451
-0.106718
0.052969
0.077490
0.092282
-0.240119
-0.104995
-0.045357
-0.035042
-0.062248
0.133733
0.149733
-0.047546
-0.158538
0.317341
0.098121
-0.153913
-0.100852
0.059520
-0.008732
-0.125467
-0.015153
-0.096186
0.112111
0.151505
-0.049202
0.055395
-0.058670
-0.100750
0.007086
0.154103
-0.028349
-0.116552
-0.072140
0.254921
0.028256
-0.014063
-0.104594
0.054654
-0.062154
-0.141263
-0.199411
-0.038660
-0.209892
-0.042098
-0.022894
0.028091
0.028763
0.043277
0.006177
-0.028221
0.029567
0.082534
0.069972
-0.123853
0.082286
0.126695
-0.083264
-0.200316
-0.101169
-0.098506
-0.211882
-0.096766
0.145862
0.082495
0.062250
0.221390
-0.119359
0.065836
0.008857
-0.050287
-0.109334
-0.022359
-0.107164
-0.069232
0.015406
-0.016066
0.015626
-0.027180
0.005584
0.105549
-0.054402
-0.019299
0.044305
-0.080297
-0.142247
0.141215
-0.028542
-0.064758
0.136256
-0.172671
0.016339
0.103302
-0.063159
0.097258
-0.005943
-0.107952
-0.159897
-0.180049
0.065787
0.003076
0.121934
0.029623
-0.056236
-0.201578
0.142091
-0.174528
-0.111883
-0.126078
0.101417
-0.083938
-0.275702
-0.194665
0.275592
0.060386
-0.037872
0.172891
0.138829
-0.117123
0.106814
-0.054133
-0.043932
-0.073032
-0.076632
0.017728
-0.202977
-0.059046
-0.094311
0.043699
-0.202649
-0.004132
-0.067326
0.031680
0.202622
0.253553
-0.040958
0.019481
-0.058445
0.017024
-0.001874
-0.219044
-0.109084
-0.193016
-0.027862
0.091827
0.077719
0.081481
-0.096012
0.072830
0.068680
0.064755
0.045582
-0.046776
-0.152598
-0.085499
-0.069234
-0.031420
0.231962
0.097436
0.087120
0.109304
0.093185
-0.041711
-0.146339
-0.155927
0.065179
0.163634
0.058547
-0.099704
-0.126237
-0.157765
-0.135294
0.011959
-0.043618
-0.146894
-0.032120
0.027727
-0.109895
0.038038
0.129910
0.081846
-0.091671
-0.040886
0.123628
0.105553
0.001452
-0.021899
0.100571
-0.037923
-0.293037
-0.129727
-0.106916
-0.214273
-0.087919
-0.009041
-0.012379
-0.158439
-0.079748
0.113360
-0.128259
-0.120792
-0.028636
-0.123247
-0.126776
-0.000351
0.040223
0.002042
-0.009646
-0.064522
0.034952
-0.159778
-0.153932
0.108050
0.202132
0.069157
-0.185246
-0.074368
0.071977
-0.073644
-0.118568
0.097545
0.001703
0.068830
0.048422
-0.062048
0.046771
0.289068
-0.056760
0.083286
0.029417
-0.172072
-0.129227
-0.201842
-0.082344
0.000424
-0.085166
0.044513
0.042300
0.164139
-0.022745
0.065045
-0.117043
-0.032309
0.193820
-0.049720
-0.136775
0.005679
-0.003997
-0.018529
0.171397
-0.078052
-0.162823
0.019001
-0.096843
-0.038554
0.055093
0.204530
0.121674
-0.020450
0.076034
-0.047337
0.027543
0.070896
-0.015720
-0.255941
-0.175036
-0.038519
-0.255139
0.023992
-0.132409
0.244742
0.105136
-0.102846
0.080140
-0.116963
-0.188255
0.212071
-0.060641
-0.055477
-0.103499
-0.083427
-0.017121
-0.208402
0.127960
0.145720
0.044389
0.073243
-0.049117
0.080365
-0.098719
-0.037022
-0.163375
0.047408
0.076287
0.008739
0.219645
-0.009627
0.072742
0.164393
0.019828
0.226907
0.135354
-0.040886
-0.006912
0.011248
-0.161940
0.105697
-0.142035
-0.242037
-0.062246
-0.027627
-0.049200
0.141297
0.097347
0.290848
0.258020
-0.124009
-0.124959
0.005609
-0.078602
-0.067845
0.130718
0.028107
-0.028750
-0.155895
-0.200282
-0.057094
-0.080050
0.137244
0.001101
0.142014
0.082403
-0.168942
0.023198
-0.080318
-0.000150
-0.064112
-0.112530
-0.204199
0.233877
0.165429
-0.023158
0.183882
0.021415
0.044925
-0.214731
-0.217189
-0.209858
0.005388
0.166471
0.040662
-0.017248
-0.101011
-0.131943
-0.030515
-0.161372
-0.105237
0.182300
0.103112
0.119396
-0.047911
-0.234810
-0.036481
-0.023381
-0.095203
-0.244332
-0.108547
0.097598
-0.110614
0.027410
-0.037778
0.149403
-0.014381
0.060430
-0.060131
0.075527
-0.117307
-0.058059
-0.120054
0.027921
-0.102512
-0.015481
0.110968
-0.023242
-0.045179
0.064843
0.011654
0.086949
-0.011397
-0.014224
-0.173841
-0.086576
-0.154840
0.096899
-0.241458
-0.215762
0.043520
0.210477
0.169029
-0.115181
-0.034917
-0.046959
0.178871
0.289990
-0.021956
-0.030393
0.055880
-0.060515
-0.021265
0.025943
-0.088714
0.061328
0.050857
0.000393
0.033457
-0.054517
0.128588
-0.056989
-0.019056
-0.092545
-0.040083
-0.111411
0.109302
-0.084194
-0.100464
-0.040554
0.040940
0.225378
-0.138130
0.222922
0.144487
-0.020579
-0.226994
-0.092133
0.105503
-0.071205
0.006984
0.189434
0.036259
-0.049045
0.269303
0.068510
0.166311
0.112445
-0.063760
0.047755
0.055321
0.018224
-0.031181
-0.104131
0.035969
-0.028645
-0.038473
0.060022
-0.135299
-0.057415
-0.119758
-0.149727
-0.117215
-0.116890
0.004540
0.021974
-0.059875
0.009167
-0.112173
-0.196009
-0.171543
0.007755
-0.000922
0.000735
0.010076
0.048046
-0.066058
-0.063404
0.069355
0.264594
0.144419
-0.052562
-0.042268
-0.040894
-0.023296
-0.220422
0.058804
-0.155121
-0.239448
-0.015468
0.039072
-0.075232
0.093892
-0.078308
-0.101798
-0.144270
0.268017
-0.076300
-0.022382
-0.019228
0.079629
-0.065693
-0.140061
-0.010968
0.111694
0.017615
0.183144
0.161876
-0.019736
-0.104520
0.140777
-0.119629
-0.044209
-0.115076
-0.017371
-0.075350
-0.060318
0.133528
0.097830
0.214611
0.117959
-0.044674
-0.037098
0.084609
-0.045789
-0.146763
-0.112927
-0.003323
0.016575
-0.109340
0.156461
-0.081446
-0.012931
0.083058
0.071798
0.069411
0.078694
-0.033677
0.081818
0.138752
0.098169
-0.038166
0.119957
-0.312816
0.201789
0.070716
0.031214
0.056639
0.117078
-0.145366
0.188316
0.259257
-0.081606
-0.053565
0.110284
0.096090
-0.125511
-0.149561
-0.091106
-0.043303
0.006519
-0.077339
0.018770
0.067514
0.019989
0.075264
0.099734
0.055997
-0.094860
-0.057489
-0.216967
0.042030
-0.216184
-0.014091
0.005103
-0.106284
-0.093837
-0.318747
-0.473679
-0.090524
-0.052251
-0.133248
-0.127058
0.056404
-0.069295
-0.015588
0.007997
-0.158437
-0.105189
-0.011457
-0.001756
0.197208
0.090543
-0.089664
-0.035958
0.041891
-0.010379
-0.038075
-0.132661
0.106977
0.073923
0.032194
0.058971
0.066193
0.075910
0.188291
-0.064476
0.057394
0.086128
-0.056853
0.184044
0.091570
-0.057117
-0.067619
-0.005974
-0.116584
0.020379
-0.168487
-0.062449
-0.061508
-0.178687
0.025176
-0.158449
-0.095443
0.028365
-0.205894
0.037880
0.128393
-0.058566
0.073923
0.123409
0.016325
0.090924
0.092440
-0.007478
-0.217594
-0.145593
-0.008043
0.017838
0.119873
0.142964
0.244859
0.296150
0.050561
-0.200684
-0.078454
-0.089538
0.004057
0.134354
0.043855
0.062073
0.193394
-0.011753
-0.016356
-0.116588
0.049746
0.045283
-0.155960
0.021792
-0.048988
-0.204373
-0.008124
0.133416
-0.107616
0.048731
0.149988
0.186294
0.132516
0.054811
0.151982
-0.188689
-0.078210
-0.163312
0.007510
-0.069827
-0.177299
0.080983
0.058835
-0.029503
0.014206
0.102043
-0.222629
0.064086
0.092682
0.014511
-0.107933
-0.073524
-0.006127
0.019259
-0.142814
-0.139871
0.007245
-0.130236
-0.110278
0.064211
0.027263
-0.030240
0.058081
0.096869
-0.158787
0.072338
0.102091
-0.135446
0.008189
-0.052825
-0.097613
0.271869
0.111359
0.132263
0.125454
0.162754
0.004979
-0.088658
0.086019
-0.274318
0.079091
-0.051569
0.139757
0.064464
-0.093309
0.070523
-0.083318
-0.040782
-0.086738
-0.196039
0.065626
-0.166811
0.004886
-0.102949
-0.139387
-0.036214
-0.035529
0.022780
0.082312
0.095989
0.116990
0.045507
0.107211
-0.008861
-0.081918
0.006827
-0.027687
-0.025683
0.078916
-0.127816
-0.076791
0.057715
-0.011414
-0.230419
0.024908
0.063843
0.020904
0.074478
0.133243
-0.029439
-0.059414
0.074328
0.048335
-0.181223
-0.115660
0.051229
0.194563
0.093016
0.081355
0.138859
0.127752
0.084943
0.058919
0.000729
0.022813
-0.236441
-0.089708
-0.199276
0.026260
0.068896
0.108129
0.225974
0.290437
-0.105447
-0.263036
-0.082428
-0.080231
-0.121523
-0.061006
-0.074261
-0.110149
0.086186
-0.186058
0.018273
0.104051
0.031791
0.117795
-0.018491
0.177461
-0.005331
-0.137116
0.092156
-0.091258
0.077595
0.101065
-0.008328
-0.078575
0.105774
-0.008889
-0.018692
0.146114
-0.084791
-0.107213
-0.086363
-0.085708
0.027571
-0.160662
-0.193850
-0.045821
-0.142799
-0.100793
-0.160586
-0.064120
0.045014
-0.010212
-0.106966
0.002916
-0.069120
0.039073
-0.278976
0.035580
-0.114328
-0.005228
-0.011544
-0.002890
0.080230
-0.170552
0.293204
0.149168
0.163571
0.040491
-0.068589
-0.098530
-0.065345
-0.251711
-0.076731
-0.297124
-0.138873
-0.046108
-0.142291
0.065216
0.081813
0.019465
-0.005543
0.165295
0.092789
-0.041629
-0.042548
0.144256
-0.046502
-0.037791
0.046244
-0.032117
-0.004201
0.019028
0.186909
0.037597
0.084300
0.137095
-0.112149
0.031669
-0.031182
0.029503
0.034176
0.098307
0.048909
-0.020386
-0.113581
-0.091777
0.117237
0.124923
-0.095049
-0.181572
-0.222205
-0.101488
-0.175349
-0.207171
-0.053283
0.108257
-0.089218
-0.066723
0.270049
-0.156850
0.023447
0.192413
0.211804
0.228087
0.083258
0.190069
0.090550
0.089765
0.009108
0.001339
0.162419
-0.001312
0.095455
0.001488
-0.099297
-0.158889
-0.017473
0.085536
-0.074898
0.234105
0.205747
-0.069163
0.053438
-0.013130
0.098616
0.263504
0.169001
0.131356
0.300074
0.141873
-0.027513
0.008550
0.032414
0.014435
0.036380
-0.003578
0.092700
0.134195
0.102172
0.078752
0.103125
0.104946
0.183007
0.128577
0.076752
0.120633
0.239463
0.186088
0.146500
-0.074469
-0.156297
-0.083906
-0.038526
0.199542
-0.007056
0.003881
0.014307
0.098557
0.105792
0.027123
0.133444
0.032776
-0.000751
0.133421
-0.128690
0.025402
0.064662
-0.125034
-0.086329
0.070134
-0.030796
0.088167
-0.123641
-0.101403
-0.026233
0.020303
0.022827
0.103019
0.122555
-0.081309
-0.101468
0.150128
-0.055460
-0.103155
0.006295
-0.014107
0.099374
0.146325
0.054276
0.024053
-0.131296
0.158937
0.346116
0.200343
0.115781
0.409579
0.222162
-0.252243
-0.101246
-0.036843
-0.076664
0.038900
-0.122284
-0.135970
0.022981
-0.062168
-0.012322
-0.189761
0.087472
-0.002820
-0.061166
-0.034026
-0.045186
-0.128997
-0.032102
0.046269
0.045636
-0.149358
0.130649
0.075914
-0.128514
0.054808
-0.103243
-0.296831
-0.098740
-0.038202
0.087513
0.044714
0.105683
0.102052
0.023220
0.028196
0.001570
-0.151005
-0.119336
-0.266891
-0.288961
-0.087142
-0.119814
-0.013044
0.027493
0.043239
-0.085800
-0.270310
-0.054197
-0.274660
-0.149916
-0.058033
-0.108877
0.025424
0.053511
0.099598
-0.013706
0.002695
-0.073304
-0.029851
-0.026140
-0.154113
0.025670
-0.266885
-0.092403
0.046508
-0.048802
-0.060480
0.017688
0.034185
0.053222
0.080739
0.094803
-0.180019
-0.043471
-0.133804
-0.075906
0.010142
-0.098212
0.008560
0.043244
-0.055378
-0.265287
-0.146879
-0.271909
0.030413
-0.213236
-0.196714
-0.091447
-0.128029
0.012618
0.070234
0.035419
-0.032478
-0.053309
0.047232
-0.000190
0.050625
-0.007515
-0.004486
-0.044862
0.195643
0.067556
0.137981
0.256572
0.145358
0.058442
0.080708
0.048347
-0.103791
-0.124692
0.265075
0.087746
-0.024933
0.154131
0.010854
0.096183
-0.026923
0.188973
0.030118
0.064174
-0.010456
-0.022703
-0.034739
-0.022183
-0.053530
-0.163849
0.001011
0.110403
0.060968
0.107341
-0.025440
0.091793
-0.007821
-0.043477
-0.177102
-0.048984
-0.017981
-0.309795
0.021102
0.056038
0.016069
-0.051031
0.028410
0.037395
-0.234869
-0.192021
-0.004739
-0.059300
-0.133413
-0.042448
0.031570
-0.014160
0.134746
-0.039566
0.055370
-0.074013
-0.097179
-0.001234
0.028381
-0.179514
-0.133827
-0.106922
-0.109128
-0.260939
-0.132563
-0.228418
-0.225907
-0.111928
0.071284
-0.092857
0.033421
0.177279
-0.060917
-0.050512
0.090222
-0.044837
0.041980
-0.051659
-0.010965
-0.062083
0.060260
-0.062121
-0.130459
-0.032365
-0.024793
-0.012668
0.109649
0.122882
0.009481
-0.086921
0.051681
0.006672
-0.005457
0.094084
0.037389
-0.020625
0.079255
-0.050601
0.059926
0.081686
0.031280
-0.056998
0.133867
-0.221903
0.000838
-0.050506
0.007277
-0.223261
-0.164504
0.115069
-0.116813
-0.225520
0.012960
0.234462
-0.202338
0.090406
-0.017791
0.059375
0.052457
0.031008
-0.255098
-0.064977
0.096625
0.022500
-0.033371
-0.001289
0.097424
0.114093
-0.038917
-0.254568
-0.143393
0.056279
-0.138973
0.035869
0.014726
-0.029889
-0.053673
0.173731
0.057119
-0.144925
0.152249
0.163899
-0.260590
-0.027520
-0.099976
-0.001521
0.039411
-0.087657
-0.119411
0.025732
-0.094869
-0.095934
0.095499
0.011346
-0.057131
0.134562
0.113427
0.092443
-0.100298
0.007939
0.105401
-0.246747
0.064379
0.052719
-0.193912
-0.041825
0.033278
0.100661
-0.130276
-0.025496
-0.026896
0.247145
-0.036280
-0.253691
0.191155
0.062196
-0.054124
-0.099733
0.103940
0.081447
-0.022039
-0.029011
0.161864
-0.036630
0.152453
-0.086817
0.031768
0.046542
-0.021908
-0.122270
0.015777
0.089013
0.151882
0.034932
-0.026684
-0.028664
-0.031821
-0.003158
-0.058379
-0.009739
-0.094969
-0.130297
0.037552
-0.114563
-0.030405
-0.002056
-0.105545
-0.226689
0.072592
-0.020152
-0.128018
-0.052889
0.036088
0.036537
-0.021902
-0.080923
0.274485
0.064786
-0.105512
0.128944
0.205840
-0.124038
0.059028
0.183691
0.068837
0.020897
-0.047189
0.124227
0.107105
-0.050910
0.102875
0.044309
-0.108016
0.028192
0.099873
0.066628
-0.024846
0.079796
-0.099926
0.005269
0.023669
0.094223
0.159129
-0.175150
0.081267
0.256455
0.195324
0.009489
-0.045770
0.235849
0.023875
0.004576
0.096616
0.000437
0.032136
0.086808
-0.111932
0.004400
-0.028739
0.049728
-0.080540
-0.050356
0.105124
-0.026545
0.026317
0.189441
0.000587
0.070544
-0.000841
-0.051903
-0.005065
-0.006658
0.046681
-0.059517
-0.057035
0.119541
-0.159500
0.164742
-0.057556
0.022101
0.007757
-0.020311
0.106148
0.011981
-0.153972
-0.007678
-0.109670
-0.044085
-0.105206
-0.053773
-0.029185
-0.170303
0.044101
0.025094
-0.101372
0.155942
-0.040318
0.107972
-0.030316
-0.014549
-0.164895
0.064477
0.306013
-0.241499
-0.055429
0.173928
0.065490
-0.152879
-0.041262
0.073176
0.072036
-0.064659
0.055827
0.053604
-0.017692
0.102101
0.086252
0.019860
-0.071168
0.171376
0.094964
-0.140599
-0.104463
0.168173
-0.056052
-0.143275
0.068302
-0.014836
-0.032235
-0.094811
-0.061111
-0.050065
-0.023242
0.108156
0.086102
0.201984
-0.288381
-0.078295
-0.091439
-0.378258
-0.220438
-0.130368
-0.016661
0.067240
-0.039689
-0.005983
0.092800
0.178212
0.027847
0.116371
0.012166
0.154430
0.082146
0.025907
-0.078057
0.044875
-0.122315
0.016777
0.038280
-0.055011
0.069187
0.017102
-0.086315
0.044075
0.066646
-0.088476
-0.211555
0.002046
-0.032992
0.077665
-0.059783
-0.037332
0.026339
0.130775
0.119516
-0.007019
-0.113854
-0.240086
-0.121835
0.075764
0.014772
-0.178973
0.091211
0.298367
0.049784
-0.075962
-0.163422
-0.059323
0.030152
-0.148253
-0.166989
-0.056100
-0.146229
-0.018352
0.058472
0.146279
0.005889
-0.060937
-0.055210
-0.130436
-0.026052
-0.138048
-0.126083
0.116564
-0.108243
-0.073432
-0.023769
-0.072488
-0.145039
0.137091
0.082271
-0.061345
0.068616
-0.041374
0.066889
0.056290
0.225315
-0.084321
0.030894
0.275776
-0.055305
-0.057878
0.019542
0.026041
0.073987
0.030954
-0.024555
0.236931
0.260722
-0.003671
0.033449
0.138625
-0.104338
-0.085999
-0.027176
-0.085301
0.014274
0.045566
-0.032784
0.095664
0.174857
-0.112129
0.297931
-0.056833
-0.184230
0.193514
-0.086991
-0.006673
-0.081595
0.010513
0.153408
-0.038686
-0.165553
0.044943
0.004427
-0.000217
-0.163827
0.072581
-0.151922
-0.248283
-0.020512
-0.066557
-0.335451
-0.052538
0.166533
-0.023608
0.102411
-0.037715
-0.067437
-0.019430
0.027027
-0.029048
0.166507
0.016580
-0.097968
0.107932
-0.010605
0.024944
-0.056094
-0.172779
0.091921
-0.121710
-0.199275
-0.139967
-0.014222
0.001529
-0.051770
-0.204408
0.039089
0.099900
-0.080944
0.247619
0.030438
0.058549
0.080292
0.028159
-0.052332
-0.006762
-0.075469
0.218714
0.002760
-0.239142
0.145382
0.016711
0.080770
-0.141451
0.303648
0.095392
0.104248
0.047845
0.021061
0.069513
-0.103827
-0.049209
0.042046
0.022873
-0.089520
0.137770
-0.135798
0.052030
-0.131281
0.038707
0.184459
0.132356
0.009565
0.060911
-0.035875
-0.118741
-0.203687
-0.065931
-0.047640
0.015879
0.082703
-0.210332
0.210962
0.129207
-0.045575
0.225357
0.181767
-0.081550
0.053780
0.005906
0.015682
-0.021555
-0.153302
-0.029300
0.063747
-0.039810
-0.027441
0.244551
0.040222
0.053638
-0.109298
-0.092318
0.024335
-0.042237
-0.108925
-0.053642
0.127745
-0.090519
-0.157906
0.037582
-0.043084
0.012702
-0.179613
0.049357
-0.046576
-0.088170
0.184769
0.156394
-0.263099
0.179466
-0.125248
-0.071801
0.027996
0.057173
0.023433
0.079502
-0.088318
0.244932
0.069534
-0.053114
0.264760
0.139535
0.114058
-0.071900
-0.173089
0.053198
-0.055688
-0.033315
0.062118
-0.047789
0.087050
0.109265
-0.039901
-0.173559
0.090563
-0.038090
-0.112354
0.184574
-0.035428
0.040547
0.005790
0.142342
-0.084985
-0.120375
-0.003423
0.114685
-0.086630
0.094792
0.105265
0.246050
-0.014472
-0.137035
0.061569
0.108826
-0.001768
0.087329
-0.114220
0.335531
-0.127789
0.063488
-0.069007
-0.097968
-0.127598
-0.267527
-0.103563
-0.207593
-0.059944
0.183357
0.014670
0.051326
0.052887
0.009888
0.081207
0.031601
0.201607
0.010556
-0.163298
0.008482
0.058686
-0.116265
-0.111281
-0.005554
0.079213
-0.021579
-0.034512
0.039193
0.037430
-0.202234
-0.008151
0.071240
-0.095299
-0.013161
-0.080364
-0.308523
0.172145
-0.029292
0.199947
-0.002734
0.081434
0.192307
-0.293971
0.125604
0.000604
0.196707
-0.020468
0.029942
0.049277
0.041098
-0.026352
-0.253201
0.113127
-0.062151
0.005383
-0.164269
-0.228728
-0.266072
-0.186132
0.146343
0.056537
0.296878
0.189969
-0.143330
-0.185319
0.132847
-0.121591
0.189910
0.056085
0.067395
0.014826
-0.160910
0.086588
-0.157645
-0.242358
-0.073568
-0.141727
-0.120074
-0.060716
-0.039413
-0.069753
-0.174252
0.031821
0.222189
0.040538
0.356435
0.054659
0.001902
-0.122870
-0.193206
0.131863
0.231472
0.023436
0.146854
0.159393
-0.089140
-0.055256
-0.157088
-0.100787
0.086648
0.029798
-0.125922
-0.166422
-0.061663
0.006657
-0.125635
0.133778
0.191469
-0.079793
-0.213825
-0.123901
-0.093205
-0.085033
-0.031454
0.126253
0.173749
0.227102
0.152231
-0.131381
0.043737
-0.079630
-0.118667
0.051970
0.063411
0.206584
0.154225
0.052476
-0.009837
0.114592
-0.067684
-0.059973
0.155019
0.092189
0.072178
0.035085
-0.000238
-0.040504
0.186106
-0.003391
-0.115534
-0.098344
-0.092040
-0.171130
-0.224648
0.093807
0.134636
-0.177355
0.058035
-0.022671
-0.034161
-0.184729
-0.109030
0.177122
-0.008123
0.143857
-0.041062
-0.020992
0.182491
-0.153702
-0.173382
-0.080796
0.205580
0.023249
-0.022473
-0.058673
-0.084947
0.065079
0.012702
0.022849
-0.016303
-0.176378
0.048037
0.011242
0.058483
0.171786
0.162044
0.193422
-0.029935
-0.062185
-0.066776
0.095516
0.005518
-0.066594
-0.062229
-0.023783
-0.037058
-0.040130
0.021789
0.049524
-0.078623
-0.022137
0.173946
0.099218
0.109484
0.029196
-0.069145
-0.346296
-0.078784
0.082368
-0.087158
-0.003633
-0.033873
-0.257483
-0.039783
0.020961
-0.010573
-0.054581
-0.033030
-0.160104
0.005792
-0.066904
0.023997
0.033014
0.101168
-0.058029
-0.016071
-0.005880
0.025553
-0.097744
0.129426
-0.114599
-0.217244
-0.049607
-0.100358
0.013716
0.190830
-0.070328
-0.149517
0.099472
0.024115
0.036601
0.116226
-0.015634
-0.192422
0.139892
0.239270
0.028543
-0.064908
-0.199128
0.044278
-0.037286
0.012273
0.201826
-0.078768
-0.032669
0.301788
-0.148599
0.062497
0.205240
0.099622
0.010354
0.051320
-0.068794
-0.012051
0.082371
-0.007700
0.226118
-0.138533
0.056217
0.168726
-0.290367
-0.052635
0.096385
0.122073
-0.095593
-0.105653
-0.106865
-0.118247
-0.160395
-0.207332
-0.073748
-0.017301
0.038997
-0.003825
-0.029936
0.010275
0.229194
0.181836
0.012678
-0.045312
-0.122970
-0.085067
-0.056223
-0.125253
0.052650
0.058910
0.065217
0.188341
0.095482
-0.082999
0.012286
0.097689
-0.020797
0.016727
-0.044921
-0.122874
-0.010745
-0.117123
-0.125202
0.158527
-0.055308
0.104037
0.144474
0.238355
0.001408
0.053172
0.108551
0.036111
-0.006171
-0.042869
-0.145233
0.025557
-0.120226
-0.063635
-0.061173
0.170155
-0.051105
-0.112145
-0.088258
-0.010551
0.023838
0.165600
-0.083962
0.133216
0.088953
0.133291
0.358568
-0.061070
-0.114435
-0.059007
-0.080672
-0.098782
-0.210606
-0.112684
-0.041654
-0.008242
-0.026958
0.138705
-0.020611
0.165710
-0.008898
0.230854
-0.095092
0.015596
-0.072729
-0.048381
-0.084263
0.046867
-0.057980
-0.015531
0.105010
-0.013125
0.000596
-0.253710
-0.131755
-0.154796
-0.069733
-0.185285
-0.026504
0.102788
0.076311
0.120097
0.061849
0.023611
0.037376
-0.099855
-0.166958
-0.091251
0.013638
0.080135
0.195825
0.158575
0.014656
0.106944
0.021483
0.186198
-0.065386
0.089400
-0.018179
0.189722
-0.054677
0.059255
0.125923
-0.000560
-0.015099
-0.120035
0.137758
-0.124725
-0.086384
0.103255
-0.321017
-0.056480
0.017959
-0.017163
0.108025
-0.020469
-0.039976
-0.064311
0.073606
0.120632
0.003212
0.089615
-0.291152
0.033503
-0.051180
0.041976
0.033046
-0.080993
-0.022335
0.041186
-0.176771
-0.083178
-0.071723
-0.065482
-0.050852
-0.199366
0.042728
-0.040041
-0.032428
-0.005820
0.103797
-0.059348
-0.226882
-0.007394
0.080700
0.194725
0.198693
0.141849
-0.046193
0.172956
-0.096284
-0.074059
0.070863
-0.026408
-0.248190
-0.065354
-0.222950
-0.108994
-0.185406
-0.208850
-0.155314
-0.040969
0.001678
-0.048788
-0.046822
-0.009018
0.016948
0.064696
-0.096940
-0.207392
0.069447
0.049709
0.020477
0.039346
-0.183892
-0.110823
-0.260397
-0.202440
0.126470
-0.017585
0.078076
0.046861
0.040924
-0.055006
0.193107
0.107442
-0.084337
-0.107342
-0.059983
0.193232
0.146432
0.010324
0.022105
-0.076736
-0.064249
0.076511
-0.069616
-0.053707
0.156273
0.038272
-0.131807
0.036123
0.152501
0.150129
-0.117452
-0.319771
-0.252408
-0.027607
-0.039477
-0.135131
-0.065542
-0.061836
-0.069295
-0.025352
-0.035997
0.086063
-0.029782
-0.091683
-0.094019
-0.295918
-0.162497
0.102345
0.091550
0.106205
0.085559
0.002983
-0.104855
-0.141653
-0.197331
-0.149426
-0.024017
-0.033103
-0.018748
0.027845
-0.064571
-0.110008
-0.038045
0.005498
0.173340
-0.004702
0.146762
0.179208
0.208741
-0.067072
0.063169
0.009542
-0.068846
0.064577
-0.183764
-0.116847
0.170080
0.120725
0.054795
0.113427
0.066834
-0.178456
-0.099074
0.056849
-0.061171
0.087275
0.024079
-0.019411
0.030836
-0.060446
0.119369
-0.160432
0.249621
0.227772
-0.268229
-0.021044
-0.093519
-0.033916
-0.041988
-0.053999
0.014134
0.063238
0.019461
0.075782
-0.028764
-0.023945
0.074135
-0.194607
0.106614
0.219129
0.176340
0.186309
-0.054260
0.069097
0.208339
0.139517
0.087319
0.006828
0.079542
0.027535
-0.180422
-0.077404
-0.081834
-0.167347
0.146380
0.164095
-0.020475
-0.108078
-0.020787
-0.007102
-0.120568
0.046144
-0.004174
0.165587
-0.187304
0.047795
0.068781
0.029575
-0.030508
-0.238742
-0.124518
-0.022432
-0.106679
-0.023923
0.069152
-0.122075
-0.201898
-0.285135
-0.106088
-0.074298
0.077633
0.068203
-0.020254
0.047967
0.047337
0.243687
0.133904
0.134296
-0.059698
0.012217
0.088510
-0.024857
0.044981
-0.020843
-0.005702
0.083393
-0.013982
-0.031889
-0.190420
-0.086879
-0.075608
-0.023494
-0.104218
-0.108595
-0.051934
-0.008687
-0.006211
-0.249647
-0.282499
0.122723
-0.101986
-0.278984
0.105737
0.162660
-0.112984
-0.009445
-0.059339
-0.030115
-0.018230
-0.061649
-0.188246
0.113610
0.053118
-0.030910
0.037641
0.103090
0.247808
0.139301
-0.090567
-0.064533
0.001134
-0.248515
0.129510
0.035370
-0.058363
-0.289114
0.123501
0.209897
0.025942
0.046221
0.141963
-0.048402
0.084113
0.113751
0.094437
-0.214166
-0.182491
0.019520
-0.121165
-0.195020
0.048432
0.018858
0.108099
-0.056575
0.078360
-0.004064
0.068344
0.069195
0.052206
0.029984
0.063923
0.087337
0.077147
-0.170754
-0.123217
-0.017458
0.095531
0.013293
0.070163
0.144692
0.118876
-0.086572
0.099373
0.073538
-0.092033
0.036413
-0.037897
-0.052591
0.182559
0.067190
0.073773
-0.116840
0.179276
0.005190
-0.017535
-0.139103
-0.090911
0.041771
-0.072189
-0.123450
-0.142463
0.072567
0.122506
-0.036678
0.095940
0.127649
0.062213
-0.151030
0.026603
0.048735
0.168159
0.218461
-0.217358
-0.030449
0.088441
0.011653
-0.001169
-0.127506
-0.152753
-0.169263
0.102582
0.010922
-0.029465
0.251370
-0.113724
-0.175757
-0.113861
0.058995
-0.138179
-0.283986
-0.049166
0.215920
-0.235108
-0.078275
0.075889
0.100623
-0.010396
0.105107
0.045972
-0.114074
-0.046686
-0.114093
-0.034257
0.000080
0.049585
0.071339
0.083169
0.150006
-0.042995
-0.059525
0.022293
-0.083231
0.128695
0.063484
-0.100951
0.095091
0.114916
-0.038561
-0.079825
-0.046941
-0.073948
0.030225
0.192385
-0.197488
-0.031571
0.162875
-0.046401
0.029786
-0.138458
-0.031369
-0.063107
0.053222
-0.160641
-0.122151
-0.000526
0.038203
-0.146106
0.248563
-0.106004
-0.032941
0.098655
-0.121283
0.137108
0.089446
-0.076489
0.132441
0.006547
0.072640
-0.052524
0.108235
0.065435
-0.152026
-0.183125
0.034888
-0.048597
-0.074143
-0.013075
0.058649
0.107354
-0.109883
-0.007038
0.091719
-0.070345
-0.041802
-0.394226
-0.093193
-0.094686
-0.003526
0.123633
-0.205018
0.172396
0.025836
-0.035318
-0.194822
0.094842
-0.042460
-0.007819
0.147918
0.010893
0.000364
0.138541
-0.027329
-0.054872
0.043226
-0.003687
0.148759
-0.021922
0.045470
0.000861
0.022794
0.021401
0.182132
0.084419
-0.011534
-0.001923
0.024734
-0.110561
0.010458
0.131807
0.069252
-0.076438
-0.072226
-0.164014
-0.131677
0.048738
-0.025631
0.067277
0.092006
0.211254
0.233280
-0.182361
-0.003297
0.104759
-0.215562
0.143332
0.117934
-0.052498
-0.026638
0.061747
0.038832
-0.219213
-0.111314
0.153919
0.093020
-0.213575
0.072949
0.241386
0.083377
0.123491
0.036713
0.146523
-0.024814
-0.055717
0.093018
-0.020670
0.042652
-0.086774
-0.165430
-0.032118
0.121638
-0.115851
-0.193937
-0.137576
0.094917
0.091723
0.020361
-0.036588
-0.050431
0.008691
-0.085138
-0.017965
0.005425
-0.037924
-0.099482
-0.095380
0.091898
-0.003450
-0.184343
0.017521
-0.061544
0.059326
-0.000013
-0.006064
0.130311
0.003422
-0.229307
-0.239383
-0.101346
-0.093469
-0.173609
0.034672
0.102094
-0.089385
-0.018672
0.033582
-0.044222
-0.102118
-0.168825
-0.040169
0.044044
0.073933
0.105435
0.287548
-0.004094
-0.255896
0.230119
0.056804
0.044821
-0.077295
0.140589
-0.076719
0.075656
-0.013213
-0.322355
0.048545
0.083139
0.082007
-0.061793
0.224901
0.084092
0.334769
0.130027
-0.122085
-0.006831
-0.084413
-0.005443
-0.099140
-0.036835
0.064333
-0.098297
-0.038398
0.064472
-0.284479
-0.043871
-0.016015
0.063367
-0.154418
0.093596
0.100420
0.048001
-0.042123
-0.163394
-0.057970
0.065407
-0.083574
-0.067856
-0.049092
0.262336
0.029406
0.068245
-0.030106
-0.129328
-0.010840
0.136352
-0.151911
0.044772
0.049236
0.086981
0.203349
-0.146858
-0.083727
-0.105984
0.152601
0.073066
-0.093219
0.067447
0.196402
-0.058662
-0.006633
0.242057
0.098042
-0.061733
-0.042626
0.076629
0.039500
0.031447
-0.158723
0.139104
0.003193
-0.054177
0.051918
-0.118957
-0.013982
0.001130
0.077012
-0.098055
-0.065120
-0.019905
0.002034
0.106948
-0.105624
0.085118
0.192433
-0.134143
-0.314235
0.316364
0.150612
-0.323089
0.034666
-0.032537
-0.361163
-0.113681
-0.176694
0.099039
-0.216727
-0.133539
-0.006957
0.051082
-0.093704
0.088520
0.103726
0.250909
0.068118
0.004365
0.142238
0.181853
-0.148756
-0.373924
-0.297531
-0.004649
-0.058121
-0.027182
0.029245
0.141590
-0.057502
0.034909
-0.175544
-0.247121
-0.015988
-0.129772
-0.081719
-0.156405
-0.128128
-0.007218
-0.103140
-0.070234
0.013237
0.111097
-0.037329
-0.159835
0.039769
-0.184961
-0.055856
0.097121
-0.010202
0.167193
0.001256
0.069598
-0.017411
-0.111472
0.095347
-0.014380
0.036967
-0.021639
0.081316
0.027727
0.030953
-0.201538
0.059282
0.138986
0.024165
0.020618
-0.200926
-0.021095
-0.011879
0.049748
0.051724
-0.071856
-0.075777
0.197258
-0.013433
0.037261
0.071979
0.136663
0.111639
-0.066545
0.007769
0.128838
0.059779
-0.000872
-0.099240
0.086137
-0.011120
-0.159775
0.283749
0.028050
-0.042987
-0.147395
0.215013
0.284667
-0.238874
-0.030075
-0.006187
0.050576
0.137428
-0.028636
-0.030554
0.150183
-0.103597
0.075639
0.043772
0.060934
0.109209
-0.055104
-0.064320
0.086652
0.099356
0.084802
-0.111993
0.149549
0.135396
-0.040748
0.210799
0.175384
0.109173
-0.046929
-0.006915
0.028807
0.039366
0.033282
-0.041658
0.097610
0.094137
-0.038543
-0.040423
-0.011516
-0.108077
-0.003122
-0.027743
0.031953
-0.103935
-0.157826
-0.014021
0.015427
-0.032365
-0.113130
-0.169290
-0.023059
0.063450
-0.061105
0.063379
-0.076418
-0.052441
-0.088550
-0.059236
0.088520
-0.070590
-0.067731
-0.082788
-0.125962
-0.085663
0.041950
-0.072083
0.009163
0.192434
0.073633
0.021336
-0.115218
-0.089159
0.177119
-0.136607
-0.128678
0.019088
-0.130995
0.108387
0.194750
-0.182128
-0.070781
0.083860
-0.161071
0.099934
0.029598
0.114873
-0.168817
0.105905
-0.081675
-0.185570
-0.114254
-0.013827
0.164643
0.012262
-0.047599
-0.116863
-0.068451
0.028874
0.022504
-0.184516
0.083486
-0.073330
0.107604
-0.101037
0.067103
0.112932
-0.096205
-0.097935
-0.110328
0.172020
0.089724
0.021974
0.026960
-0.006203
-0.187861
0.160079
0.167374
0.051605
0.023357
-0.019878
-0.037579
-0.011250
0.119192
0.013662
-0.113117
-0.069110
0.179747
0.128070
-0.188575
0.044558
0.089603
0.020721
-0.026702
0.078091
-0.006840
-0.122848
-0.019867
-0.090093
-0.155280
0.031049
0.023718
-0.160801
0.007547
-0.151748
-0.064023
0.093756
-0.096069
-0.001657
0.015096
-0.001390
-0.161943
-0.024292
0.038939
-0.030786
-0.006177
0.009356
-0.144415
0.162251
0.251979
0.208773
-0.106894
0.139812
0.177252
-0.048553
-0.022303
-0.026015
0.049625
-0.033521
0.133637
-0.023791
-0.241921
0.067458
-0.144651
0.298910
0.050195
0.123324
0.046832
-0.048503
0.109192
0.245936
0.148690
-0.065189
0.000316
0.037488
0.161390
0.008639
-0.039905
-0.071957
0.020286
-0.007430
-0.255187
-0.117233
0.157619
-0.082313
-0.109094
0.103182
-0.227375
-0.126955
-0.077490
0.113947
0.322273
0.047088
0.059424
0.036297
-0.086800
-0.045198
-0.045140
0.077140
-0.111014
-0.082664
-0.202951
0.142267
0.145661
0.040490
0.068033
0.090350
0.106218
0.001091
0.009954
-0.042846
0.069345
0.080629
-0.083751
-0.025199
0.043066
0.028869
-0.211103
-0.227662
-0.021720
-0.038653
-0.242174
0.001329
-0.213627
-0.188976
-0.088065
0.015240
-0.029167
-0.009084
-0.001983
-0.003511
0.119923
0.033924
-0.089098
0.216744
0.092586
-0.065094
0.118199
0.061149
-0.104574
-0.045430
-0.033979
-0.206463
-0.181164
0.006325
-0.151459
-0.046449
-0.025437
0.065611
0.113026
-0.029148
-0.003508
-0.092030
0.076422
-0.032153
0.046162
-0.026322
0.045047
0.082145
-0.110734
-0.172474
-0.080875
0.063409
-0.066528
-0.188726
-0.004175
-0.161355
0.087061
0.024655
-0.389139
0.012029
0.103267
0.045609
0.012346
0.123260
-0.039475
-0.032381
0.061951
-0.074541
-0.142531
-0.031887
0.020370
-0.000426
-0.152092
0.041431
0.014020
-0.087172
0.096446
-0.075912
-0.087865
-0.151375
-0.049908
0.107653
0.172846
0.139561
-0.128440
-0.173228
-0.037591
0.231392
0.108065
-0.086746
0.152261
0.118110
0.009654
0.017221
-0.200065
0.068793
0.105795
0.066317
0.022385
0.009095
0.086461
-0.017926
0.084456
0.183233
0.140401
0.060835
-0.050984
0.028258
-0.082108
-0.095977
-0.005620
0.112336
-0.028939
-0.255999
0.225465
0.297321
0.125546
0.068918
0.169495
0.048556
0.007969
0.015304
0.156365
-0.071620
0.034891
-0.074336
0.082753
-0.018272
-0.173934
-0.115191
-0.094487
-0.183803
-0.073154
-0.139544
-0.092145
0.022133
0.096089
0.119656
0.084363
-0.219937
-0.066800
0.046544
-0.032355
0.070787
0.172307
0.028220
0.109745
-0.130212
0.004374
0.181285
-0.005792
-0.018876
0.149920
0.067871
-0.114985
-0.128506
-0.153136
-0.034602
-0.066697
-0.192661
0.022905
0.032446
0.059017
0.084308
-0.050801
0.074981
-0.041611
0.069926
-0.088688
0.008132
-0.085730
0.113860
-0.183469
-0.139645
0.193168
0.273714
0.063106
-0.112558
0.128761
0.034546
0.154057
0.090303
-0.081734
0.074647
0.181692
0.075304
0.089431
0.293384
0.048888
0.079686
0.004638
-0.051804
-0.110682
0.210380
0.142384
-0.153897
0.073805
0.229515
-0.257395
0.033983
-0.128205
-0.168447
0.026206
0.132160
-0.261759
-0.305910
0.060229
0.103672
-0.012236
0.041342
-0.194788
0.098235
0.031875
-0.254440
-0.041335
0.087646
0.026138
-0.001274
0.013749
-0.134606
-0.227865
-0.007837
-0.133779
-0.078840
0.130983
0.041200
-0.047305
-0.034978
0.002462
-0.097929
-0.101291
0.293478
-0.143137
-0.002846
0.231831
0.014808
-0.220714
0.165885
0.283150
0.099540
-0.043263
0.015541
0.152576
-0.331701
-0.133164
-0.068703
-0.241438
-0.134977
0.001870
-0.213483
0.011354
-0.036071
-0.090313
0.002222
-0.013060
-0.189870
-0.034123
0.012746
-0.224224
-0.247316
0.240311
0.048130
-0.211697
-0.193798
0.098063
0.191628
-0.120527
-0.114605
0.055233
-0.116321
-0.040585
-0.096871
-0.000216
-0.144303
-0.225784
0.048337
0.079862
0.057395
0.063893
0.042587
0.093752
-0.096664
-0.113617
-0.024438
0.024855
-0.080427
-0.205479
-0.144361
-0.007307
-0.015232
0.031575
-0.240162
-0.137357
-0.197212
0.075103
0.009383
0.072530
-0.072977
-0.287322
0.036425
-0.051512
-0.296205
-0.109403
-0.114682
-0.168262
-0.005476
-0.171255
-0.093673
-0.016668
-0.174792
-0.090785
0.007934
-0.023244
-0.046261
0.054076
-0.007761
0.007967
0.063512
0.017823
-0.028867
-0.001631
0.175896
-0.020932
0.182017
0.182522
0.059661
-0.120303
-0.156214
0.085693
0.017870
-0.048494
-0.119366
-0.079878
0.242698
0.112718
0.111683
0.032877
0.028801
0.193460
-0.076474
-0.213773
-0.084344
0.180950
0.080596
0.054806
-0.056934
0.078835
0.061923
-0.027166
-0.053740
0.125610
-0.058059
-0.136370
0.117310
-0.007232
-0.102890
-0.295362
0.227652
0.171777
-0.017365
0.101373
0.026958
-0.000876
-0.075730
-0.042046
0.096134
0.150102
-0.030362
0.025138
-0.194437
-0.145099
0.140574
-0.038153
-0.206970
0.137539
0.008821
0.017608
-0.114558
0.240821
0.019735
-0.062594
0.197540
0.220885
0.063303
-0.105199
-0.091466
0.045915
-0.023133
-0.111888
-0.171790
0.145174
0.079356
0.141659
0.042679
0.018818
0.009453
0.117662
-0.084014
-0.005506
-0.168427
-0.205971
-0.155822
0.079827
0.045573
-0.134212
-0.171899
0.023736
0.036726
-0.010222
-0.062728
-0.009355
0.078110
0.080141
0.086137
0.070765
-0.013064
0.066670
0.039050
-0.055987
-0.034897
0.118564
-0.035224
0.109099
-0.016611
0.091059
0.131813
-0.042236
0.002305
-0.001851
0.006593
-0.070371
-0.014777
0.109296
-0.094391
-0.148830
-0.028289
-0.073589
-0.261499
0.013044
0.058547
-0.004463
0.072791
-0.126420
0.116883
0.092097
-0.042102
-0.038127
-0.224483
0.004714
0.076630
-0.174198
-0.089767
-0.186814
-0.012552
-0.070871
-0.241074
-0.040389
0.048318
0.134180
0.121113
0.011690
-0.136044
0.090463
0.072192
-0.190790
0.137403
0.174249
-0.106614
-0.184242
-0.069979
-0.029224
-0.168620
-0.203451
-0.080100
-0.021308
-0.081902
0.073835
0.155229
-0.004477
0.011747
0.051777
-0.150020
-0.025739
0.157849
0.063236
-0.064853
-0.115980
-0.115028
-0.038107
-0.093914
0.073838
0.000328
-0.194497
-0.102337
-0.020295
0.008807
0.012763
-0.178975
0.027181
0.073250
-0.233845
0.140085
0.041633
-0.150496
0.095625
0.130123
0.053320
0.045966
0.003317
0.015101
-0.212608
-0.082561
0.207307
0.026644
0.198970
0.049169
-0.047782
-0.035608
0.135075
-0.094018
-0.085891
0.050387
0.116990
-0.210148
-0.076175
-0.005362
-0.169812
-0.125161
0.170826
-0.042177
-0.090605
-0.076888
-0.141058
-0.068159
0.207732
0.240108
-0.112132
-0.136629
0.267898
0.031416
-0.035512
-0.076496
-0.105309
-0.018750
0.200155
0.080922
-0.103042
0.081912
0.269873
-0.009578
-0.019697
0.119599
-0.005936
-0.103215
-0.090171
0.154233
0.077829
0.088321
-0.095600
0.178527
0.060759
-0.145131
-0.074933
0.060788
-0.023658
-0.133057
-0.131338
0.068591
0.136641
0.125327
0.075433
0.210863
0.039255
-0.010291
0.151863
0.019981
-0.210634
-0.113629
-0.071970
-0.090978
-0.074629
0.089490
0.085511
-0.028808
0.020615
0.045955
0.211374
0.041459
-0.049290
0.099159
0.034780
0.148823
0.075224
-0.039706
-0.019205
-0.045315
-0.165104
-0.216859
-0.048499
-0.128301
0.032618
-0.018209
-0.067730
-0.027421
-0.042838
-0.113550
0.050664
-0.177813
-0.207073
0.233519
0.084683
-0.237322
0.047102
-0.169521
-0.163067
0.005428
0.082088
-0.088752
0.035011
0.127563
0.024293
-0.158384
0.088649
0.258814
-0.011704
-0.009474
0.037954
0.075302
-0.061249
-0.238000
0.152111
0.066326
0.044536
0.033417
-0.040289
-0.012236
0.123305
0.008679
-0.178154
0.197799
-0.076485
-0.037961
-0.109272
-0.026390
-0.010508
-0.122549
0.135852
0.240328
0.010263
0.070327
-0.010466
-0.045488
0.155944
0.006018
-0.014778
0.121098
0.003857
0.102814
-0.130222
0.042265
-0.145563
-0.250425
-0.072844
-0.053756
-0.109714
-0.264217
0.089880
-0.120838
0.067423
0.061726
-0.073534
-0.081843
-0.143949
-0.301748
-0.041190
-0.067686
-0.016541
-0.011484
0.129873
0.103189
0.059744
-0.036809
0.106443
0.178718
0.054693
-0.029884
-0.082831
0.142742
-0.026500
0.032148
0.157726
0.181796
-0.011520
-0.087537
0.197200
0.167166
-0.030954
0.021070
0.070098
0.018588
0.056957
-0.016269
-0.101814
-0.192039
-0.095926
0.009428
-0.078529
0.082391
-0.107674
0.079680
-0.045775
0.162933
0.143269
0.134809
0.090510
0.017450
-0.045593
0.092552
-0.031965
-0.036651
-0.051325
-0.203268
-0.074568
-0.081282
-0.080038
0.056018
-0.195297
-0.156863
0.023187
-0.019071
-0.089259
0.004624
0.086596
-0.069936
-0.001018
0.120431
-0.078369
0.022549
-0.108579
-0.114031
0.014026
0.084786
-0.004747
-0.052178
-0.048543
0.098712
-0.026422
0.056935
-0.082357
-0.250699
0.105396
0.172130
-0.008956
-0.101448
0.008470
0.205923
0.082286
0.043837
0.108264
0.179157
0.079085
0.013342
-0.095317
0.101041
0.148588
-0.051439
0.027819
-0.084620
-0.077598
0.117361
0.116756
0.025450
0.092268
0.002533
-0.001404
-0.086326
-0.036161
0.068018
-0.205369
-0.149013
0.186405
-0.197200
-0.252151
0.023796
0.074062
0.117112
-0.077607
-0.026838
0.160957
-0.062600
-0.206344
0.065195
0.189197
0.035473
0.063596
-0.124896
-0.132946
-0.040214
-0.220887
-0.191806
-0.126451
-0.052027
0.014548
-0.059537
0.055214
-0.216012
-0.172130
0.166068
-0.005846
-0.037819
0.028243
0.031643
-0.192295
0.100304
0.044385
-0.058475
0.062311
0.146533
0.208017
-0.047879
0.021756
0.064633
-0.011887
-0.093029
-0.173089
0.012711
-0.155592
-0.219305
-0.031544
-0.053922
-0.068203
-0.045312
-0.233493
-0.025143
-0.130677
-0.068180
0.021622
-0.091683
-0.087395
-0.104460
-0.018095
-0.016620
0.029804
0.008163
0.058963
0.096963
0.167043
0.008254
0.054884
-0.058289
-0.019345
-0.157941
-0.036183
-0.151948
-0.138751
0.021851
0.186423
0.027619
-0.100324
-0.085517
0.077264
0.080455
-0.099275
-0.120931
-0.120006
0.014302
0.011195
-0.024944
0.000402
0.052746
0.070773
0.015803
-0.027364
0.045782
0.064496
0.066892
0.183676
0.113330
-0.076961
0.117061
0.235349
-0.186661
0.017797
0.040478
0.030476
0.129294
-0.061960
-0.176075
0.121481
-0.024244
0.026176
0.032296
-0.047022
-0.057748
0.073947
-0.028917
-0.120177
0.086277
0.099356
0.153064
0.238719
0.111726
-0.081325
0.115601
0.079091
0.037011
0.023132
0.057358
0.111524
-0.090822
0.046995
0.119578
-0.068059
-0.013007
0.183762
-0.156196
-0.098695
-0.037636
0.043931
0.128131
0.157118
0.200711
0.233903
0.126560
-0.069854
0.167835
0.200967
0.091640
-0.035986
0.066553
0.105510
-0.118130
-0.180070
0.186182
-0.065862
-0.150596
-0.062265
-0.148768
0.013644
-0.214361
-0.184417
-0.208163
-0.052778
-0.003321
0.025380
0.168825
0.228093
0.064515
0.024525
-0.096913
-0.125535
0.082138
-0.127434
-0.162639
0.073084
-0.017421
0.033668
0.088403
0.210604
-0.074909
-0.045422
0.294883
0.244916
-0.132980
-0.024879
0.148125
0.075951
0.153378
0.094539
-0.163737
0.081371
0.077713
0.120670
-0.007424
-0.021382
0.037948
-0.117347
-0.141216
-0.030843
-0.181716
-0.155474
-0.135241
0.044937
0.084394
0.117799
-0.002526
-0.015040
0.271458
0.143383
0.026440
0.175124
-0.021546
-0.029420
-0.001015
0.038721
0.039080
-0.012639
-0.097547
-0.123497
-0.060325
0.066247
0.177525
0.149122
0.067126
0.057834
0.269889
0.170677
-0.008690
0.036936
-0.007279
0.004159
0.198844
0.116696
-0.138814
0.232060
0.321517
-0.070631
-0.001641
0.002144
-0.045381
-0.182552
0.092748
-0.017197
-0.164729
-0.067391
0.195514
0.000580
-0.068407
-0.075269
0.157742
0.106068
-0.156160
-0.043865
-0.019282
0.018830
0.073788
-0.165222
-0.072526
0.153103
-0.018583
0.086243
-0.097163
0.112628
-0.060053
0.025238
0.063750
0.098754
0.028176
-0.034326
0.064026
-0.129428
-0.115906
-0.044592
0.085750
-0.138737
-0.110857
-0.076915
-0.033612
-0.086154
0.087627
0.033856
0.116297
-0.010670
-0.017730
0.096423
-0.031550
-0.058175
-0.046125
0.026976
-0.206315
0.045967
0.249969
0.196265
-0.034569
-0.020496
-0.101957
0.038211
0.013487
0.048306
-0.023249
-0.086300
0.027774
0.091314
-0.168615
-0.014514
-0.006905
0.205111
0.097582
-0.063434
-0.046554
0.137487
0.158249
-0.076335
-0.114789
0.007246
0.225219
0.146838
0.003217
-0.035302
0.002136
-0.001663
-0.032001
0.022526
-0.032008
-0.052301
-0.234427
-0.119313
0.106718
0.132153
-0.140328
-0.002509
0.177490
0.118534
-0.051019
-0.116261
0.052793
-0.012041
-0.050836
-0.230698
-0.175551
-0.122934
0.008578
0.029976
-0.291975
-0.010619
-0.181384
-0.179155
-0.148577
0.131163
0.222411
0.017328
-0.039870
-0.016018
0.026923
-0.096056
-0.097601
0.064347
-0.087155
-0.064559
0.054109
0.194252
0.196565
-0.080253
0.020890
-0.046052
-0.003053
0.033488
0.075838
0.074924
-0.190218
0.039087
-0.023409
-0.094826
-0.013182
-0.019205
0.168768
-0.003684
0.098213
-0.083353
-0.144643
-0.032241
0.027475
0.114975
0.010146
-0.161065
-0.099671
-0.058155
-0.228819
-0.031913
-0.123343
0.022819
0.149297
0.028543
0.160140
0.015676
-0.139784
0.058125
0.103998
-0.088427
0.001027
-0.247676
-0.081563
0.328300
0.001988
-0.116626
0.144962
-0.026682
0.134455
-0.040328
0.038511
-0.038177
0.111710
0.002215
-0.032972
-0.015603
0.037029
-0.070596
0.049538
0.056209
0.144930
-0.019729
0.100627
-0.063190
-0.023893
0.226771
0.140933
-0.028462
0.109996
-0.030724
0.122005
0.182954
-0.134968
-0.047385
0.094172
-0.081352
0.051250
-0.008807
-0.034417
0.030780
-0.036818
-0.047205
-0.052744
-0.100899
-0.103457
-0.031963
0.040693
0.032890
0.120164
0.027458
-0.015686
0.010143
-0.067570
-0.169647
-0.053005
-0.016581
0.108053
0.300775
0.123703
-0.186225
0.127754
0.073363
-0.161891
0.061572
-0.095529
0.073775
0.014402
-0.037393
0.088783
-0.002213
0.005512
-0.061452
0.003776
-0.165432
0.040778
-0.168414
-0.181378
-0.164000
-0.028010
-0.108000
0.052225
0.097030
-0.155707
-0.105395
0.085682
0.204106
-0.041681
-0.083250
0.012225
0.100140
0.028643
-0.072547
0.046350
0.088089
-0.052106
0.016109
0.102852
0.146871
0.021170
-0.161515
-0.016434
-0.089138
-0.001165
-0.062626
-0.062934
0.080836
0.053385
-0.106578
-0.075064
-0.204429
-0.092532
-0.027916
0.115876
-0.136834
-0.118797
0.122253
-0.245301
0.071513
0.068388
0.073793
0.072974
0.127377
0.031149
0.080710
-0.041709
0.175999
0.002700
-0.186569
-0.148349
-0.120991
0.086946
-0.056692
-0.175347
-0.101682
0.024885
-0.089713
-0.081337
-0.007482
-0.021594
-0.268430
0.109409
-0.022084
-0.038210
0.046387
0.039988
-0.142229
0.059391
-0.054078
-0.065130
0.043053
-0.151487
-0.193680
0.074929
0.146363
-0.056214
-0.017012
0.060841
0.081742
0.054999
0.014961
-0.143113
0.069765
0.054212
0.028753
-0.039862
-0.105194
-0.130037
0.021224
-0.058738
-0.042877
0.162107
-0.047347
-0.104987
-0.175655
0.103272
-0.226893
0.047149
0.188487
0.087075
-0.077665
0.066588
0.015360
0.130398
-0.124575
0.029339
0.045339
-0.087336
-0.090028
0.056991
-0.000947
-0.140576
-0.008426
0.153985
-0.172869
0.032552
0.026538
-0.126923
-0.060936
-0.126596
-0.067973
0.058426
0.225181
0.018578
-0.169625
-0.006221
0.135232
0.154545
0.006892
0.029247
-0.017981
0.107469
-0.068858
-0.079967
-0.050641
-0.107449
-0.022955
-0.101115
-0.062401
0.066904
0.011582
-0.065637
0.035606
0.033716
-0.050647
0.000133
-0.309187
-0.187165
0.100389
0.048411
-0.053053
-0.040355
0.179668
0.089474
0.267432
-0.006271
-0.102290
-0.151309
0.057994
-0.014106
-0.051098
0.007145
-0.126054
-0.044239
0.046489
0.044734
0.127051
-0.070714
0.061713
-0.018698
0.043964
-0.209041
-0.121669
-0.134318
0.008159
0.151553
-0.006868
-0.130306
-0.071594
-0.132964
-0.038758
-0.063450
0.088986
-0.042962
-0.033436
0.005989
0.090654
0.024309
-0.136496
-0.027171
-0.098437
0.404085
-0.092909
-0.105887
0.055752
-0.088858
-0.113447
0.032041
-0.064547
0.024120
-0.045532
-0.227364
-0.114729
-0.047636
-0.188324
-0.178939
-0.018661
0.054329
0.047916
0.048430
-0.063860
0.017870
-0.239278
-0.003993
0.127327
0.108933
0.019774
0.133596
-0.261444
-0.139704
0.141548
-0.015196
-0.257911
-0.057900
0.208750
0.042456
0.140115
-0.129098
-0.154612
0.203735
-0.217749
-0.180057
0.057086
-0.085686
0.109457
-0.013981
0.112126
0.157257
0.026070
-0.075285
-0.242317
0.046895
0.142418
0.103642
-0.066181
-0.160232
-0.260881
-0.164959
0.149024
-0.008256
-0.100236
0.036781
0.114136
0.028222
-0.025133
0.112589
0.105799
0.105517
0.076558
-0.101573
-0.028943
0.121503
-0.017528
-0.106487
-0.144968
-0.091061
0.128740
0.105819
-0.209613
0.080139
0.498474
0.040973
-0.060930
0.061404
-0.014562
-0.101028
0.009736
0.148396
0.109434
-0.224260
0.047200
-0.097622
0.086703
0.085543
-0.304884
0.009107
0.097603
-0.161362
0.052387
-0.024859
-0.031960
-0.081882
-0.177042
0.089658
0.207028
-0.062905
-0.000530
0.099417
-0.043054
0.102259
-0.039632
-0.041178
0.022168
0.110492
-0.134856
-0.139705
-0.127573
-0.052441
-0.075135
-0.122671
0.059775
-0.006960
-0.175282
0.042206
0.062893
-0.302806
-0.078469
-0.007550
0.005873
0.102485
0.085656
0.049762
-0.086303
0.013229
-0.137264
-0.042506
0.220969
-0.090618
-0.044684
0.096334
-0.274421
-0.166799
-0.065199
-0.278855
-0.054420
0.084467
-0.081276
0.018778
0.047239
0.061856
0.151994
-0.155045
0.087610
-0.073804
0.022424
-0.063315
0.061136
-0.221193
-0.063256
0.032396
-0.210715
-0.187926
0.016811
0.111396
0.048488
-0.063495
-0.089260
-0.138444
-0.032607
0.064438
-0.245499
-0.184600
-0.076385
-0.113516
-0.196293
-0.274039
-0.052147
0.138685
-0.032620
-0.211667
-0.237399
0.111519
0.029295
0.112615
-0.113468
-0.126504
0.107456
-0.029468
-0.008281
0.040730
0.127305
-0.118562
-0.065814
0.114245
-0.032688
0.157296
0.050187
-0.069197
-0.083894
-0.056498
0.012607
0.015687
-0.092284
-0.199457
-0.125965
0.139244
-0.165224
0.023494
-0.019883
-0.035396
-0.117539
-0.087406
0.078709
0.053835
0.097401
0.177028
0.082620
0.005636
-0.123062
-0.149018
-0.017943
-0.151775
-0.218810
-0.102535
0.017113
-0.031232
-0.278040
-0.201865
0.080398
-0.198747
-0.002967
0.171981
-0.064058
-0.127785
-0.030723
-0.191346
-0.023132
0.073254
-0.188947
-0.095178
-0.029831
0.186391
0.073704
-0.035648
0.065699
0.134517
0.274361
0.156170
0.016742
0.014940
0.213222
0.153658
0.191950
-0.018984
0.150566
0.006857
-0.020887
-0.029689
0.169899
-0.176424
-0.138637
-0.080454
-0.112580
0.038933
0.010080
-0.105047
-0.044816
0.021326
0.182792
0.211168
0.036677
-0.080828
-0.082994
0.053186
0.126715
0.165013
0.109342
0.220340
0.126140
-0.046716
-0.157330
-0.085920
0.028102
-0.210582
-0.149551
-0.050942
-0.109099
-0.129290
-0.139535
-0.136979
0.078399
-0.009766
-0.029821
0.079536
-0.085549
0.065486
0.081175
-0.003576
-0.001282
-0.120755
0.061236
0.016288
-0.003033
0.031282
0.108642
-0.008510
0.200474
-0.045729
-0.037703
-0.011096
0.068617
0.036372
0.178990
-0.229801
-0.172717
-0.081537
0.048913
0.053336
0.099586
-0.025115
-0.068314
-0.125713
0.057433
0.014593
-0.021212
-0.045645
-0.110946
0.026018
0.044132
0.077840
0.048598
0.013186
-0.036938
-0.051973
-0.096790
-0.048590
0.121556
0.065115
-0.083253
0.105654
0.114604
-0.022351
-0.031052
0.108221
0.136821
-0.084083
0.104889
-0.134048
-0.159044
-0.056650
-0.083365
-0.129380
-0.115667
-0.218688
-0.022787
0.121720
-0.042589
-0.119143
0.096678
-0.051178
-0.156277
0.101672
-0.023040
-0.138157
0.184367
0.085937
0.014845
0.084504
-0.239005
-0.148895
-0.018587
0.083004
-0.120659
0.203473
0.035101
0.029414
0.108780
0.027175
0.051565
0.054540
-0.082384
-0.029481
0.018190
-0.192222
0.050792
0.073578
-0.088145
-0.044737
0.102033
0.092468
0.035101
-0.078507
-0.184846
0.150478
-0.333510
-0.250131
0.009553
-0.116115
0.055817
-0.094355
-0.006707
0.127486
0.085671
0.016317
0.284567
-0.012333
-0.137287
-0.175133
-0.148201
0.074447
0.319197
0.006825
0.092802
0.149096
-0.027922
-0.055564
-0.043533
-0.075116
0.177623
-0.004949
-0.009071
-0.084488
0.001127
0.029140
-0.011453
-0.042313
-0.145106
-0.084700
-0.073029
-0.026033
0.251023
0.070851
0.037758
0.005830
0.007429
0.013929
-0.104516
-0.170248
-0.136288
0.004873
-0.063658
0.025952
0.040172
-0.181911
-0.074389
-0.038574
0.197463
-0.020506
0.135005
0.076953
-0.006522
0.106930
0.067666
0.167595
-0.314095
-0.270962
0.091417
0.021877
-0.119862
0.063224
-0.069017
0.096992
0.042446
-0.152740
-0.153352
0.208671
0.143450
0.101983
0.097576
-0.094391
-0.050713
0.188679
-0.206147
-0.180713
-0.132616
0.003437
0.059221
0.051300
0.016124
-0.175991
-0.161917
-0.099139
0.020800
0.023182
0.102275
0.179591
0.093413
-0.068631
0.068871
0.053830
-0.279261
-0.070258
-0.034109
-0.157808
-0.079451
-0.067368
0.121358
0.066607
-0.049800
-0.031529
-0.205943
-0.136213
-0.017789
-0.231843
-0.229180
0.013206
-0.104708
-0.119799
-0.219780
-0.060537
0.079276
-0.048561
-0.144234
-0.014391
0.232768
0.282397
0.246721
-0.094526
-0.201637
0.096788
-0.045162
-0.225613
-0.118062
0.021989
-0.029585
0.042668
-0.049870
0.049072
0.068547
0.028723
-0.166527
0.035220
0.033300
-0.026456
0.044960
0.071868
-0.002695
0.030080
0.156442
-0.102142
0.134104
-0.055917
-0.085396
-0.105881
-0.135827
0.003536
0.096094
-0.144619
-0.019882
0.000800
0.091143
0.069467
0.001122
-0.100990
0.010921
0.010118
-0.064833
-0.107782
-0.148581
0.145516
0.045449
-0.037413
0.135052
0.051148
0.153112
-0.045766
0.067126
-0.060526
0.180322
0.061964
-0.110198
-0.099289
-0.264886
-0.284468
-0.247580
0.034583
-0.059200
0.001836
0.151933
0.215761
0.021487
-0.031749
0.034785
-0.169433
-0.105786
-0.047230
0.316896
0.249636
0.127817
-0.046491
-0.156462
0.004491
0.046615
-0.079025
-0.095286
0.115866
0.067650
0.078993
0.078912
-0.126997
0.127255
-0.081824
-0.068484
-0.014310
0.078508
0.033966
-0.049457
-0.044511
-0.005328
0.025985
0.081450
0.063388
0.121002
0.008188
-0.017999
-0.199805
0.033524
0.105460
0.072375
0.238932
0.205277
0.110316
0.090935
-0.045924
0.114731
-0.044900
-0.172316
-0.056936
-0.025390
0.132118
0.098004
0.063549
0.125005
0.152118
-0.105548
0.101659
0.232904
-0.113684
-0.310219
-0.079878
-0.044061
0.021562
0.022460
-0.022847
-0.041334
0.009833
0.031255
0.018643
0.206576
-0.069030
-0.013324
0.033959
0.041146
0.283532
0.046529
0.163454
0.103489
-0.091659
-0.058439
0.018046
0.173038
0.038376
-0.102771
-0.061801
0.232004
0.124368
-0.146140
0.095404
-0.031751
-0.173359
-0.149690
-0.014828
-0.021258
0.074964
0.171700
-0.037940
0.053566
-0.043232
-0.034686
0.230942
0.299466
-0.062176
-0.086389
-0.076966
-0.063273
-0.177660
-0.086286
0.000043
-0.118544
-0.138323
0.028549
-0.125534
-0.057732
0.182680
0.008909
-0.093698
-0.052500
0.126313
-0.081824
0.026699
0.135711
-0.181277
0.042452
0.103341
0.115615
0.096599
0.146478
-0.051973
0.092501
-0.004055
0.003068
-0.066589
-0.018155
-0.136649
-0.113345
-0.024018
-0.023776
0.000716
0.012772
-0.157627
-0.103433
-0.040672
0.085754
0.040817
0.071555
-0.031441
-0.101919
-0.124068
0.030729
0.145197
-0.036171
-0.060496
-0.126874
-0.174350
-0.132995
-0.078319
-0.022756
-0.010047
0.049746
0.132620
0.139207
-0.024219
0.037159
-0.010396
0.081023
0.149980
0.050680
0.183433
0.117909
0.104147
-0.012452
-0.182272
-0.387118
-0.019149
-0.150308
-0.078295
-0.083923
-0.029275
-0.157095
0.133313
0.011242
-0.103337
-0.025289
0.102585
0.084784
-0.084262
-0.008342
0.005983
-0.033847
-0.073593
-0.057757
-0.041471
-0.118579
-0.180034
-0.092425
-0.048784
-0.036466
-0.099292
0.112789
-0.105209
-0.156250
0.156915
0.063908
0.073620
0.021418
0.008437
-0.131221
-0.058614
0.126868
0.057098
-0.056328
0.092628
-0.029588
0.270831
0.119444
-0.005933
0.139512
0.119210
0.063037
0.038217
0.045927
-0.135763
-0.292958
-0.238283
0.025764
0.132869
0.003278
-0.074407
0.093402
-0.058589
-0.048985
-0.062599
-0.028022
0.079697
0.076700
-0.015851
0.021815
0.128426
0.155934
-0.123648
0.096883
0.084641
0.015798
0.203062
-0.039792
0.071997
0.105384
-0.029436
0.025128
-0.107877
0.026024
0.152648
-0.267481
-0.135311
-0.029129
-0.133973
-0.272917
-0.231959
0.081083
0.060707
-0.009351
0.031383
0.037205
0.049912
-0.102228
-0.035808
-0.088944
0.053667
-0.090676
0.155667
0.101273
-0.063685
-0.037194
-0.074901
0.012361
-0.020569
-0.078384
-0.148918
-0.022941
0.066009
-0.074668
-0.168152
-0.070450
-0.051785
-0.141096
-0.040678
-0.033159
0.021540
0.042429
-0.067973
-0.064619
0.082319
-0.006944
0.046391
-0.028471
-0.041707
0.071991
0.007452
0.072288
0.001445
-0.042069
0.102160
0.018666
0.021758
-0.022177
0.100249
0.049708
-0.084242
0.056048
-0.026641
-0.222674
-0.016182
-0.076951
-0.084433
-0.173312
-0.005941
0.221225
-0.004616
0.103985
-0.013447
-0.039691
-0.093229
0.262864
0.060101
-0.077364
-0.042505
0.029832
-0.132326
-0.031212
-0.119112
-0.131331
-0.066431
0.228889
0.040273
-0.044720
0.100251
0.033170
-0.056510
-0.180280
0.228281
0.124282
-0.059125
-0.099304
0.196335
-0.089104
-0.113991
0.087692
-0.061638
-0.007274
-0.191881
-0.285555
0.152160
0.125730
0.155506
0.023716
-0.118484
0.026869
0.074486
0.071467
-0.089602
0.005803
0.036088
0.026079
-0.094663
-0.024733
-0.055589
-0.152368
-0.039795
-0.213380
-0.080099
0.058531
-0.055427
-0.135537
-0.025894
0.174730
-0.000227
-0.037438
0.228289
-0.241261
-0.280934
-0.161889
-0.114021
-0.063618
0.112171
-0.078433
0.016054
-0.046878
-0.072900
0.194237
0.084141
0.043889
-0.024877
0.150613
-0.097689
0.169317
-0.150175
-0.095590
0.249879
0.014807
-0.214953
0.033434
0.158484
-0.184894
0.068031
-0.094032
-0.052420
0.004876
0.023034
-0.022693
0.159191
-0.006121
0.078216
0.061479
0.005835
-0.095058
-0.034316
-0.087180
0.031941
-0.076119
-0.013078
-0.181052
-0.149194
-0.064445
-0.044240
-0.039815
-0.047062
-0.007569
0.009279
0.065956
-0.317247
0.092362
0.023126
-0.050150
0.097127
-0.058710
0.015662
-0.161548
-0.083194
0.185384
-0.149839
-0.187359
-0.016734
0.149492
-0.065418
-0.134229
0.111971
0.043611
-0.090087
-0.032518
-0.180596
-0.185938
0.124848
0.051826
0.051186
0.115293
0.048220
-0.072587
0.062081
-0.038348
-0.091848
0.050920
0.072350
0.122119
-0.076529
-0.152064
-0.003517
0.098119
0.026375
-0.148860
-0.001681
-0.064484
-0.044191
0.132318
-0.034833
0.095042
-0.068802
-0.173101
-0.095337
0.047763
-0.032942
0.007654
-0.028207
-0.040230
-0.088602
0.361546
-0.052712
-0.093648
0.112477
0.032317
-0.159343
-0.102047
-0.069996
0.227031
-0.064497
-0.199705
0.154360
-0.063886
-0.006522
0.168344
-0.076989
0.118818
-0.075661
-0.023328
-0.087592
-0.144091
-0.499903
-0.126503
-0.001937
-0.173839
0.103234
-0.073945
-0.179714
-0.110623
-0.049065
-0.001589
-0.032378
0.034827
-0.030986
0.109833
0.217384
0.044766
-0.051658
-0.058477
0.063158
0.041420
-0.133500
-0.089228
0.119164
0.066526
-0.036922
-0.072510
-0.015308
0.011245
0.001454
-0.013098
0.081813
-0.025705
0.028138
-0.013660
-0.245846
-0.103370
0.116013
0.011622
-0.038416
0.134906
0.128911
0.137159
-0.045822
-0.021730
-0.018552
0.019199
-0.063047
0.036474
-0.109907
-0.174476
0.100437
-0.021396
0.013498
-0.073702
-0.053701
-0.081051
-0.132062
-0.015147
-0.046629
0.119480
0.083105
0.019500
-0.082109
-0.211037
-0.027933
0.065416
0.070016
0.012866
0.073240
-0.075689
-0.141175
0.266361
0.028752
0.103352
0.056330
-0.261080
0.005345
-0.010456
0.018200
0.075058
-0.013720
-0.012961
0.178919
0.110076
0.082249
0.236160
-0.002555
-0.051487
0.062493
0.076874
-0.045712
-0.061056
-0.059702
0.069608
0.150704
0.218292
-0.215169
-0.019418
-0.002164
0.047873
-0.024579
-0.005297
0.141071
-0.054831
-0.152250
-0.006577
-0.141184
0.045382
0.334247
0.068404
-0.061272
0.232714
0.201586
0.070624
-0.060296
-0.031691
0.166291
-0.170173
-0.037914
0.075677
-0.034231
0.003780
0.105171
0.026610
-0.108358
-0.163041
-0.287236
-0.059148
-0.062945
-0.093145
-0.178327
-0.160800
-0.051704
0.164298
0.002850
-0.201058
0.038072
0.066225
-0.108999
-0.202305
-0.049064
0.052608
-0.062223
-0.086710
-0.036787
0.274790
-0.162004
0.027889
0.102996
0.023313
-0.138740
-0.150409
0.137670
0.075386
0.029595
0.219879
0.340037
0.113357
-0.147090
-0.117268
-0.068208
0.000203
-0.053808
-0.147091
0.025741
0.298096
0.109852
-0.017202
0.053095
0.116934
-0.083125
-0.083638
0.105774
-0.149568
-0.055170
-0.108344
-0.077488
0.043682
0.141669
-0.111792
-0.143582
-0.042907
0.059824
-0.036121
-0.103779
-0.153837
-0.186886
-0.032990
-0.037196
-0.045157
0.024508
-0.109306
-0.083121
-0.076586
-0.088600
-0.037333
0.073558
0.190345
-0.146185
-0.055404
0.158628
-0.109037
0.043408
-0.027314
-0.147427
-0.127165
0.047333
-0.016542
-0.009628
0.098282
-0.038379
0.014042
-0.096651
0.051669
0.304703
0.233431
0.067174
0.059966
0.091918
0.151260
0.006388
0.033696
-0.088077
-0.105427
-0.195494
-0.341187
-0.083272
-0.149200
-0.079277
0.286254
0.116010
-0.088424
-0.220831
-0.171162
-0.133042
0.009500
-0.090417
0.002361
0.211646
0.199631
0.016010
-0.058438
-0.185992
-0.103729
-0.119442
0.068418
0.004146
-0.044201
0.223639
-0.120868
-0.033124
-0.039113
-0.175333
-0.076353
-0.072793
-0.028509
0.023606
-0.062275
-0.006095
0.016151
0.128719
0.200353
-0.057471
-0.005708
0.069631
-0.047112
0.119547
-0.038630
-0.020471
-0.010422
-0.013557
0.098620
0.057567
0.045327
0.087579
0.005937
0.036756
0.080426
-0.179849
-0.072287
-0.038006
-0.134913
0.008214
0.178252
0.124799
0.021200
0.043963
-0.024915
-0.085399
-0.208455
-0.168164
-0.030883
0.005978
0.026217
-0.048294
-0.078427
-0.099920
0.059142
0.056274
0.061224
-0.043319
-0.047672
0.005675
0.141704
0.161503
0.180797
0.161705
-0.014212
0.154474
0.179269
-0.159123
-0.037875
-0.085576
0.040995
-0.044845
0.164517
-0.055218
0.186165
0.299655
-0.255560
-0.079203
-0.058043
0.090088
0.049000
-0.000458
-0.106659
-0.010976
-0.147148
-0.110586
0.039179
-0.072200
-0.032832
-0.078670
-0.006444
-0.049848
-0.075643
-0.038272
-0.037795
-0.044076
-0.004698
0.258994
0.158337
0.065255
0.013842
0.104060
-0.121769
-0.170740
0.263630
0.023700
-0.060612
-0.006074
0.003016
-0.132060
-0.081850
-0.073619
-0.094697
0.046570
0.148396
-0.037688
0.006014
-0.039971
-0.056299
0.088099
-0.063650
-0.011699
0.162779
-0.103215
0.022009
0.162445
-0.066830
-0.206088
-0.116079
-0.093587
-0.102138
-0.045667
-0.159707
0.020947
-0.099052
-0.134033
-0.127853
-0.008647
0.032397
-0.251652
0.089898
-0.014446
-0.162499
0.020565
0.092413
-0.151056
-0.002175
-0.136040
0.067039
0.084904
-0.170285
-0.020474
-0.061930
-0.011522
-0.037253
0.047509
0.081497
-0.192762
0.026901
-0.000914
0.043115
0.100941
-0.022298
-0.148104
0.011075
-0.127324
-0.125030
0.193262
0.194614
0.028939
-0.046558
-0.018019
0.076196
-0.073201
-0.001825
0.119872
-0.060037
0.056385
-0.044404
-0.014739
-0.019249
-0.106664
-0.061801
-0.200932
-0.031166
0.152835
-0.033419
-0.197564
-0.082186
-0.034602
0.118591
-0.089719
-0.024741
0.311329
-0.213328
0.066309
0.079205
0.123195
0.191958
0.128475
-0.109767
-0.056555
0.046288
-0.116970
0.027147
0.070393
-0.045444
0.047966
0.109341
0.089798
0.043419
0.012277
0.000243
-0.032335
0.179725
-0.007451
-0.054759
0.170534
-0.047118
-0.056813
-0.020641
-0.077284
-0.085978
0.126302
0.008855
0.111738
0.051024
0.078694
-0.150494
-0.203043
0.007131
-0.313701
-0.177290
0.044756
0.112795
-0.020352
0.149892
0.143453
-0.051545
0.121656
0.082592
-0.032309
0.069043
-0.009614
0.118359
-0.196467
-0.087575
-0.074367
0.072663
-0.316124
0.138487
-0.109819
0.101669
0.154406
0.094185
0.250945
0.196688
-0.065293
-0.213901
0.020257
-0.038809
-0.232074
0.007927
-0.092739
-0.090559
-0.124862
-0.050659
-0.126619
0.131163
-0.039855
0.091681
0.206306
-0.064020
0.082914
-0.222023
-0.021322
-0.201393
-0.030919
-0.068922
0.043873
-0.030993
0.243907
0.223939
-0.070927
0.160029
-0.144192
-0.131219
-0.031193
-0.043053
0.032401
0.142976
0.265720
-0.002930
-0.155693
-0.208867
0.087435
-0.186169
-0.154446
0.043430
0.114240
0.206803
0.191747
-0.103560
-0.112337
-0.014539
0.007421
-0.098403
-0.145626
-0.092791
-0.006507
-0.094310
-0.028877
0.122623
0.129865
-0.044123
-0.004985
-0.024836
0.125189
-0.276139
-0.054478
0.092145
-0.017297
-0.148877
-0.074313
0.054083
0.102995
-0.087649
0.122733
-0.057765
0.108861
-0.016308
-0.182961
-0.136115
-0.147775
-0.187864
0.025617
0.088472
-0.094644
0.107196
-0.012517
-0.225099
-0.044746
-0.308798
-0.131378
-0.131941
0.105267
0.187263
-0.130805
-0.032962
-0.097009
-0.242384
-0.002616
-0.120878
-0.065919
0.040784
-0.176521
-0.019136
-0.069137
-0.063385
-0.123893
-0.157262
0.028835
-0.043752
-0.034694
0.042766
-0.234072
-0.278468
-0.039143
-0.173315
-0.014041
-0.025624
-0.012579
0.134175
-0.114036
-0.058475
0.110781
-0.061753
-0.076002
0.188463
0.000974
0.010508
0.125912
-0.034246
-0.012932
-0.131718
-0.011956
-0.053269
-0.169697
-0.221592
-0.337087
-0.157529
0.019286
0.195879
-0.014847
0.017047
-0.069773
-0.067713
-0.017463
-0.213604
0.151161
0.000239
0.070656
-0.092903
-0.044499
-0.036492
-0.014361
-0.140647
0.065947
0.000432
-0.084709
0.033382
-0.034741
0.083714
-0.006173
-0.104395
-0.046144
0.002505
-0.040921
-0.049671
-0.093920
-0.145080
0.065909
-0.049501
-0.068405
0.030574
-0.057556
-0.002173
0.026578
0.050789
0.032059
-0.086062
0.009044
0.043315
-0.137179
-0.187539
-0.036810
0.004618
-0.104780
-0.150999
0.066735
-0.195697
0.011673
0.379152
0.029260
0.000410
0.176019
0.149848
0.019573
0.109138
-0.184893
-0.012890
0.124611
0.031202
-0.108345
0.050971
0.126945
-0.008975
-0.052793
0.002270
-0.096747
-0.166626
0.070609
0.062407
-0.056729
-0.009344
0.137730
0.129546
0.076834
0.127771
-0.099754
-0.211507
0.082399
-0.002760
0.035478
0.001427
0.150262
-0.047439
0.053476
-0.102365
-0.058918
-0.108425
-0.038519
0.086818
0.007699
-0.108569
0.095051
0.138512
-0.293701
0.004676
0.097106
-0.064214
0.006303
0.097385
0.113795
-0.066022
0.062351
0.099880
-0.034211
0.112644
0.231618
0.059187
0.029049
-0.144206
0.155830
-0.235551
-0.204058
-0.101438
-0.133867
0.186450
0.006354
0.030252
0.014751
-0.061743
-0.235408
-0.074443
-0.305886
-0.190873
-0.211276
-0.095019
0.011488
-0.119540
0.035990
0.019409
0.017349
-0.062012
0.126698
0.079727
0.158876
0.004847
-0.076135
-0.047902
-0.267755
0.098600
-0.063683
-0.043795
0.154208
-0.052372
-0.153907
-0.104838
0.029218
-0.082052
0.026603
0.101225
0.182470
0.233843
-0.130180
-0.036771
-0.001181
-0.082675
0.159366
0.130753
-0.019141
-0.162133
0.026939
0.132943
0.050706
-0.158839
-0.037922
-0.149519
-0.033828
-0.062043
0.043890
-0.001147
0.159012
-0.060548
-0.048314
-0.154012
-0.170434
-0.024243
-0.037345
0.049447
0.087086
0.060316
0.001324
-0.175747
-0.025772
-0.025975
-0.049846
0.081776
0.034511
0.000212
0.115156
0.079802
0.247662
-0.313595
-0.182689
0.023574
0.002337
0.005780
0.184938
-0.138996
-0.174463
-0.140277
0.261667
0.186534
-0.078026
-0.043706
-0.042514
-0.142922
-0.101164
-0.038849
0.046438
-0.005060
-0.092959
-0.228369
-0.057721
-0.125342
0.092467
0.135949
0.147235
0.118582
-0.039365
0.065320
0.034191
0.004948
0.056218
0.000713
-0.142542
-0.118532
-0.063186
-0.012852
-0.023498
-0.065827
0.053911
0.051630
-0.005573
-0.136973
0.103338
0.208916
-0.186970
-0.149867
0.006586
0.032188
-0.031221
-0.150837
0.007036
-0.026219
-0.055225
0.132162
-0.039423
-0.091274
0.064159
0.047473
-0.007947
-0.257742
-0.184939
0.022211
0.050138
0.014250
0.050973
-0.036533
-0.002643
0.015738
0.000901
-0.163387
-0.087245
0.098843
0.160427
-0.046600
-0.132200
-0.046226
0.087526
-0.106592
-0.002518
0.092359
-0.124683
0.013294
0.035122
0.026500
-0.013918
-0.059732
-0.053769
0.037310
0.010364
0.360125
0.071968
0.118341
-0.029415
0.007520
-0.008875
-0.004895
0.273613
0.108558
-0.282631
-0.301667
-0.297435
-0.106578
-0.136023
-0.079181
0.024086
0.038473
-0.033452
0.045668
0.147071
0.162997
0.036312
0.038636
0.062858
-0.171639
-0.055084
0.013793
-0.016233
0.045979
-0.006292
0.098935
0.047258
0.059320
-0.019538
0.029066
-0.095609
0.104007
-0.089194
0.076380
0.178900
0.102919
0.197465
0.076444
0.180165
-0.020847
-0.080589
-0.116226
-0.083780
0.134713
-0.063954
-0.032740
0.252776
0.217203
0.208876
-0.192153
-0.230435
-0.073385
0.086417
0.066518
-0.117528
0.046807
0.006881
-0.108452
0.050953
0.083165
0.052825
-0.021307
0.064954
-0.065475
-0.011170
0.075373
-0.067454
-0.003991
0.140793
-0.002379
-0.183790
-0.162014
-0.081796
-0.085999
-0.306404
-0.232846
-0.046952
-0.114368
-0.067085
0.199070
0.138178
0.189203
-0.077346
-0.183074
-0.315797
0.131355
0.300638
0.290248
-0.023935
-0.057002
0.042016
-0.120803
-0.029132
-0.144204
0.005471
0.028917
0.001632
-0.044005
-0.070550
-0.000249
0.042137
0.202090
0.343637
-0.067285
-0.220975
-0.121533
-0.229976
-0.192329
-0.185750
-0.143945
-0.001546
-0.033126
-0.148177
-0.042816
-0.037839
-0.109399
-0.223636
-0.149984
-0.198513
-0.137113
-0.154970
0.084856
0.131121
0.122840
0.019880
0.020338
0.040447
-0.110126
-0.105550
-0.168878
0.004215
0.096990
-0.002548
0.097454
0.061137
0.038009
-0.007656
0.038840
-0.111186
0.007253
0.074802
0.146764
-0.189697
-0.117914
-0.115154
-0.007941
0.039040
0.039917
-0.029931
-0.167775
-0.085620
0.130758
0.266525
0.095663
-0.025345
-0.104021
-0.078310
-0.147044
-0.194875
-0.213711
0.028121
-0.149674
-0.250379
-0.166997
-0.275721
-0.152887
0.018552
0.012791
0.048183
-0.159931
0.010085
0.075080
-0.011055
0.133988
0.177856
0.017321
-0.091190
-0.087851
0.085889
-0.072121
-0.083249
-0.094986
-0.152104
0.072506
-0.029336
-0.124889
-0.027927
-0.045671
0.054564
-0.036904
0.077365
0.018343
0.142827
0.158838
0.237498
-0.040907
0.031019
-0.011586
0.136266
-0.136821
-0.267807
-0.080910
0.043524
-0.092759
-0.226248
0.129549
0.006912
-0.158885
0.006168
-0.041085
-0.083401
-0.155137
-0.295158
0.118844
0.064101
-0.091404
0.036533
0.087086
-0.058538
-0.029170
-0.031779
-0.039153
0.022298
0.059172
0.047704
-0.095673
-0.027244
-0.016137
0.130768
-0.017535
-0.157213
-0.078723
0.237141
0.177134
0.013792
0.165962
0.103439
0.072426
0.002115
-0.067951
0.119152
-0.069061
-0.018356
0.023012
0.059509
-0.026744
-0.060522
-0.097228
0.063683
0.069164
-0.071579
-0.031081
0.052849
-0.043373
0.005220
-0.000716
0.008534
0.051653
0.026975
-0.067400
0.018332
-0.019833
-0.000586
0.038288
0.115999
0.034030
-0.021050
-0.088027
-0.100039
-0.044869
-0.168273
-0.041451
0.109278
0.245390
0.000241
-0.153722
-0.084124
0.008673
-0.034766
-0.060755
0.078109
-0.005321
-0.029564
0.143188
0.178304
0.031614
-0.197206
0.021508
-0.112584
0.120665
-0.104707
-0.118303
-0.108867
0.007662
-0.208803
-0.161100
-0.015505
0.031780
-0.179120
-0.211448
-0.055031
0.024779
-0.051476
0.130102
0.053154
0.014663
0.096790
0.299606
0.210575
0.215196
-0.265872
-0.202555
-0.008341
-0.015036
-0.018145
0.016753
0.167888
0.135777
0.029808
0.058374
0.071065
-0.002621
-0.074159
-0.060955
0.004159
0.065145
0.085077
0.156853
0.097922
0.121487
0.064089
-0.071068
0.003566
0.037441
-0.079427
-0.031795
0.021001
-0.129080
-0.165998
-0.042837
0.057261
-0.004314
0.117244
0.059929
0.019899
0.059170
0.010061
-0.013857
0.023982
0.067762
-0.060340
-0.031279
-0.106326
-0.157135
-0.060876
0.160258
0.036706
0.024488
-0.034148
-0.110188
-0.113327
0.109105
0.237495
-0.110315
-0.082166
-0.097022
0.069282
0.148676
0.143553
0.115957
-0.168444
-0.151409
-0.134147
0.066300
0.093922
0.166178
0.050452
0.096611
-0.110297
0.230252
0.147705
-0.008053
-0.049041
-0.019304
-0.134487
0.047741
0.000969
0.059588
0.205994
0.182996
-0.007535
-0.153885
-0.027123
-0.044928
0.005165
-0.066586
0.090870
-0.202965
-0.132698
-0.077285
0.267463
0.169895
0.242946
-0.076830
-0.018530
-0.011209
0.125751
0.164601
-0.045696
-0.122574
-0.042200
-0.120383
0.005314
-0.076010
0.020814
-0.159961
-0.287713
-0.145433
0.181531
0.195161
-0.171013
-0.211622
-0.109826
-0.155037
0.212709
0.039219
-0.051929
-0.134640
-0.167626
-0.044209
0.039191
-0.178608
-0.081916
-0.152183
-0.098676
-0.119206
0.042097
0.018483
0.214409
-0.048199
0.070495
0.014919
0.114545
-0.027080
-0.007746
0.003182
-0.193729
-0.184520
0.023215
0.030514
-0.060438
0.018780
0.037435
0.064007
-0.081339
-0.097396
-0.156431
-0.027066
0.169884
0.177153
0.130700
0.150493
-0.016819
0.333200
0.108577
-0.081808
0.264170
0.063560
-0.159099
0.105313
-0.074182
0.003568
0.210632
0.106756
-0.101632
-0.224140
0.018520
0.051930
0.101224
-0.006444
-0.049569
-0.119032
0.009697
-0.013828
0.058723
-0.002098
0.031666
0.039965
0.008221
-0.051922
-0.163313
-0.258515
-0.044712
-0.099084
-0.281434
0.117023
-0.008681
-0.097660
0.043508
-0.204973
-0.131782
0.093400
0.089469
-0.093638
-0.079506
-0.047470
-0.013782
0.009898
-0.052055
-0.061028
-0.142815
0.101175
0.021232
-0.047638
-0.002584
0.072785
-0.053340
0.062482
-0.061156
-0.138460
0.091673
-0.251115
-0.065200
-0.085332
0.037489
0.009254
-0.057210
0.055076
0.079338
-0.239622
-0.114375
-0.086123
0.185596
0.065635
-0.043969
0.001562
0.142460
0.050284
-0.138223
-0.254348
-0.119240
-0.006712
-0.094140
-0.016317
-0.065480
-0.008864
0.084862
0.050165
-0.002113
0.176344
0.066462
0.024059
-0.113642
0.174197
0.120237
-0.109167
0.043032
0.325118
-0.035883
-0.049044
-0.004349
-0.080024
0.213707
0.161304
0.168815
-0.016653
0.062733
0.092175
-0.024060
0.038987
-0.022600
-0.061839
0.083910
0.193252
-0.084221
-0.079807
-0.077949
-0.024296
-0.100588
-0.024389
-0.002780
-0.027864
-0.006313
0.063603
-0.111797
0.058416
-0.057416
-0.014219
-0.021959
-0.053405
0.135751
0.248538
0.210671
0.263208
0.212118
0.073286
-0.195101
0.008047
-0.007179
-0.230846
0.003420
0.051665
-0.051244
0.131911
0.024544
0.135155
0.082416
-0.017741
-0.055964
-0.024691
-0.188467
-0.113483
-0.191802
0.249978
0.094837
0.048025
0.090959
0.050775
-0.265312
0.103475
-0.007162
-0.140021
-0.026697
0.085594
0.079969
0.129307
0.020864
-0.002773
-0.061228
-0.026929
-0.130531
-0.031761
-0.194609
0.036636
0.030086
0.111225
0.280761
0.114653
0.383975
0.177284
0.024071
-0.028908
0.031162
0.009097
-0.152474
-0.087699
0.130820
0.023212
-0.049228
0.069489
-0.064898
0.031826
-0.042537
-0.318355
-0.026807
-0.021298
-0.219840
0.099132
0.052116
-0.067709
-0.057237
0.145310
-0.184539
-0.148298
0.065771
0.100720
-0.074734
0.039975
-0.094076
0.058807
-0.004475
-0.232265
-0.091724
0.345113
0.050624
-0.056146
0.113028
-0.075629
-0.111017
0.079603
0.177365
0.052797
-0.080148
-0.129139
0.095057
-0.109531
-0.157759
-0.102098
-0.033340
-0.024967
-0.304165
0.031826
0.205246
-0.025043
0.046582
0.042481
-0.144156
0.072566
-0.090904
-0.037271
0.192471
-0.104928
-0.089213
-0.060088
0.022467
0.073378
-0.113740
-0.196758
-0.180414
-0.020982
-0.107875
-0.149758
-0.119246
-0.187192
-0.141053
-0.124825
-0.165524
0.007139
0.129305
0.063990
0.060132
-0.056318
-0.233375
0.054153
-0.071924
-0.059448
0.141664
-0.069454
-0.112139
-0.128936
-0.012002
0.091284
-0.004794
0.191441
0.165695
0.108420
0.212067
0.179762
0.115276
0.025693
-0.023494
-0.173047
-0.275092
-0.253250
-0.027185
-0.007259
-0.388011
-0.059316
0.044130
0.059939
0.043689
0.102260
0.154569
0.024943
-0.150676
0.089410
-0.040233
0.041202
-0.033598
0.087514
-0.061883
0.083967
-0.063755
-0.003182
0.022252
0.053773
-0.066239
0.061115
-0.111825
-0.211237
0.133193
-0.023337
-0.075029
0.050749
0.018359
0.003736
-0.165508
0.051300
-0.003397
-0.295039
-0.112269
0.123598
-0.271290
0.005248
-0.047057
0.046110
0.020245
0.153497
0.122937
0.062495
0.101243
-0.037333
0.044042
-0.135000
0.099186
-0.023375
-0.205645
-0.359426
-0.164294
-0.011973
-0.145082
-0.235168
0.037282
0.088227
0.077353
-0.076310
0.038088
0.031405
-0.212065
-0.042712
0.102871
-0.107701
0.036173
0.148203
-0.099862
0.096173
0.051868
-0.139979
0.026249
0.036771
0.054710
0.195212
0.029032
0.063981
0.032164
0.017766
0.015286
-0.150961
-0.020835
0.035516
0.037951
-0.048461
-0.032199
-0.035428
-0.019457
0.082570
0.023381
0.042575
-0.026439
-0.101418
-0.082364
-0.004327
-0.011973
-0.201491
-0.060421
-0.015223
-0.135942
0.008286
-0.157808
-0.126812
0.043529
-0.026742
0.015625
-0.197548
-0.003949
-0.030593
-0.030994
0.102043
0.110559
-0.163443
-0.044594
0.204576
-0.072804
-0.220043
-0.137935
-0.011068
0.107832
0.005214
-0.100573
-0.061327
-0.150155
-0.183358
-0.269288
-0.086709
-0.041357
-0.057953
-0.096283
-0.070081
-0.133619
-0.077779
0.008503
-0.020318
-0.038360
-0.025794
0.062311
0.050714
0.015153
-0.085418
-0.113606
-0.008770
0.061149
-0.038152
0.045082
0.129259
0.147871
-0.296623
-0.265889
-0.169606
-0.035413
-0.227240
-0.217432
0.010978
0.187576
-0.074575
-0.123515
-0.070967
0.000272
0.009838
-0.187554
-0.025805
0.053840
0.136860
0.006586
-0.145184
0.090886
0.142783
0.018201
-0.124170
-0.038809
-0.095488
-0.018731
0.030847
0.136618
0.052486
0.117361
0.168938
-0.160481
-0.112801
-0.030217
-0.033373
0.018209
0.215980
-0.014010
-0.031017
-0.118657
-0.056916
-0.058127
-0.107178
-0.123414
-0.035718
-0.127234
0.016400
0.018191
0.130953
0.108642
0.135981
0.036046
-0.058176
-0.082182
0.009628
-0.214296
-0.105794
0.074085
0.162261
-0.077142
0.054015
0.003016
0.092784
-0.058439
-0.044982
-0.011358
-0.094129
-0.057242
-0.000853
-0.013421
0.045141
0.130113
0.287901
0.169030
0.073636
0.072955
0.030389
0.016215
0.068337
-0.225828
-0.148253
-0.044427
-0.100671
0.027207
0.191538
0.215180
0.157010
-0.249726
-0.048327
-0.024287
0.060199
-0.013830
-0.170643
0.021076
-0.029234
-0.031931
-0.098478
0.066441
0.075941
-0.166268
-0.183373
0.058821
0.149243
0.043582
0.109659
0.022173
0.133594
0.093620
-0.143923
-0.113169
0.190770
0.030999
-0.205911
0.008916
-0.074596
0.031173
-0.111222
-0.165108
-0.158539
0.064970
-0.096303
-0.100350
0.083212
0.122837
0.080460
-0.221451
0.047542
-0.190780
-0.043073
-0.157484
-0.147409
-0.039636
-0.081433
0.002546
0.064243
-0.119562
-0.070532
-0.072659
-0.087815
0.030947
-0.021861
0.082356
0.076307
0.244681
0.068733
-0.003862
0.134710
-0.024492
-0.141031
0.106865
-0.010284
0.036914
-0.078982
-0.082261
0.084095
-0.158810
-0.024763
-0.229251
-0.167653
-0.063688
-0.035803
-0.032795
-0.073970
-0.047689
-0.010540
0.069643
-0.042139
-0.061841
0.096681
0.050552
0.047822
-0.028238
-0.156993
-0.064787
-0.100882
-0.004962
0.055533
-0.028232
0.117322
0.088137
0.089729
-0.057755
-0.111415
0.052413
0.140627
0.098699
-0.183742
-0.025087
0.079638
0.005073
0.098585
0.047449
0.093701
0.141157
0.086268
-0.170102
0.054828
0.034319
0.025306
0.152673
0.059662
0.016401
0.151119
-0.077656
-0.015056
0.029872
-0.004225
-0.104297
-0.082687
-0.103791
0.051922
0.026734
-0.036114
-0.056570
-0.353750
-0.136186
-0.104515
0.150990
0.135682
0.116192
0.072525
0.087848
0.072175
0.167542
0.095830
-0.080408
-0.086695
-0.005894
-0.137892
0.092267
0.338252
0.101147
-0.034348
-0.387208
-0.069637
-0.192045
-0.138423
0.076002
0.037744
0.035720
-0.277662
-0.141682
0.170391
-0.038722
0.237721
0.133065
0.125578
0.060902
-0.184774
-0.066307
-0.008103
-0.007188
0.016210
0.163063
0.051503
0.098483
0.053556
-0.021459
-0.079407
-0.033518
0.071340
-0.030708
0.094714
0.010576
0.082981
-0.174940
-0.276871
0.036759
-0.035458
0.084764
0.188058
0.028630
-0.004601
0.047568
-0.129407
-0.127715
0.141240
0.021216
0.110045
-0.131402
-0.177445
-0.241350
-0.071122
-0.167697
-0.004714
-0.097763
0.068064
0.164481
-0.088402
0.136267
0.112143
-0.161845
-0.122352
-0.028627
0.048341
-0.040895
0.043369
-0.041525
0.101650
0.065819
0.016741
-0.150036
-0.004902
-0.181837
-0.126794
-0.088471
-0.095040
0.124957
0.072988
0.061037
-0.191204
-0.129085
0.092648
0.087894
0.041518
-0.000162
-0.049859
-0.108594
0.045654
-0.029711
-0.069671
-0.040176
-0.090737
-0.017958
-0.001663
-0.117127
0.038053
0.097169
-0.004939
0.001093
-0.036846
0.014166
-0.044019
0.030333
-0.067973
-0.004733
-0.127197
-0.132143
-0.098819
-0.036958
-0.066413
-0.038550
0.068837
-0.119134
0.216966
-0.197016
-0.114608
0.113071
0.248987
-0.062510
0.045736
-0.068056
-0.161881
-0.064855
0.087906
-0.059247
-0.026558
0.097733
-0.040890
-0.174731
-0.049911
-0.033520
0.106687
0.113319
0.181208
0.003007
0.215956
0.037820
-0.071673
-0.050617
-0.229277
-0.226870
-0.064968
0.271295
-0.051102
-0.100469
-0.083811
0.180531
-0.179199
0.047049
-0.014670
-0.048782
-0.010526
-0.008399
0.243713
0.083450
-0.043389
-0.015228
-0.130414
-0.099835
-0.196017
-0.202379
-0.064862
0.051001
0.038125
-0.014145
-0.117243
-0.140617
-0.197505
0.095921
0.157277
-0.133518
0.107138
0.126713
-0.148689
-0.004375
-0.083384
-0.040490
-0.066002
-0.231257
-0.125828
0.044539
-0.099251
-0.061027
-0.132079
-0.251245
-0.122996
-0.008168
-0.081471
-0.072878
0.153848
-0.041979
-0.051241
-0.154287
-0.168155
-0.127030
0.037177
0.099477
0.084225
0.150233
0.088026
-0.143444
0.067097
0.078988
0.018889
-0.066756
0.091719
0.198492
0.099552
0.091170
-0.136840
-0.042790
0.055801
0.035984
-0.038721
0.107232
0.269585
-0.065462
0.007109
-0.101027
-0.191062
-0.120546
-0.024179
-0.026500
0.094933
0.123677
0.100565
-0.096870
-0.053638
0.059926
-0.186948
-0.154436
-0.069263
-0.249282
-0.293532
-0.087692
-0.070918
0.004928
-0.021653
-0.084159
0.057546
0.207865
0.064674
0.001294
0.036450
0.017171
0.111559
0.036507
-0.089234
0.150289
-0.004511
-0.166973
-0.071303
-0.110258
0.034042
-0.029019
-0.009441
0.074059
-0.070063
-0.067892
-0.009943
-0.094641
-0.017401
0.236783
0.179442
0.003410
0.124528
0.032740
-0.042296
-0.041385
-0.045776
-0.141993
-0.184619
-0.113670
-0.029551
-0.163374
0.022083
-0.088588
-0.219768
-0.040186
-0.210985
-0.129080
-0.221656
-0.170565
-0.091011
0.102480
0.116236
0.092553
-0.021435
0.063258
-0.004779
-0.030888
0.017367
0.038888
-0.003490
-0.101827
-0.048481
0.109803
0.102349
0.150516
0.028866
0.085232
0.073768
-0.078503
0.074037
-0.193359
-0.161376
-0.188234
-0.058702
0.206852
0.032202
0.253531
0.260176
0.022182
-0.000174
-0.141931
-0.056649
-0.035614
0.041706
-0.058565
0.052019
0.141897
0.047729
-0.090004
-0.182891
-0.143008
0.149727
0.092928
-0.140404
-0.079823
-0.036095
-0.162476
-0.041129
-0.051814
-0.018678
0.046090
0.119966
0.082383
-0.052878
-0.087215
-0.015967
-0.014898
0.015827
0.097068
0.134812
0.037860
-0.172498
0.016611
-0.006355
-0.121309
0.111285
0.225353
-0.217281
-0.219102
-0.064181
-0.090381
0.077279
0.283003
0.124141
0.168035
0.190523
0.062750
0.010037
0.009242
-0.210111
-0.122548
-0.042589
-0.001955
0.018855
0.099685
-0.014345
0.089327
0.214237
-0.146264
-0.047063
0.064646
0.073266
0.119112
0.287724
0.174288
-0.005152
-0.084516
0.271117
-0.031353
-0.173604
-0.067515
-0.083701
-0.207782
-0.083475
0.131465
-0.271448
-0.029367
0.093028
0.008103
0.188308
-0.047416
-0.175923
0.142976
-0.092351
-0.035135
-0.011920
-0.094873
-0.095751
0.077094
-0.170472
-0.102066
0.149489
0.047903
0.005877
-0.083394
0.007831
0.035283
-0.038660
-0.037627
-0.060501
-0.131721
0.086534
0.010287
0.008127
0.127508
-0.000314
0.175776
0.004437
-0.052570
0.066208
0.147013
-0.153266
-0.098900
-0.221687
-0.409563
-0.152352
-0.129406
-0.166413
-0.181223
-0.225485
-0.120651
-0.072782
0.058938
-0.004413
0.083512
0.132073
-0.001830
0.083935
0.041295
0.020669
-0.175068
-0.113429
0.041556
-0.031943
0.035972
-0.006665
0.135233
0.212674
0.220822
0.150171
0.100982
-0.033538
0.011185
-0.047030
-0.077424
-0.104733
0.087369
0.161448
0.014842
-0.099265
-0.097863
-0.111288
-0.178434
-0.256272
-0.005896
-0.018520
-0.079369
-0.036988
0.084576
-0.126178
-0.044353
0.085501
-0.069828
-0.128170
-0.205945
0.045383
-0.154124
-0.220150
-0.012779
0.008602
-0.115391
0.226138
0.076559
0.113220
-0.108690
-0.085453
0.132377
-0.084630
0.035136
0.120821
-0.029603
-0.106872
-0.096756
0.023310
-0.004258
-0.195572
0.017269
0.015265
-0.226778
0.001666
-0.107838
-0.117005
0.238007
0.000539
-0.095202
-0.031331
0.152978
0.106860
0.079112
0.006086
-0.305245
-0.195616
-0.020591
0.048151
-0.107323
0.016142
0.046617
0.033009
-0.104293
0.005055
0.049630
-0.145797
-0.118532
0.081644
-0.172369
-0.079697
0.015363
0.109102
0.134685
-0.033395
-0.055698
-0.101384
-0.097901
-0.094192
0.108379
0.085894
0.221279
0.045645
-0.074264
0.051319
-0.080675
-0.134202
0.039168
0.128655
-0.199732
-0.020287
-0.035672
0.138502
0.069853
0.004418
-0.064294
0.043599
-0.165127
-0.164593
0.018424
0.061142
0.082410
0.030473
0.047250
0.034246
-0.194620
-0.103653
-0.169207
0.026935
0.016191
-0.060831
0.206027
-0.067848
0.026980
0.013609
-0.028694
0.171231
0.010411
0.008260
0.062595
-0.113726
0.091249
0.117510
-0.094178
0.052125
-0.088929
-0.014181
0.016892
0.028154
0.051351
-0.202814
-0.192295
0.083590
0.047646
0.009495
0.070129
0.170510
0.041653
-0.004880
0.155637
0.064397
-0.239498
0.103667
-0.132357
-0.024444
-0.026223
0.005460
0.035387
-0.139857
-0.161152
0.033941
-0.083474
-0.076330
-0.203007
-0.114018
0.148410
-0.067540
0.101844
0.221152
0.054277
-0.017789
-0.008312
-0.001711
-0.060375
-0.157279
0.183633
0.214023
-0.084299
-0.030689
0.131073
0.015097
0.218989
0.127199
0.159310
0.018189
-0.011590
0.053946
0.082924
-0.264358
-0.063827
0.039605
0.042550
-0.133595
0.035357
0.083147
-0.193911
0.066197
-0.040243
-0.066656
-0.120317
0.023016
0.092356
0.142267
-0.173079
-0.045245
0.020721
0.114772
-0.084672
-0.002669
-0.066086
0.103275
0.127358
0.032869
-0.014326
-0.061985
0.065099
-0.136631
0.163719
-0.071006
-0.129792
-0.040478
-0.107387
-0.110105
0.032568
-0.004063
-0.046963
0.113184
-0.145469
-0.195081
0.127801
-0.075497
0.188403
-0.001220
-0.226762
-0.103753
0.068420
0.086438
-0.045995
-0.158911
0.051863
0.122628
-0.226919
-0.161286
-0.111587
-0.033738
0.013930
-0.120333
0.003044
0.139504
0.012345
-0.040063
-0.021844
0.071970
0.031249
-0.060762
0.190270
0.088609
-0.224743
-0.004454
-0.068318
-0.006914
0.031122
-0.077261
-0.100588
0.023539
-0.085021
-0.135788
-0.060848
-0.033895
-0.056646
0.101335
-0.123876
0.078661
-0.037957
0.003604
0.001362
-0.071895
-0.075344
0.034617
-0.075874
-0.241739
-0.130286
-0.260354
0.215105
0.120270
-0.054815
-0.171993
-0.092304
0.023234
0.041443
-0.066448
-0.019271
-0.075890
-0.052941
-0.040144
-0.009422
0.074804
0.080706
-0.001105
0.055804
0.127196
0.011356
0.013553
0.168596
0.013816
0.026988
-0.048260
-0.246959
-0.095516
-0.060286
-0.039671
0.027586
0.032148
0.088618
-0.011027
0.024610
0.000351
-0.069351
-0.274031
-0.012437
0.113287
-0.201943
-0.283321
-0.159902
-0.189898
-0.180960
0.085793
0.187212
0.040745
0.081002
0.196593
0.004720
0.041701
0.109025
0.043241
0.013859
0.198965
0.068204
-0.102153
0.110864
0.111812
-0.049138
0.188147
-0.183959
-0.150964
0.038177
-0.143475
-0.067890
0.300105
-0.064132
0.078362
0.113500
0.020541
-0.095661
-0.345865
0.182243
0.055783
-0.067957
-0.089153
-0.015754
0.029718
-0.366453
0.112681
-0.002764
0.034991
-0.177782
-0.097299
0.002557
-0.070736
0.143916
0.265725
0.033144
-0.063727
0.023533
-0.011516
-0.154199
0.131384
-0.009393
-0.026009
-0.098804
-0.093701
0.092478
0.004875
-0.205672
0.037394
0.022371
-0.040801
0.163981
-0.051216
-0.070798
0.098984
-0.140488
-0.040774
0.166486
0.071885
-0.220591
0.232222
0.172891
0.096368
0.010309
0.038764
0.025882
0.085802
0.008258
0.009399
0.108723
0.154723
0.059166
0.044768
0.148003
-0.027670
0.163393
-0.008161
0.165112
-0.038804
-0.132039
-0.098509
0.022828
-0.018562
0.089131
0.150909
-0.100773
0.187260
0.198845
0.126844
-0.022204
0.098767
0.117226
-0.052319
-0.021460
0.020594
-0.079189
-0.168434
0.171427
0.043935
0.139659
0.103201
-0.099475
-0.040798
-0.108699
-0.042830
-0.042050
0.142325
-0.016801
-0.110022
-0.008937
-0.293281
-0.400844
0.199711
0.021769
-0.185230
-0.047008
-0.112391
0.080554
0.212424
-0.048317
0.116397
0.043752
-0.138036
-0.021855
0.150259
0.075248
0.002372
-0.033378
-0.015294
0.146476
0.089399
-0.069253
0.017724
0.057731
-0.019195
-0.081383
0.054678
0.090190
-0.271629
0.151672
0.170030
0.100834
0.230977
0.095270
0.024108
0.131802
0.093217
-0.046751
0.052270
0.213490
-0.165953
0.001389
-0.217585
0.000317
0.019556
-0.144112
-0.095937
-0.044364
-0.014734
0.020550
-0.015198
-0.002265
0.072082
0.198012
0.162903
0.153917
0.097286
0.016048
0.214660
-0.042290
-0.038578
0.141345
0.010386
0.035403
0.299279
-0.075132
-0.030315
-0.016472
0.059717
-0.055765
-0.006430
0.125899
-0.024132
0.136519
0.009986
-0.008806
0.006921
-0.074026
0.126064
-0.044777
0.076626
0.075104
0.060483
-0.188664
0.113496
-0.171698
-0.010402
-0.177856
0.028354
0.196630
-0.024191
0.048920
0.007369
-0.037757
0.143149
-0.106493
-0.019623
-0.053922
-0.018062
-0.005049
0.114344
-0.006862
0.009523
-0.044882
-0.058641
-0.078234
-0.166210
-0.004160
0.077859
0.181894
-0.089287
-0.015740
0.048994
-0.204056
-0.032495
-0.079913
-0.072522
-0.187365
-0.532398
0.192812
0.150934
0.084454
0.032781
-0.148545
-0.022341
-0.072343
0.038828
0.098467
-0.230463
-0.014957
-0.089639
-0.090753
-0.010515
0.087934
-0.085649
-0.115953
-0.039353
0.065374
-0.061970
0.030675
-0.009982
-0.061338
-0.117106
0.019752
-0.097017
-0.041952
0.090964
-0.264632
0.092175
-0.082784
-0.042268
-0.107707
-0.005358
0.280896
0.043062
-0.010995
-0.073743
0.200371
-0.057734
-0.024548
-0.000100
0.030497
-0.039937
-0.291044
0.156375
-0.116067
-0.195899
-0.125536
0.042652
0.141797
-0.024680
-0.077936
-0.147813
0.164427
0.047205
-0.216542
-0.061417
0.015653
-0.226725
-0.122469
-0.038571
-0.016475
-0.151135
-0.115405
0.018639
0.058212
0.019226
0.073409
-0.067987
-0.098117
-0.239422
0.037440
0.016697
-0.179394
-0.041671
-0.001346
-0.013217
-0.025759
0.012320
0.099316
0.055041
-0.106333
-0.188540
-0.235730
-0.057803
0.090001
-0.174003
-0.159543
-0.060441
-0.107838
-0.078183
-0.032300
0.016090
0.060271
0.023860
-0.002030
-0.006831
-0.073633
0.306157
0.057797
-0.089811
-0.022119
0.061479
-0.020595
-0.104007
0.001846
0.108033
-0.120917
-0.068937
0.003975
0.100514
-0.008411
0.025938
-0.128324
-0.081754
0.096090
-0.143734
-0.196884
-0.109922
0.101102
-0.121735
0.140776
-0.072425
-0.057057
0.152071
-0.140372
-0.160404
0.007833
-0.019017
0.025462
-0.076563
0.002063
-0.117008
0.188938
0.170459
0.061538
0.158085
-0.065490
-0.372456
-0.128425
0.047721
0.068418
0.020390
-0.064325
0.034824
-0.019992
-0.019164
0.071721
-0.025805
-0.115837
0.116186
0.167805
-0.064229
0.026064
-0.040541
0.025324
0.047483
-0.004772
0.021656
0.246195
0.127949
-0.106773
0.051149
0.082432
0.099282
0.167350
0.046093
-0.171838
0.050291
0.196342
-0.159275
-0.170383
0.018472
-0.184843
-0.128928
0.058548
-0.076464
-0.113642
0.006457
-0.133904
-0.070685
-0.206468
0.052389
0.113920
-0.059652
0.000212
0.146595
0.041320
-0.090990
-0.036339
0.130697
0.074986
-0.074094
0.208881
-0.139398
0.181022
0.261505
-0.219714
-0.067897
-0.187637
0.130321
0.062484
-0.058043
0.109203
-0.074384
-0.121020
-0.139235
-0.086711
-0.141120
-0.065299
0.003618
-0.018128
-0.084608
-0.124418
0.160299
-0.113673
0.086010
-0.052309
0.024859
0.096174
-0.226147
-0.030673
0.028143
0.078497
0.082659
-0.017317
-0.104424
0.126443
0.101004
-0.055326
0.047697
-0.062121
-0.113034
-0.158917
-0.132082
-0.174235
0.066503
-0.015205
0.082934
0.012144
0.202351
0.033996
-0.132018
-0.027038
0.000199
0.064446
0.013518
-0.042719
0.181122
0.050592
0.084416
0.095418
-0.153059
-0.158158
-0.001071
0.129935
0.008599
0.070404
-0.104462
0.172506
0.113659
-0.126266
0.036406
0.025383
-0.092836
-0.061609
-0.036854
-0.099888
-0.066516
-0.055076
-0.276618
0.019599
-0.065349
-0.111709
-0.393963
0.045626
0.068587
-0.250022
-0.040190
0.026790
0.043486
-0.023660
0.039735
0.032292
-0.063774
0.070183
0.228590
-0.017553
0.078931
-0.037349
0.009329
-0.169276
0.074963
0.029716
0.073257
-0.172297
0.063524
0.170422
-0.092373
0.042427
0.105525
0.149338
0.059889
0.000624
-0.202124
0.064155
-0.109245
-0.238327
0.026342
0.082265
-0.222796
0.040458
0.287888
0.240204
0.066206
0.043963
0.342980
-0.003218
-0.018087
-0.213115
-0.038245
0.072093
-0.122522
0.125053
0.067365
0.045372
0.132091
-0.122686
-0.101105
-0.040028
0.037094
-0.011405
-0.032720
0.008428
-0.015909
0.085686
-0.011502
-0.331814
0.075439
0.198179
0.017216
-0.219539
0.089657
0.138241
0.084915
-0.011508
-0.100217
-0.013794
-0.050248
-0.054821
-0.081543
0.019456
0.073320
-0.026140
0.040601
-0.324301
-0.037980
-0.125211
-0.068880
0.033929
-0.041813
0.007467
0.094541
-0.072131
-0.032813
-0.040078
-0.051349
-0.051809
-0.061985
-0.035008
0.164672
0.144935
0.082860
-0.000753
-0.052744
-0.040293
0.054237
0.107773
0.066146
-0.059052
0.109496
0.056893
0.054952
-0.040695
-0.040355
-0.015201
-0.101273
0.146950
0.165207
-0.187965
-0.110096
0.054563
0.084707
-0.137542
-0.055913
0.070236
0.131794
-0.027718
0.093136
0.107078
-0.029287
-0.068941
0.002152
-0.109312
-0.034867
-0.203387
-0.085121
0.000317
-0.061434
-0.158012
-0.014167
-0.019492
-0.138870
-0.163824
0.076888
0.064931
0.110143
-0.020937
0.021000
0.184728
0.025292
0.034101
0.069086
-0.064270
-0.164816
0.148400
-0.078712
-0.388009
0.136940
0.161740
-0.314530
-0.125663
-0.041261
-0.110399
-0.029404
-0.084947
0.188321
-0.052792
-0.026630
0.103039
-0.055207
-0.114457
0.118569
0.055059
0.180066
0.304951
-0.136405
0.094063
0.117249
-0.200396
-0.231028
-0.203838
-0.087831
-0.020708
0.131212
-0.089336
-0.079560
-0.014819
-0.173926
-0.142290
-0.137341
-0.007796
0.055587
0.063611
-0.138917
0.204065
-0.011991
-0.119690
-0.019350
-0.092681
-0.005981
-0.005867
0.059372
0.041735
-0.182588
-0.277404
0.345455
0.318172
0.157601
-0.015807
-0.030845
0.091082
-0.220832
-0.126042
-0.078028
0.073557
0.064497
0.011296
-0.056170
0.015843
-0.045862
0.130662
0.026804
-0.108410
0.045128
-0.079578
-0.190309
-0.123067
-0.131169
-0.058778
-0.120572
-0.183526
0.023352
0.009457
0.062217
0.083029
0.006967
0.121900
-0.050983
-0.108914
0.199197
-0.014280
0.153010
0.127414
0.064737
-0.077688
-0.247324
0.006147
0.144057
0.020892
-0.051097
0.074994
0.226522
0.012934
0.010049
0.087681
-0.134807
0.151135
0.092881
-0.049418
0.064654
0.057339
0.029556
0.104021
0.088848
-0.038725
-0.040745
0.118352
0.107385
-0.148889
0.019319
-0.205932
0.255779
0.121321
-0.073117
0.064459
0.191360
0.116229
0.007799
-0.040084
0.340081
-0.088391
0.013175
-0.048868
0.038418
-0.117484
-0.076809
0.080285
0.027478
0.011888
-0.003809
0.202874
-0.057816
-0.079121
0.046105
0.179144
-0.031389
-0.056231
-0.188475
-0.005541
0.017775
0.026996
-0.144983
-0.200234
-0.104392
0.059595
-0.120897
-0.088258
0.039088
-0.068190
-0.146017
-0.052610
-0.135871
-0.069639
0.018014
-0.030079
-0.044744
0.057161
0.100878
0.127529
0.077035
0.123607
0.050140
0.078812
0.285204
0.137105
-0.070715
0.156762
0.143741
-0.025062
0.132291
-0.075122
-0.018610
0.009417
-0.230033
0.094579
-0.181564
-0.040218
-0.101511
-0.157702
-0.216261
-0.104932
0.036787
-0.094753
0.131871
-0.143719
-0.181823
0.018474
-0.019977
-0.203159
0.070102
-0.114483
-0.033530
-0.090169
0.048323
0.077407
-0.160523
-0.289410
-0.099469
-0.074321
-0.088664
-0.016801
-0.097149
-0.121647
-0.257649
0.115553
0.284670
-0.089712
-0.006926
0.070888
0.054208
0.096150
0.021321
0.024955
0.113602
-0.068592
0.041455
0.093609
0.044464
-0.072800
0.224504
-0.013534
-0.017593
0.040256
-0.063066
-0.113913
-0.111484
-0.317390
-0.344105
-0.064615
-0.075632
-0.007890
-0.052389
-0.079720
-0.022798
0.097760
0.036144
0.156129
0.083597
-0.046782
0.088670
-0.001587
0.021803
-0.012453
-0.000342
-0.001347
-0.126569
0.274112
0.148337
0.245616
-0.031551
0.151401
0.057896
0.037114
-0.207583
-0.066725
-0.105339
-0.062605
0.110527
-0.034723
-0.089032
0.183373
-0.007032
0.143951
0.051790
0.205983
0.059340
-0.031232
0.207706
0.034065
-0.019018
-0.138891
-0.100824
-0.048303
-0.012181
-0.244240
-0.012528
0.002513
0.050011
-0.186098
-0.180557
-0.091262
-0.001032
-0.037978
-0.118851
0.067414
-0.062669
-0.226690
0.041229
0.061499
0.119928
0.168119
0.119939
-0.024911
0.005142
-0.034524
-0.013131
0.006854
0.079949
-0.142562
-0.005495
-0.008228
0.069356
0.077785
-0.034229
-0.071064
0.090455
-0.011964
-0.105190
0.046862
-0.048724
-0.019847
0.068231
-0.113883
-0.052228
-0.095416
-0.122555
-0.083614
0.166602
-0.061296
-0.065195
0.065455
-0.070795
-0.085754
-0.041754
0.039380
0.070396
0.309260
0.104304
-0.051552
0.002278
0.100588
0.088677
-0.000069
-0.020469
-0.102621
-0.007020
-0.069753
0.131095
0.011407
0.142418
-0.180282
-0.154298
0.207169
-0.090725
0.111229
0.088310
0.020564
-0.075907
0.042793
0.044732
-0.157707
0.081035
-0.169740
-0.127902
0.095009
0.033111
-0.074955
-0.134903
-0.153016
-0.096950
0.003681
-0.167607
-0.178645
-0.004383
0.072430
0.131769
-0.152688
-0.200387
0.216017
-0.163110
-0.005639
0.227286
0.038144
-0.030794
-0.078218
-0.033220
-0.008498
-0.068466
-0.077183
0.204192
-0.080450
0.098238
-0.006792
-0.000344
0.115021
0.020932
-0.017227
-0.166067
-0.208140
0.010477
0.013314
0.248171
-0.076920
-0.223779
0.022342
-0.049131
0.129559
0.032400
-0.196919
0.156110
0.027778
-0.012476
-0.133549
-0.105389
-0.044956
0.021337
0.225941
-0.026129
0.073495
0.048717
0.082162
-0.089460
0.152360
-0.004840
-0.099435
-0.074716
-0.186469
-0.020718
-0.048112
-0.075936
0.122364
-0.135867
-0.010763
0.210330
0.113250
0.031272
-0.064812
-0.120964
-0.044300
-0.009528
-0.095513
-0.047548
-0.066321
0.001117
-0.061126
-0.132360
-0.207259
-0.069700
-0.076529
-0.048785
-0.186154
0.039689
-0.091323
0.076637
-0.084045
0.194063
0.138741
-0.006128
-0.056934
-0.059710
-0.083024
0.176807
-0.047854
0.061049
0.032029
0.040080
-0.008904
-0.053891
0.139905
-0.131968
0.093889
0.127012
0.052561
0.076673
-0.159188
0.151941
0.079085
-0.130702
-0.005744
0.045805
-0.025668
-0.082659
0.010881
-0.040821
-0.007689
0.041012
-0.033931
-0.166973
-0.181576
-0.067236
-0.014779
-0.222189
-0.254087
0.223746
0.133132
-0.205513
0.062700
0.074856
-0.145881
-0.025526
-0.034450
-0.145773
0.125785
0.064928
0.054640
0.188769
0.016445
-0.002500
0.169296
0.077979
0.104324
0.126344
0.197469
0.048553
-0.000555
0.064890
-0.021155
-0.302741
-0.145219
-0.035527
-0.186032
-0.007520
0.086872
-0.053175
0.062185
0.199512
0.255581
-0.068325
0.076754
-0.136398
0.009014
-0.013441
-0.182758
0.000710
-0.018735
0.000006
-0.106220
0.065735
0.030690
-0.090579
-0.068790
-0.047022
0.006374
-0.101236
-0.070521
-0.194624
0.041326
-0.267033
-0.237983
-0.108167
0.032709
-0.156113
0.066350
0.042792
-0.299948
-0.205445
0.120431
0.163381
0.153130
0.082932
0.151288
0.125139
-0.080136
0.004504
-0.095762
-0.040281
0.096995
-0.098975
-0.037740
-0.073633
-0.078156
0.097923
0.088287
0.052957
0.041513
0.153866
-0.004308
0.125265
-0.126143
0.131488
-0.070201
-0.181952
-0.159439
0.238832
0.125957
-0.065326
0.157706
0.046660
-0.142546
0.073480
-0.075992
0.074588
-0.012995
-0.196081
0.006064
-0.034022
0.013095
0.095603
-0.034265
0.076052
-0.086793
0.039256
-0.032048
-0.073282
0.068488
-0.013988
-0.117719
0.064403
0.059353
0.052538
-0.146104
-0.066942
-0.085012
-0.098369
-0.134409
-0.151979
-0.086032
-0.459968
-0.036566
0.205472
-0.184846
0.009682
-0.245196
-0.101347
0.055380
-0.061701
0.008559
0.039465
-0.180290
-0.140915
-0.000412
-0.139565
-0.032381
-0.053757
0.102413
0.059709
0.143587
0.071717
-0.045315
-0.089963
0.086032
-0.036154
-0.161704
0.157114
-0.069339
0.107088
0.000058
0.047176
-0.145902
0.010247
-0.090580
-0.129166
0.056159
0.046084
-0.110602
-0.059249
0.109527
0.174600
-0.155181
-0.094430
-0.072395
0.082870
-0.145668
0.229725
0.175137
-0.118798
0.047945
-0.052851
-0.070226
-0.050919
-0.040607
-0.145445
-0.037596
-0.147782
-0.177717
-0.118449
0.244717
0.065934
0.129372
0.040270
0.180336
-0.012338
-0.127113
-0.207273
0.048207
-0.046978
0.028818
0.162099
-0.103995
-0.055091
0.123050
-0.128376
-0.088378
0.087092
-0.060742
0.221307
0.161170
0.134080
0.024437
-0.085963
0.279540
0.215216
0.067853
0.073267
0.047950
0.118039
-0.028601
-0.234284
-0.024335
-0.027709
0.067359
-0.045793
-0.049055
-0.027305
-0.091341
0.099615
-0.071578
0.116631
-0.041269
-0.213933
0.009060
0.083557
0.277009
0.084448
0.033003
0.075742
0.027729
0.009385
-0.039028
-0.170226
0.035693
0.132693
-0.156268
0.023286
-0.059300
-0.032743
-0.137687
0.058143
0.004811
-0.192190
-0.024035
-0.005495
-0.089518
0.101853
0.119972
0.107227
-0.042564
0.148668
-0.042306
-0.107001
0.045412
-0.249219
-0.247917
0.021387
-0.144413
-0.191280
-0.057026
-0.213066
-0.205970
0.047503
-0.062242
0.218100
-0.081289
0.124043
-0.032299
-0.065317
-0.045908
-0.015511
-0.047090
-0.372760
-0.173185
0.006616
-0.075973
0.142382
0.236610
-0.041130
0.131391
0.021400
-0.084764
-0.140295
-0.071938
0.039682
-0.096669
0.042398
-0.224435
-0.151275
0.034074
-0.286532
-0.228526
0.053446
-0.053826
0.088531
0.064435
0.135549
-0.001140
-0.061465
-0.039607
-0.153660
0.056262
0.029718
0.081132
0.075656
0.066093
0.056952
-0.035590
0.075919
0.138244
0.037537
0.003920
0.006239
-0.074365
-0.074954
-0.078235
-0.101013
-0.144602
0.028825
0.070455
0.028956
0.000728
0.085584
0.110654
0.110011
0.192983
-0.167023
-0.125771
0.094784
-0.098988
-0.044359
0.072480
0.146982
0.135920
0.132615
0.050908
-0.192123
-0.211044
-0.075942
0.001189
0.026005
0.331919
0.066512
0.099544
-0.061612
-0.200227
0.126613
0.116142
0.037542
0.165920
0.053533
-0.078797
-0.043363
0.335899
0.122144
-0.090481
0.154758
-0.081222
-0.124037
0.049565
-0.107469
-0.158163
0.151360
0.191706
-0.096326
-0.053216
0.104042
-0.163518
-0.139784
-0.220640
0.015041
0.112728
0.030183
-0.034415
0.063844
0.123330
0.074087
-0.134103
-0.150727
-0.213513
0.026409
-0.064166
-0.035832
0.054573
-0.018217
0.104215
0.395227
-0.047374
0.176242
0.200702
0.022014
-0.142765
-0.035714
0.001501
-0.200290
-0.042866
-0.001209
-0.061362
0.121528
-0.087414
-0.042737
0.018801
-0.123923
-0.245407
0.188183
-0.153975
-0.024994
0.008522
-0.093997
-0.047388
-0.047999
-0.088350
-0.076943
-0.193006
-0.033895
-0.025438
0.169161
-0.045551
-0.047013
0.070237
-0.127947
-0.078137
-0.128088
-0.074993
0.036861
-0.023540
0.044026
-0.172129
0.197291
0.244218
-0.107718
0.146276
-0.033228
-0.046559
0.264343
0.003901
-0.087489
0.086184
-0.072159
-0.072692
0.124829
-0.020218
0.029047
-0.011206
0.098746
-0.223203
0.041185
0.029211
-0.118449
0.234414
0.021572
0.102388
-0.137091
-0.024206
-0.040187
0.022244
-0.033121
0.063686
-0.038820
0.091707
0.037429
0.003498
-0.056606
0.042577
0.079669
-0.095078
-0.150127
-0.038180
-0.052366
-0.066343
0.086554
0.048215
0.019251
0.064053
-0.102074
-0.064488
-0.094262
-0.213333
0.047550
-0.004827
-0.047058
0.092607
-0.167786
-0.194373
0.083165
-0.025733
0.140159
0.066766
-0.055733
0.113076
-0.069042
-0.122987
-0.170687
-0.002417
0.006295
0.073258
0.039527
0.072624
-0.026808
0.133398
-0.028247
0.048909
-0.135748
0.123406
0.066036
-0.182301
0.022536
-0.172312
-0.059453
0.173150
0.214736
0.114343
-0.042750
0.171301
0.003374
0.001989
0.078768
-0.197809
0.070917
-0.030058
-0.201123
-0.032498
-0.104508
-0.047540
0.050261
0.056198
-0.169480
0.120290
-0.125062
-0.269701
-0.043709
-0.073542
-0.015651
-0.001261
-0.168276
-0.013074
-0.100623
0.066890
0.304451
-0.050471
0.098541
0.127099
-0.105528
0.126280
0.146293
-0.126600
0.095187
-0.006790
-0.060521
0.041037
-0.053685
0.120564
0.008849
0.001894
-0.079583
0.031290
0.021298
0.080620
0.024474
0.042273
0.163829
0.105285
-0.166610
0.048070
0.097013
-0.133409
-0.133548
-0.122208
-0.061734
-0.027031
-0.102250
-0.033775
0.060231
0.147070
-0.105760
-0.070261
-0.107898
-0.224191
0.195512
0.151640
0.231801
0.080060
0.225347
0.092760
-0.027395
-0.029621
-0.166363
0.127346
0.156799
0.141400
-0.015402
0.080805
-0.017623
-0.206864
-0.094330
-0.177190
-0.005804
-0.073835
-0.122665
-0.048428
-0.117229
-0.034657
0.039743
-0.056281
-0.076455
0.110276
-0.103113
-0.105946
-0.229795
-0.204710
-0.002691
-0.105938
0.021246
-0.007153
0.000461
0.004733
-0.017007
-0.133144
0.062221
-0.149185
-0.074823
-0.028929
-0.070282
-0.208952
-0.219189
-0.182210
0.053874
0.158312
-0.077924
-0.009988
0.144968
-0.000804
0.024159
-0.022925
0.158985
0.059464
0.122060
0.168696
0.018808
-0.045329
0.012876
-0.057365
-0.123775
-0.054060
-0.091120
-0.189525
-0.201887
-0.240313
-0.184142
0.011567
-0.074400
-0.192608
0.055180
-0.131179
-0.047645
-0.045164
0.063001
0.263822
0.149534
-0.144835
0.075771
0.121727
0.121517
0.205578
-0.066731
-0.101061
-0.092584
-0.105578
-0.092421
0.072990
-0.054309
0.003143
-0.009443
0.066656
0.004482
-0.116718
-0.052621
0.070268
-0.074833
-0.070666
-0.203809
0.061009
0.006103
0.082626
-0.030164
0.079816
-0.110108
-0.015612
0.089467
0.035221
0.180409
-0.040825
0.209827
0.063513
-0.172560
0.052487
-0.043573
-0.121554
0.063176
0.163234
0.015169
-0.062631
-0.132120
0.041922
-0.059454
-0.224630
0.102008
-0.012396
-0.073892
0.069965
0.011656
0.003160
0.007878
0.116840
0.011650
0.103003
-0.104608
0.100641
0.059208
-0.150932
0.015137
-0.047325
0.219447
0.030527
0.043643
-0.076925
0.027214
-0.062687
0.115186
0.075205
0.172986
0.195006
-0.063280
0.082098
0.141113
0.043616
-0.189994
0.053496
0.065225
0.018245
-0.015984
-0.009977
0.014104
0.142074
0.125113
0.182863
-0.010031
-0.076886
0.026485
-0.171851
-0.191750
-0.047035
0.251214
0.128141
-0.106522
0.122829
0.036304
-0.167919
0.087623
0.039668
-0.004050
-0.080989
-0.006334
-0.058797
-0.038060
0.004847
0.007206
0.172469
-0.061472
-0.170581
0.122508
-0.189773
0.124315
0.092647
0.092975
0.042410
0.166616
-0.072555
0.127160
0.019402
-0.012428
-0.078918
0.062911
-0.031349
0.042786
-0.200841
-0.161085
0.049118
-0.155968
-0.160817
-0.116709
0.104098
0.023153
0.050679
0.115403
-0.076880
-0.072960
-0.025752
-0.164880
0.209105
-0.034698
-0.012294
0.083738
0.015122
-0.022568
0.013879
0.014303
0.170419
0.121020
0.119735
0.068085
-0.104989
-0.011537
-0.006439
-0.012864
-0.202613
-0.046667
-0.110526
-0.138982
-0.114838
-0.178937
-0.109275
-0.025059
0.023285
0.042175
-0.118243
0.150155
0.120095
-0.092822
0.046367
0.041800
0.017152
-0.108160
0.082641
-0.156531
-0.068608
-0.010720
-0.204576
0.075695
0.396836
0.340405
-0.163134
0.020424
0.090567
-0.092745
0.095050
0.088971
-0.001498
0.024411
-0.284135
-0.187026
0.072274
0.026642
-0.132007
-0.051974
-0.001753
-0.033587
-0.001409
-0.127894
-0.136706
0.020292
0.069118
0.242650
0.034990
0.071154
0.180338
-0.186945
-0.174799
-0.212210
-0.050185
0.088230
0.071309
0.061760
-0.015582
-0.053634
0.011086
-0.116721
0.090384
-0.143673
-0.073358
0.023410
-0.125426
-0.067843
-0.061584
0.021660
0.340316
-0.124475
-0.210803
-0.112067
0.029541
-0.229440
-0.166946
-0.018164
-0.098271
0.112059
0.217914
0.033587
0.123769
0.080454
0.145163
-0.002198
-0.068817
-0.091979
-0.110739
-0.173670
-0.042557
-0.145895
-0.007428
-0.077697
0.004347
0.032984
0.067260
-0.071317
0.143150
-0.389206
-0.094711
-0.036861
0.011802
-0.000421
0.041824
-0.084869
0.079243
0.110444
-0.068771
-0.072719
-0.029970
0.107754
-0.038908
-0.079265
0.096896
0.023670
-0.017435
0.014848
0.054348
-0.145470
-0.070928
-0.023396
-0.146096
-0.127659
0.396439
-0.028495
0.051903
0.256263
-0.040901
-0.050865
-0.058940
-0.108486
-0.052823
0.094333
0.015273
-0.121364
0.069530
0.054298
0.061250
0.017110
-0.072953
-0.080638
-0.003066
-0.038987
-0.295007
-0.180315
-0.066200
0.036102
0.028533
0.078774
0.184687
0.283807
0.025691
-0.076289
0.093959
-0.030601
-0.036367
-0.073291
-0.129304
-0.116684
-0.087481
0.002979
-0.080545
-0.000029
-0.012431
0.097255
0.043138
-0.024119
-0.028410
0.043194
0.258340
0.083172
-0.049009
0.017430
0.069772
0.063380
-0.067574
0.332351
0.154534
0.035724
-0.057914
-0.081836
-0.215463
-0.082157
-0.084783
-0.231037
-0.205208
-0.111339
-0.008621
0.043820
0.095286
-0.035300
-0.038281
0.098630
0.163284
0.236488
-0.057363
-0.058857
0.014480
-0.182037
0.019846
-0.125912
-0.054432
-0.175543
0.204097
0.045960
-0.050878
-0.166582
0.003142
-0.090703
-0.009967
-0.012745
0.185858
0.146085
0.122442
-0.029012
0.086947
-0.081511
-0.155038
0.117927
0.008668
-0.024503
-0.079422
-0.083469
0.027711
-0.111299
0.090295
0.040891
0.062332
0.050435
0.140161
-0.074723
-0.146625
0.052920
-0.004460
-0.103974
-0.009496
-0.024547
-0.056387
-0.034572
-0.039490
-0.148170
0.018996
-0.078283
-0.172761
-0.067847
0.103012
-0.007824
0.014913
0.157091
0.232893
-0.155878
-0.054196
-0.170399
-0.167215
-0.232350
-0.090492
-0.037843
0.027620
0.080611
0.073751
-0.198143
-0.239095
-0.125123
0.032125
0.016868
0.053268
0.148017
-0.247754
-0.066757
0.091288
-0.055454
-0.064459
0.078657
0.067390
0.055298
-0.138358
-0.121840
0.040162
-0.122511
0.030588
-0.105076
0.051820
0.096180
-0.005649
0.191446
-0.058088
0.137525
0.148652
-0.121844
-0.047220
-0.090804
-0.079060
0.101816
-0.162316
-0.132236
-0.073812
-0.119758
-0.148875
-0.215087
0.100016
0.098082
-0.023482
0.154874
0.335317
-0.141255
0.047037
0.114881
-0.143816
0.003506
-0.007402
-0.109340
-0.010626
-0.037923
0.077152
-0.146230
-0.131720
0.099180
-0.090138
-0.090019
0.042894
0.026373
-0.042509
0.008800
0.022984
0.105518
-0.119175
-0.068677
-0.020451
-0.137643
-0.092853
0.094227
0.029675
0.071712
0.137210
0.271694
0.123126
-0.036379
-0.057204
0.011012
-0.011370
-0.075442
-0.093290
-0.020451
0.023255
-0.069690
0.006887
0.025785
0.006287
-0.058972
0.131545
0.191059
0.149119
-0.033320
0.047606
0.049169
0.012891
0.050981
-0.092624
-0.030646
0.090971
0.022610
-0.028804
0.020455
0.054579
0.025122
-0.055212
-0.060520
-0.024101
-0.119966
-0.174674
-0.065596
0.078040
-0.008136
0.041501
-0.092481
-0.073738
-0.173198
0.025427
0.230860
-0.049223
0.002657
0.090588
-0.018755
0.000527
-0.293552
-0.011795
0.045713
0.156408
-0.194817
-0.004414
0.061587
0.014898
-0.176396
-0.225513
-0.186526
0.127993
0.122934
0.093806
0.192906
0.134209
0.160347
-0.266094
-0.205431
0.013559
-0.046377
0.034725
0.124408
0.010607
-0.041517
0.044570
-0.170810
-0.146514
-0.021179
-0.139228
-0.129565
-0.190620
-0.030171
0.060959
-0.044060
-0.216409
-0.304890
-0.117657
0.050066
0.080615
0.161532
-0.005635
0.121820
0.184778
-0.072331
0.234974
0.156082
-0.090518
0.043490
-0.141778
0.215298
-0.006221
-0.209864
-0.182172
-0.016771
-0.023425
-0.042563
-0.022838
-0.082259
-0.060013
0.002732
-0.003252
-0.151669
-0.015980
-0.116166
-0.098514
0.006420
-0.092109
0.160715
-0.021544
-0.029945
0.138093
0.125246
-0.199523
0.147334
0.199342
-0.093077
0.101395
0.176639
-0.093117
-0.065211
0.027411
0.012918
0.141937
0.124860
0.095453
-0.022843
0.008908
0.003089
0.168839
0.160606
-0.120451
-0.083075
-0.103547
0.042980
-0.102976
0.005537
-0.018281
-0.126265
-0.098179
-0.021910
-0.215198
-0.225025
-0.184720
-0.044923
0.013242
0.118457
0.114278
-0.006199
0.077813
-0.028295
-0.115095
-0.186501
-0.150574
-0.087440
0.027887
-0.113475
-0.007104
0.085486
-0.061959
-0.132017
0.034668
0.003644
-0.027497
0.112333
-0.004891
0.070349
-0.044404
-0.066449
0.033106
-0.053244
0.114075
0.100814
-0.019956
0.080202
0.088754
0.037083
0.019864
0.110407
-0.219775
-0.016563
-0.125271
-0.221645
0.048732
-0.091427
-0.113117
-0.194125
-0.103413
0.100296
0.048564
0.054871
0.189074
0.197811
-0.027206
-0.134574
0.038580
0.047706
-0.097399
-0.070662
-0.049820
-0.116395
-0.094669
0.155691
0.070414
-0.040833
0.056544
0.131812
-0.006665
-0.080076
0.018007
0.130308
0.031582
-0.215008
-0.319534
-0.165392
-0.069879
0.017839
0.041185
0.129879
0.006617
-0.148634
0.039029
0.008667
-0.025586
-0.042875
0.087947
0.127663
0.000227
0.133622
-0.027137
0.040458
-0.106605
-0.116177
-0.100026
-0.151782
-0.165632
-0.086133
0.037633
-0.162463
-0.029698
0.046314
0.124423
0.197078
0.073779
-0.003311
0.033565
-0.081950
-0.097031
-0.134579
0.131612
0.057098
-0.090872
-0.033053
-0.143935
-0.009034
0.106277
-0.071187
-0.179210
-0.142703
-0.073263
-0.009220
-0.128093
0.058734
0.149842
0.041921
0.066487
0.021989
-0.087563
-0.029938
-0.202324
-0.096543
-0.104305
0.109788
0.057365
-0.068987
-0.113412
0.061295
-0.001872
0.082962
-0.105609
0.123201
0.072846
0.066554
-0.135258
-0.004163
0.125868
-0.044272
-0.079207
-0.356401
-0.079712
-0.074010
-0.042453
0.109815
0.020543
0.020272
0.080449
0.086762
-0.009175
-0.004891
-0.023858
-0.023165
-0.071349
-0.129560
-0.037107
-0.101231
-0.074436
0.040852
0.071789
0.000368
-0.151393
-0.130065
-0.142376
-0.052973
0.089392
0.111230
0.098864
0.126940
0.004310
0.077332
0.163149
-0.002005
0.168698
0.150369
-0.105081
-0.085378
-0.137372
0.034562
0.273317
0.260097
-0.048591
0.089196
0.115603
0.086682
-0.132308
-0.179755
-0.185178
-0.010793
0.044799
0.021545
0.065349
0.063938
0.120322
-0.146073
-0.031637
0.044972
0.186626
0.021171
-0.137872
0.056321
0.050077
-0.027874
-0.049979
-0.215270
-0.145984
-0.150190
-0.097849
-0.117886
-0.043801
-0.080658
0.187666
0.150590
0.083975
0.053005
-0.212122
-0.058938
-0.008900
0.111547
0.064181
-0.001806
0.135971
0.142053
0.010835
0.043444
0.091836
0.140107
0.173994
-0.036605
-0.055061
-0.180383
-0.101166
0.030026
-0.032831
0.135213
0.001057
0.086187
0.149727
-0.002095
0.103123
0.057024
-0.117427
-0.108753
-0.025965
-0.140206
0.023149
-0.065949
-0.010731
-0.178247
-0.093441
0.072156
-0.088437
0.075090
0.001359
-0.086240
0.054485
0.002825
0.159802
0.027375
0.039264
-0.143843
-0.060147
0.068344
-0.167492
-0.210723
0.133696
0.103588
0.081676
-0.054567
-0.045499
0.095451
0.061142
-0.094930
0.055522
-0.066565
-0.029698
0.096234
-0.081759
0.078355
0.095703
0.022313
-0.062424
0.099018
-0.069984
-0.115174
0.019094
0.138556
-0.098601
-0.192071
0.054914
0.176623
0.153193
-0.012122
-0.208421
-0.229216
-0.101398
-0.294366
-0.213580
-0.076472
0.012005
0.063386
0.012719
0.102147
0.165875
-0.015811
0.111679
0.031165
-0.057202
-0.149721
-0.125843
-0.086004
-0.062263
-0.106019
0.074517
0.018714
-0.009912
-0.166401
-0.156170
-0.351497
-0.078956
-0.083986
-0.073036
0.030947
0.134773
-0.032700
0.083810
-0.008964
-0.168596
-0.097776
-0.043244
0.097589
0.070026
-0.061379
0.102046
0.017837
-0.136291
-0.022214
-0.100143
0.070773
0.111796
-0.004180
-0.109450
0.087634
0.002633
0.170890
0.250390
0.245685
-0.225054
-0.308987
-0.255321
-0.208700
-0.069404
0.059356
-0.030771
0.221047
0.014736
0.044066
0.136610
0.023608
-0.037117
-0.027789
0.032291
-0.043360
0.023494
-0.128817
0.186525
0.021764
-0.032774
-0.101694
-0.226519
-0.123860
-0.096975
-0.147788
0.039319
0.168207
0.043780
0.040987
-0.095742
-0.086035
0.005591
0.112840
0.125646
0.024487
0.123977
-0.020004
0.021011
-0.053732
-0.057922
-0.036407
-0.060420
-0.109701
-0.020063
-0.042055
0.012427
-0.034731
-0.142919
-0.164531
-0.131351
-0.118702
-0.052030
0.056899
0.038459
0.080184
0.097219
0.080061
-0.033597
-0.046140
-0.133816
-0.125761
-0.004456
-0.034644
-0.065004
0.079690
-0.355997
-0.108555
-0.133851
-0.155572
-0.032327
0.083840
-0.140182
-0.145731
-0.053487
-0.071030
0.103141
0.142887
-0.089764
0.026123
0.033734
-0.108219
-0.075185
0.107280
-0.210398
-0.015007
-0.010434
-0.008624
0.057145
0.005093
0.180019
0.169066
-0.111660
-0.064100
-0.122782
-0.035532
-0.047831
-0.206667
-0.047867
0.020115
-0.116076
0.160795
-0.220536
0.057684
0.074086
-0.012947
0.003002
0.033033
-0.160329
-0.167319
-0.023507
0.055097
0.079059
0.020004
-0.031246
-0.192999
0.105835
-0.084972
-0.204581
-0.018920
-0.073359
-0.076762
-0.189589
-0.097676
-0.162419
-0.079274
-0.067318
0.033258
-0.005822
-0.094727
-0.002460
0.034334
-0.163990
-0.090387
-0.006621
0.041452
0.177251
0.078621
0.047766
0.084293
0.079068
-0.108839
-0.037491
0.098985
-0.015108
0.039006
0.087701
0.077825
0.205583
0.013294
0.142447
0.155737
-0.107510
0.014932
0.100393
0.063741
-0.034165
-0.011020
-0.053695
0.045585
0.065158
0.036750
0.043362
0.019951
0.053895
-0.044231
-0.122436
0.050875
-0.133000
-0.090906
0.138626
-0.044515
-0.138211
0.030171
0.217327
0.287657
0.311857
-0.052007
-0.162907
-0.238334
-0.027549
-0.246054
-0.172691
0.137558
0.100853
0.140932
0.143209
0.220563
0.021372
-0.218127
-0.249524
-0.157526
-0.139900
-0.168374
-0.011250
-0.195293
-0.110754
0.033425
-0.029707
0.042341
-0.013179
-0.025031
-0.024980
-0.038143
-0.024600
-0.062536
-0.086132
0.111202
0.192133
0.093361
-0.026505
0.139511
-0.088117
0.078105
0.298117
0.120715
0.087875
0.058126
-0.073610
0.266599
0.484093
0.150757
0.143939
0.141658
0.033966
-0.034453
-0.079587
0.088794
0.121739
0.090006
-0.025372
-0.125180
0.008066
-0.006645
-0.019167
-0.044995
0.095700
-0.012670
0.046188
0.110148
0.200995
0.224696
0.145037
0.034273
-0.139037
-0.187881
-0.292451
-0.172440
-0.032534
0.046732
-0.078134
0.156548
0.184493
-0.008035
-0.023410
-0.120693
-0.061373
0.000349
-0.008650
-0.145631
-0.299384
0.012547
-0.045938
-0.014983
0.126370
-0.009372
-0.040074
-0.012688
-0.095881
0.002973
0.146098
0.082092
0.032187
0.180522
0.071057
0.078748
0.033297
0.056534
0.046111
0.049429
-0.021280
0.095936
-0.122341
-0.175894
-0.123280
0.196397
-0.015397
-0.019779
-0.121190
-0.106547
-0.092195
-0.047928
-0.118506
-0.179887
-0.010723
0.043031
0.011498
0.161397
0.222630
0.030808
-0.162529
0.166512
0.053674
0.162262
0.244267
0.010655
-0.178192
-0.167188
-0.116030
-0.230929
-0.091066
-0.141690
-0.136905
-0.080231
0.046668
0.333925
0.137560
-0.135545
-0.113549
-0.131372
-0.019062
-0.003825
-0.042533
-0.024450
0.022443
0.053293
-0.112814
-0.040750
-0.168759
-0.197853
-0.167506
-0.091743
-0.176058
0.062598
0.075521
-0.011347
0.027474
0.051720
-0.184504
-0.013806
-0.115057
-0.066456
0.228323
0.171453
0.206388
-0.128609
-0.143462
0.004892
-0.113308
-0.016863
0.005502
0.012377
-0.120083
0.040589
0.223859
0.205243
-0.104320
-0.026235
0.053076
-0.028056
0.012802
-0.119974
0.081824
-0.023116
0.034661
-0.042886
-0.085198
-0.081756
-0.096944
-0.047541
0.122797
-0.119726
-0.071023
0.175406
0.074415
-0.107958
-0.075711
-0.040617
0.043724
0.111163
-0.112660
-0.001532
-0.021134
-0.078396
0.138534
0.104414
-0.061393
0.234234
0.133168
0.022570
0.002318
0.195918
0.221544
-0.311800
-0.057964
-0.036777
-0.301068
-0.143295
-0.069744
0.067343
-0.010026
0.007654
0.057535
0.134516
0.031749
-0.260204
-0.157361
-0.005587
-0.056709
0.097081
-0.057593
-0.130931
0.003456
0.009577
-0.093944
-0.125094
0.088246
-0.129520
-0.045125
-0.302461
-0.060656
-0.102996
-0.050678
0.016343
0.042066
-0.218996
0.013244
0.055801
-0.079589
0.062291
0.162763
0.023528
0.168916
0.138261
0.021038
0.010974
0.048576
0.091374
-0.006935
-0.012269
-0.215798
-0.007004
0.268270
0.091573
-0.121439
-0.149478
-0.194530
-0.064009
-0.140461
-0.047062
0.032212
0.004844
0.188191
-0.005871
-0.168053
-0.009081
0.110087
-0.059716
0.054289
0.040643
-0.137491
0.077596
0.027722
0.041874
-0.087964
-0.069593
0.068685
0.201244
0.095135
0.116505
0.221349
-0.096814
-0.157563
-0.082712
0.119501
0.110313
0.180970
-0.091927
-0.082058
-0.028341
-0.107418
0.041945
0.183212
-0.310819
-0.088664
-0.074912
-0.126298
-0.098753
0.002976
-0.031702
0.004377
0.045976
-0.172484
-0.120904
-0.170940
0.126296
0.141784
0.076643
-0.064250
-0.099132
-0.056922
0.042552
0.302727
0.179274
0.223603
0.286737
-0.017540
-0.028410
-0.011237
-0.086216
0.172419
0.003403
-0.053762
0.203457
-0.134566
-0.193332
0.062684
-0.105398
-0.053715
-0.032466
-0.143752
-0.043716
0.212934
-0.007477
0.050865
-0.147383
-0.162454
-0.025873
-0.150259
-0.189309
-0.004179
0.097311
0.148720
0.110622
0.024989
0.135673
-0.019289
-0.048144
0.171572
0.105416
-0.123836
0.145196
0.085084
0.017940
0.020881
-0.095515
0.046314
0.049627
-0.081428
0.128974
0.118993
-0.020397
0.080494
0.031567
-0.124678
0.113754
-0.034452
0.108551
0.036770
0.020847
0.042676
-0.009977
-0.139207
-0.118401
-0.124965
0.021714
-0.050784
0.106947
-0.079255
0.107133
-0.033219
-0.246113
-0.003057
0.090983
-0.024828
-0.016741
0.120891
-0.250020
-0.215103
-0.050753
-0.070143
0.031188
-0.010016
-0.215249
-0.101354
0.098999
-0.253403
0.012392
-0.049722
0.022089
0.238182
-0.095362
-0.056245
0.166255
-0.039274
-0.219080
0.098299
-0.056109
-0.105547
-0.119372
0.056667
-0.004024
-0.022011
0.253424
0.017828
0.033540
-0.020947
0.110591
0.136355
0.061273
0.183243
0.069595
-0.077727
-0.019901
-0.099380
-0.071164
0.010266
-0.136045
-0.311432
-0.231213
-0.009585
-0.139319
0.284130
0.209211
-0.077281
-0.125185
-0.153213
0.170523
-0.266098
-0.275100
0.201859
-0.233800
-0.032741
0.001294
-0.023247
0.060846
-0.034105
-0.027368
-0.070672
0.019336
-0.037155
0.014472
-0.044070
0.199131
0.312968
-0.233668
-0.058318
0.201984
-0.065498
-0.162098
-0.017908
0.026811
-0.108359
0.100960
0.003287
-0.140841
0.049318
0.211633
0.072269
-0.170696
-0.047951
0.145636
0.104070
-0.123989
-0.105273
-0.125728
-0.039844
-0.013978
0.080790
-0.055755
-0.168635
-0.046330
-0.089965
-0.279567
-0.318022
-0.038594
0.145365
-0.003288
-0.035643
-0.179431
-0.040150
0.011922
-0.307283
0.022384
-0.010400
-0.284400
-0.181195
0.061146
0.188158
0.133249
0.036628
0.047960
0.065587
0.010924
0.123674
-0.096128
-0.241023
-0.015236
0.050039
-0.143577
-0.101807
-0.120386
0.086459
0.120725
0.010777
-0.036574
0.088361
0.308505
-0.035177
0.121731
0.258511
-0.141859
-0.097086
0.080696
0.215706
0.050710
0.042037
0.036384
0.140821
0.229277
0.034028
0.113217
0.051852
-0.049941
0.077205
-0.051453
0.061076
0.090407
-0.046420
0.051588
-0.048531
-0.166510
0.046314
-0.010063
0.026733
0.011818
0.166907
0.026543
-0.147217
-0.074125
0.065606
-0.068405
0.067583
0.188036
0.070581
-0.001362
0.024668
0.075836
0.179957
0.055751
-0.165468
-0.182061
-0.006140
-0.025067
0.096513
0.114789
-0.127240
-0.099297
0.013524
-0.093596
-0.019299
-0.119066
0.039787
0.010388
-0.025643
-0.336597
-0.153438
-0.175168
0.021459
0.140384
0.135445
-0.032225
-0.066265
0.048543
0.083160
0.129705
-0.000857
0.170518
0.219515
0.204773
-0.178003
-0.038370
0.057802
0.014260
0.137176
0.086425
-0.021759
0.039675
0.082625
0.129497
0.149414
0.085444
0.092306
-0.131751
-0.050635
0.056961
0.287350
0.147191
0.045248
0.163187
0.097203
-0.092641
-0.045751
-0.010352
-0.111880
-0.069860
0.038574
-0.164773
-0.165456
-0.030369
0.145390
-0.036398
0.056268
-0.045429
-0.077891
0.040828
-0.001458
-0.031894
-0.158186
0.000007
-0.078822
-0.096519
0.070310
0.116289
-0.103124
-0.073256
0.053458
-0.054982
0.109942
0.136834
-0.017573
-0.204387
-0.191014
-0.005230
-0.137544
-0.072641
-0.043574
0.016769
0.035576
0.212569
-0.031348
0.075921
0.168235
-0.013695
-0.051167
-0.006732
0.191301
0.004380
0.092574
-0.011009
0.049117
0.008140
0.123159
-0.017536
0.174155
0.162396
-0.068984
-0.015673
0.067388
0.039475
-0.046916
-0.056823
-0.092140
-0.045096
-0.081973
-0.029328
0.121239
-0.003275
-0.070957
-0.010108
0.040168
0.015994
0.019902
0.126460
-0.000158
0.097372
-0.005598
-0.098776
-0.234416
0.019809
-0.080138
-0.022752
-0.025192
-0.191317
-0.117778
-0.141521
0.071551
-0.077224
0.072245
0.141066
0.050115
-0.181156
0.036368
-0.038209
-0.155041
0.051413
0.098561
-0.029671
0.102077
0.097443
0.107699
0.102181
-0.045940
0.037903
-0.076794
0.112088
0.166864
0.152159
0.043325
-0.030469
-0.047328
0.063318
0.158312
0.014715
-0.026709
-0.029570
0.082293
-0.063104
-0.025255
0.006561
-0.061965
-0.025028
-0.137320
-0.143196
0.058289
0.009054
0.102430
0.104550
0.247772
0.267699
0.117170
-0.108056
0.021461
0.124616
0.002643
0.084905
0.007257
0.031338
0.024507
-0.015777
-0.071530
0.005211
0.064831
0.018780
-0.042401
0.045872
-0.135736
-0.162479
0.014685
-0.182893
-0.129197
-0.013470
0.011101
0.119131
0.035229
0.037529
0.042420
0.163331
-0.005442
-0.027057
-0.144535
-0.084828
-0.241730
-0.150761
-0.116561
-0.018021
-0.202724
0.004047
0.019259
0.074914
0.004564
0.080040
0.075309
-0.008050
0.002933
0.064419
0.127999
0.026169
-0.008953
0.073894
-0.102757
0.003724
0.107224
0.143738
0.059242
-0.019586
0.122142
0.176901
0.179982
0.143983
0.035380
0.025118
0.184343
-0.049835
-0.012751
-0.156718
-0.156218
-0.034748
0.132927
-0.025590
-0.072600
-0.019022
0.043618
0.104589
-0.031565
-0.098285
0.062551
0.109969
0.113111
-0.010664
-0.131562
0.160483
0.061754
-0.038671
-0.187228
-0.059972
-0.225700
-0.051100
0.022727
-0.200611
-0.079068
-0.079973
-0.004603
-0.019121
-0.303850
-0.181167
0.088586
0.030703
-0.064415
-0.138139
0.174115
0.180663
-0.027097
0.070467
-0.035204
-0.127977
-0.119892
-0.082614
0.087651
-0.071957
0.077375
0.162744
0.076767
0.232947
-0.007175
-0.297973
-0.218239
0.110836
0.076752
0.040437
0.060169
-0.012908
-0.014965
-0.084024
-0.198167
-0.251649
-0.003442
0.023026
0.116948
-0.010205
0.050547
0.080839
0.040724
0.008655
0.019947
0.203805
-0.016776
-0.231768
0.120906
-0.153326
-0.116086
0.083325
-0.098275
-0.005751
-0.194876
-0.188552
-0.101813
-0.046121
-0.357778
-0.261391
0.015020
-0.211300
-0.167357
0.054392
-0.201885
-0.068628
0.063199
-0.112739
-0.024152
-0.007600
-0.012309
-0.039436
-0.202950
-0.184166
0.100611
0.059394
0.134113
0.074392
-0.225520
-0.018462
-0.085127
0.057340
-0.009927
0.022952
-0.024869
-0.073358
-0.041838
-0.066889
-0.147005
-0.019216
0.014243
-0.064916
-0.133442
-0.056850
0.219805
0.011139
-0.018860
0.109151
-0.042120
0.046585
0.050589
-0.084467
0.009546
-0.221730
-0.136511
0.045458
-0.177122
-0.115383
0.089377
0.108692
0.014147
0.042375
-0.046618
-0.013918
0.042268
-0.150721
0.145651
0.083668
-0.047999
-0.080179
-0.121334
-0.016143
0.103067
-0.240560
-0.128729
0.211546
-0.103309
0.002137
-0.044505
-0.255633
0.168452
0.283719
0.085650
-0.168290
-0.130620
-0.058098
-0.183690
0.055527
-0.063325
-0.278236
-0.091056
0.130621
0.049944
0.101024
0.054953
0.174826
0.197395
0.067828
-0.088373
-0.099879
0.075327
-0.005824
-0.032244
0.007344
-0.117286
-0.042632
-0.032654
-0.023789
-0.098090
-0.180393
-0.092327
-0.033065
-0.025563
-0.022806
-0.095715
-0.151124
0.104774
-0.001970
0.060080
0.073471
-0.103509
-0.058451
-0.222859
-0.149745
-0.008529
0.067383
0.123249
-0.150979
-0.090502
0.088801
-0.148859
-0.152009
-0.132792
-0.284469
0.152283
0.050808
-0.138986
0.085316
0.100488
0.009968
-0.013177
-0.014630
-0.217674
-0.291867
-0.170858
-0.078884
0.080690
-0.040834
-0.004838
-0.186770
-0.088669
-0.111670
0.068206
-0.044199
0.005249
0.019868
-0.064418
-0.124842
-0.269240
-0.075201
0.076567
0.029887
-0.045410
0.143087
0.058718
0.062703
0.039269
-0.135204
-0.086303
0.084674
-0.017187
-0.012787
0.036671
0.162793
-0.026265
-0.023051
0.274728
0.153483
-0.070800
-0.114389
-0.091105
0.026822
-0.024042
-0.087062
-0.147563
-0.098532
-0.008975
-0.102043
0.282817
0.264713
-0.078410
-0.021804
0.112429
-0.066685
0.030571
0.039208
-0.093902
-0.098825
-0.126692
-0.144978
-0.080163
-0.056760
-0.085303
-0.105491
-0.228933
-0.084546
-0.365851
-0.182181
0.153200
0.061169
0.119136
0.111183
0.034882
0.054561
-0.055039
-0.195450
-0.111528
-0.002285
0.065107
0.181911
-0.092194
0.094370
0.170604
0.021613
0.183839
0.093642
-0.047250
0.085081
-0.027865
-0.179215
-0.017117
-0.133696
0.044669
-0.099507
-0.020212
-0.195119
-0.023836
0.060661
0.044425
0.142252
-0.005997
-0.159295
-0.068437
-0.138680
0.197854
0.201017
-0.094394
0.173273
0.105781
0.040056
-0.112611
0.021199
-0.149805
0.040504
-0.021815
-0.039778
-0.085002
0.016225
0.135595
-0.038821
0.106750
-0.067873
-0.068919
-0.065987
-0.115669
-0.253551
-0.106204
-0.002106
0.201952
0.210885
0.169147
-0.034984
0.117805
0.096837
-0.002426
-0.121794
0.063468
-0.197221
-0.339113
-0.106406
-0.047989
-0.219444
-0.088365
-0.007540
-0.059005
-0.005967
-0.065442
-0.141181
-0.063512
-0.056195
0.086682
0.094823
-0.055702
-0.140669
0.046681
0.040936
0.113438
-0.034527
-0.001703
-0.054802
0.185859
0.020745
-0.070115
-0.039609
0.097893
0.158280
-0.016003
-0.046899
0.022844
0.010596
-0.023925
0.148752
0.223175
-0.108925
0.033516
0.095946
-0.080078
-0.004497
-0.002593
0.088076
-0.063792
-0.048857
0.002313
-0.056379
-0.108453
0.274362
0.101135
0.121235
-0.018897
0.042510
-0.116285
-0.036313
-0.191789
-0.001659
0.219305
0.097224
0.087361
0.162707
-0.071105
-0.009273
0.015869
0.113141
-0.010488
0.050628
0.053314
0.092153
0.129123
0.083491
0.191649
-0.119007
-0.115438
-0.128710
-0.002069
-0.239298
-0.158743
0.252083
0.041498
-0.146846
0.171081
0.036035
-0.184924
-0.051860
-0.039221
0.103290
-0.101350
0.070870
0.019265
-0.019435
0.231929
0.037261
0.022505
0.098763
-0.028273
0.174299
-0.057623
0.027732
0.003240
-0.271121
-0.075811
-0.038164
-0.137484
-0.026293
-0.084246
-0.106299
0.045354
0.045850
-0.123926
-0.107033
-0.054747
-0.096034
-0.042516
0.056322
0.018473
-0.030857
0.015922
0.032441
0.050458
-0.052649
0.093718
-0.004993
0.070661
-0.093277
0.162401
0.106970
-0.139261
-0.035452
0.024649
-0.041505
0.123267
0.005220
0.034278
0.111403
-0.086061
-0.210502
0.068829
-0.113996
-0.088516
-0.107399
-0.076275
-0.016533
0.010209
-0.119626
0.068722
0.056211
-0.076852
0.120766
0.098879
0.118663
0.001110
-0.064226
0.061907
0.190048
-0.089206
0.045465
0.060160
0.087212
-0.120280
-0.185058
-0.092899
-0.041849
0.226080
0.212063
-0.034976
0.272073
0.244695
0.101260
0.056852
-0.018898
-0.121132
-0.097510
-0.003816
-0.071572
0.166215
0.102278
0.165661
0.002205
-0.024308
-0.009859
-0.116481
0.059129
0.000534
-0.045182
0.158387
-0.021494
-0.103278
-0.115184
-0.076259
-0.050901
0.062264
0.038208
0.069133
-0.048241
-0.197906
-0.072389
-0.068286
-0.031306
0.044161
0.047211
0.083405
0.090090
0.170059
0.165514
0.056432
0.005952
0.053870
0.057213
-0.264255
-0.094104
-0.030143
0.035569
0.124055
0.013028
0.144387
0.026780
0.056600
-0.068837
-0.085566
0.000529
0.042681
-0.092845
0.184956
-0.053811
-0.161961
0.026207
0.075678
-0.175580
0.025644
0.040483
0.008972
-0.021251
-0.077412
-0.157225
-0.087003
0.184076
0.123117
-0.018432
-0.056182
-0.132381
-0.007631
0.043163
-0.072340
-0.006336
0.175711
-0.089250
-0.070091
-0.018194
0.008751
0.074836
-0.085968
0.205675
-0.046621
-0.090812
0.052434
-0.086049
-0.036858
0.163322
0.188879
0.264785
-0.085926
-0.342799
-0.133936
-0.077286
-0.135393
-0.051204
-0.110076
0.197810
-0.060549
0.017770
0.015555
-0.002013
0.144968
-0.170846
-0.009798
0.231379
-0.012343
-0.106165
-0.120093
-0.136162
-0.167728
-0.152757
-0.161081
0.134672
-0.068128
0.004161
0.029015
0.123769
-0.209840
-0.105568
0.113492
-0.149206
0.103619
0.026569
-0.087655
0.031279
0.001591
0.020502
-0.008937
0.069511
0.032627
-0.217016
-0.004163
0.041759
-0.061126
-0.170723
-0.205721
-0.233509
-0.154435
0.088004
-0.007304
0.049184
0.077672
-0.087093
-0.122031
0.130556
0.113963
-0.020890
0.138366
-0.056024
0.192451
0.010227
-0.005314
-0.027722
-0.383037
-0.265940
-0.042429
-0.022785
-0.089871
-0.034136
0.122512
0.207709
0.008753
0.018406
-0.077455
0.064789
0.058884
0.073063
0.076592
0.137186
-0.077299
0.143520
0.136001
0.041530
-0.102482
-0.122891
0.250037
-0.015303
0.086446
-0.007740
-0.146999
-0.176921
-0.106262
0.029430
-0.105126
0.024041
-0.018181
-0.224193
-0.088164
0.057852
0.095378
0.099626
0.083825
0.197748
0.116412
-0.189698
0.080436
0.090423
-0.035246
0.251587
0.120538
-0.018300
0.219895
-0.058037
-0.084525
0.098250
0.172256
0.006342
0.150435
0.175280
0.006435
0.017665
-0.053675
-0.131172
0.133372
0.173426
0.095250
0.282172
0.004489
-0.025835
-0.191370
-0.054207
-0.169223
-0.075171
0.110113
-0.020076
-0.109156
-0.064864
0.022175
-0.073534
-0.188144
-0.305404
-0.198044
-0.148057
-0.239571
-0.069574
-0.148485
0.163379
0.234434
-0.027419
-0.037845
-0.092865
0.053802
0.181655
0.201421
-0.013375
-0.185548
-0.118413
0.007918
-0.094606
-0.011141
-0.023554
-0.150507
0.065504
0.187079
-0.024952
0.188813
0.086358
0.032314
0.064600
-0.046979
0.043270
-0.162319
-0.097445
0.026106
-0.181703
-0.169397
-0.217850
-0.086481
-0.025953
-0.025331
0.126185
0.041637
0.166133
0.132322
-0.035432
-0.159645
-0.144191
0.027723
-0.035399
-0.094950
0.100125
0.015688
-0.192991
0.064710
0.116417
0.084619
0.059848
0.088174
-0.123116
-0.027624
-0.103469
0.007127
0.041942
-0.086422
0.062399
0.137145
0.115106
0.004055
-0.038596
0.151297
0.001221
0.020150
-0.081051
-0.107590
-0.001038
-0.002782
-0.428529
-0.236480
0.169254
-0.064930
-0.041449
-0.034645
0.171658
0.171930
-0.007289
-0.002833
0.100046
0.001797
-0.382460
-0.082467
-0.119133
-0.113670
-0.143220
0.023416
-0.093521
-0.093483
0.132182
-0.037591
0.046464
0.024754
0.069310
-0.044497
-0.174754
-0.164845
-0.101825
0.041882
0.077950
0.008902
0.059576
-0.009783
-0.001460
0.006098
0.084091
-0.054981
-0.035084
0.104686
0.097895
-0.096934
-0.044090
-0.063943
-0.063595
-0.126233
-0.176102
0.132802
-0.008467
-0.148287
0.033388
0.205423
0.075951
-0.048771
-0.009835
-0.198591
0.077757
-0.064493
0.022656
-0.207055
-0.174158
-0.119632
-0.028773
0.020447
0.010662
-0.002478
-0.022734
0.119722
0.011924
0.023385
-0.131847
0.003338
0.005073
0.018039
0.020229
-0.045749
0.005210
0.126589
0.087667
0.175656
-0.003041
-0.244395
-0.204009
-0.181311
-0.087955
-0.047440
0.049815
0.072583
-0.012307
0.134438
0.020124
-0.094673
-0.215577
-0.049376
-0.092323
-0.055849
0.030664
0.183515
-0.179344
-0.108921
0.116284
-0.152981
-0.065017
0.073160
0.081204
-0.192871
-0.167862
-0.094013
-0.091237
-0.007668
-0.104001
0.098295
0.110777
0.014899
0.113731
-0.014601
0.069123
0.135887
-0.018180
-0.075411
0.127490
0.046371
0.066353
0.279119
0.060668
-0.042833
-0.088947
-0.195758
0.052177
0.025954
0.036364
-0.083148
-0.002094
0.157207
-0.012596
-0.071945
0.066154
-0.008180
-0.042433
-0.110736
0.091094
0.039891
0.121812
0.160011
-0.047188
0.065667
-0.041419
-0.313326
-0.053779
-0.118969
-0.070015
-0.143868
0.061913
-0.174500
0.024706
0.201029
0.054916
0.003160
0.150239
0.095521
-0.096772
0.103038
0.072923
-0.283301
0.064265
-0.041917
0.009373
-0.122801
0.058551
0.011350
-0.058167
-0.113347
0.037832
0.083433
-0.064351
0.022527
0.116963
0.101318
-0.050741
0.018018
0.151316
0.073998
0.025173
0.081479
-0.023203
0.280662
0.145200
0.075068
-0.017792
-0.175788
-0.118839
-0.250850
0.130396
0.238626
-0.109768
-0.086934
-0.080767
0.025981
0.055000
-0.027936
-0.050206
0.016984
-0.032397
0.094296
0.126912
0.002841
0.106594
0.111842
0.086659
-0.327200
-0.090625
-0.161557
-0.169203
-0.085814
0.128316
0.039573
0.097815
0.073755
0.021931
0.030090
0.016278
0.017796
-0.176024
0.005539
-0.035598
-0.099188
0.022145
-0.014261
0.043726
0.016927
-0.183651
-0.014911
0.080563
-0.098277
0.083706
0.159340
0.041314
0.070275
0.097595
0.017782
0.062843
0.025593
0.098626
-0.010147
-0.106665
0.020495
-0.138296
0.030608
0.152139
0.038655
-0.150309
-0.028608
-0.000594
-0.294326
0.021931
0.202458
0.183082
0.162296
0.102823
0.100515
-0.059632
0.069203
0.049374
-0.117086
0.169198
-0.054300
0.125860
0.110882
-0.025756
0.101781
-0.183959
-0.270605
-0.285771
0.003176
0.102025
0.107073
0.111745
-0.082939
0.050156
0.113921
-0.038061
-0.148425
-0.122175
-0.115218
0.103150
0.106256
-0.036416
-0.058748
-0.012165
-0.163320
0.127189
0.007009
-0.196284
-0.045806
-0.053244
-0.002129
-0.065140
-0.062436
-0.182209
0.045699
-0.046485
-0.108019
0.069540
0.057514
-0.004824
0.250318
0.108656
-0.061550
-0.273722
-0.114321
0.053140
0.120043
-0.052444
-0.032339
0.119506
0.081165
-0.076634
-0.214856
-0.166961
-0.218327
-0.047809
-0.033319
-0.074383
-0.068682
-0.070661
0.037991
0.184942
0.142738
-0.029904
0.000387
-0.209923
-0.048070
0.352498
0.125932
0.028867
0.048768
-0.104710
-0.049712
-0.157558
-0.014283
-0.063875
-0.219016
0.075950
0.184439
0.200916
0.207203
0.211601
-0.050909
-0.118147
0.105083
-0.064510
-0.188008
0.044373
0.239320
-0.032515
0.119579
-0.200410
0.133841
0.175989
0.139524
0.132174
0.115451
-0.221362
-0.116082
-0.063711
-0.148601
0.067154
-0.027060
0.007415
0.049031
-0.029349
0.100708
-0.136594
-0.043757
-0.170568
-0.095963
-0.043369
0.044008
-0.100142
-0.167583
-0.103706
0.020112
0.016547
0.078507
0.195528
-0.048020
0.005308
-0.097532
-0.079350
-0.050826
-0.211261
0.053637
0.049685
-0.034653
-0.072843
-0.104624
-0.381722
-0.014497
0.037295
-0.104480
0.093776
0.029782
0.124853
0.036879
-0.128670
-0.133215
-0.181425
-0.125731
0.070424
-0.071538
0.098830
0.016600
0.062560
0.121996
0.106206
-0.016205
-0.184098
-0.020960
0.041471
-0.105227
-0.234694
0.105672
0.019623
0.027212
-0.002362
-0.136966
-0.365147
-0.176670
0.021019
0.031930
-0.015669
-0.097941
-0.043230
-0.029740
0.216917
-0.090394
-0.182369
0.033414
0.028001
-0.016862
-0.073028
0.138190
0.050307
0.000774
0.192225
0.152873
0.109847
0.013773
0.006922
0.001045
-0.159177
0.033664
-0.073415
0.062044
-0.000882
0.127900
0.081681
-0.062892
-0.102912
-0.161312
0.221506
-0.086477
-0.116714
0.035294
0.020215
0.025105
-0.089218
-0.083413
0.073090
0.056400
0.038268
-0.326242
-0.125872
0.009740
0.043234
0.080967
0.015581
0.059455
0.053674
0.018575
0.086788
-0.218110
-0.042992
-0.061163
-0.023718
-0.102144
-0.056647
-0.136025
0.122789
0.120873
-0.029025
-0.195104
-0.100400
0.001635
-0.230972
-0.068770
0.062821
-0.060830
-0.049653
0.050395
-0.076047
-0.100952
-0.129588
-0.119653
-0.230041
0.067842
-0.072169
-0.048919
0.050031
-0.043044
0.081904
0.004492
0.084786
0.082725
-0.026382
0.057611
0.096875
0.041955
-0.022157
0.093722
-0.139708
-0.052357
-0.099200
-0.058254
-0.059124
-0.126283
-0.004990
-0.182650
-0.221270
0.030051
-0.050027
-0.124910
0.098396
-0.096741
-0.198737
-0.128677
-0.022996
-0.179609
-0.108017
-0.208386
-0.053302
-0.052190
-0.037498
0.204275
0.068273
-0.078463
-0.087214
-0.060134
-0.029800
0.039860
0.001835
0.081729
0.182480
0.074642
0.106771
0.071177
0.107592
-0.106147
-0.037508
0.012154
-0.045100
0.204474
0.180575
-0.285927
-0.234260
-0.100783
-0.137442
0.116306
0.061948
0.246800
0.186389
0.097515
-0.034684
0.047940
0.146433
-0.108610
-0.273165
-0.004896
-0.315292
-0.168815
0.043896
-0.119875
0.059471
0.156728
0.074861
0.105038
0.160979
-0.107068
-0.331745
-0.061001
0.074354
0.152151
0.003034
-0.188803
-0.183070
-0.029708
-0.153601
0.172105
0.032317
0.071330
-0.107849
-0.215280
0.125079
0.022611
0.060924
0.028020
0.008376
-0.106061
0.043583
0.166557
-0.010149
-0.074160
-0.260808
-0.146627
-0.003387
0.219871
0.237584
0.132190
0.044650
0.013874
-0.011237
0.048412
0.057772
-0.132379
0.201966
0.054278
0.125555
0.132080
-0.150091
0.144318
0.092272
-0.076595
0.013082
0.118748
-0.089691
-0.077491
-0.114208
-0.010338
-0.193218
-0.110468
-0.007798
-0.003724
0.028860
0.031117
0.002697
-0.006968
0.037416
-0.066467
-0.101027
-0.100171
0.000417
-0.162636
-0.169701
-0.013712
0.246440
0.260819
-0.029431
0.150066
0.009024
-0.277603
-0.049352
0.092084
0.037764
-0.055487
-0.043226
0.040500
0.096467
-0.020508
-0.198666
-0.193859
-0.038553
-0.092058
0.071639
0.047557
-0.101534
0.076154
-0.024504
0.030016
0.156344
-0.148056
0.092051
0.138318
0.082102
0.033882
0.056136
0.089945
-0.120300
0.134012
0.058938
0.044134
0.066614
-0.028589
0.162420
0.292046
0.040160
0.018389
0.161198
-0.057907
0.112979
0.181213
-0.033232
0.118397
0.259436
0.017859
-0.091492
0.094407
0.000514
0.125717
0.169506
-0.078589
-0.049745
0.103792
0.119988
0.137671
0.030992
0.040571
-0.201826
-0.003311
0.249524
0.078022
0.219210
0.191175
-0.066665
-0.112087
-0.096622
0.117439
-0.089805
0.123067
0.060988
-0.148520
0.129783
0.080657
0.010164
-0.002466
0.126597
0.097187
0.073060
-0.119905
-0.135149
-0.149953
0.059175
-0.014445
-0.124572
0.032155
0.019436
-0.058439
-0.038105
-0.184725
0.022943
0.048493
-0.012391
-0.039069
0.163578
0.007090
0.057291
0.048855
-0.017090
-0.100589
-0.105819
0.066346
0.138384
-0.155269
-0.020937
0.044071
0.192329
0.179081
-0.031312
-0.134630
-0.076935
-0.103053
-0.006173
0.060321
-0.123009
-0.000562
-0.243823
-0.074301
0.120590
0.022635
0.076252
-0.045973
0.030552
0.019909
0.074567
0.117141
-0.069112
0.003961
0.040985
0.018801
0.051066
0.014703
-0.123459
-0.129284
-0.014225
0.177879
0.290509
-0.015987
0.139307
-0.051430
0.071031
0.106083
-0.121504
-0.036387
0.073830
-0.092819
0.020384
0.010409
-0.067021
0.122641
0.124260
-0.157642
-0.157440
-0.024430
-0.005455
0.032035
0.120368
-0.097429
0.021575
0.042869
-0.223156
-0.101386
0.243887
-0.059112
-0.118171
0.148796
0.079849
0.133911
0.168293
-0.083588
-0.083601
0.011067
-0.025281
0.001252
-0.024684
0.102402
0.073478
0.127482
-0.005438
0.104226
0.023251
-0.109936
0.063831
-0.051943
-0.122966
-0.063843
0.131846
-0.060341
-0.113510
0.046093
-0.136119
-0.138382
-0.061620
0.104772
-0.201216
-0.194539
-0.078618
-0.163556
-0.021067
0.083491
0.026503
0.093975
0.032023
-0.183041
-0.081866
0.012078
-0.019283
0.071945
0.250983
-0.068572
-0.001675
-0.154663
0.094485
-0.000435
-0.043991
0.063162
-0.168872
-0.195951
-0.045300
-0.147423
0.043991
0.119974
0.023335
0.253120
-0.119941
-0.232841
0.100403
0.065163
-0.073446
0.012566
-0.144839
0.023149
-0.027985
-0.249395
-0.146600
0.190484
-0.074173
0.014142
-0.145758
-0.026451
0.052523
-0.228522
0.058989
-0.102147
-0.009606
0.131443
0.046806
0.046030
0.162068
-0.047708
-0.185596
-0.193528
-0.004709
0.005379
-0.117411
-0.083154
0.008458
0.038184
-0.022910
0.050522
0.008956
0.101824
0.247974
0.003379
-0.071754
-0.056792
0.091904
0.085007
-0.180854
0.011363
0.157602
-0.233074
-0.098301
0.254903
0.210965
-0.052875
0.094457
0.398873
0.156733
-0.136659
0.202210
0.079774
-0.280478
-0.112770
0.108275
0.077806
-0.084568
0.035649
0.156331
-0.153974
-0.095159
0.050844
-0.038583
-0.045330
0.059001
0.159108
-0.043026
0.069561
0.003029
0.025090
-0.155969
0.026886
0.046474
-0.005670
-0.113627
0.234725
0.035936
-0.198897
0.141973
0.268851
-0.117145
-0.057821
-0.045615
-0.099425
-0.167403
0.037243
-0.247530
0.014510
-0.081424
-0.026166
-0.101215
0.080346
-0.006247
0.045958
-0.028692
-0.197805
0.042716
-0.105045
0.050984
0.090004
0.059365
-0.063752
0.163114
0.085823
-0.087372
-0.149795
0.004140
0.094297
0.063428
-0.045949
0.021561
0.062186
-0.043761
0.074670
-0.071155
-0.024126
0.049709
0.063604
0.055425
0.091278
0.184311
0.082855
-0.198515
-0.075469
0.069113
-0.067098
-0.071754
0.130616
-0.013673
-0.214129
0.049077
0.120239
-0.058031
-0.052029
0.008891
-0.015603
0.013257
0.136516
-0.036384
-0.156031
-0.028145
-0.079961
0.154999
-0.004242
-0.011945
-0.000173
0.124470
0.027923
-0.040021
-0.010261
-0.149109
0.003427
-0.019667
-0.177918
0.060115
-0.108923
0.116965
-0.023273
-0.079496
0.094342
0.047379
0.018401
-0.087192
-0.112942
-0.021798
-0.038390
-0.084537
0.202550
0.129623
-0.163169
0.036833
0.105290
0.058458
-0.110579
0.032742
0.025882
-0.015641
-0.144684
0.058588
0.159069
-0.016240
0.099707
0.162494
-0.057794
0.064953
0.040372
-0.028808
0.117898
-0.178603
0.003855
0.058493
-0.248530
-0.093921
0.209512
-0.190105
-0.132632
0.115670
0.141564
0.121291
0.040128
-0.005016
0.043685
-0.154858
-0.048039
-0.034642
0.136794
0.010008
0.175455
0.134821
-0.110318
0.055631
0.083582
0.122111
-0.056017
-0.004479
-0.124510
0.003997
0.039637
-0.220135
-0.054034
0.014596
-0.168739
-0.023986
-0.045916
-0.045829
0.035999
0.129330
-0.123639
-0.068485
0.099229
-0.055161
-0.216520
0.102305
0.045702
-0.024165
0.230387
-0.134038
-0.187323
0.090320
0.224323
-0.203819
-0.069848
-0.059322
0.083621
0.101126
-0.146131
0.024814
0.093861
0.203117
0.060044
-0.098320
-0.112260
-0.053271
-0.057231
0.025619
-0.047177
0.068195
0.047956
-0.154644
-0.084553
0.075623
-0.024738
-0.036079
0.159170
0.044845
-0.233026
-0.139596
0.039280
-0.230164
0.057173
0.012033
-0.011370
0.125278
0.028998
-0.049008
-0.119218
0.142216
-0.104097
0.117475
-0.186345
-0.103951
0.222304
0.012059
0.021785
-0.019492
-0.028173
0.035814
0.051408
-0.105321
-0.067349
-0.126737
0.078834
-0.272100
-0.072573
-0.068460
-0.206460
0.089003
0.172693
0.154366
-0.004971
0.000779
-0.030167
-0.029823
-0.054076
-0.162814
-0.070209
-0.033048
-0.018769
0.195634
-0.161478
-0.067285
0.098392
-0.082023
0.010852
-0.039331
-0.019823
-0.132976
0.015139
0.012164
-0.154630
0.051458
-0.000354
-0.012382
0.054578
0.216299
-0.044387
0.130578
-0.041725
-0.055093
0.025737
-0.082824
-0.055269
-0.002109
-0.050599
0.109273
-0.186470
-0.036687
0.059986
-0.167847
0.014638
0.119518
0.137911
0.061581
0.146803
0.311378
0.132248
-0.243413
0.235140
0.198479
-0.394848
0.012724
0.021898
-0.075927
-0.035357
0.027947
0.154708
0.186433
-0.299646
0.025537
0.034414
0.105658
-0.152768
-0.118978
0.175958
0.105823
-0.079833
-0.113705
0.168621
-0.005299
-0.030738
-0.067387
0.130418
-0.001870
-0.099025
-0.027996
-0.015369
-0.024884
0.045196
0.004951
-0.023622
-0.079690
-0.040138
-0.075606
0.061226
-0.153146
-0.006237
-0.148848
-0.029801
-0.059340
0.101344
-0.147883
-0.117472
0.287914
0.022418
0.001564
0.043184
-0.152031
-0.019797
0.186021
0.100689
-0.138850
-0.067229
0.249259
0.074602
0.019940
0.085636
0.028815
0.125001
-0.044687
-0.007699
0.113175
-0.185659
-0.017036
-0.007102
0.073377
0.091412
0.056714
0.221012
0.193776
-0.081930
-0.161333
-0.038908
0.047680
-0.126425
0.035277
-0.041276
-0.084847
-0.117159
-0.085984
-0.104209
-0.075756
0.083921
0.096603
-0.046269
0.069780
-0.013084
0.086821
-0.160843
0.003484
0.137211
0.049232
0.147320
0.076267
0.016426
-0.034312
0.130939
0.155695
-0.230237
0.017350
-0.006502
-0.140057
-0.086230
0.186913
-0.202762
-0.135508
0.221591
-0.002280
-0.048676
0.167372
0.018036
-0.011538
-0.093153
0.100194
0.083895
-0.272565
0.063131
0.081076
0.078455
0.090955
-0.015673
-0.051892
0.037126
-0.015995
-0.007910
-0.121422
0.030714
-0.092542
-0.063150
-0.169249
0.111241
-0.005836
0.169584
0.048738
-0.095024
-0.039620
0.244294
0.091235
-0.068030
0.219242
0.086338
-0.082692
0.045476
-0.042683
0.058635
0.255981
0.155860
-0.178121
0.074549
0.062184
0.007451
-0.105038
0.074290
-0.020722
0.186285
0.183281
0.016048
-0.147196
-0.142561
-0.300055
0.121034
-0.208902
-0.183315
-0.148386
-0.137850
-0.210169
-0.102348
-0.246224
-0.244636
-0.050818
0.111333
-0.123233
-0.045275
-0.058442
0.020293
-0.252265
-0.083448
0.023899
-0.068454
-0.074504
0.069847
0.032772
0.076489
-0.076113
-0.069601
0.136925
-0.219229
0.021324
0.011743
0.034513
0.059806
0.051021
-0.040189
0.011036
-0.048614
-0.079749
-0.108742
0.071420
-0.013380
0.083303
0.023542
-0.019359
-0.266933
-0.259631
-0.222616
-0.146614
-0.203445
-0.098638
-0.200957
0.122265
0.019758
-0.028250
0.121417
0.073661
-0.039258
-0.089096
-0.013832
-0.030080
-0.042232
-0.082004
-0.059009
-0.069432
-0.252614
0.166794
0.160825
-0.023157
-0.050198
0.042619
-0.105897
-0.186877
0.085945
-0.078750
0.110161
0.070083
0.050297
-0.012810
0.105958
-0.027192
0.043737
-0.023755
-0.152327
-0.007431
-0.151056
-0.013611
0.166397
-0.135795
0.043776
-0.084919
-0.241348
-0.051280
-0.142618
0.036575
-0.116262
-0.069649
-0.028488
0.110078
-0.145340
-0.102927
-0.023823
0.144421
0.018745
-0.118805
0.085501
-0.156286
0.235598
-0.122760
-0.110118
0.061534
-0.110592
-0.205342
-0.117062
-0.110635
0.026331
0.035186
0.003289
0.154582
-0.007711
0.033558
0.328899
0.102345
0.267634
-0.043317
0.048550
0.096513
-0.116356
-0.040345
-0.121343
-0.115475
0.000013
-0.081959
-0.004076
-0.112104
-0.076522
-0.039352
0.011347
-0.096603
0.042094
0.229535
0.155771
-0.022646
0.100780
-0.033921
-0.005395
0.099241
-0.016326
-0.088427
-0.040098
-0.055050
-0.005417
0.229087
-0.204756
-0.147023
0.175273
-0.186042
-0.156353
-0.091730
0.042572
0.002439
-0.042125
-0.120847
-0.010958
0.112778
-0.007112
0.046267
0.099578
0.109051
-0.053466
-0.047384
-0.297530
-0.322300
-0.069599
-0.152946
0.015865
0.035362
0.010084
-0.043523
0.169419
0.206726
-0.035509
0.181836
0.021862
0.160384
0.104528
0.130542
0.068057
0.052282
0.218269
-0.041090
-0.160851
0.202707
-0.011014
-0.118592
0.014268
-0.049426
-0.104322
-0.102044
-0.271856
-0.157284
-0.020623
0.080913
0.008772
0.045429
-0.050119
0.012207
-0.086750
-0.022983
-0.035106
-0.034715
-0.016912
-0.042434
0.228408
0.017094
-0.069271
0.005837
0.026907
-0.029254
-0.064760
0.058212
-0.047987
0.092578
0.003166
-0.120963
0.000514
-0.086758
0.029507
0.196938
-0.095258
0.067551
0.030165
-0.056854
-0.003514
0.161214
-0.068532
-0.149873
0.156223
0.132719
0.000832
-0.053147
-0.117807
0.088878
0.093686
0.147266
-0.134885
0.074657
-0.064823
-0.134026
-0.010294
-0.097293
0.070222
0.053643
-0.010711
0.058618
0.116392
-0.008071
0.037597
0.027249
-0.182418
-0.066260
-0.007990
-0.122257
-0.028872
-0.005091
0.129216
-0.120202
-0.038191
0.050956
0.087597
0.118268
0.238885
0.084985
0.039366
-0.034068
-0.040670
-0.036129
0.086367
-0.099387
-0.050119
-0.004742
-0.029623
-0.026376
-0.014634
-0.099386
0.037653
-0.091642
-0.012829
-0.004937
-0.017265
-0.038338
-0.074569
-0.082176
-0.142803
0.001083
-0.051004
0.111399
-0.025635
-0.034653
0.085655
-0.042324
-0.051551
0.153826
-0.042676
-0.090307
0.144104
-0.022691
0.006553
-0.071978
0.028081
-0.045466
-0.055895
-0.048847
-0.146848
0.073669
-0.015525
-0.087198
-0.219228
-0.007644
0.054468
-0.078596
-0.056896
-0.139017
0.083076
-0.045938
-0.099078
0.114077
0.135454
-0.020924
-0.153679
0.064763
-0.123345
-0.039281
0.031193
-0.020354
0.063885
0.056602
-0.048387
0.008019
-0.122063
-0.006637
-0.018449
-0.041886
-0.148114
0.175057
-0.045715
-0.029402
0.050603
0.053720
-0.133608
-0.124752
-0.102418
-0.056242
-0.112163
-0.044629
-0.056995
0.056806
-0.103935
-0.062526
0.103474
-0.000775
0.044537
0.070068
0.030877
0.148270
-0.132449
-0.257825
-0.053737
0.227609
-0.107331
-0.113295
0.144476
0.096339
-0.092573
0.295947
-0.164997
-0.316833
-0.186939
-0.315576
-0.098967
-0.241968
-0.278081
0.173491
-0.087614
0.014185
-0.140045
-0.027069
0.156911
0.033054
-0.056129
0.114645
0.245186
-0.129918
-0.184242
-0.225212
0.129187
-0.125555
-0.087529
0.031924
0.062794
-0.049495
-0.068683
0.166862
0.169524
0.019110
0.010617
-0.055589
-0.015483
0.158011
-0.218386
-0.020788
0.006142
-0.075058
-0.207749
0.023366
-0.016880
-0.026260
-0.008488
0.124570
-0.052348
-0.108217
0.079105
-0.023324
0.065757
0.035242
0.031910
0.123551
-0.025179
-0.002629
-0.216263
0.002579
0.125362
-0.049416
-0.076755
0.111835
-0.036052
-0.077391
-0.061485
-0.217559
0.020861
0.084858
-0.226815
-0.057663
0.110563
0.067743
-0.067471
0.108675
-0.046457
0.111771
0.197655
-0.037670
-0.036316
-0.038978
0.061480
0.089604
-0.005572
-0.059943
-0.030532
-0.040361
-0.050459
0.010119
-0.079890
0.048670
-0.006836
-0.039575
0.111029
-0.218503
-0.069795
0.132034
-0.143265
-0.033688
-0.034259
0.024985
0.329878
-0.154071
0.010916
-0.055625
-0.045392
-0.018321
0.004924
0.163380
-0.040193
0.033937
0.099312
-0.114851
0.232942
0.123945
-0.068555
0.022500
0.023579
-0.075019
-0.284575
0.023364
-0.006590
-0.132241
-0.027605
0.005220
-0.096787
0.010331
-0.003340
-0.350384
0.101903
-0.018382
0.025016
-0.029263
0.097468
-0.027383
0.082986
0.064068
-0.070649
-0.077220
-0.202590
0.129769
-0.063945
-0.106106
-0.017063
0.079786
0.083146
-0.037782
-0.151009
-0.081823
-0.127026
-0.013903
0.067850
-0.239414
-0.024744
0.121615
-0.226145
0.202212
0.152094
-0.014289
0.121107
0.071356
0.014849
0.168419
-0.117758
0.213756
-0.044120
-0.018727
0.163090
-0.099519
-0.063851
-0.089917
0.077182
-0.136567
-0.078277
0.080564
-0.136202
-0.004607
-0.005974
0.104047
-0.019656
-0.045838
-0.021150
-0.055451
-0.019049
-0.013897
0.165748
0.089215
0.076497
0.202074
0.176241
0.102417
0.261843
-0.139949
0.046301
0.044489
-0.102570
-0.049397
0.153166
0.044510
-0.244197
0.156406
0.112113
0.111731
-0.005593
0.004421
-0.080012
0.002834
-0.063735
-0.115557
0.062085
-0.180946
-0.024576
0.071890
-0.085524
-0.083345
-0.111865
0.041520
0.176026
0.109000
0.019730
-0.118282
-0.225692
0.066486
0.059610
0.092818
0.144033
0.151980
-0.005115
0.015433
0.078144
-0.061871
0.021368
-0.035474
0.075621
-0.056759
-0.014831
0.116215
0.277996
0.239556
0.195015
-0.109468
0.030948
0.036465
0.074839
0.178079
-0.084254
0.123508
0.123180
-0.208103
0.009708
0.139289
0.058243
-0.022619
-0.044421
-0.154979
-0.023284
0.199339
0.163019
-0.058449
0.048267
0.036128
0.050812
0.091365
-0.053806
-0.051070
-0.018106
0.028907
-0.032612
0.103115
-0.097142
0.069919
0.095355
0.146565
-0.194991
0.091608
0.184907
0.131575
0.100601
-0.009142
0.126057
0.126199
0.139933
0.020954
0.139496
-0.136158
-0.107619
-0.034227
-0.200895
-0.095300
-0.040717
-0.256646
0.125387
0.094716
-0.063146
0.008727
-0.036271
0.032186
-0.014987
0.045151
0.138980
0.161453
0.084541
-0.024074
-0.120843
-0.109651
-0.122219
-0.038191
0.195518
-0.130885
0.106570
-0.052168
0.089977
-0.160281
-0.089409
-0.160444
-0.326354
-0.075075
-0.125676
0.010855
-0.159544
0.078440
0.014457
0.056505
-0.034160
-0.014209
0.092244
0.183051
0.160109
-0.002721
-0.054359
-0.052043
-0.119273
-0.047310
0.020537
-0.004035
-0.018282
0.079029
0.112944
-0.004505
-0.104993
-0.069804
0.039256
0.014750
0.111256
-0.071227
-0.040461
0.175669
-0.040487
-0.174041
-0.147762
-0.141778
-0.228739
-0.191843
0.044424
0.095246
0.113803
0.280408
-0.182117
-0.052478
0.088689
-0.057235
-0.096021
-0.112358
0.045160
0.060790
-0.014625
0.218103
0.062824
-0.053350
-0.029248
0.046137
-0.149423
-0.066262
-0.027966
0.022412
-0.047402
0.053144
-0.025518
0.069596
0.020868
-0.091811
0.072325
0.052276
-0.161037
0.110011
-0.109620
0.106487
0.107632
-0.019167
0.127452
-0.081239
0.050470
0.012991
-0.003904
-0.136484
-0.214843
-0.011233
-0.003133
-0.077634
0.025801
-0.000614
0.008846
-0.062026
-0.029898
0.080303
-0.112052
-0.022712
-0.013742
0.017622
0.061938
0.070575
0.047069
0.091797
0.100715
0.023224
-0.067353
0.080138
-0.064397
-0.043629
0.070783
0.056620
0.040660
0.056865
0.081249
0.020192
-0.040145
-0.098407
-0.090744
-0.074487
-0.199988
0.038930
-0.069426
-0.076534
-0.150363
-0.062832
0.268919
-0.100686
0.000276
0.026667
-0.133864
-0.051450
0.172267
0.158852
-0.092821
-0.105364
-0.126563
-0.041600
0.104042
0.114394
0.065324
0.027598
-0.078964
-0.158515
-0.205959
-0.035889
-0.072298
0.189479
0.187742
0.060110
0.263676
0.134208
0.113238
-0.053134
-0.358039
-0.220976
-0.186055
0.036790
0.081775
0.038497
0.031128
0.043658
-0.036593
0.055860
-0.019527
0.216701
0.268375
0.063427
-0.123934
-0.018956
-0.061738
0.168652
0.088837
0.004635
0.025176
0.089378
0.113198
-0.006904
0.030359
-0.125964
-0.046494
0.002023
-0.040805
0.127021
0.007949
-0.152976
-0.056811
-0.016218
-0.097874
-0.198392
-0.189692
-0.038948
-0.012506
0.053338
0.020065
0.200189
0.080414
0.045366
-0.071704
-0.045632
0.048508
-0.072451
-0.119087
-0.095263
0.123652
0.133805
0.047100
0.218614
-0.007112
0.071039
0.083472
0.084192
0.180456
0.027547
0.121296
0.139771
-0.034773
-0.005683
-0.054913
0.168064
0.249806
-0.008831
0.024524
0.010777
-0.132815
0.009852
-0.122752
0.139555
0.084557
-0.058935
0.081743
0.002643
-0.089356
-0.018971
-0.063090
0.035142
-0.042385
0.244790
-0.103579
0.116838
0.042688
-0.067028
0.022400
0.124403
0.152702
0.001728
0.033626
0.088798
0.058678
0.065775
0.062165
-0.091680
-0.176868
-0.105317
-0.189001
0.020563
-0.038822
-0.086368
-0.091477
0.090246
0.084339
-0.146600
-0.133382
-0.162110
-0.151377
-0.226050
-0.215706
0.116671
0.309929
0.283302
-0.137808
-0.006249
0.050422
0.082081
-0.052786
0.013323
0.071689
0.002791
0.175635
-0.261853
-0.214832
-0.133733
0.182091
0.060501
0.041646
-0.045096
0.046195
0.053106
-0.174550
-0.284980
0.003590
-0.073710
0.038053
-0.091940
0.181759
0.205008
0.013871
0.256054
0.062967
0.109204
-0.070006
-0.175091
-0.143926
-0.198358
-0.138099
-0.117826
-0.106031
-0.131844
-0.051822
-0.100049
-0.074514
0.109657
0.069617
0.052323
0.023241
0.036157
0.073462
-0.170089
0.190603
-0.088057
-0.016836
-0.014526
-0.017149
0.031595
0.149797
0.279570
0.102474
0.097695
0.024057
-0.135257
-0.083101
-0.125720
-0.086413
-0.086229
0.191244
-0.070979
-0.174810
-0.089694
-0.049966
-0.016706
0.019553
0.091813
0.297277
0.201729
0.069566
-0.020585
-0.091220
0.023862
-0.081072
-0.111242
-0.036741
-0.217438
-0.095463
-0.190769
0.093543
0.073267
-0.036177
0.141451
0.113195
-0.031487
-0.083289
-0.247647
-0.211579
-0.127863
-0.041666
-0.110402
0.098125
0.165489
0.249092
-0.012527
0.109639
0.114678
-0.136690
-0.156650
-0.102221
-0.034633
-0.055760
0.153463
-0.035346
-0.053080
-0.016375
0.122426
-0.028442
-0.086794
0.017639
0.129587
-0.100467
-0.022060
0.205194
0.110387
-0.158035
0.082603
-0.197509
-0.286834
-0.243095
-0.394244
-0.149039
0.001633
-0.018955
0.080620
0.245802
0.068176
0.108340
0.024635
0.087662
-0.104187
-0.095237
0.162394
-0.112700
-0.166308
0.088433
0.031130
0.139561
0.089377
-0.094443
-0.031064
0.089178
-0.330700
-0.193389
-0.010912
0.024899
-0.092710
-0.050213
-0.027132
0.073625
-0.123480
-0.032063
0.188445
0.156894
-0.043299
-0.026484
-0.033000
0.186479
0.060332
0.019281
0.091076
0.066808
-0.050344
-0.092964
-0.109229
-0.105496
-0.124055
-0.096666
-0.139614
-0.009171
-0.097467
-0.141393
-0.055229
-0.076865
-0.044272
0.186736
0.221379
-0.028444
0.125214
0.075432
0.107001
0.099884
0.093311
0.175345
-0.100058
-0.141068
0.034240
0.140007
0.020777
0.105970
-0.004246
0.023751
0.155955
0.047599
-0.113720
-0.013781
0.111180
0.123095
-0.091946
-0.073117
0.170421
-0.158752
-0.046378
0.020495
0.101426
-0.138125
0.028841
-0.097757
-0.148655
-0.008978
-0.035799
0.073935
0.035197
0.019328
-0.129413
0.047387
0.175614
-0.084346
0.182676
0.286936
0.028722
0.059561
0.195568
-0.060328
-0.167503
-0.027516
0.094469
-0.122760
0.005521
0.025419
-0.177012
-0.039960
0.064885
-0.181272
0.078460
-0.015191
-0.016591
0.106394
0.013246
-0.154438
-0.012325
0.001955
-0.066488
-0.017433
-0.058784
-0.033146
-0.136564
-0.020857
-0.025387
-0.060376
-0.022932
-0.215267
-0.096681
0.191050
-0.158519
0.070406
-0.148127
-0.005157
0.102614
0.020540
-0.032976
-0.241088
0.066183
0.043333
0.021980
0.160213
0.191834
0.033069
0.209541
-0.090752
-0.071854
-0.105786
-0.155130
0.059380
-0.248461
-0.075932
0.007997
-0.045217
-0.045104
0.071350
0.045469
0.024420
0.179255
0.000437
0.019289
0.055044
0.098922
0.094863
0.025021
0.001572
-0.013670
0.006628
-0.071433
-0.090505
0.022801
0.007072
0.063087
-0.284457
0.110811
-0.006628
-0.065428
-0.200501
0.068201
0.035197
0.019771
-0.091046
0.044648
-0.067729
-0.150077
0.079578
-0.031332
-0.001084
-0.039825
-0.023531
-0.008495
-0.165318
-0.001877
0.093451
0.008728
-0.156315
0.005554
0.203827
0.240533
0.011266
0.081748
0.072358
-0.090527
0.003475
-0.073501
-0.041647
0.052431
0.072345
-0.001507
-0.271724
-0.048924
-0.209906
-0.196303
-0.046869
0.004650
-0.170123
-0.144804
-0.077190
-0.021906
0.076312
-0.073226
0.044530
-0.036213
0.005010
0.103426
-0.067364
0.214801
0.012846
0.012606
0.015338
-0.101770
-0.120473
-0.016945
0.048112
0.210042
-0.137848
0.036016
-0.012707
-0.153130
-0.072486
0.069957
0.048892
0.152152
-0.220515
0.268951
-0.016563
-0.004295
-0.053196
-0.016409
0.076905
-0.100673
-0.111853
-0.115793
-0.017190
0.057852
0.020149
0.000577
-0.293894
-0.178885
-0.032227
0.224813
-0.044213
-0.088539
-0.078213
0.110430
-0.100910
0.063824
0.090712
0.109943
-0.045831
0.273594
-0.111282
0.015194
-0.140244
0.008675
0.164690
-0.058668
0.018203
0.153274
0.140989
0.032456
-0.098584
0.012199
-0.204133
-0.040578
0.106215
-0.209716
-0.025477
0.093012
-0.054122
0.038375
0.107732
-0.068280
0.189567
-0.157972
0.101506
0.055951
0.009110
0.206430
-0.043736
0.012711
0.121206
0.033183
-0.084518
0.000832
0.054467
-0.253637
-0.102787
-0.011735
0.117020
-0.103072
-0.029287
0.119755
-0.037761
0.208049
0.043195
-0.107020
-0.041660
0.041651
-0.068390
-0.063717
-0.088423
0.079755
0.014195
0.115390
0.406158
-0.082180
0.189666
0.031713
-0.268900
0.033480
-0.180881
0.137982
-0.194692
0.182478
-0.090058
0.021829
0.122392
-0.076028
-0.058451
-0.092822
-0.273850
0.084692
-0.010506
-0.195206
-0.136125
-0.012200
-0.062310
-0.085317
-0.212997
-0.065378
0.051158
0.078995
-0.041004
0.110451
-0.055879
0.131110
0.007543
-0.004457
0.037680
-0.130881
-0.090227
-0.059358
0.079580
-0.089115
-0.201591
-0.165364
-0.064199
0.033957
0.126599
0.226908
-0.095674
0.184377
0.136547
-0.351890
0.041330
-0.042580
0.004230
0.168382
-0.030476
-0.129452
0.220771
-0.084227
-0.090355
-0.048487
0.044875
0.137156
-0.211789
-0.168944
-0.037068
0.126990
0.042181
0.012051
0.077126
0.021599
-0.014429
0.197347
0.057467
-0.137659
0.122757
-0.055045
0.075828
-0.170870
-0.157541
0.002661
-0.033910
-0.147237
-0.172548
0.185258
-0.137661
0.042732
0.031591
0.133006
0.236454
-0.011944
0.008776
-0.092360
0.012183
-0.146962
-0.130714
-0.013249
0.070144
-0.074664
0.230022
-0.013482
-0.044763
-0.144068
0.063015
0.082860
-0.098142
-0.020949
0.017929
-0.151008
-0.234633
-0.052579
-0.146609
-0.301321
-0.216053
-0.025663
0.139453
0.033325
0.025292
-0.121473
-0.105031
0.115258
-0.065398
-0.126907
0.104893
0.172164
0.004394
0.210624
0.019964
0.047940
-0.072323
-0.020381
0.057646
-0.094357
0.053466
0.117263
-0.094614
-0.140831
-0.078649
0.044320
-0.117212
0.087830
-0.101833
-0.016319
-0.067728
0.122550
0.009056
-0.166574
0.229698
0.091464
-0.227536
-0.189483
0.017028
0.004359
0.025934
-0.103420
-0.050601
-0.000949
0.116360
0.127781
-0.077238
0.118518
-0.039275
0.143103
-0.019749
0.045773
-0.135653
-0.243917
-0.006597
0.111924
0.034774
-0.090474
0.067542
-0.120487
-0.005272
-0.247266
-0.140387
-0.008138
-0.082971
-0.117131
-0.008050
0.017307
-0.045018
-0.141401
-0.187280
-0.055062
-0.151233
0.102657
0.018987
0.092743
0.086811
-0.106394
0.030879
0.035458
0.112058
0.028727
-0.054961
0.010163
0.034646
-0.140200
-0.052587
0.127874
-0.104895
-0.034047
0.019274
-0.057208
0.144771
0.033828
0.100110
-0.044857
-0.059401
-0.037965
-0.001574
-0.015507
-0.120635
0.081151
0.112330
-0.152105
0.252689
0.237027
-0.047804
0.230347
-0.021143
-0.025545
-0.036165
0.048557
-0.020831
-0.165616
-0.085492
0.017978
-0.110442
-0.086735
0.071623
0.048773
0.051820
-0.072366
-0.096277
0.126265
-0.145270
-0.150109
0.200930
-0.199044
0.091761
0.055508
-0.143463
-0.052186
0.033664
0.020502
0.044270
-0.060732
-0.051664
0.116514
0.018743
0.014708
0.180726
-0.158249
-0.012643
-0.267856
0.009650
0.017009
-0.104246
0.182959
-0.061714
0.205284
-0.012275
0.073956
0.204528
-0.021794
0.120921
0.029253
-0.047105
-0.165485
-0.008499
0.041968
0.037118
0.123298
0.063829
-0.105524
0.018640
-0.081119
-0.043232
0.011247
-0.239919
-0.193448
-0.175167
0.096713
-0.043398
-0.098021
0.057675
0.009237
-0.011937
0.038859
-0.267918
-0.175042
0.051667
-0.242126
-0.043835
-0.046846
-0.030351
-0.201978
0.114409
-0.060412
-0.162260
0.197320
0.154273
0.098227
-0.002825
0.100875
-0.079665
-0.031376
0.037200
-0.038057
0.158418
-0.063738
-0.012938
0.010509
0.110305
-0.050308
-0.080194
0.156228
0.001035
-0.195629
-0.157009
-0.024833
-0.121332
0.190972
0.075664
0.114509
-0.126448
0.078022
-0.084914
0.153257
0.121748
0.041945
0.026701
0.020107
-0.102636
0.087678
-0.046670
-0.112187
-0.116527
-0.208782
-0.052263
-0.080069
-0.192107
0.032600
-0.073948
0.067306
0.234601
-0.132614
0.131888
-0.094873
0.094755
0.186805
0.016248
0.023645
-0.045724
-0.187005
0.103912
-0.040853
0.127934
0.023921
-0.028089
0.038670
0.067345
-0.207263
-0.114231
0.100892
0.013528
-0.043679
0.000318
-0.202776
-0.031240
-0.051904
-0.010914
-0.026669
-0.006234
-0.141846
0.056996
0.053479
0.026220
-0.027767
0.102360
0.172135
0.074761
0.114422
0.092488
0.045013
0.136678
-0.178553
-0.105759
0.031791
0.070348
-0.120279
0.002243
0.029680
-0.002176
-0.101490
-0.055706
0.052702
0.275964
-0.007162
-0.048643
-0.068059
-0.071179
0.063438
-0.053216
-0.010999
-0.020266
-0.062371
0.037468
0.022503
-0.017330
0.005796
0.037629
0.147600
0.053207
-0.057685
-0.027608
-0.025789
0.112179
0.092086
0.122912
0.086169
-0.216012
-0.137497
-0.068843
0.114878
-0.183145
0.009128
0.031998
-0.078427
-0.024598
0.238803
0.139790
-0.158642
-0.137075
0.012913
-0.054986
-0.118658
-0.061445
0.002870
-0.070122
-0.190579
-0.052901
0.076096
-0.107488
-0.082742
-0.176666
-0.018186
0.073879
0.030054
0.087714
-0.007482
0.137008
0.180006
-0.096950
0.048884
0.135850
0.094211
-0.017512
0.030211
0.075412
-0.031109
-0.049216
0.039352
-0.088747
-0.101654
-0.086677
-0.013261
0.110669
-0.077632
0.115825
0.041372
-0.063759
-0.073350
-0.137068
0.018110
0.088957
-0.118419
0.045004
0.013377
-0.056249
-0.039773
0.265331
0.114728
-0.033254
0.098129
0.000809
-0.109355
0.015900
-0.202987
-0.042878
0.078696
-0.015608
0.063883
-0.158892
-0.151270
-0.139791
-0.153776
-0.243811
0.118229
-0.102238
0.086935
0.010035
0.162739
0.076934
0.054877
0.189452
-0.026190
-0.010319
0.020722
-0.178813
0.035130
0.008098
-0.117337
0.056997
-0.008168
0.001695
0.002124
0.096598
-0.182216
-0.101122
-0.251805
-0.016255
-0.041333
-0.060530
0.191686
-0.063106
-0.039174
-0.094282
-0.032970
-0.133766
-0.072590
-0.014750
-0.070381
-0.248258
0.177641
0.063925
-0.004069
-0.053383
-0.018571
-0.017796
-0.170636
-0.076201
0.153454
-0.027399
-0.173055
-0.171413
0.037484
-0.242689
-0.202449
0.219436
-0.047559
0.246723
0.295778
0.035762
-0.029749
0.037965
-0.072250
-0.131884
0.035504
0.042194
-0.016554
-0.056309
0.160463
-0.015350
-0.188675
-0.043992
0.110207
0.018170
-0.055828
-0.006130
0.252891
0.091210
-0.027756
0.009993
-0.063259
0.001997
-0.021233
-0.095592
-0.227316
0.004135
-0.011326
-0.029006
-0.022735
0.079099
-0.102355
0.103021
0.061813
-0.023572
0.099097
-0.008306
-0.073687
-0.090493
-0.014224
-0.089737
-0.139477
0.030409
-0.124944
-0.124437
-0.036935
0.146804
0.025326
-0.101659
-0.019642
0.147954
0.064078
0.047513
0.194495
0.018434
-0.000057
-0.066969
-0.058932
-0.118830
-0.097405
0.098721
0.083357
0.115405
-0.092414
-0.091105
0.000262
-0.086048
-0.123497
-0.062203
-0.271604
0.004714
0.043310
0.274933
0.139382
-0.214481
0.088200
0.087918
-0.109914
-0.065077
-0.112418
0.020521
0.197479
0.180976
0.056769
0.115717
0.166142
0.049634
0.112004
-0.045277
0.012657
0.233729
0.181236
-0.006780
-0.043588
-0.052032
-0.091373
0.005026
-0.119998
0.008228
-0.228338
-0.182291
0.114168
-0.168327
0.182995
0.178652
0.101213
0.110485
0.123234
-0.209455
-0.093931
-0.107576
-0.336897
-0.174484
0.033646
0.114752
0.252164
0.150315
0.030453
-0.029252
0.019766
-0.232101
-0.176801
-0.074533
-0.121728
-0.201000
0.059051
0.108055
0.048583
0.022936
0.143861
0.046680
-0.060144
0.147660
-0.034986
0.048911
0.219147
0.305105
-0.080454
0.134287
0.270436
0.046321
-0.075936
-0.210646
-0.175329
0.085263
0.239111
-0.056074
0.101268
0.040975
-0.072322
-0.247070
-0.046513
-0.184153
-0.062424
0.089765
0.059404
-0.058771
-0.089768
0.150478
-0.139512
-0.363927
-0.031127
0.263086
0.165476
-0.253070
0.252861
0.040275
-0.324226
-0.169908
-0.202051
-0.330673
-0.005047
-0.188099
0.058759
-0.024682
-0.225962
-0.026598
-0.139636
0.004647
-0.100696
0.017330
0.223838
0.204840
0.042208
0.072407
-0.006730
0.111831
-0.043532
-0.053196
-0.095382
-0.084989
-0.069114
-0.077565
-0.000015
-0.115670
0.062216
-0.027848
-0.115895
-0.003048
-0.141840
-0.065088
-0.077370
-0.093465
-0.026294
0.023184
-0.113587
0.076803
0.031299
-0.046757
-0.045724
-0.102313
-0.213013
-0.121020
-0.034169
0.063374
0.197603
0.087269
0.043943
-0.048730
0.018328
-0.113373
0.018213
0.127009
0.002553
0.153140
-0.067240
0.076237
-0.073434
-0.112613
-0.077386
-0.053436
-0.091512
-0.062431
-0.210836
-0.075849
-0.106168
-0.081653
-0.321367
-0.194276
0.024346
-0.087427
-0.077813
0.088511
0.110342
0.156558
0.024578
0.108629
0.059408
0.007714
-0.037768
-0.064074
-0.143368
0.020129
-0.206119
-0.013358
0.221585
0.310733
-0.011120
0.135950
0.158561
-0.008081
-0.042928
-0.139344
0.006507
-0.251947
0.056813
0.050404
0.107737
-0.049468
-0.018373
-0.032930
-0.178581
0.075654
0.170712
-0.057772
-0.001904
0.047389
-0.077429
-0.113915
0.141213
0.144608
0.018326
-0.025491
-0.021596
0.144754
-0.175606
-0.318218
0.019492
-0.222910
-0.147612
0.063146
0.117947
0.042343
0.097072
0.097849
0.134599
-0.100437
-0.069139
-0.127725
-0.055858
0.007841
-0.051087
-0.059885
-0.107824
-0.025129
-0.039007
-0.015942
0.012255
0.047029
-0.127265
-0.207376
-0.133128
0.002993
-0.066865
0.073944
-0.067844
-0.069794
-0.124451
-0.069523
0.021533
0.021335
-0.061658
0.076294
0.016271
-0.102235
0.007597
-0.071308
-0.079566
-0.040510
-0.029809
-0.064540
-0.050467
0.111877
-0.062412
-0.121622
-0.145661
-0.030335
-0.046182
-0.022986
-0.078714
0.027014
0.036025
-0.155714
0.147071
0.028806
-0.219776
-0.105477
-0.058352
-0.181750
-0.146489
-0.086739
-0.132567
-0.147620
-0.025596
-0.066003
-0.273864
-0.104438
0.195680
-0.017597
-0.035213
0.089161
0.086565
0.173445
-0.171234
0.085680
-0.049887
-0.093864
0.158203
-0.016685
-0.153989
0.022794
0.110520
0.072557
-0.305434
-0.132301
0.114531
-0.062629
0.000640
-0.004231
-0.059957
0.037175
0.276177
-0.008046
0.151663
0.167869
-0.108923
0.052842
-0.061580
-0.103918
-0.162637
-0.215357
-0.184601
-0.083792
-0.194340
-0.213038
-0.204701
-0.027125
0.144585
0.105502
-0.108771
-0.027626
0.177574
-0.033604
-0.023900
-0.044471
-0.197222
-0.094710
-0.099833
-0.216473
-0.103062
-0.057142
0.079544
-0.156890
0.016948
0.136103
0.050687
-0.091852
-0.019318
0.187711
-0.151953
-0.019664
-0.108666
0.044126
-0.097455
0.133803
-0.138066
-0.082104
0.034695
0.198453
-0.015913
-0.047466
-0.085861
0.118443
-0.133352
-0.068265
0.132746
-0.153305
-0.026882
0.030777
-0.124155
-0.252690
-0.113048
0.001033
0.052835
-0.104778
-0.195623
0.138021
0.060848
-0.021793
-0.007045
0.040349
0.035431
0.099890
0.251726
0.039297
0.113280
0.033832
0.093443
0.110990
-0.083352
-0.105625
-0.036090
-0.060102
-0.033867
0.010678
0.080914
-0.153895
0.090838
0.017924
0.088952
-0.362601
-0.106226
0.299439
-0.001364
-0.258091
0.095200
0.017133
-0.003748
0.005518
-0.022484
-0.010396
-0.036349
-0.160231
-0.051523
-0.040297
-0.079242
-0.223490
-0.172919
0.036917
-0.014154
0.174673
0.102286
0.032921
0.170059
-0.017219
-0.023686
0.081029
0.125800
0.037343
0.068025
0.025980
-0.011298
0.217092
0.104215
-0.040513
0.061917
0.040616
0.060576
-0.093605
-0.100256
0.014824
-0.217600
-0.065743
0.063059
0.109222
-0.120247
-0.091079
0.063700
-0.147834
-0.132803
0.110722
0.031606
-0.032364
-0.024776
0.111509
-0.220476
-0.146581
0.067911
0.046725
-0.120089
-0.112413
0.038279
-0.089917
-0.148287
0.205772
0.352121
0.062106
0.024630
0.219708
0.156670
0.011179
0.076620
-0.245185
-0.015414
-0.090987
-0.031386
0.075681
-0.021109
0.093355
-0.144950
-0.052020
-0.061092
0.105488
0.020890
-0.159628
0.095918
0.094345
-0.079330
-0.056691
0.065168
-0.164481
-0.032532
-0.042698
-0.194775
-0.288478
-0.200255
-0.046814
0.019040
-0.011274
-0.040172
-0.063970
-0.010577
-0.145329
-0.124290
-0.032042
-0.128708
-0.076083
-0.118119
-0.112281
0.008934
-0.171260
-0.107352
0.081445
-0.191362
-0.065140
-0.116651
-0.028849
-0.214864
-0.067426
0.032174
-0.051579
0.025756
-0.034874
0.176056
-0.054920
0.069781
0.010007
-0.054377
-0.024780
-0.006832
-0.040083
-0.206546
-0.029118
-0.152869
0.087345
-0.064354
-0.071586
0.135022
0.019779
-0.060041
0.058534
0.067278
-0.043713
0.038532
-0.079675
0.074958
0.111152
0.248833
0.092325
-0.007072
0.051980
-0.024512
0.021989
-0.244122
0.039999
-0.106255
-0.204163
0.122961
-0.101345
-0.072720
0.004715
-0.079966
0.123698
0.144479
-0.036598
0.131228
0.140119
-0.045733
0.041927
0.115473
0.112557
-0.036770
0.080246
0.100790
-0.082194
0.019624
-0.328595
-0.043380
-0.091584
-0.091071
0.066900
-0.066600
-0.106464
0.070116
0.153768
-0.041051
0.163380
0.081608
0.022181
-0.021168
0.011981
-0.178160
-0.019408
0.074631
-0.010087
-0.044799
-0.138933
-0.197276
-0.044580
0.060204
-0.137583
0.036344
-0.042358
0.126585
0.109657
-0.029687
-0.029043
0.125857
0.039001
0.162055
-0.104685
0.033934
-0.033313
-0.128660
-0.223039
0.014932
0.074353
-0.183510
-0.110523
0.155352
0.058690
-0.141057
0.038519
0.095149
-0.016102
0.088133
-0.131545
-0.138902
-0.284686
-0.091282
-0.057789
-0.072567
-0.113758
0.032671
0.074274
-0.090282
-0.198037
-0.159985
0.065368
-0.053705
-0.015795
0.016565
0.067810
0.052083
-0.042794
-0.227566
0.057460
0.043750
0.054227
0.078814
0.081822
-0.065386
0.239928
0.073349
0.102290
0.017738
-0.071094
0.038542
-0.069601
0.174752
-0.083372
-0.033212
0.065020
0.138222
-0.108918
0.001219
0.083961
0.144569
-0.214283
-0.158605
-0.067445
-0.078024
-0.123519
-0.050685
0.096719
0.042437
0.089072
-0.077267
0.036801
-0.034974
0.017144
-0.049455
0.197181
0.091158
-0.042616
0.115632
0.016662
-0.124299
0.011836
-0.026253
-0.186906
-0.087266
-0.086453
-0.172822
0.026242
0.014744
0.081529
0.155971
-0.140142
-0.168084
-0.101092
-0.009349
-0.170109
-0.110953
0.003801
-0.020035
-0.016298
-0.039288
-0.149861
-0.025699
-0.122698
-0.016851
-0.131927
0.208191
0.037684
0.094597
0.177682
0.050353
0.030303
-0.021839
0.081924
-0.075310
0.005588
0.154325
0.020393
-0.053987
-0.128733
0.044361
-0.071194
-0.157080
-0.189702
0.039737
0.030152
-0.130345
-0.203369
-0.068505
-0.137438
0.162421
-0.197950
-0.007778
-0.097142
-0.145776
-0.169168
-0.068222
-0.083582
-0.074667
-0.119077
-0.059190
-0.102283
-0.094814
-0.058513
0.088388
-0.008584
-0.038607
0.052591
0.026624
0.030396
-0.037792
0.010088
-0.117044
0.092018
0.059078
-0.156454
0.097493
-0.039429
-0.052148
0.109485
-0.044732
-0.086328
-0.047026
0.094310
0.201687
0.080625
0.151743
0.330288
0.125478
-0.016114
0.157311
-0.231106
-0.060203
0.036033
-0.053015
-0.006061
0.057442
-0.010586
0.110021
0.008076
-0.122204
0.056912
-0.019451
-0.138404
0.076270
-0.081085
0.013307
-0.133304
-0.213495
0.029674
-0.107982
0.017399
-0.057761
0.055495
0.108954
-0.017827
0.013498
0.237706
-0.158379
0.073790
0.183874
-0.107178
-0.149428
0.203133
0.086293
-0.161526
-0.123196
-0.043705
-0.088358
-0.248115
-0.055542
-0.045512
-0.185795
-0.106235
0.121417
-0.087173
0.145517
0.152807
-0.189352
-0.133529
-0.081904
-0.165571
-0.119516
-0.025729
-0.022780
0.128900
0.071009
0.034161
0.016988
-0.073526
0.201922
0.070368
-0.026947
0.047178
-0.048842
-0.031117
-0.152317
-0.035955
0.107422
-0.036160
0.006937
0.170302
-0.229932
-0.009418
-0.044230
0.232049
-0.038212
-0.154125
0.217459
0.133428
-0.081867
-0.087913
0.005087
-0.133657
-0.030847
0.018510
0.072506
-0.099999
0.049401
-0.137882
-0.114063
0.093438
-0.103472
-0.192426
0.120931
0.019490
0.011196
0.035038
-0.139678
0.104220
0.123033
-0.294397
-0.023665
-0.032184
0.016127
-0.036670
0.035949
0.099431
-0.143974
-0.157130
0.162857
-0.044724
0.060433
0.153625
0.093597
-0.023161
0.029848
-0.102647
-0.052764
-0.035654
0.050198
0.002098
-0.111152
-0.033990
0.072355
-0.119839
0.030242
-0.138837
-0.156906
0.063300
0.109979
0.003341
-0.075802
0.198067
-0.016090
0.030436
-0.064805
-0.155043
0.085103
-0.114939
0.074093
0.033483
0.095284
0.028491
0.030830
-0.181073
-0.060839
0.073773
-0.125038
-0.033931
0.152175
-0.065612
-0.052477
0.050427
-0.167498
-0.043847
-0.063675
0.095810
0.055712
0.068700
0.161269
0.040170
-0.048752
-0.150310
-0.093642
0.125682
-0.170986
-0.056939
0.175889
-0.194305
0.255965
0.123397
0.021713
0.128790
0.086549
0.064621
-0.142580
0.012892
0.011518
0.170198
-0.159013
-0.068148
-0.080557
-0.130791
-0.038012
-0.282527
-0.096350
-0.022286
-0.004993
0.141191
0.091041
0.125120
0.202316
-0.036229
0.116953
-0.011621
-0.210776
0.194578
-0.011089
0.006300
-0.040018
0.145280
-0.046425
-0.128532
-0.019943
-0.092468
0.096565
0.137107
-0.164201
-0.010651
-0.007323
-0.105230
-0.142360
-0.040851
-0.024014
0.004607
0.017503
0.143930
-0.068702
-0.176767
0.109079
-0.009165
-0.006492
0.000091
0.098718
0.011247
-0.069681
0.175334
-0.034680
0.005388
-0.082571
-0.081020
-0.113734
0.058518
0.123170
0.014264
0.098693
-0.042358
-0.032948
0.066438
-0.046501
0.030958
-0.069882
-0.132390
-0.241011
-0.015578
0.018262
-0.006079
-0.014454
0.043891
0.025433
-0.014597
-0.001251
0.077543
0.218368
-0.075465
-0.255566
-0.103133
0.018625
-0.160540
0.100402
0.161572
0.022946
-0.159874
-0.110624
-0.032393
-0.098424
-0.099785
0.038801
-0.060454
0.052578
-0.176492
-0.169286
0.099637
-0.038775
0.024776
-0.044667
-0.061494
0.191891
0.060563
-0.054210
0.194487
0.048616
-0.056099
-0.103639
0.156027
-0.001658
-0.077713
0.035481
0.012491
-0.238042
-0.008588
0.058297
-0.154730
-0.112543
0.136729
0.088531
-0.011796
0.039909
-0.015380
0.085649
0.003915
-0.078937
-0.066407
0.088001
-0.204274
-0.142569
0.045363
-0.316089
0.008582
-0.020398
0.230008
0.020126
0.047183
0.055943
0.154162
-0.079652
0.053458
0.060197
-0.049336
-0.052579
-0.005499
-0.025690
-0.101563
0.226482
0.079317
0.146558
0.052779
-0.004820
0.070807
-0.087588
0.112979
-0.059755
-0.031608
-0.043265
-0.060580
0.139633
-0.134491
-0.103668
0.020750
0.033177
-0.043602
-0.165320
-0.059973
0.069203
0.014387
0.007325
0.045932
0.001112
0.025661
-0.045636
-0.011109
0.053304
-0.346695
-0.154801
0.018736
-0.056006
-0.156635
0.166193
0.041376
0.036858
-0.194266
-0.080224
0.019743
-0.220280
-0.106237
-0.106524
-0.188216
-0.013595
0.078575
-0.018130
0.095952
0.159435
0.007250
-0.024787
-0.025181
-0.086710
0.146417
0.248049
0.041004
-0.149948
0.045263
0.158359
-0.267012
-0.139784
0.071867
0.089349
0.207140
0.054249
-0.117225
-0.084542
-0.070699
0.026589
-0.063130
0.064472
-0.079799
0.160510
0.034094
-0.248636
-0.044439
0.073850
-0.266845
-0.228354
0.032648
0.042472
0.105512
-0.048616
0.070988
-0.000284
-0.117910
0.043518
0.016245
-0.097022
-0.204800
0.093078
0.046202
-0.092186
0.023545
0.176358
0.019105
-0.077098
0.077905
-0.007764
-0.099987
-0.036299
0.181085
0.033990
-0.018709
0.035387
0.091183
-0.039339
-0.134039
-0.199377
-0.036006
0.012237
-0.194345
-0.049337
-0.016475
-0.077970
0.050278
0.004989
0.268192
0.172616
-0.086744
-0.060460
0.079713
0.142280
-0.113367
-0.002942
-0.132186
-0.013778
0.062991
-0.001553
0.080707
0.109896
0.023902
0.013818
0.067447
-0.055394
-0.136278
-0.087388
0.158445
-0.052002
-0.091469
0.071180
-0.141964
0.021012
0.231323
0.221497
0.029788
0.115547
0.191837
0.155750
0.091995
0.106490
0.132976
0.121143
-0.008846
0.011727
-0.085965
0.145248
0.055501
-0.111170
0.088453
0.084825
-0.303093
0.033424
-0.048181
0.164102
-0.087166
0.027145
0.176488
0.103764
-0.049051
-0.120089
-0.058752
-0.019315
0.002387
0.049344
0.015306
0.008641
0.061635
-0.049118
0.263113
-0.099983
0.113069
0.247349
-0.030773
-0.085392
-0.295000
0.073931
-0.208853
0.062168
-0.220190
-0.161931
0.083468
-0.036503
-0.011857
0.152029
0.075890
0.123930
-0.048778
-0.283494
0.034507
0.078919
0.034841
0.174734
0.042986
0.151664
0.069158
-0.158345
-0.126379
-0.290089
-0.191944
0.103388
-0.085839
0.209686
0.149241
-0.030012
-0.126317
0.091377
0.129688
0.132841
0.089977
-0.047982
0.170567
0.037369
0.005448
0.349978
0.043069
0.094038
0.323186
0.091136
0.142577
0.005477
0.150366
0.024480
0.089347
-0.090059
-0.114093
-0.012810
0.044363
-0.134426
-0.055011
0.080949
-0.130455
-0.083428
-0.195809
0.020838
-0.125607
-0.254336
-0.047089
-0.030440
-0.032800
-0.002821
0.042726
0.208231
-0.085532
0.103101
0.114148
-0.005069
-0.051943
0.017005
-0.075794
0.222602
0.103482
-0.070965
0.236411
0.182876
-0.013630
0.052451
0.003706
-0.045497
-0.144876
-0.180771
-0.036788
-0.064641
0.264921
-0.085792
-0.039959
0.090105
-0.099721
-0.012322
-0.111666
-0.018188
0.109384
0.016172
0.004665
-0.106168
-0.164709
-0.071786
0.080005
-0.068998
-0.092574
0.139810
-0.024709
-0.035166
0.053898
0.070487
-0.049564
0.041101
-0.186831
-0.261334
-0.192927
-0.030459
-0.050231
0.051032
-0.056251
0.012182
0.088846
0.003413
0.051181
0.437984
-0.115195
0.035977
0.186943
0.163396
0.027270
-0.022030
0.071827
0.073042
0.089164
-0.134794
0.019484
0.228307
0.092418
0.094988
0.238333
-0.122861
0.049843
0.102952
-0.006426
-0.114001
-0.107698
0.173531
0.011285
0.068172
-0.010935
0.100760
-0.038912
0.030055
-0.052605
-0.061649
-0.192254
0.072260
0.158615
0.104655
-0.033438
0.252550
0.121770
-0.035986
0.010729
0.053371
-0.181351
0.064838
-0.040514
-0.105624
-0.032338
0.128786
-0.043364
-0.146049
-0.202783
0.014788
-0.136671
-0.151285
-0.087728
-0.050395
-0.031647
0.234840
-0.013936
0.017694
0.071474
-0.033358
-0.085618
0.074917
-0.039370
-0.120000
-0.160159
-0.146767
-0.135069
-0.148462
0.135159
0.023247
-0.075577
0.113032
0.120526
0.062767
0.056246
-0.035909
-0.098338
-0.022292
0.017886
-0.074928
0.035901
0.035160
-0.187424
-0.076796
0.025267
-0.075610
-0.153175
0.011235
-0.124031
0.291722
0.027122
-0.243163
0.183843
0.199354
0.046674
-0.115610
-0.024388
-0.116056
-0.292088
0.019957
0.073591
0.031566
0.040020
-0.038833
0.109938
0.047641
-0.007194
-0.226631
-0.027714
-0.049181
0.109614
0.091534
-0.116197
0.054287
-0.047716
0.041312
-0.155488
-0.278886
-0.126244
0.207333
0.126818
0.014642
-0.054367
-0.058044
-0.047502
-0.069764
0.124411
0.191169
-0.092347
0.070822
0.133517
-0.121086
-0.030131
-0.029135
0.225170
0.106939
-0.131267
0.146724
-0.000747
-0.104168
-0.026915
-0.083307
0.095494
0.002540
-0.138156
0.157563
0.071215
-0.006865
-0.061728
-0.030904
-0.052582
-0.068170
-0.105551
-0.091219
-0.221092
0.121035
0.015525
-0.127970
-0.097399
-0.094041
0.072557
-0.060312
0.014813
0.026183
0.052661
-0.039845
0.067753
-0.087061
-0.136137
0.066233
-0.055659
-0.034814
0.189254
-0.021798
0.094172
-0.046568
0.044546
0.049167
0.035200
-0.093746
0.059054
-0.001059
-0.064793
0.027469
0.057758
0.162487
-0.070986
-0.194372
-0.036976
-0.053491
-0.017663
-0.088574
0.154720
0.092188
-0.055625
-0.033727
-0.040310
0.272507
0.326559
-0.108651
-0.033191
0.008765
0.007902
-0.103436
-0.364957
-0.106209
-0.059063
-0.056524
0.142307
0.020673
0.105398
0.183567
0.075770
-0.033469
-0.138885
0.085024
0.029229
-0.112203
0.015731
0.116818
0.019604
-0.062659
-0.017143
-0.077278
0.027781
-0.210628
-0.141321
-0.013998
0.008531
-0.072384
0.166052
0.048166
0.019114
0.115166
0.137014
-0.061622
-0.090252
0.124801
-0.001910
0.099104
-0.073483
-0.006041
0.090405
0.027824
-0.152461
-0.019171
0.090701
-0.086633
0.020891
0.049681
-0.164400
-0.138813
0.233011
0.136336
-0.074217
-0.306442
-0.219265
0.043143
-0.194479
-0.257224
0.054380
0.074481
0.197081
-0.083839
-0.055774
0.177007
-0.100214
0.048602
0.102164
0.030597
0.097829
-0.162208
0.077565
0.254554
0.004925
0.014004
0.045333
-0.144519
0.018101
-0.222207
-0.052927
-0.041844
0.247157
-0.042093
-0.160917
-0.332615
-0.013823
0.132785
0.096552
0.102268
-0.069858
-0.025752
0.151091
-0.002734
-0.073247
0.133442
-0.118730
-0.174763
0.165464
0.079361
0.097178
-0.037522
0.036053
-0.147185
-0.201204
0.005514
-0.073585
-0.151806
-0.082763
-0.000070
0.046837
0.037662
0.013927
0.049961
-0.099892
-0.284854
-0.130193
0.004869
-0.095282
-0.098244
0.097328
0.116072
0.146599
-0.122861
0.022720
0.075573
-0.004460
-0.225231
0.031449
0.102264
0.012860
0.013605
-0.030438
0.088238
0.063867
-0.019863
-0.195864
0.027322
-0.139230
0.032565
0.159413
-0.092442
-0.230499
0.009873
0.039539
0.116069
0.038945
-0.113725
0.106686
-0.088402
0.011180
-0.043854
-0.189753
0.035733
0.113428
-0.182354
-0.104931
-0.162889
0.019128
-0.072649
0.316566
-0.156553
-0.050064
-0.052257
-0.034051
-0.046604
0.241179
0.034588
-0.181860
-0.314917
-0.120117
0.047191
-0.083499
-0.167643
0.047006
0.069289
-0.035673
-0.209818
0.114708
-0.037803
-0.057809
-0.208650
0.172089
0.011823
0.087170
0.323217
0.092250
-0.051179
0.051703
0.122486
-0.199664
-0.140806
-0.047680
0.205227
-0.086448
0.053930
0.044647
-0.101409
-0.086694
-0.079212
-0.067087
-0.186186
-0.049898
-0.091953
-0.058413
0.001067
0.069021
-0.052170
-0.044266
0.211881
0.130414
0.154642
0.040645
-0.034759
-0.019124
-0.097583
0.002694
-0.186702
-0.196157
0.074086
0.099561
0.133597
-0.017142
0.065178
0.201758
-0.129681
-0.064944
0.045030
-0.154240
0.153535
0.220999
-0.021059
-0.188907
-0.232576
0.145095
-0.063249
-0.150570
-0.006548
0.133980
0.013108
0.157130
0.183048
-0.036338
0.007207
-0.023024
0.036354
-0.011273
-0.104034
-0.003530
-0.003803
-0.133976
-0.064987
0.112905
0.117843
-0.017808
0.058323
0.010647
0.030601
0.174387
-0.032619
-0.117679
-0.042321
-0.082353
0.020812
0.058412
0.146897
0.129532
-0.020320
-0.024492
-0.025582
-0.039966
-0.180083
-0.112991
-0.001323
0.082267
-0.044038
0.013736
-0.222278
-0.156699
0.029826
-0.110301
-0.078535
0.111235
0.199179
0.044833
-0.132264
-0.104559
-0.099306
0.231101
0.120922
-0.115794
0.031482
-0.003557
0.107925
0.174940
0.024109
0.155442
0.215661
-0.011344
-0.037137
0.019499
0.008182
-0.268944
0.038986
0.264633
-0.010064
-0.152891
-0.161533
0.240782
-0.165283
-0.154699
0.008717
-0.144194
-0.016590
0.102624
0.079888
-0.094824
0.024400
0.119323
-0.077560
-0.100869
0.061819
0.021976
-0.239558
-0.042927
0.166463
0.144018
0.147403
-0.034032
0.135915
-0.122007
-0.154540
-0.066083
0.137073
-0.271700
0.002608
-0.084166
-0.032588
-0.051477
-0.014461
0.178838
-0.105118
0.000126
-0.007140
0.036086
-0.013722
-0.107900
-0.017150
-0.050518
-0.050218
-0.023931
-0.041583
0.166978
0.190806
0.004770
-0.064719
-0.197247
-0.115227
0.244660
0.091680
-0.222924
-0.093362
-0.148727
0.041381
0.003257
-0.099119
-0.004914
-0.272726
-0.017957
-0.122527
0.025422
0.002608
-0.024738
0.138063
0.105489
0.008450
-0.058299
0.042089
0.091099
-0.133707
-0.174638
-0.167540
0.015999
0.037770
-0.082817
-0.159267
-0.092449
-0.017979
-0.080914
-0.104498
0.069897
-0.052674
0.074079
0.089099
0.241519
0.017484
0.200618
0.216091
-0.185072
0.050806
-0.075364
-0.160420
-0.047927
-0.135180
0.095679
-0.048361
-0.066726
-0.028888
0.140052
0.090813
-0.226122
0.051655
0.090621
-0.271809
0.155251
0.104337
-0.151957
0.218823
0.077416
-0.050679
0.064167
-0.023387
0.067535
0.182160
-0.150377
0.037369
0.112596
-0.016262
-0.130453
0.138213
-0.024546
0.004651
0.094726
-0.033502
-0.052935
-0.008893
0.015951
0.006119
-0.183025
-0.017220
0.097300
-0.034098
-0.032008
0.103893
-0.004623
-0.012728
0.104389
-0.125029
-0.103571
0.147186
-0.110274
0.055769
0.083729
-0.183806
0.077609
-0.110901
-0.020298
-0.083591
0.008051
0.146935
0.111243
-0.004939
0.004775
0.239218
0.015332
0.184622
0.099286
-0.087705
0.067723
0.167704
0.070725
0.026367
-0.042390
0.104231
-0.067728
-0.160651
0.045969
-0.020043
0.127508
0.140421
0.058790
0.100773
0.225828
-0.068201
0.221985
0.032806
0.018673
0.026285
-0.045140
0.020235
0.053738
-0.150716
-0.025794
0.171755
-0.112466
-0.000192
0.018189
-0.078367
0.007142
-0.047937
-0.022334
-0.164660
0.030879
0.042255
-0.197046
-0.068107
-0.166747
-0.082117
0.060771
-0.111181
0.054799
0.241501
-0.084352
-0.006654
0.120861
-0.248969
0.020983
-0.006985
0.206288
-0.089447
0.075476
0.086149
-0.010905
-0.071526
-0.058138
0.078372
0.117346
-0.027820
0.135711
-0.006812
-0.135185
-0.054157
0.042784
-0.111728
0.026737
-0.021327
0.223548
-0.244910
0.001876
0.061258
-0.122493
-0.014563
0.013051
0.024561
-0.182060
0.003725
-0.076360
-0.055746
-0.054611
-0.141693
-0.128921
-0.145213
0.032274
-0.126627
-0.105769
-0.181589
-0.223348
-0.114009
-0.052908
0.092958
0.024333
0.128068
0.107843
0.031475
0.029092
0.096257
-0.159247
0.080321
0.031539
-0.116139
0.020257
-0.121783
0.030481
-0.213819
0.215996
-0.010712
-0.020718
0.135227
-0.140442
-0.025365
-0.052788
0.135549
-0.066581
-0.162244
0.006273
-0.054426
-0.210752
-0.125837
0.172419
0.235727
-0.018472
0.366563
0.019566
0.089235
-0.001634
-0.021696
0.028796
-0.112176
0.083965
0.000176
0.067772
0.015852
-0.225377
-0.004165
-0.292427
-0.178410
-0.076325
0.111714
-0.098778
-0.001474
-0.065733
-0.149926
0.103584
-0.347422
-0.107303
-0.028081
-0.047952
0.109585
-0.156831
0.044686
-0.132080
-0.021358
-0.089560
0.071717
0.088078
0.034195
0.020151
-0.142329
0.098393
0.086064
-0.029194
-0.155349
-0.164553
0.042655
-0.143111
0.074055
0.190096
-0.019867
0.073684
-0.059866
-0.118976
-0.061776
-0.017621
-0.091712
0.042561
-0.032481
0.316703
-0.127327
0.016747
0.068083
-0.047260
-0.005992
0.019209
0.105121
-0.098913
0.180282
-0.063295
-0.053363
0.155143
-0.002424
-0.009081
-0.057657
-0.172909
0.123315
-0.187054
-0.001234
0.096524
0.099171
-0.061680
0.169242
-0.016681
-0.094851
-0.027220
-0.051195
0.065026
-0.167558
-0.017589
0.099360
0.038925
0.047748
0.088441
-0.176224
0.026823
-0.033779
-0.214729
-0.005942
-0.185484
-0.089294
-0.140295
0.134604
0.049663
0.101572
-0.124641
0.166624
-0.064771
-0.139579
0.027195
-0.053740
-0.187611
-0.131353
0.114670
0.008126
-0.037891
-0.033694
0.025100
0.107480
-0.031477
-0.089128
-0.200649
0.156108
0.053516
0.062864
-0.031008
-0.001063
0.136057
-0.099451
-0.160676
-0.161174
-0.113181
0.052270
-0.145723
-0.040329
-0.019465
-0.140257
0.137237
-0.009570
-0.068426
-0.094003
-0.180213
-0.071479
-0.130552
-0.222078
-0.027982
0.247321
0.176723
0.041222
0.192974
-0.117827
-0.086114
-0.029885
-0.111818
-0.028641
-0.092306
-0.088930
0.143891
-0.124022
-0.073115
0.004044
-0.003961
0.084571
0.018848
-0.060997
0.076754
-0.030952
-0.040690
-0.078050
-0.151144
-0.289710
-0.027644
-0.067450
-0.106733
-0.040433
-0.260431
-0.207344
-0.106312
-0.030023
0.067760
-0.020393
-0.055297
0.066115
-0.151827
0.126109
0.035880
-0.141389
0.046832
-0.082083
-0.099958
-0.014224
0.050720
-0.037018
-0.012355
-0.239360
0.002361
-0.013797
-0.170380
0.020553
-0.040350
-0.223776
-0.217400
-0.052194
-0.004287
-0.090306
0.056789
0.067739
0.019411
-0.045604
0.069536
0.161257
-0.043583
-0.043527
0.143646
-0.170851
-0.026429
0.050937
-0.124622
0.039427
-0.111691
-0.086794
-0.231839
-0.148622
0.031324
-0.036000
0.091867
0.086124
0.009947
-0.042263
0.067835
-0.020317
0.154326
0.062578
0.002946
0.028374
0.068744
-0.163627
-0.130037
0.013714
0.167248
-0.141377
-0.029990
-0.018329
0.036132
-0.014918
-0.071157
-0.111514
0.006481
-0.059564
-0.138247
0.149517
0.111344
0.015924
0.111311
-0.149908
-0.098121
-0.084502
-0.134793
0.072720
0.031193
-0.090385
0.043478
-0.112962
0.037837
-0.098580
0.162247
-0.002278
-0.041201
0.308407
0.117683
-0.006589
0.062853
-0.010742
0.130261
-0.185417
0.209425
0.074984
-0.179968
0.165267
-0.122904
-0.056668
-0.182122
-0.100015
-0.178819
-0.149636
-0.023413
0.014413
0.052675
0.090407
0.034957
-0.071677
0.026015
0.110543
0.005078
-0.006712
-0.061727
-0.190520
-0.090941
0.109194
0.071541
-0.015267
-0.111673
-0.133136
0.024171
-0.100683
-0.130917
0.004282
-0.155686
0.115596
0.064780
0.121142
0.196254
-0.345505
0.062373
-0.040978
-0.175893
0.000855
0.086712
0.123868
-0.025809
0.032285
-0.273092
0.163702
-0.029981
-0.123227
-0.003593
0.127750
0.020744
-0.194044
0.126092
0.147645
-0.000062
0.254224
0.078941
-0.139169
0.058419
-0.084630
0.078392
0.085812
-0.193936
0.023794
-0.159766
-0.138711
0.189736
-0.084136
-0.123741
0.040325
-0.079630
0.100364
0.156441
-0.037898
0.143823
-0.054814
0.009998
0.049351
0.078697
-0.092412
-0.037268
0.108861
-0.189932
0.051803
-0.123436
-0.132067
0.031488
-0.058115
-0.130679
-0.227714
0.028535
0.061959
0.110208
-0.037419
-0.129459
-0.109978
0.012788
-0.113994
-0.219006
0.157613
0.056018
-0.043779
-0.050613
0.167789
-0.011787
-0.168892
0.211099
0.348408
-0.028864
-0.044741
-0.143119
0.132160
0.050497
-0.041399
0.012264
-0.036401
-0.026691
-0.138741
-0.102472
0.281039
0.131147
0.043714
-0.056318
0.133298
-0.053111
-0.184877
-0.009011
-0.094963
-0.067816
0.062550
0.026031
0.047206
-0.003206
-0.081240
0.057134
-0.057134
-0.045072
-0.122430
0.025479
-0.066389
-0.043368
0.115492
0.150934
0.119464
0.145396
0.053512
0.103901
0.018906
0.114001
0.088728
-0.050943
0.078474
0.100841
0.027080
-0.066736
-0.186126
0.022053
0.060438
-0.025990
-0.003569
0.074182
-0.174433
0.056920
0.002675
-0.050908
-0.104271
-0.102507
0.045476
-0.038624
-0.025735
-0.114530
0.030274
0.119463
0.061361
-0.127702
0.020251
-0.010225
-0.040861
-0.098901
-0.030077
0.015069
0.023077
0.014127
-0.061255
-0.011835
0.188427
0.043227
0.092699
0.011066
-0.062590
-0.020826
-0.115050
-0.072607
0.153403
0.007435
0.049100
0.108440
0.100282
-0.071175
-0.186906
0.103385
0.035071
-0.079164
0.045236
-0.192708
-0.007090
0.197683
-0.074745
-0.211065
-0.031377
-0.196820
0.060884
-0.022413
0.018987
0.229469
0.135974
-0.047499
-0.012689
0.050983
0.073429
-0.189667
0.020584
-0.032995
-0.219264
-0.308916
-0.003966
0.179376
-0.093599
-0.191224
0.034439
0.038662
-0.076935
0.108048
0.185213
-0.017905
0.009881
-0.056344
0.040354
-0.054191
0.072324
-0.014756
-0.262206
-0.111965
-0.025561
-0.148512
-0.121743
0.019668
-0.127256
-0.071710
-0.007150
0.076775
-0.058429
0.063525
0.134040
-0.055035
-0.003642
0.118885
0.017279
0.113334
0.257235
-0.009789
0.036268
0.068844
-0.172309
-0.059765
-0.030679
0.140281
-0.041012
-0.199074
-0.028183
-0.013019
-0.161027
-0.019066
0.041996
0.231537
-0.003411
0.164158
0.162127
-0.073926
0.086534
-0.108843
-0.082837
-0.023684
0.021048
-0.209199
0.188798
0.087649
0.054906
0.093116
0.094898
0.026605
-0.107671
0.087274
0.087391
0.026355
0.080628
-0.061390
0.018221
0.098771
-0.286002
-0.068604
0.043028
0.218966
0.012681
-0.246342
-0.006536
0.005703
-0.047440
0.054914
0.092067
0.059092
0.040197
0.077205
-0.143016
0.127892
0.007239
-0.141135
-0.041376
0.117793
0.226702
0.063809
0.190126
0.124496
-0.096169
0.051655
-0.056403
-0.240479
0.064399
0.077699
0.061549
0.077117
-0.013116
0.141705
0.116232
-0.095597
-0.211930
0.128801
-0.088953
-0.052025
0.157595
-0.165462
-0.280054
0.058442
-0.132665
-0.023461
-0.083331
-0.120329
-0.143239
0.035180
-0.052770
-0.212446
0.032757
0.072040
-0.047921
-0.048695
-0.126269
-0.132870
-0.048539
-0.192214
-0.128791
0.043375
-0.186974
-0.260352
0.083030
0.113614
-0.033604
-0.044001
0.158355
0.089541
-0.001115
0.052714
-0.031034
-0.036040
0.081034
-0.050140
0.201047
0.195429
-0.215127
0.023435
0.293527
-0.082739
0.015462
0.002205
-0.023416
0.015941
0.060561
0.348883
0.091604
0.108647
0.091129
0.066002
0.036060
-0.208445
0.014568
-0.087542
-0.158126
0.036561
0.100623
-0.122560
0.060388
-0.188223
-0.008851
0.026945
-0.229103
0.083912
0.010119
-0.318868
-0.035625
0.025233
-0.064672
-0.063658
0.071566
-0.023593
0.130209
0.062742
0.160859
0.149005
0.140647
-0.004587
-0.156198
0.220591
-0.023839
0.030632
0.098270
0.051979
-0.027344
-0.101037
0.017796
-0.017345
-0.070365
0.080647
-0.035774
0.047402
0.124636
0.046170
-0.010776
-0.151826
0.014550
-0.016737
-0.167077
0.119198
0.084644
-0.001315
-0.133275
0.031394
-0.030805
-0.220875
0.030112
-0.309918
-0.211352
0.196655
-0.113070
0.160431
-0.033014
-0.140841
-0.000207
0.034766
-0.171629
0.109265
-0.128857
-0.245242
0.099912
0.002935
0.033386
-0.061741
0.037552
0.151411
0.148057
-0.087512
0.117538
0.344104
0.004157
0.084746
0.056904
-0.024358
-0.103064
-0.221364
0.097756
0.034409
-0.036991
0.003251
0.007576
0.206747
0.076967
-0.042780
0.108613
0.013464
-0.168717
-0.034220
-0.080508
-0.105164
-0.051340
0.037161
-0.283795
-0.089029
0.130256
-0.058115
0.185707
0.062626
-0.003988
-0.036752
-0.106362
-0.195607
-0.117293
-0.152985
-0.217610
0.040154
0.003833
-0.140005
-0.029332
0.044777
0.052018
-0.058573
0.069865
0.134636
0.026425
-0.041141
-0.171621
0.184627
-0.013853
-0.135558
-0.022580
0.046894
-0.128629
0.108248
-0.080567
-0.027295
-0.079630
-0.236797
-0.249700
0.012734
-0.070059
-0.092242
0.186475
0.010312
-0.222440
0.002398
-0.017095
-0.052507
0.181723
-0.077718
-0.199521
-0.040412
-0.021466
-0.121009
-0.025768
-0.201944
-0.171244
-0.117023
-0.100902
0.009759
-0.110941
0.079672
-0.005442
0.062552
-0.050786
0.017223
0.030648
-0.014094
0.018288
-0.019131
-0.051195
0.073764
0.099976
-0.077648
-0.111276
-0.075342
0.034518
-0.066225
0.134608
0.029249
-0.045617
-0.155401
-0.009463
-0.129451
-0.282113
0.115309
-0.031315
-0.215693
0.116249
-0.102078
-0.020623
0.067971
-0.089624
-0.011905
0.176827
0.016225
-0.026458
-0.135601
-0.060526
-0.112396
-0.083494
0.078233
0.114088
0.040217
0.059607
-0.043961
-0.225120
-0.142036
0.099661
0.018659
0.033516
0.023418
-0.064653
0.237431
0.026433
0.011842
0.053233
-0.039970
0.057618
0.202775
-0.103907
0.058739
0.149689
-0.228160
0.044650
0.167970
0.033593
0.079735
-0.116765
-0.091338
0.099940
-0.176894
0.127472
-0.182848
-0.189228
0.152397
-0.215778
-0.164955
0.098408
-0.069101
-0.071458
0.059940
0.001102
0.165706
0.109610
0.132047
0.180456
-0.093613
0.150224
0.032913
-0.273378
-0.011885
-0.000290
0.045450
0.118050
-0.031900
-0.231149
0.074075
-0.015965
0.043445
-0.121067
0.118145
0.146770
-0.077384
-0.068561
0.096924
-0.104902
-0.281183
-0.304404
0.021406
-0.004424
-0.040460
-0.006566
-0.064886
-0.088985
0.111165
0.018100
0.043188
-0.119933
-0.073711
-0.041606
-0.048703
-0.253572
-0.114520
0.075993
-0.211390
0.075953
-0.021069
-0.065280
-0.016654
-0.029109
0.138175
-0.173393
-0.150280
-0.027026
-0.033468
-0.050036
-0.163739
-0.238852
0.024920
-0.082574
-0.215039
0.052447
-0.019523
0.100025
0.100998
-0.263297
-0.063164
0.068192
0.082322
-0.224859
0.255376
0.109601
-0.041419
-0.117035
-0.172527
0.041656
-0.085797
0.002569
0.115086
-0.003859
-0.088493
0.033206
0.025366
-0.209590
-0.091982
-0.087589
-0.223602
0.078919
0.129730
-0.076559
-0.023152
-0.100357
-0.160643
0.143214
-0.028421
0.132243
0.040423
-0.201030
-0.070738
-0.004014
-0.279111
-0.074587
-0.004328
0.079491
0.031859
-0.126272
0.236708
0.215973
0.083870
-0.186161
-0.147743
-0.054086
-0.022200
-0.165331
-0.115075
-0.003746
0.045567
0.111605
0.018112
-0.152140
-0.079031
-0.101979
0.023745
0.145319
-0.012256
0.054764
-0.006266
-0.092421
-0.016929
0.044182
-0.096134
-0.105820
-0.179324
0.067252
0.071278
-0.155663
-0.055761
0.001202
-0.051471
0.020943
0.076244
-0.117231
-0.035824
0.090122
-0.028293
0.061873
0.115633
0.067006
0.073979
0.107266
0.056369
0.006240
-0.030522
0.016645
0.220343
0.204947
-0.105502
-0.091631
0.169663
-0.259754
-0.145907
0.083416
-0.153575
0.056685
-0.130110
0.156527
-0.083065
-0.098197
0.012529
0.018086
0.063723
0.091200
0.134413
0.090190
-0.046208
0.010856
0.151823
-0.002724
-0.050418
0.061972
-0.033811
-0.174141
0.016944
0.054097
-0.327632
-0.120919
-0.026367
-0.035706
-0.015634
0.073623
0.024377
0.159738
-0.040247
-0.091902
0.071075
-0.068617
0.035513
-0.090686
0.013272
0.081132
0.031662
-0.213995
0.214722
-0.033322
-0.117559
-0.092660
-0.008871
-0.042820
-0.004022
0.058914
0.024275
-0.010760
0.085864
-0.188120
0.063356
-0.210269
-0.257982
-0.015785
-0.084243
-0.101394
0.085928
-0.114235
-0.303513
0.122599
-0.023958
-0.094435
0.121674
-0.004805
0.026915
-0.086542
0.159822
0.213919
0.093999
0.204590
-0.042924
0.083826
0.229149
-0.081883
-0.117997
0.003765
-0.014383
-0.090219
-0.100668
-0.139851
0.119484
-0.046637
0.051115
-0.050260
-0.090993
0.276107
-0.144156
0.000027
0.084012
0.127443
-0.208883
-0.112660
0.139067
0.003593
-0.020721
-0.041362
-0.090882
0.029546
-0.016466
-0.160626
-0.065852
-0.030587
-0.086645
0.004854
-0.171851
-0.018942
-0.057960
0.082246
-0.119899
-0.078692
0.056548
-0.147965
-0.059836
0.034275
-0.155861
0.010804
0.061170
-0.293183
-0.083636
-0.060465
-0.241168
-0.043087
-0.070995
-0.121344
-0.049610
0.018987
0.181115
-0.010260
-0.055973
-0.193741
-0.052343
-0.075240
-0.101813
-0.104633
0.139352
-0.074761
-0.070255
0.112304
0.018167
0.224298
0.184458
-0.074572
0.119309
-0.144699
-0.163358
-0.220477
0.101154
0.109605
-0.056987
0.003703
0.054651
0.080839
0.042374
0.398788
0.060542
-0.066516
-0.086291
-0.075271
0.094392
-0.089599
-0.179806
-0.021607
-0.032405
-0.151537
0.124434
0.038229
-0.104358
0.013774
0.194916
0.172113
-0.028181
0.082539
-0.101867
-0.085181
0.055515
-0.255941
-0.039787
-0.035115
-0.063925
0.084652
-0.219540
-0.146054
0.074195
0.007403
-0.051934
0.030280
-0.142757
0.041310
-0.072421
-0.191265
-0.064357
-0.110999
-0.139468
-0.275841
-0.058355
-0.104449
0.213595
-0.096976
-0.009410
0.026589
-0.089196
0.063205
0.079749
0.034603
0.072931
0.133932
0.133687
0.104026
-0.104833
-0.038282
-0.002833
-0.168395
-0.140485
-0.003009
-0.055823
0.050819
-0.199571
-0.191489
0.145003
0.038177
0.025278
0.060452
-0.025578
0.011031
0.181841
-0.041444
0.181062
-0.028778
-0.231466
-0.046777
-0.108718
-0.022090
-0.028011
0.084382
-0.018985
-0.087218
0.146565
0.122111
0.031361
0.001337
0.061060
0.012458
-0.088180
-0.011759
-0.029060
-0.100987
0.137794
-0.140236
0.002657
0.084286
0.088958
-0.021265
-0.140164
-0.057979
-0.057398
-0.078351
-0.067914
0.177209
-0.058785
-0.060185
-0.093502
-0.085703
0.066981
0.004354
-0.011864
0.043050
-0.039578
-0.160920
-0.046771
0.110729
0.130140
-0.071932
0.063562
-0.095261
-0.158924
-0.052892
-0.030649
0.105688
0.037586
-0.155714
-0.097661
-0.012106
-0.003214
-0.158574
-0.043400
0.071039
-0.002824
-0.008944
0.085661
-0.020928
0.033947
-0.069231
-0.212251
-0.089807
-0.169442
-0.071263
0.072522
-0.151476
0.065225
0.051365
-0.081179
0.081884
0.092860
-0.072123
0.114463
0.055656
-0.097490
-0.005348
-0.224432
-0.166757
-0.008887
0.162407
0.209783
0.116189
-0.072597
0.048714
-0.037409
0.191922
0.235960
-0.006852
0.165022
-0.070217
0.058258
0.007088
0.120901
0.269487
-0.011549
-0.055978
-0.100885
-0.092013
-0.123108
-0.089991
-0.152239
-0.228418
0.062400
-0.008093
-0.063510
0.041311
0.131625
0.109423
0.046181
-0.004643
-0.191609
-0.066237
0.002696
-0.085180
-0.143105
0.026940
0.102203
0.035523
0.158278
-0.159196
0.012428
-0.024705
-0.042897
0.337610
-0.059074
-0.055248
0.117819
-0.085267
-0.120523
0.094682
0.010158
0.027201
0.058402
0.126808
0.079918
0.041848
0.232333
-0.103330
-0.156991
0.037936
0.011168
-0.140384
-0.056554
-0.009806
-0.204377
-0.037891
0.156057
-0.011405
-0.164564
0.064063
-0.077889
-0.091107
-0.044055
-0.144763
0.222161
0.133489
-0.026635
0.152525
0.182447
-0.028617
-0.174198
-0.235716
-0.193750
-0.123306
-0.077503
-0.097518
0.126493
0.042263
-0.128838
0.169365
0.161060
0.110028
-0.092781
-0.064705
0.073262
-0.255367
-0.107338
0.219723
0.064314
0.132729
0.249566
0.221935
0.194669
0.019608
0.044069
0.005557
0.027948
0.064377
-0.074939
-0.262112
-0.178919
-0.131534
0.227356
-0.103461
-0.151208
-0.073256
0.082516
0.058283
-0.158927
0.065453
-0.093502
0.006173
-0.028062
-0.049300
0.170753
-0.219681
-0.127392
-0.020907
-0.133218
-0.055852
0.148913
0.057503
-0.150189
0.051219
0.234249
0.074566
-0.146973
-0.013602
-0.282084
0.126048
0.034030
0.029007
0.068977
0.016762
0.048344
0.029898
0.034388
0.115318
0.091261
0.097325
-0.145908
-0.052355
-0.114149
-0.101645
-0.042176
-0.090566
0.214595
0.131279
-0.128594
-0.021043
0.014938
-0.193644
-0.118206
0.068323
0.122799
0.150868
-0.002222
0.105398
0.008574
0.016608
-0.101048
-0.183354
-0.011663
-0.118658
-0.206356
0.001478
0.045506
-0.163669
-0.017136
-0.063504
-0.190074
-0.087473
0.036694
0.095976
-0.111334
-0.038583
0.015342
-0.045560
-0.150233
0.055387
-0.025837
0.105080
0.169924
0.125015
-0.060626
-0.092727
-0.065425
0.077920
0.096870
0.120783
-0.121959
0.129047
0.040610
-0.071333
0.165350
-0.095220
-0.178776
-0.189408
-0.219983
-0.048068
0.128214
0.063857
0.020226
0.092342
-0.129966
-0.061382
0.109754
-0.053147
0.058362
0.079792
0.073186
0.023059
0.113346
0.184994
0.065868
0.081624
0.108682
-0.065536
-0.234089
-0.160798
-0.019128
0.044801
-0.105928
0.157186
0.091655
0.048503
-0.022841
-0.136788
-0.178605
-0.011667
-0.059510
0.072765
0.131366
-0.009478
-0.035480
-0.004766
0.066974
0.060824
-0.075450
-0.290957
-0.011850
0.179982
0.141091
-0.077422
-0.190697
-0.180682
0.077937
-0.235978
-0.252868
-0.007655
-0.047101
0.020622
0.083257
-0.199653
-0.092083
0.008396
0.031567
0.076894
-0.050440
0.126270
0.168914
-0.160184
-0.054884
-0.023872
0.089399
-0.015749
0.217415
0.215695
0.039042
0.105020
0.115449
-0.169826
-0.061406
-0.013843
0.228391
0.133287
0.108024
0.043623
0.130030
-0.064540
-0.173615
0.060387
0.147960
-0.071492
-0.074764
0.092221
0.057740
-0.081460
-0.117807
0.204242
0.092081
0.086703
0.051571
-0.160946
-0.119373
-0.162862
-0.088865
-0.086978
-0.362093
-0.180475
-0.224052
0.117516
0.249833
0.128465
0.167072
0.149398
0.132308
0.180289
-0.041724
0.008795
-0.038652
-0.061240
0.070526
-0.174406
-0.155405
-0.019829
-0.215266
-0.299267
-0.195646
0.190082
0.100203
-0.155092
-0.030211
-0.005459
-0.055223
-0.031535
-0.115681
0.028925
0.029764
-0.150888
0.001104
0.012110
0.147881
0.054373
0.012787
-0.061917
0.024013
-0.100808
0.002896
0.124365
-0.006401
0.040942
0.123513
-0.033481
-0.005950
-0.034667
0.046656
-0.037644
0.066891
-0.041535
0.032580
-0.076766
0.088419
0.153505
-0.092540
0.096994
0.028235
0.021246
-0.180326
0.079388
0.167636
0.144863
0.093995
-0.001636
-0.068890
0.026378
-0.017875
0.066119
0.036879
0.151462
-0.105266
-0.281450
-0.265685
-0.213398
-0.024542
-0.009573
-0.047912
-0.039422
-0.132605
0.096010
-0.084196
-0.119016
-0.100835
-0.249277
-0.053446
0.070919
0.080869
0.051739
-0.227457
0.020106
0.147902
-0.096762
0.114967
0.118952
0.107036
0.202184
0.127189
0.031087
0.001804
0.093740
0.080688
-0.004010
0.049166
-0.151078
-0.004537
0.011790
0.024520
0.063448
-0.006148
0.026741
-0.073506
-0.069047
-0.030325
-0.003478
-0.017039
-0.019111
-0.092629
-0.218555
0.019105
-0.144938
0.082386
0.047853
-0.074175
0.007991
-0.095119
-0.112043
-0.204554
-0.131547
-0.094818
-0.183567
-0.009434
0.027210
-0.044579
0.119300
0.104509
0.013981
-0.188595
-0.147296
-0.027777
-0.051924
0.131063
0.165049
-0.101619
-0.001819
-0.102557
-0.072166
-0.123591
-0.117781
0.020588
-0.209172
-0.034576
-0.048573
-0.141575
-0.092569
-0.048142
-0.077688
0.008103
0.027302
-0.167764
-0.165397
-0.144493
-0.043019
-0.097427
-0.145369
-0.027855
-0.005330
0.072264
0.089474
0.052615
0.093081
0.030064
-0.174262
-0.009782
0.005431
-0.090218
0.078527
0.069488
-0.238687
-0.170623
-0.176644
0.026475
-0.122996
-0.001671
-0.108241
0.212465
0.139600
-0.018234
0.081384
-0.018723
0.012910
-0.053476
0.072008
0.030857
-0.021313
0.000913
0.028622
-0.228406
-0.005649
-0.042650
-0.151148
-0.237772
-0.088184
-0.075288
0.027781
0.067783
-0.044200
0.202417
0.198155
0.055839
0.153380
0.028700
-0.037624
-0.069796
-0.020371
0.166211
-0.029565
-0.020749
-0.022149
0.000689
0.072848
-0.115654
-0.123241
0.116424
-0.038066
-0.001818
-0.153970
0.018769
-0.087097
-0.038100
0.053662
-0.027486
-0.151157
-0.000868
0.320321
0.115401
-0.176808
-0.017538
-0.188491
-0.186263
0.055425
0.096686
-0.001654
-0.080306
0.208682
0.047135
-0.035787
-0.082129
0.148613
0.049318
-0.047223
-0.108824
0.042867
0.024351
0.033109
0.294592
0.044646
-0.009446
0.013422
-0.043449
-0.012220
-0.105579
0.069607
-0.004112
0.040153
0.194638
-0.095465
-0.085323
-0.057464
0.018470
0.123738
0.250766
-0.124769
-0.061461
0.099765
0.018038
-0.220905
-0.267025
-0.055371
0.032965
0.016122
-0.101729
-0.074949
-0.031305
0.081838
0.021030
-0.047921
0.061755
0.154387
0.070077
0.099748
0.137816
-0.024454
-0.063218
0.032582
0.143350
0.244086
0.115231
-0.127083
-0.071710
0.038977
0.160752
-0.085472
0.155730
0.037289
-0.090232
-0.040981
0.035454
-0.112570
-0.060630
-0.024892
-0.021193
0.139906
0.156205
-0.087015
0.180442
0.262359
-0.152475
-0.077699
-0.122970
0.147195
0.180570
-0.041576
0.034230
0.117275
0.027864
-0.069204
0.018625
-0.053878
-0.036610
-0.092870
-0.098529
0.019331
-0.114295
0.051399
0.067366
0.025227
0.002292
0.003528
-0.125478
0.008584
0.114941
0.053039
0.050460
-0.062789
-0.094845
-0.184616
-0.142856
-0.038746
-0.142605
0.201785
0.062013
0.075420
0.060014
0.080250
0.198915
0.023506
-0.062259
0.089227
-0.164703
-0.011783
0.165974
-0.002922
-0.016931
-0.004929
-0.018624
0.015423
-0.046631
0.052618
0.009539
-0.118115
0.013283
-0.028002
-0.043505
-0.124715
-0.043690
0.126707
-0.019668
0.007587
0.017339
-0.001303
0.017349
-0.051779
0.000778
0.163838
0.032957
0.085970
0.071435
-0.056153
0.041345
0.072626
0.075706
-0.249773
-0.173124
-0.028476
0.027419
0.252660
0.176088
0.138613
0.117717
0.032081
0.208157
-0.034104
-0.247695
-0.132354
0.279507
0.066610
0.181791
0.268428
0.053749
-0.016170
-0.123831
-0.191462
-0.016298
0.362570
0.082137
-0.199524
-0.024930
0.085632
-0.061650
-0.237752
0.140684
0.030931
0.077101
-0.230524
-0.011236
0.095684
-0.006356
-0.137492
-0.174271
0.013056
0.123447
0.150148
-0.165908
0.030877
0.054796
0.131608
0.037909
-0.048559
0.067604
0.192519
-0.084498
-0.012221
0.050861
-0.074856
0.093385
-0.002760
-0.039583
-0.015196
0.125684
-0.005385
0.077499
-0.029917
-0.086680
0.006795
-0.046934
0.069367
0.088415
0.019113
0.101669
0.152650
-0.048040
-0.057906
0.110582
-0.103415
-0.171649
0.038301
-0.088964
-0.009395
0.067058
-0.007003
0.012308
-0.006226
0.032053
0.023201
-0.104819
-0.231053
0.057186
-0.000855
-0.138891
-0.109755
-0.177451
0.021317
-0.050172
-0.103604
0.057223
-0.081414
-0.099886
-0.115995
-0.218287
-0.073807
-0.004694
-0.088588
-0.041948
-0.086338
-0.079374
0.106366
0.087314
0.056274
0.007696
-0.008655
0.082677
-0.045353
-0.080851
0.150974
-0.082516
-0.060818
0.106944
0.284500
-0.064605
-0.130255
0.069256
-0.240974
-0.001144
0.297847
-0.143544
-0.193495
0.263374
-0.056262
-0.261768
-0.204152
-0.007550
0.043968
0.077482
0.011319
0.065436
-0.108360
-0.202224
0.018662
-0.004317
-0.236303
-0.147434
0.147625
-0.053842
-0.168655
-0.015360
0.031532
-0.014638
-0.030781
-0.037069
0.221087
-0.028300
-0.018578
0.129896
0.157233
0.041383
0.037852
-0.028508
-0.120562
-0.138398
0.141879
0.110707
-0.032184
0.128777
-0.013391
0.114407
0.060971
-0.108285
-0.001715
0.161481
-0.016914
0.060709
-0.071568
0.101220
0.171365
-0.158542
0.035475
0.361263
0.163642
-0.027478
-0.015185
0.147180
-0.045485
-0.155190
-0.016249
-0.088878
-0.162525
-0.369092
-0.027453
0.107793
0.028490
-0.083653
0.198336
0.312507
0.165019
0.239222
-0.393541
0.043217
0.017244
0.052078
0.005556
-0.142964
0.021440
0.036198
0.108945
-0.004775
0.025666
0.003348
-0.136332
0.042198
-0.031570
0.023685
0.050991
0.064692
0.099568
0.089320
0.066286
-0.102416
0.066122
0.215204
0.036105
0.039035
-0.010737
-0.070440
-0.023151
-0.050556
0.214719
-0.031437
0.002127
0.012819
0.049119
-0.012815
-0.019818
-0.037479
-0.040880
0.059541
0.020424
-0.006236
-0.015540
0.086024
-0.009963
-0.166101
0.004327
0.001423
-0.109826
-0.110645
0.071706
0.159249
0.130366
0.168326
0.115807
0.040878
0.018806
-0.181759
-0.019573
-0.152299
-0.116634
0.074390
-0.041445
-0.140742
-0.070349
-0.176202
-0.135749
0.093671
-0.005327
0.091897
0.150829
0.013643
-0.418696
0.025595
0.078161
-0.139000
-0.126408
0.088304
0.065067
-0.051768
-0.238106
0.032088
-0.035848
-0.210401
-0.045598
0.043902
0.002552
0.004863
-0.036107
-0.013391
0.006325
0.039324
0.051808
-0.121178
-0.017751
-0.192959
-0.035061
-0.014875
0.093232
0.032237
-0.049215
-0.086186
-0.222813
-0.067143
0.042305
0.064965
-0.125802
0.192986
0.078936
0.028663
0.239055
0.122009
-0.041382
-0.102074
-0.012515
0.030448
-0.066829
-0.118069
0.051784
-0.047542
0.008968
0.025085
0.094594
-0.052478
0.046652
-0.221296
-0.129763
-0.088042
-0.064614
0.136706
-0.046824
-0.004945
0.069996
-0.072383
0.124515
0.073282
-0.085422
0.094738
-0.005910
0.095794
0.019707
-0.039274
0.002418
0.035415
-0.067146
0.020713
-0.054207
0.052657
0.003942
-0.056620
0.024548
-0.012497
-0.135389
-0.111613
0.052499
-0.063409
0.078755
0.046479
-0.099810
-0.000537
0.011112
-0.235099
0.021206
0.126829
-0.086313
-0.228781
0.167972
-0.034395
-0.090597
-0.108373
-0.105990
0.040974
-0.048600
-0.138980
-0.130700
0.117150
0.180983
-0.273501
-0.042231
-0.229430
-0.062821
-0.050910
0.039417
0.182001
0.056531
0.102542
0.032259
0.006497
-0.247578
-0.069786
-0.112213
0.050395
-0.008258
-0.144177
0.156274
0.113832
-0.086018
-0.249604
-0.318833
-0.060554
-0.166588
-0.054142
0.088147
-0.030426
0.043171
-0.292197
-0.196952
-0.243109
-0.189537
-0.033419
-0.147554
-0.124470
0.005378
-0.107595
0.020421
-0.209678
-0.198960
-0.005960
0.138643
-0.114964
0.069629
0.068348
0.073635
-0.102941
-0.257177
-0.091323
-0.107733
0.013424
-0.004825
-0.209639
-0.089514
-0.008553
-0.053823
-0.225510
0.230417
-0.159196
-0.101075
-0.025470
0.121172
0.249687
-0.113822
-0.336092
-0.220728
0.024529
-0.066495
-0.178519
-0.078071
0.002481
0.092670
0.024576
0.000743
-0.103743
-0.050719
-0.059907
-0.040805
0.042701
-0.083657
0.115286
0.173688
0.084658
0.296625
0.228407
0.111537
0.200667
0.361771
0.016748
0.048316
-0.145982
-0.141750
-0.099250
-0.217465
-0.097734
-0.015962
-0.131831
-0.099588
-0.060467
0.092539
0.127157
0.250082
-0.104368
-0.087365
-0.089343
-0.098709
-0.048605
-0.146881
-0.017867
-0.097241
0.037756
-0.156580
-0.153801
0.007912
0.035836
-0.040864
-0.033354
0.001123
-0.005208
-0.002206
-0.195888
0.122504
-0.032380
-0.119112
0.026861
-0.198827
-0.210867
-0.077127
0.117191
0.221888
0.021500
-0.096621
0.002594
0.146064
-0.028815
-0.141264
0.116076
-0.153573
-0.078126
0.081108
-0.005919
-0.111061
0.115378
0.241049
-0.096105
0.136598
-0.041739
0.191675
0.156369
0.207008
0.093405
-0.068353
0.054406
-0.158117
-0.047783
-0.050652
0.047711
0.013283
-0.095174
-0.034216
-0.017644
0.077986
0.115664
0.042103
0.135104
-0.130224
0.027337
-0.124489
0.238342
-0.002178
-0.110746
0.066878
-0.045278
-0.061450
0.086983
0.001380
-0.056982
0.174964
0.041583
-0.075340
-0.082812
0.010858
0.201904
0.035661
-0.045930
-0.142344
-0.071843
0.033578
-0.051797
0.029956
0.015483
0.076134
0.002878
-0.020706
-0.105179
-0.057988
-0.041756
0.089246
-0.017106
0.041148
0.080832
-0.133760
0.072724
-0.037245
-0.148025
-0.000078
-0.046566
-0.101467
-0.062176
-0.177200
-0.047380
0.129898
-0.027307
-0.052619
0.233525
0.060582
-0.034678
-0.056613
0.123526
0.043227
0.043350
0.329938
0.207449
-0.034797
0.013859
-0.006936
0.034003
0.116078
0.060637
0.007993
-0.081401
-0.047439
-0.036888
-0.082348
-0.048512
0.003051
-0.119857
-0.090742
-0.161319
-0.202123
-0.173507
-0.007189
-0.069145
-0.040634
0.144740
0.250627
0.183990
0.041818
0.030354
0.211608
0.034303
-0.041283
0.264632
0.091744
0.152737
0.063998
-0.153408
-0.285636
-0.277716
0.091317
0.010760
-0.206053
0.116130
-0.181352
0.070296
0.119682
-0.147910
-0.073157
0.093619
-0.020954
-0.110106
-0.026316
-0.184398
-0.065795
-0.004376
-0.047803
-0.117776
0.040437
-0.160436
-0.000295
0.169044
0.086624
-0.038040
0.130209
-0.003872
-0.172166
0.149741
0.116739
0.036023
0.061140
0.105170
0.001249
-0.139576
-0.007344
-0.131344
-0.123039
0.056291
0.070572
0.025691
0.227888
0.012343
0.077348
0.281553
-0.085880
-0.047722
0.090581
0.003337
-0.201181
-0.225581
-0.078320
0.176764
-0.112126
0.146783
0.130484
-0.010841
-0.176139
-0.043394
-0.146631
-0.108218
-0.012868
0.063263
0.043818
-0.094201
0.118328
-0.165656
-0.117128
0.002618
-0.127980
0.251350
-0.073344
0.009488
0.176939
-0.083221
0.195333
-0.117576
-0.086373
0.030067
-0.016961
-0.225711
-0.052253
0.044044
-0.148494
-0.002218
-0.126400
-0.025626
0.228139
-0.119857
0.020642
-0.122214
-0.109242
0.033526
-0.093408
0.156525
-0.002905
-0.004680
0.188257
0.171551
0.117688
-0.044225
0.014910
0.062240
-0.139688
-0.147012
-0.008139
-0.058726
0.162537
0.025949
0.001434
0.003547
-0.305659
-0.044877
-0.175179
-0.152432
0.071896
0.104197
0.058239
0.044697
0.188902
0.014525
-0.042815
-0.117183
0.003408
-0.024168
-0.061634
0.055956
-0.039988
0.144181
-0.054597
-0.087647
-0.063889
-0.056929
-0.209692
-0.072646
-0.126745
0.034756
-0.214060
-0.223997
-0.081274
0.120410
-0.025425
-0.158230
0.116615
-0.110364
-0.085950
0.238282
-0.045951
0.120155
0.150331
-0.003030
-0.005371
-0.072385
0.008839
0.007307
-0.268649
-0.066568
-0.080182
-0.147998
-0.029071
0.200281
-0.065778
0.147433
0.218329
-0.075359
0.055470
-0.039302
0.230753
-0.143317
-0.116159
0.349428
-0.115893
-0.248130
0.108270
-0.037435
-0.050999
-0.163448
-0.167684
0.043374
0.069252
-0.115275
0.092533
-0.033278
-0.171844
0.033890
0.089506
-0.109040
-0.002045
0.147759
0.047159
-0.215307
-0.034751
0.058908
-0.033170
-0.006819
-0.140352
0.039360
0.053620
0.022553
-0.043577
-0.052643
-0.029564
0.131916
-0.085807
0.103220
0.082330
-0.061590
0.022642
-0.011735
0.019020
-0.004625
0.088936
-0.054099
0.003320
-0.187571
-0.019716
0.041687
0.051575
-0.050950
0.068606
0.037364
0.071428
0.138850
-0.057070
0.263235
0.138816
-0.071627
-0.023556
0.082911
-0.178931
-0.205511
-0.148225
-0.127598
0.133243
0.032217
0.045021
0.191702
0.020916
-0.027392
0.097907
-0.065667
-0.098858
0.030328
-0.061319
-0.101116
-0.219015
0.001244
-0.069349
-0.029584
-0.086610
0.015635
0.000968
0.062773
-0.026203
-0.028851
0.092700
-0.026997
-0.037855
-0.080985
0.016768
-0.060857
-0.070663
0.013211
-0.138155
-0.039666
0.193170
-0.003903
-0.223317
0.033642
0.235611
-0.160722
-0.110673
0.153475
0.091574
-0.007902
-0.017839
-0.006671
0.088539
-0.023617
0.043080
0.217803
0.017673
0.083064
0.110834
0.035698
0.049879
0.063181
-0.085651
-0.024946
0.294912
0.043506
-0.007509
-0.006002
-0.041581
-0.026894
-0.078980
-0.095527
-0.130019
-0.086707
-0.026265
0.276448
-0.146619
0.038245
-0.126394
-0.107376
0.135402
-0.011550
-0.003647
0.086451
-0.057749
-0.025685
0.128337
0.131843
0.006916
-0.009237
0.214531
-0.065110
-0.097938
-0.140957
0.008002
0.258214
-0.067870
0.054818
0.149356
-0.094350
0.042677
0.084894
-0.078481
-0.013082
-0.071098
-0.037840
-0.230931
-0.398161
-0.192225
0.003964
-0.359239
-0.107303
0.151159
-0.123584
-0.057396
-0.016710
-0.114265
-0.068936
0.208391
0.026695
0.105219
0.050540
0.136274
0.049309
-0.032335
0.088388
-0.045743
-0.060609
-0.054581
-0.070051
0.012708
-0.001645
-0.107198
0.088441
0.018617
-0.082201
0.000515
0.074823
0.120002
0.005954
-0.114260
-0.163564
-0.193888
-0.097719
-0.183795
0.102293
0.066151
0.094501
-0.023368
0.063634
0.082242
-0.005477
-0.010507
-0.039618
0.216815
-0.000350
-0.131305
-0.002264
-0.002210
0.190690
-0.105132
-0.050992
-0.109796
-0.266902
-0.123712
-0.198186
0.145436
0.179978
0.028480
-0.219531
-0.044214
-0.157156
-0.057215
-0.094746
-0.113673
-0.139884
-0.091250
0.040582
0.002183
-0.045784
0.063820
0.015961
0.032239
0.090809
0.053284
0.082079
0.008182
-0.056256
-0.103498
-0.011118
0.035971
0.030793
0.160465
0.132291
-0.037317
-0.088503
-0.075378
-0.132802
-0.074583
-0.103589
-0.089445
0.032846
0.094878
0.077740
0.017320
-0.093157
-0.004469
-0.172060
-0.054337
0.102009
0.173553
0.029637
-0.087960
-0.093422
-0.053903
0.157336
-0.028831
-0.029302
0.141468
0.064837
-0.004116
-0.084795
0.037041
0.034155
0.027495
-0.114886
0.073079
0.046796
0.007884
0.013733
0.205820
-0.006642
-0.135374
-0.160545
-0.034871
0.134875
-0.120261
0.091888
-0.191773
-0.278602
0.019400
0.006197
-0.065598
0.045428
0.049154
-0.096885
-0.051136
-0.068045
0.060566
0.012225
0.047176
0.013691
0.192275
-0.069993
-0.034705
0.155175
-0.009169
-0.070042
-0.187916
-0.119687
0.078830
-0.300574
0.109506
0.273282
0.024705
-0.120302
0.091995
0.014110
-0.053845
0.003645
-0.132063
-0.054791
0.059619
-0.042180
-0.018657
0.043116
0.147239
-0.133151
0.044193
0.059469
-0.129846
-0.139366
-0.018842
-0.244804
-0.072900
0.089068
-0.203553
-0.229917
-0.055631
-0.147379
-0.015813
-0.109651
0.169460
-0.023131
-0.120495
0.020584
0.113478
0.069775
-0.251819
-0.011176
0.091376
-0.028131
-0.071064
0.033820
0.028361
-0.225131
-0.040900
0.057418
-0.083455
0.046723
0.017885
-0.078452
-0.028606
0.004128
0.026316
0.042445
0.064354
0.005715
0.135346
0.051370
0.135717
0.125369
0.029993
-0.050764
0.020416
0.003779
-0.059762
0.106245
-0.076786
-0.032930
-0.102022
-0.067547
-0.013965
-0.214727
0.132907
0.039111
-0.082017
-0.022719
-0.181592
-0.002442
-0.104938
0.039371
0.073817
-0.095575
-0.067087
0.139456
0.189245
-0.002557
-0.205374
0.069835
-0.083099
-0.008725
0.072823
0.001720
0.009059
-0.068297
0.110403
-0.060037
-0.221482
-0.038889
-0.072344
-0.056814
-0.011770
0.057771
0.207650
-0.096739
-0.178124
0.102402
-0.403395
-0.165126
-0.071567
-0.293445
-0.063467
-0.036427
0.045429
0.080181
0.006512
0.124913
-0.012867
0.041005
-0.004612
0.063606
0.079069
-0.127159
-0.270328
0.080076
-0.060500
0.023111
0.235437
0.175058
0.056298
0.050989
-0.087604
0.030551
0.200638
-0.232669
-0.008207
0.229116
-0.226836
-0.021355
-0.165724
0.148762
0.033346
-0.017587
0.127999
-0.043965
0.011415
-0.047703
0.094943
-0.060175
0.030574
-0.294928
0.026005
-0.122566
-0.006938
0.061702
-0.068488
0.052110
0.109111
0.088765
-0.074334
0.152611
-0.032689
-0.030406
0.115833
-0.015684
-0.000028
-0.105023
0.045659
0.171471
-0.299826
0.140822
0.110709
-0.048653
0.025794
0.042680
0.133514
0.045222
-0.095206
0.272194
-0.214639
-0.165931
0.165930
-0.208196
-0.046925
0.059804
-0.110934
0.245247
-0.134466
0.079639
0.166307
-0.256494
-0.044120
0.051049
0.009492
-0.067939
0.060840
0.201154
-0.123721
-0.030422
0.182857
-0.245707
-0.068313
-0.009504
-0.063429
0.208889
-0.045727
-0.087976
0.187165
0.028922
0.015394
0.062607
-0.074422
0.105250
-0.082156
-0.058148
-0.025820
-0.040502
-0.119734
-0.256762
-0.096969
0.058562
-0.016499
0.054224
0.001579
-0.028517
-0.097249
0.041869
0.002782
-0.047224
0.041052
0.035447
-0.106140
0.081409
-0.095716
-0.078858
0.055876
-0.010825
0.076849
0.078419
0.022405
-0.106520
0.208749
-0.039960
0.089282
-0.091704
-0.095306
-0.126306
-0.259569
0.224643
0.044147
-0.246460
0.208526
-0.001217
-0.149402
-0.034146
0.027723
0.228182
-0.099791
-0.040708
0.203489
0.038766
-0.176792
0.091068
0.135783
-0.066804
0.026463
-0.008263
-0.127058
0.107473
-0.054518
-0.153159
0.099470
-0.068868
-0.169545
0.023715
0.014222
-0.105759
0.061842
-0.028343
-0.075424
0.087040
-0.122072
-0.054461
0.009327
0.064428
-0.220221
0.003295
0.059898
-0.074658
-0.157325
-0.047782
0.009163
0.012615
0.062716
-0.178885
0.000846
-0.127658
-0.304066
-0.030284
-0.008362
-0.123227
-0.004438
0.028455
0.042774
-0.069012
0.075006
-0.000379
0.048856
0.014939
0.029931
0.050122
-0.072749
0.018190
0.122955
-0.183081
0.021855
0.032007
-0.050929
0.128740
-0.113250
-0.191958
0.049783
0.037577
-0.094856
0.197425
0.074729
0.028173
0.070055
0.011084
-0.075306
-0.100598
0.023649
0.145950
-0.095676
0.021118
-0.063093
0.015340
0.061720
0.192277
0.235961
0.094638
0.187586
0.050912
0.021354
0.031849
0.047822
-0.003162
-0.058298
0.016217
-0.059162
0.109905
-0.141436
-0.090234
0.039357
0.006123
-0.026597
-0.041181
0.002944
0.118247
-0.079382
0.004482
-0.075352
0.166454
0.026970
0.059700
0.036501
-0.015506
0.043785
-0.044838
-0.015258
0.041216
0.109763
-0.055773
-0.065838
0.031854
0.050210
0.109830
-0.167419
-0.191618
0.131280
-0.082252
-0.148252
0.143721
0.090385
0.108345
-0.102438
-0.096233
0.000902
0.003066
0.001678
0.040791
0.021169
-0.029157
-0.116939
0.069500
-0.015695
-0.165087
-0.016723
-0.246801
-0.058414
-0.073230
0.093492
-0.144910
0.055064
0.207356
-0.041344
-0.137288
0.150246
-0.089221
0.117502
-0.112720
-0.048245
-0.082444
-0.192288
-0.180516
0.014823
-0.026390
0.164881
-0.049494
0.119365
-0.094325
-0.085607
0.069849
-0.032231
0.055400
-0.180221
-0.039266
-0.123410
0.002751
0.112600
-0.045017
0.087472
-0.052169
0.151604
-0.031250
0.086350
0.086382
-0.075019
-0.149762
-0.082670
-0.264215
-0.096301
-0.101859
-0.161813
0.063676
-0.075022
0.119745
-0.122048
0.038531
0.142357
-0.043097
0.113859
0.201923
-0.131814
-0.004686
-0.103732
0.020044
-0.024899
-0.199523
0.113210
-0.083292
0.032867
0.110518
0.138324
0.159815
-0.094251
-0.198753
0.033199
-0.238963
-0.014369
-0.181171
-0.113058
0.062629
0.023217
-0.108077
0.152420
-0.184006
-0.278690
0.089178
-0.008127
-0.100062
0.154278
-0.126841
-0.060428
0.156985
-0.328941
-0.105841
0.113854
-0.216669
0.031670
-0.046133
0.101412
0.167860
0.070392
0.088693
0.198982
0.039191
0.004430
0.076613
0.167230
-0.096839
-0.078174
-0.076886
-0.264168
0.076599
-0.002014
-0.076925
0.053836
0.031927
0.100643
-0.051930
0.001358
-0.098946
-0.208907
0.093788
0.026870
0.043787
0.105103
-0.079692
0.071268
0.184014
0.021816
-0.095498
0.139276
0.179483
-0.043231
0.058409
-0.085571
-0.109035
0.054773
-0.011085
-0.036944
0.008106
0.140664
0.136612
0.148250
-0.027224
0.151769
0.101043
-0.094232
0.167096
0.040742
-0.155646
0.098504
0.026182
0.179226
0.139391
-0.134665
0.131415
-0.111091
-0.127407
-0.258490
-0.097221
-0.197933
0.017937
-0.094131
-0.112779
0.019986
-0.067820
0.025346
0.072594
0.106295
-0.088819
0.150952
0.006716
-0.092087
0.165837
0.053260
-0.118534
0.142516
0.115410
0.027645
-0.061742
0.103186
0.249247
-0.177902
0.164711
0.303125
-0.022589
0.010131
0.025138
-0.080229
-0.069018
0.189533
-0.198733
0.087323
0.170577
0.185581
0.009624
-0.026986
0.005653
0.021140
-0.074353
-0.039073
0.068713
-0.198975
-0.185751
-0.013859
0.187586
0.193623
-0.212265
-0.049469
0.115607
-0.185279
0.076520
-0.002867
0.017438
0.020683
-0.137012
-0.052285
-0.097662
-0.207228
-0.021060
-0.106425
-0.187065
0.027804
-0.057088
-0.040024
0.128866
0.045423
-0.099419
0.165725
-0.054202
-0.010809
0.085524
-0.189970
-0.130264
0.065020
-0.066568
-0.051002
0.137551
-0.236662
0.036885
0.088087
-0.028735
0.094707
-0.102787
0.140398
0.078929
-0.082576
-0.108719
-0.128046
-0.102824
-0.072317
-0.063092
-0.070336
-0.182134
-0.288861
-0.082056
-0.071837
-0.134123
0.104105
0.047576
0.110392
-0.030488
-0.085786
0.143808
0.076932
-0.076319
0.103163
0.046436
0.103258
0.004190
0.045679
0.054243
-0.096434
0.047692
0.041433
-0.054209
-0.114273
0.141348
0.026641
0.021208
0.084836
-0.210385
0.034833
-0.001729
-0.035736
-0.046147
0.058629
-0.322643
-0.094063
-0.126770
-0.198393
0.053369
-0.107783
-0.095780
-0.118894
-0.030745
0.147891
0.028811
0.039416
-0.193986
-0.028616
0.012745
-0.044409
0.010502
-0.024644
-0.018665
-0.017492
-0.115508
-0.009244
0.045918
-0.073149
0.172897
0.090922
0.165816
0.164275
-0.073030
-0.053266
0.063307
-0.147767
-0.133569
0.213813
-0.002232
-0.072195
-0.018269
0.061935
-0.007069
-0.056541
0.009478
0.077176
-0.078690
-0.076685
-0.066477
0.074565
0.024769
-0.018674
-0.079415
-0.045738
-0.119978
-0.051553
-0.309590
-0.145370
-0.209569
-0.095066
0.193302
-0.177295
0.040968
0.174069
-0.017395
-0.087224
-0.079081
-0.025324
-0.008878
-0.013468
0.007176
0.038725
-0.079609
-0.146761
-0.103344
-0.077108
0.088850
-0.097870
-0.079629
0.089634
-0.032323
-0.002138
0.302588
0.054806
-0.030375
0.069845
0.056978
0.032837
0.105120
0.067342
-0.053393
-0.108309
-0.080201
-0.227856
-0.008302
-0.056182
-0.077003
0.027266
-0.207794
-0.008715
0.007518
-0.110972
-0.181087
-0.165020
0.070795
0.091980
0.167339
0.211873
0.044235
-0.031032
-0.036963
-0.102086
0.003167
-0.002675
0.104187
0.159500
-0.032980
-0.271407
-0.008125
-0.076376
0.048844
0.061583
0.036906
-0.033758
0.021452
0.041104
-0.097956
-0.077779
-0.070766
-0.067099
0.131385
-0.165525
-0.097282
0.027528
-0.093328
-0.156868
0.038441
-0.071724
0.001977
0.130118
0.035755
-0.089045
0.291393
0.135458
0.041881
0.014732
0.030642
-0.096298
0.027687
-0.041203
0.013661
0.072728
0.103150
-0.014090
-0.000451
0.050273
0.040893
-0.090869
-0.212574
-0.025568
0.280625
-0.186548
0.034152
0.084484
-0.065246
0.069198
-0.057107
-0.066937
0.273984
0.097810
-0.240633
0.007973
-0.180288
-0.396810
-0.001410
-0.003631
-0.228780
-0.012964
0.072656
-0.120923
-0.336814
-0.093912
0.022392
-0.094247
0.022438
-0.061473
-0.148794
-0.006419
-0.083587
-0.225320
-0.084658
0.061586
0.003687
0.133232
-0.085718
-0.164100
-0.234457
0.082228
-0.045838
0.088735
0.039195
0.108335
0.019208
-0.077722
-0.180329
0.010269
0.004031
-0.000225
0.045881
0.157299
-0.051893
0.189845
0.079010
0.188029
0.095250
-0.039722
0.067517
0.067807
0.073972
-0.257067
-0.193746
-0.103365
-0.057049
0.210792
0.063307
0.043961
-0.050687
0.018938
0.218223
-0.068498
-0.045564
-0.367884
-0.159635
0.043560
-0.096778
-0.174757
0.018700
0.120853
-0.075548
-0.192150
0.016379
0.021981
-0.038825
0.058032
-0.102184
-0.065357
0.098360
-0.113108
-0.033272
0.126644
-0.068787
-0.055080
0.172396
-0.146407
-0.070131
-0.022061
-0.132345
-0.113542
0.050198
-0.062414
-0.126412
-0.153897
0.010528
-0.057145
0.114762
-0.067112
-0.146285
0.058842
-0.097870
0.051530
0.088692
0.030398
0.103592
0.145669
0.017829
-0.120881
0.062123
0.063116
-0.018980
0.106933
0.032502
0.087902
0.014101
-0.107759
-0.028253
-0.186855
-0.159713
-0.038287
-0.054057
0.032336
0.186603
-0.023789
-0.074323
-0.117102
0.134047
0.114789
-0.068505
-0.143990
0.121825
-0.196555
-0.094773
0.070001
-0.008321
0.125272
-0.105448
-0.022383
0.093849
0.041271
0.036379
0.026443
-0.038595
-0.012013
-0.037062
-0.141696
-0.196763
0.139640
-0.074191
-0.074411
-0.047432
0.082448
-0.029222
-0.180790
-0.324285
-0.079349
0.077506
-0.289993
-0.186287
0.112402
0.201495
0.066074
-0.001461
-0.159436
0.041122
-0.042948
-0.033793
0.123660
0.205474
0.033743
-0.018551
-0.066012
-0.013153
-0.084429
-0.052871
-0.053853
-0.036521
0.011700
-0.090956
-0.006981
-0.025408
-0.141657
0.025275
-0.095793
-0.127570
-0.015791
-0.066846
-0.225258
-0.204096
-0.031295
-0.172425
-0.181070
0.037618
0.205473
0.050321
0.057384
-0.032796
-0.000575
-0.153364
-0.070257
0.089426
0.006843
-0.209466
-0.137496
0.103269
0.041020
0.338437
-0.017048
-0.007073
-0.060127
-0.173128
0.010299
0.047407
0.221537
0.009171
-0.018451
-0.316671
-0.156282
-0.070588
-0.018145
0.049344
-0.022079
0.006337
-0.022477
0.039343
0.123704
0.144679
-0.131720
-0.184913
-0.131606
-0.150363
-0.009354
-0.032708
0.025484
-0.100560
-0.047321
0.031691
-0.016756
-0.000435
0.182321
-0.023833
0.042737
-0.056410
-0.414702
-0.272795
0.057714
-0.246708
-0.105645
0.108036
0.076152
-0.059545
0.103471
-0.178635
-0.138821
-0.008209
-0.025311
0.115760
-0.023134
-0.059026
-0.103975
-0.038562
-0.044383
0.082785
0.020227
0.124798
0.039240
0.330009
0.034584
-0.034138
0.011627
-0.009422
-0.152084
-0.131302
-0.081749
0.077883
0.009780
0.185052
0.157179
-0.062815
0.014159
-0.034950
0.026445
-0.020004
-0.117567
-0.040869
-0.181930
-0.029649
0.006362
0.120277
0.226868
0.117663
0.038750
-0.161572
-0.096510
-0.059188
0.123825
-0.135797
0.053001
0.288866
-0.000371
-0.222037
0.157110
-0.003489
-0.024765
-0.004759
-0.079669
-0.034375
0.053876
-0.023607
0.006817
0.154717
-0.043617
-0.016240
0.012309
0.065236
-0.098800
0.001232
-0.076925
0.144328
0.198148
-0.004301
-0.070242
0.091455
-0.001043
0.052672
0.240976
0.081705
-0.291173
-0.024609
0.047542
-0.090656
-0.079197
-0.048730
-0.337306
-0.157954
0.018536
-0.128515
-0.177965
0.011597
0.138169
-0.054036
0.037850
-0.015651
-0.261846
0.040477
-0.251282
-0.116615
-0.070576
-0.089205
0.023343
0.100223
-0.091004
-0.129751
-0.021725
-0.107387
0.033698
0.007264
-0.017702
0.026479
0.060296
0.159882
-0.060942
-0.050647
0.077257
-0.148615
0.004748
0.076681
0.116779
-0.045095
-0.043633
-0.125665
-0.061355
0.144146
0.227799
0.042498
0.045676
0.063249
0.025288
-0.028442
-0.045686
0.054793
-0.056637
0.029002
0.140928
0.069303
0.123269
-0.008984
0.069481
-0.114604
-0.038420
0.043679
-0.170042
-0.064326
0.091231
0.373385
-0.166231
-0.069966
-0.120811
0.161292
-0.019252
-0.017346
0.084865
0.137685
0.055129
-0.174983
-0.047306
0.175512
-0.105537
0.065102
-0.006837
0.087832
-0.065977
-0.111267
-0.160869
0.075076
-0.315847
-0.102348
-0.100029
-0.291605
-0.149556
0.133358
0.086434
-0.133495
0.018411
-0.068070
-0.060791
0.068125
0.070484
-0.037333
-0.149183
-0.180849
-0.057080
0.113401
0.031902
-0.246999
-0.014011
-0.006221
0.094647
-0.045404
-0.236714
-0.064220
0.338686
0.062688
-0.079809
0.050993
0.107376
0.096148
0.057336
0.007166
-0.149834
-0.146074
0.120622
0.109804
-0.090361
0.069968
0.101706
-0.086913
0.034939
0.063569
-0.134435
-0.180394
0.157176
-0.050622
-0.243646
-0.042873
0.001197
0.117846
0.155649
0.081403
0.031646
0.100469
-0.060733
-0.059410
-0.101300
0.102198
0.049913
-0.082275
-0.115029
-0.124975
-0.067719
0.042949
-0.099033
0.014317
0.022558
-0.024190
-0.139112
0.294294
0.295650
-0.086774
-0.093171
0.048765
0.156712
0.192886
-0.069985
0.132545
-0.152461
0.066482
0.004163
-0.105793
-0.164492
-0.130476
-0.101038
-0.132074
-0.128895
0.021711
-0.116509
0.066461
-0.119207
-0.038158
0.022718
0.043658
-0.006012
-0.037653
-0.168244
-0.114718
-0.153449
0.147707
0.042241
0.144608
0.123439
0.023443
0.075287
0.004340
-0.075528
-0.032540
-0.030388
-0.129371
-0.214008
0.024932
0.050011
-0.151657
-0.153791
0.068277
0.163581
-0.238369
-0.132816
0.062265
0.098888
-0.114594
-0.002423
0.004160
-0.078335
0.135544
0.059961
-0.129611
0.117186
0.077501
0.103613
-0.238191
-0.093192
0.050174
-0.214124
0.187023
-0.221982
0.131363
0.220889
-0.159732
0.079285
0.067146
-0.011211
-0.031944
0.011699
-0.041172
-0.094417
-0.012769
-0.143900
0.067956
-0.166963
0.230403
0.039688
-0.168493
0.121823
0.147440
-0.087096
-0.191616
-0.014447
0.208933
0.039661
0.086985
0.024473
-0.274214
-0.081169
0.174799
-0.164296
-0.014709
0.157765
-0.036885
-0.236499
-0.076850
-0.096933
-0.083021
0.034647
-0.164379
0.140829
-0.068350
-0.015280
0.060376
-0.113353
-0.098378
0.060359
-0.158303
-0.150447
-0.227196
-0.043232
0.114503
-0.149214
0.014044
0.120030
-0.024409
0.169121
-0.213976
-0.324742
0.051790
0.043574
0.171582
-0.102769
0.049616
0.035650
0.105820
-0.150572
0.244026
-0.045411
0.039131
-0.074868
-0.084505
-0.034842
0.006284
-0.026656
-0.035341
0.164125
-0.082986
-0.008103
-0.015607
-0.058497
0.139834
-0.010351
0.132589
-0.072448
-0.205618
0.072394
0.172127
-0.295799
0.013781
0.058301
0.007779
0.132573
0.040782
0.098833
-0.019663
-0.108974
0.071495
-0.042007
-0.137807
-0.185772
0.081284
0.072398
0.040298
-0.029393
0.083897
-0.097730
-0.084711
-0.134737
-0.160542
-0.029328
-0.077869
0.214156
-0.206983
-0.075652
-0.006774
-0.287045
0.096629
0.084313
-0.090301
0.016289
0.018993
-0.005144
0.083598
0.033740
-0.002559
0.126880
0.123646
0.145230
-0.012722
-0.044474
0.063129
-0.000428
-0.045552
0.060277
0.163918
0.102690
-0.097620
-0.051666
0.252705
0.017203
-0.280955
-0.002915
0.006063
-0.037324
-0.024621
-0.103646
0.030717
0.062891
0.028537
-0.153885
0.037795
-0.062935
-0.078736
-0.124520
0.003577
0.091748
-0.128829
-0.032254
0.129487
0.033944
0.075636
-0.007885
-0.083347
0.005937
0.006352
-0.138258
-0.064832
-0.191170
0.028086
-0.021711
-0.018169
-0.009917
-0.029808
0.083474
-0.200459
-0.095320
-0.179005
-0.041052
-0.137983
-0.078866
0.034122
-0.060809
-0.104352
0.013663
-0.005900
0.005121
0.168052
-0.009311
0.211762
0.089624
-0.138397
-0.010144
0.064338
-0.056511
-0.008219
-0.107478
-0.157365
0.097328
-0.114556
-0.015677
-0.114085
-0.054348
0.168806
-0.082414
-0.103416
-0.072985
0.236469
-0.029782
-0.022880
-0.018209
0.084366
-0.053480
0.051898
-0.011335
-0.101350
0.014390
-0.107926
0.129841
-0.010999
-0.186470
-0.211735
-0.062382
-0.259536
0.131595
-0.096674
0.024989
-0.074867
-0.052953
0.046082
-0.123640
0.099565
-0.181853
-0.011016
0.187951
-0.040645
-0.063736
0.028233
-0.253530
-0.090835
-0.142815
0.125051
0.177000
0.115408
0.073672
-0.194796
0.188823
0.100605
0.079879
0.041607
0.088143
0.068770
-0.136866
-0.091935
0.084873
0.094492
0.011059
0.002686
-0.066357
0.005528
-0.138034
-0.166392
0.028881
-0.144714
0.036613
-0.332860
-0.014459
-0.181561
-0.163585
0.051378
-0.030010
0.079043
-0.183148
-0.154198
-0.047517
0.217051
0.015828
-0.055819
-0.120654
0.284450
0.269453
-0.029491
-0.111274
-0.078554
0.137200
0.208819
-0.098922
-0.149724
0.107372
0.233873
0.044075
0.189530
-0.011492
-0.007639
0.048728
-0.067157
0.134558
-0.021943
0.165992
0.111504
0.090019
-0.027877
-0.060614
0.009041
-0.045181
-0.082602
-0.102294
-0.012822
0.132115
-0.111525
0.034198
-0.061062
0.032097
-0.116818
0.074291
-0.083464
-0.137318
0.091434
-0.045728
-0.061770
0.055277
0.163147
-0.162688
-0.168848
0.102201
0.186418
-0.008890
-0.084701
0.027543
0.319382
-0.169466
0.060783
0.095036
0.108734
0.055168
-0.297390
0.055097
-0.112698
0.182989
-0.027223
-0.207004
0.038774
0.037533
0.051576
0.292881
0.096002
0.019341
-0.125313
0.046034
-0.061551
0.049721
-0.145728
0.071792
0.029001
-0.009324
-0.066845
-0.090322
-0.005934
0.020624
0.073436
-0.022815
0.024312
-0.016878
0.068504
-0.057512
0.201781
-0.328916
0.029873
0.013325
-0.079233
-0.227712
0.060850
0.156711
-0.132571
0.149170
0.075616
0.008743
0.183330
0.051823
0.020464
-0.205495
0.022469
0.169492
-0.074464
0.125268
0.116058
0.016486
0.090788
-0.053875
0.131985
0.148401
0.035106
0.011699
0.056713
-0.146961
0.115736
0.080641
-0.089253
-0.012768
0.015716
-0.113270
-0.106608
-0.100687
-0.048800
-0.078292
0.019423
0.117350
-0.045792
-0.205357
0.024302
-0.053532
-0.038662
-0.071710
0.020120
-0.206477
-0.111753
0.079105
0.115930
-0.169900
-0.104287
-0.116654
0.052500
-0.088711
0.014671
0.010919
-0.119617
-0.103166
-0.012511
-0.078013
-0.081613
0.037568
0.016564
0.047367
0.046938
-0.004321
-0.029654
0.166046
-0.062828
-0.017500
0.171074
-0.166379
-0.073757
0.017468
-0.209727
-0.116047
0.054802
-0.111540
0.029837
-0.036379
-0.040163
-0.028515
0.056487
-0.126461
0.035464
-0.008169
0.060131
0.188238
-0.024522
-0.106676
0.041651
-0.070005
0.023962
0.063520
-0.132168
0.195146
-0.039274
-0.031315
-0.228438
-0.060612
-0.003907
-0.042988
-0.240145
-0.028398
-0.131809
0.111817
-0.065568
0.077227
0.052948
0.033026
-0.079191
0.114542
0.127273
-0.141683
0.009181
0.160414
-0.045640
-0.097197
-0.004962
-0.046715
0.124818
0.057460
-0.009566
0.045215
0.063368
-0.028516
0.078967
0.063205
-0.065792
-0.075167
-0.048614
-0.018731
0.032532
-0.055154
-0.028907
0.111802
-0.116869
-0.042630
-0.031307
-0.181951
0.245428
0.222381
-0.202880
0.018254
-0.111269
-0.069473
0.095801
-0.100633
0.117311
0.231345
-0.013380
-0.040370
0.158478
0.085506
-0.148584
0.004679
-0.137436
-0.078634
0.174230
-0.161625
-0.103070
-0.051640
-0.194646
-0.104806
-0.068910
0.045396
-0.072567
-0.105752
0.076067
-0.013972
0.027499
0.025309
-0.001685
-0.102110
-0.202158
0.002818
-0.078991
-0.317154
-0.093078
-0.018746
-0.182176
-0.157188
-0.212081
-0.190063
-0.212164
-0.148926
0.102759
0.048533
-0.023100
0.072831
-0.028520
-0.104884
-0.074835
-0.044381
-0.117628
-0.039704
0.151371
-0.035510
-0.054127
0.047411
-0.061412
0.036399
-0.050459
0.017051
0.209013
-0.176967
0.050418
-0.013921
-0.014510
0.246374
-0.303486
-0.038639
0.062658
-0.057988
-0.116900
0.149753
0.102396
-0.039038
0.264166
0.051591
0.078162
-0.039811
0.018719
0.090292
-0.279270
-0.113487
-0.033912
-0.118095
-0.092861
0.016787
0.046678
-0.189109
0.027971
-0.203799
-0.208839
-0.085382
0.110839
-0.081476
0.145080
0.042994
-0.335870
0.110363
-0.077836
-0.283623
0.182800
0.044326
0.027038
0.132724
-0.016465
-0.123137
-0.122597
-0.125225
-0.135470
-0.040032
-0.121769
0.069573
0.014549
-0.046475
0.120194
0.000113
0.121234
-0.078533
0.187791
0.257015
-0.199535
-0.198782
-0.096971
-0.047650
0.019510
-0.059775
0.045404
0.055666
-0.045131
0.001366
0.111496
0.120094
0.092588
0.058853
-0.066309
-0.238987
-0.008472
-0.224434
0.061987
0.141010
-0.100966
-0.070873
0.082059
0.128132
-0.090426
-0.029116
0.202114
-0.191996
-0.146051
-0.006507
-0.160791
-0.223596
-0.020493
-0.041951
0.040174
0.141658
-0.174985
0.026063
-0.063716
-0.002950
0.039108
-0.220549
0.083325
-0.057275
0.047500
-0.003383
-0.069926
0.005211
0.078097
-0.134144
0.024177
-0.022442
-0.114340
0.096746
-0.099830
0.129723
0.310984
-0.094701
-0.075413
0.170376
-0.179167
-0.036411
-0.024109
-0.033786
0.093477
-0.012640
0.040726
0.101695
-0.130153
0.136469
0.136831
0.188542
0.138614
0.027779
0.010138
0.157297
0.119542
0.060474
0.110401
0.123364
-0.182696
-0.147781
0.016600
-0.195212
-0.073634
0.004698
-0.020242
0.115430
-0.020586
0.081691
0.083311
-0.087572
0.263271
-0.161097
-0.105562
0.226886
-0.238393
-0.192574
-0.012579
0.225612
0.011797
0.052632
0.128408
-0.145773
-0.053449
-0.099304
-0.121820
-0.077220
-0.168356
0.000011
0.167155
0.025897
-0.043562
-0.056482
0.048534
-0.057625
0.028515
0.059296
-0.007757
-0.008006
-0.053102
-0.025932
-0.012247
-0.175137
0.174161
-0.028150
-0.199210
-0.053470
0.060225
-0.154631
0.082234
0.022750
-0.015469
0.182643
-0.153026
-0.040455
0.140691
0.089222
0.122040
0.065977
-0.087974
-0.094093
-0.000204
-0.066053
-0.022794
-0.169571
0.146493
-0.187259
0.087018
-0.067916
0.046139
0.067414
-0.196655
-0.132416
0.102735
-0.069601
-0.058337
0.068262
-0.012254
0.038617
0.065897
-0.088718
-0.168190
-0.050368
-0.158799
0.063585
-0.032353
-0.072952
0.114950
0.102620
-0.205021
-0.206475
-0.016140
-0.016446
-0.078971
-0.128073
-0.051457
-0.060266
0.073186
0.072673
0.087445
-0.024254
-0.202721
-0.042570
-0.028747
-0.068813
0.027393
0.061195
-0.012917
-0.092192
0.040454
0.126824
-0.132117
-0.097538
-0.018471
-0.013560
-0.162936
0.079863
-0.136013
-0.027812
0.098521
-0.166797
-0.182806
0.136562
0.068644
0.003965
-0.131917
-0.030403
-0.000234
-0.037907
0.091986
0.034578
-0.084140
0.028239
0.052338
-0.145491
0.121008
-0.019353
0.106775
-0.028853
-0.049117
0.010910
0.007494
-0.003028
-0.095543
0.013016
-0.054939
-0.026398
0.031948
-0.142039
-0.041823
0.023396
-0.030996
-0.146661
-0.049619
-0.107708
-0.009561
0.049464
0.116177
0.047674
0.219413
0.073902
0.130906
-0.010815
0.042095
-0.015427
-0.112973
0.140134
0.019067
-0.039926
-0.082331
0.091081
-0.207674
-0.006018
-0.045853
-0.261069
-0.176566
-0.008422
-0.054649
-0.144176
0.362621
0.104725
0.014911
0.340866
-0.057913
-0.272385
0.037879
-0.222674
0.024986
0.085497
0.080157
-0.048601
0.189821
-0.090096
-0.095406
0.150347
-0.056008
0.166946
-0.186068
0.272279
0.017230
-0.084723
0.001252
-0.068323
0.047075
0.017687
-0.120736
0.140966
0.032065
-0.210324
0.202867
-0.037110
-0.109029
-0.029826
-0.145489
0.123376
-0.111890
0.059343
0.009127
-0.198181
0.032755
-0.076590
-0.022646
0.046424
-0.023739
0.124455
-0.130086
0.180035
-0.009978
-0.160980
0.194395
-0.025289
-0.043321
0.043822
0.006929
-0.103291
-0.221344
0.109936
-0.120761
-0.049898
0.092974
0.104235
0.062405
-0.106425
-0.061590
0.059507
0.086462
-0.151523
0.036892
0.112216
-0.229079
-0.055365
0.095288
-0.099448
0.076273
0.212926
0.256352
-0.161492
-0.032773
0.198057
-0.063097
-0.092871
-0.162198
-0.018927
-0.090718
-0.159167
-0.215608
0.060894
-0.029491
0.108533
0.122425
-0.004291
0.146499
0.030954
0.062280
0.104950
-0.026693
-0.094060
-0.078813
-0.040685
-0.199672
0.113002
-0.018249
-0.196230
-0.033316
-0.001575
0.058842
-0.062386
0.163666
0.033821
-0.084498
0.129725
-0.095108
-0.169279
0.078476
0.036589
-0.037437
-0.161193
-0.099286
0.007979
-0.066732
0.252676
0.113071
-0.150468
0.019031
-0.014309
0.179119
0.055580
-0.110757
-0.169831
-0.157005
0.045811
-0.048527
-0.149510
0.185885
-0.124230
-0.154259
0.096641
-0.234533
-0.020040
-0.064106
0.115753
-0.088772
-0.042355
0.102200
-0.045058
0.104316
-0.036596
-0.027871
-0.157127
0.055373
0.058254
-0.053531
0.190039
0.032264
-0.166382
0.049580
-0.077234
0.003491
0.052044
-0.073099
-0.015794
0.210861
0.092910
0.011536
0.141769
0.301750
-0.099880
-0.131320
-0.002233
-0.139747
-0.063680
-0.173376
-0.032021
-0.049379
-0.025816
0.124204
-0.166839
0.113239
0.090787
0.078249
0.013629
-0.043684
0.023313
-0.140169
-0.156475
0.007074
-0.178438
-0.009439
0.160022
-0.072850
-0.123609
0.024679
0.070473
-0.120742
0.047372
-0.140068
-0.189627
-0.050928
-0.146355
0.060595
0.106406
0.124865
0.036389
-0.061648
-0.049092
-0.012355
0.152546
0.005662
0.055894
0.104774
-0.026165
-0.295825
0.015887
-0.034451
-0.317839
-0.124582
-0.021311
0.053082
-0.018809
-0.138213
0.108221
-0.006776
0.096539
-0.004792
0.091080
0.099653
-0.105919
0.133063
0.171314
0.060181
-0.013324
-0.130888
0.060994
-0.040071
-0.055548
0.017020
0.182484
-0.015825
-0.164172
0.082960
0.034467
-0.149570
0.116826
0.142824
0.065385
0.158233
0.039614
-0.085895
0.013597
-0.192306
-0.114027
-0.146442
-0.146423
0.084885
0.056072
0.290875
-0.014387
-0.000785
0.184313
-0.080779
-0.000703
0.034125
-0.056642
0.101923
-0.003372
-0.118717
0.039607
-0.043734
-0.034878
0.052801
0.161829
0.016080
-0.091056
-0.092110
-0.143522
-0.215361
-0.134613
-0.139310
-0.061400
0.299100
0.037336
-0.014818
0.036733
-0.063735
-0.131817
-0.085921
-0.000019
-0.018325
0.041259
0.103974
-0.075695
-0.004106
0.171596
-0.079737
-0.213495
0.028083
0.002100
0.191856
0.180704
-0.006729
0.274411
0.080627
0.011711
0.027114
0.043633
0.077773
-0.138346
0.001696
-0.161184
0.232308
0.062291
-0.047414
0.085497
0.016315
-0.024035
0.009728
0.015257
0.272173
-0.165497
-0.143071
0.163873
0.071112
0.062774
-0.152214
-0.140636
0.024929
-0.056677
-0.028220
0.044447
-0.004263
-0.159435
0.080043
-0.047326
-0.111815
0.042250
-0.057347
0.161851
-0.157260
0.094849
-0.051962
-0.065510
0.054069
-0.022999
0.107932
-0.091306
-0.169280
-0.029315
-0.136158
-0.037738
-0.013237
0.046036
-0.104831
0.018429
0.204049
0.231032
0.086109
0.009396
0.084072
0.010947
-0.023499
0.020497
-0.141518
0.045280
0.054237
-0.086236
-0.000915
0.021444
-0.041077
-0.126248
0.027209
-0.001252
-0.026965
0.140272
-0.019359
0.055711
0.010978
-0.106261
-0.011317
-0.096610
-0.152684
0.135183
0.171955
0.081454
0.185582
0.190379
0.097928
0.148241
0.007811
-0.083483
0.062716
0.001199
0.033304
0.114494
0.142093
0.102550
-0.088629
-0.368920
0.028327
-0.068943
-0.116552
0.107476
0.237566
0.061899
0.156139
-0.046317
-0.102984
-0.044726
-0.128023
0.068310
-0.068014
0.003150
-0.027016
-0.151859
0.004180
0.028757
-0.089410
0.086690
-0.075251
-0.086197
0.065396
0.005189
0.035157
-0.102953
-0.037285
-0.018645
-0.158657
0.143948
-0.072521
-0.164595
0.161182
0.080734
-0.205417
-0.074773
-0.099760
0.065146
0.131818
-0.052976
0.019737
0.125306
0.113515
0.081037
-0.042183
0.091150
-0.043803
-0.088560
0.052490
0.125514
0.124778
0.233165
-0.145325
-0.236369
0.084785
-0.221754
0.010260
0.023128
-0.144206
0.096703
0.130674
-0.150560
-0.062003
-0.071736
-0.098735
-0.159732
0.040976
-0.043712
-0.167917
-0.009545
-0.197127
-0.059139
-0.025120
-0.200728
-0.082439
0.052352
0.113581
0.104474
0.335408
-0.131088
0.018333
0.086831
0.029858
0.041260
0.102855
-0.135684
0.095053
0.153066
0.091733
0.012291
-0.000207
0.056341
0.021141
-0.114544
-0.115841
-0.016642
-0.018962
0.191939
-0.065536
0.140560
-0.047204
0.145816
0.000338
-0.133360
-0.026848
-0.086093
0.154016
0.148506
0.093588
0.045983
-0.070199
-0.244200
-0.065668
-0.128792
-0.028615
0.029424
-0.112013
0.083772
-0.099904
-0.123124
0.009845
0.188203
0.125097
0.137094
-0.142723
-0.209386
-0.067697
-0.023429
0.105412
-0.085358
0.051120
0.036703
-0.116211
-0.131768
-0.030090
-0.005963
-0.096141
-0.146973
-0.158285
0.142604
0.051198
0.024807
-0.208763
0.088729
0.001312
0.073463
0.053990
-0.028693
0.198369
0.112544
0.022845
0.006918
-0.038081
0.072302
-0.118289
-0.224500
0.176132
0.182449
0.105606
0.303656
0.062879
-0.028640
-0.042681
-0.043720
0.020334
0.090812
0.051930
0.069962
0.042660
-0.113606
-0.141004
-0.018282
-0.075346
-0.080409
0.012466
-0.071367
-0.029926
-0.057711
-0.031957
0.006871
0.055521
0.166190
-0.048486
-0.117410
0.121064
-0.170121
-0.216595
0.247346
0.273057
0.050208
0.147057
0.240906
-0.052758
0.086657
0.136266
-0.049929
-0.015252
-0.104321
-0.019658
-0.140273
0.233747
0.226667
-0.113544
0.150370
-0.107672
0.083808
0.105602
0.090322
0.147223
0.077408
-0.035619
0.071853
-0.227933
0.091642
0.002283
-0.236648
0.022967
0.062888
-0.221930
-0.161809
0.028492
-0.163426
-0.225746
0.002466
0.165468
0.188935
-0.223609
0.149544
0.019490
-0.162364
-0.170001
-0.190741
0.092005
0.138843
-0.044161
-0.020265
-0.125202
0.014063
0.124125
-0.113484
0.180890
0.241454
0.075553
0.078649
0.043412
-0.245302
-0.035513
-0.012931
-0.060152
0.049643
-0.107406
-0.035840
0.000989
0.207616
0.212118
-0.046450
0.109689
0.256740
0.039718
-0.214548
-0.013243
0.148643
-0.237979
-0.262825
-0.105560
0.027688
0.043277
0.091114
0.117189
0.225507
0.150546
-0.140976
0.170647
0.133843
0.146569
-0.079569
-0.053289
0.083155
0.125066
-0.013560
0.010262
-0.114892
0.017075
-0.002805
-0.090409
-0.079054
0.061875
-0.117260
0.014688
0.033950
0.007206
-0.090740
-0.096502
0.019250
-0.016845
-0.038567
-0.262723
-0.206265
0.190929
0.328860
0.169150
-0.030819
-0.089393
-0.037780
-0.073085
0.005672
0.176502
0.084598
0.147566
-0.001353
-0.003398
-0.025700
0.212700
-0.118776
-0.087745
-0.052185
-0.091984
0.014661
-0.256481
0.094673
0.146556
0.058677
0.101145
-0.009142
-0.016094
0.080014
-0.147480
-0.257167
0.342509
0.001006
-0.126607
-0.024363
-0.139847
-0.060176
-0.048628
0.027340
0.022598
-0.030520
-0.029630
-0.027372
-0.104740
-0.004088
0.116518
0.137415
0.162177
0.215972
-0.128471
-0.058104
-0.122162
-0.139694
-0.097796
-0.055784
-0.007216
-0.054921
0.150851
-0.142034
0.039630
0.179769
0.173367
0.122260
0.208974
-0.081061
-0.302486
0.127553
-0.149104
-0.071278
0.032078
0.079904
-0.105129
0.164603
0.236974
0.140117
-0.177063
0.090701
-0.057059
-0.124691
-0.023326
-0.091241
0.089106
0.019206
0.049695
0.238906
-0.102956
-0.248828
0.010804
0.004613
-0.157529
0.216742
-0.093274
-0.110829
0.027108
-0.019001
-0.251434
-0.176322
0.035395
0.134077
0.050742
0.055131
-0.125932
0.089533
0.149715
-0.107393
0.013848
0.003641
0.077016
-0.191445
0.074028
-0.001310
-0.093769
0.076961
-0.067565
0.070010
-0.033125
-0.136666
0.102912
-0.139305
-0.061984
0.210159
-0.061610
-0.013163
-0.037488
-0.033389
0.059126
-0.013231
0.134057
0.022351
-0.001630
-0.010475
-0.098102
0.040771
-0.077550
0.036081
-0.184809
0.052561
0.175271
-0.045981
0.024909
0.079630
-0.229019
0.046443
0.035504
0.029530
-0.047641
-0.225956
-0.000651
-0.112111
-0.143135
-0.048897
0.090819
0.253669
0.041182
-0.183956
-0.163034
0.034710
-0.216242
0.041598
-0.094261
0.129252
-0.040687
-0.164135
0.025151
-0.080003
0.111999
-0.084021
-0.250189
-0.032036
0.099522
0.219841
-0.000712
-0.085302
0.146824
0.157730
-0.136478
-0.153072
-0.142811
0.007523
0.097677
-0.088066
0.047079
0.197844
0.025259
-0.051791
-0.059542
0.104003
-0.016155
-0.051491
0.114967
0.148179
0.153198
-0.103436
-0.040679
0.209733
-0.154740
-0.146891
0.168540
-0.033622
-0.012255
-0.308891
-0.157100
0.107286
-0.019953
-0.022472
0.018847
-0.098044
-0.034283
-0.074655
0.122583
0.022259
0.036154
-0.127731
0.008205
-0.196880
-0.214824
-0.045583
0.030087
0.162824
-0.022468
-0.010739
-0.045786
0.049921
0.165625
0.037985
-0.012429
-0.223616
-0.062202
-0.156180
-0.187489
-0.042413
0.043327
0.005029
-0.187301
0.008005
-0.065153
0.137638
0.350899
-0.053665
0.117285
-0.014863
-0.144526
0.000958
-0.026573
-0.068465
-0.115410
-0.066736
-0.007646
-0.040163
-0.117307
0.004156
-0.101150
-0.142589
-0.117237
0.057301
-0.052005
-0.146638
0.035783
0.058615
-0.120610
-0.040878
0.115511
-0.068742
-0.003820
0.166866
0.060431
0.171726
0.013588
0.109180
-0.038750
0.141917
0.032595
0.056750
-0.011349
0.089893
0.185157
0.040463
-0.226670
-0.205684
-0.010169
-0.206763
-0.272266
-0.017613
0.144626
0.099792
-0.023165
0.083226
0.002272
-0.150347
-0.077273
-0.048316
-0.025380
-0.121035
-0.158063
-0.086135
-0.188200
0.077364
-0.102369
-0.035586
-0.155355
-0.102791
0.051390
-0.043773
-0.060057
0.147889
0.017766
-0.194986
-0.165836
-0.009122
0.016327
-0.238156
-0.013477
-0.025296
-0.075300
0.111222
-0.051253
0.052121
-0.057885
-0.150860
0.026948
0.118177
0.049222
0.011248
-0.100936
0.084678
-0.062843
0.002530
0.195654
0.105980
0.049022
0.180196
0.005250
-0.009571
-0.109409
-0.150411
0.039205
-0.017965
-0.059770
0.095834
-0.004245
0.047742
0.060954
-0.045670
-0.081685
-0.094145
-0.089576
-0.089049
0.102820
0.038433
-0.140319
0.012480
0.051134
-0.137186
0.025150
0.033090
-0.063065
0.030085
-0.037242
0.022514
-0.036783
0.008523
-0.071906
-0.082345
-0.056526
-0.024574
-0.063569
0.069157
-0.004989
-0.114296
-0.049141
-0.056493
0.101075
-0.175570
-0.069727
0.062573
-0.047829
0.127727
0.003102
-0.087172
-0.118399
-0.104544
-0.132480
0.003017
0.121707
-0.145537
-0.079598
-0.065434
0.139712
-0.043675
-0.172004
0.161096
-0.047936
-0.153364
-0.176739
0.026634
-0.130113
-0.104224
-0.020277
-0.092185
0.096414
0.096282
-0.015025
0.036579
-0.045571
-0.105297
-0.023296
0.131796
0.042476
-0.241869
0.025887
0.029103
0.022927
0.101350
-0.088926
-0.024896
0.060667
0.048410
-0.243472
0.047273
0.341457
0.054046
-0.155051
-0.163411
-0.114709
-0.049068
0.165155
-0.032771
-0.018020
0.082027
0.038005
0.062720
-0.030158
0.092715
-0.063647
-0.127508
0.005140
0.084895
0.000821
0.142119
0.130215
0.057707
0.171264
-0.169025
-0.257310
0.006539
0.016561
-0.022558
-0.206499
-0.066690
0.060365
0.119021
-0.090000
-0.167314
0.047589
0.036596
0.081081
0.081312
-0.039103
0.227419
0.177141
0.000057
0.031536
0.036033
-0.086633
-0.288623
-0.257508
0.142195
0.015833
-0.086258
0.321547
0.003349
-0.055788
0.022888
0.110411
0.157554
-0.208592
-0.118648
-0.034712
0.064175
0.238619
0.135097
0.125050
0.199466
0.066080
-0.037626
0.015451
-0.008518
0.160015
-0.159042
-0.086507
0.140712
-0.253537
-0.019748
-0.066880
0.006255
0.012114
0.014988
-0.156065
-0.255309
0.024426
-0.102170
-0.023854
0.060605
-0.008239
0.000709
0.048486
0.080263
-0.020920
0.013146
-0.053548
-0.084339
0.150608
0.019813
-0.107726
0.076432
-0.204228
-0.002325
0.022470
-0.152563
0.040884
0.043684
0.174574
0.038696
-0.093911
0.097853
0.135448
0.096312
-0.051545
0.079123
-0.001328
-0.163917
-0.080417
0.149622
0.031202
0.018923
0.021684
0.021001
-0.112873
-0.094744
-0.035644
-0.017719
-0.011234
-0.119195
-0.091319
0.198581
0.170318
0.145818
0.113774
-0.082750
0.028845
0.117814
-0.218114
0.090976
0.004771
-0.064431
0.130129
-0.077899
-0.000312
-0.134138
0.074471
0.075563
-0.100876
0.051648
-0.138101
-0.094122
-0.030585
0.028892
-0.029350
0.029257
-0.100635
0.125758
0.086740
-0.073703
-0.088812
-0.149375
-0.097788
0.083240
-0.148889
-0.017537
-0.070156
-0.104919
-0.124483
-0.007146
-0.028977
0.080029
0.007401
0.051064
0.061807
0.063094
-0.070385
0.064144
0.127885
-0.066327
-0.109406
0.034945
-0.178484
0.016647
-0.142382
0.141961
0.065724
-0.044430
-0.016170
-0.025926
-0.108454
-0.014824
-0.050611
-0.019055
0.363917
0.006549
-0.001896
0.038841
0.015161
-0.048354
-0.007100
-0.081610
0.031317
0.049136
-0.014900
0.009483
0.101299
0.024863
0.059429
-0.034485
-0.059588
0.024514
-0.202345
-0.085779
-0.079425
-0.229223
-0.199052
-0.086188
-0.229166
-0.312314
-0.113151
-0.123903
-0.072449
-0.026952
0.140450
-0.014852
-0.015527
0.138396
0.090690
-0.048557
-0.108976
-0.035596
-0.186381
0.000815
0.038304
-0.053162
-0.004705
0.153004
-0.066722
0.202062
0.107851
-0.055261
0.096073
0.021442
-0.163349
-0.026243
0.090932
-0.011272
-0.074679
0.054846
-0.023579
0.037318
-0.018222
-0.122877
0.023328
0.020059
-0.082809
0.052008
-0.049281
0.014048
0.017672
0.094734
0.163944
-0.055119
0.060548
0.228681
0.053139
0.103477
0.169509
0.031876
0.045101
0.067102
0.252460
0.087858
0.163743
-0.033274
-0.095041
0.298354
-0.025282
0.158739
0.036652
-0.091409
-0.027575
-0.033049
-0.064847
-0.074161
0.008351
0.118882
-0.022860
-0.113868
0.065150
-0.159954
-0.011884
-0.022040
0.008015
-0.036446
-0.236013
0.004246
0.089012
0.063498
0.174621
0.024571
0.213952
0.236955
-0.117656
0.144808
0.059935
-0.028577
0.075903
0.089255
0.086238
-0.025793
-0.068432
0.035967
-0.135349
-0.005971
-0.030877
-0.136499
-0.154074
-0.103090
-0.049561
-0.026327
0.177748
0.122301
0.056189
-0.141356
0.101083
-0.131308
-0.102938
-0.023070
-0.213640
-0.017002
0.114202
-0.068107
-0.067627
0.120745
-0.072961
-0.010730
0.156327
0.015635
0.170590
-0.022349
-0.110709
0.047024
-0.060232
-0.016704
0.088437
0.079325
-0.062432
0.095215
-0.007186
-0.087951
-0.095817
-0.069928
0.026040
-0.065871
-0.030344
0.049678
-0.008654
-0.202664
-0.124099
-0.152339
-0.103298
-0.288774
-0.063628
-0.043012
-0.176868
-0.024125
0.049771
0.182117
0.130093
-0.089177
0.140558
-0.038096
0.001899
-0.074964
-0.143280
0.118755
0.102635
0.082631
-0.137851
0.074001
-0.068926
-0.164063
-0.149027
-0.248151
-0.125347
0.048384
0.121719
-0.040839
-0.216009
0.091406
0.049848
0.027428
0.028916
-0.131851
-0.046297
-0.189637
0.032692
-0.167315
-0.023532
0.008282
-0.037756
0.213558
-0.144549
-0.098242
-0.138259
-0.070706
-0.034450
-0.193376
-0.087898
0.092393
-0.095752
0.165435
0.177477
-0.005856
-0.164141
0.045476
-0.060949
-0.154151
-0.045371
0.032733
-0.133357
-0.139191
-0.104791
-0.043800
-0.009169
-0.067778
-0.011283
0.081663
0.040191
-0.015155
0.005251
-0.094785
-0.084092
-0.173692
-0.208775
-0.062817
-0.020887
0.000886
-0.044645
-0.049392
0.025279
-0.181072
0.031360
0.021487
-0.096261
-0.048465
0.112786
0.022725
0.098927
-0.129258
-0.122522
0.166286
-0.206120
0.028386
0.025282
-0.051105
-0.111334
0.104441
0.011205
-0.062460
-0.064262
-0.065999
0.258594
0.341228
-0.070234
0.019837
-0.041131
0.032955
-0.197907
-0.183293
0.067901
-0.288275
-0.227100
0.071172
0.054227
-0.014173
-0.090978
-0.047235
-0.009318
-0.187539
0.021450
-0.080884
-0.059411
-0.077195
0.188745
0.109502
-0.115408
0.139048
0.012532
-0.138691
-0.047359
0.079004
0.292075
0.051989
0.108281
0.083314
0.067977
0.049746
-0.036767
0.031003
0.164934
-0.040902
-0.014835
-0.014685
-0.231848
-0.178950
0.141352
-0.110277
-0.089951
0.187136
-0.019657
0.096398
-0.030483
-0.144105
0.128968
-0.170672
-0.009221
-0.004109
-0.075140
-0.081238
-0.171701
0.048487
-0.045071
-0.066903
0.058047
-0.111217
-0.000298
0.068987
0.096401
0.178891
0.161438
-0.081450
0.039242
0.024792
0.119453
0.167925
0.032627
-0.155798
0.103874
-0.009131
-0.079181
-0.016311
0.133979
0.113217
-0.018491
-0.155901
-0.036556
-0.003492
0.041760
-0.057787
-0.177914
-0.029895
-0.037495
-0.234026
0.032711
-0.091568
-0.053949
0.080566
-0.099894
-0.031530
0.085420
-0.119047
0.011939
0.053822
-0.018580
-0.041419
0.167958
-0.231677
-0.140872
0.054449
0.009398
-0.072995
0.084834
-0.076126
-0.058481
-0.005940
-0.251234
-0.275525
-0.133063
0.155119
-0.098964
-0.053558
-0.041100
0.057319
0.025906
-0.057438
0.003322
-0.061770
0.115175
-0.152024
-0.314612
-0.032674
-0.112814
-0.027539
-0.001029
-0.035367
-0.095970
0.097584
0.044860
0.005746
0.033929
-0.102166
-0.115529
0.164425
0.047832
-0.218273
0.004894
-0.074611
-0.063645
-0.090438
0.007487
-0.096587
0.022798
-0.140492
-0.008079
0.059818
-0.067175
-0.092662
0.029876
0.160611
-0.158340
0.241556
0.065308
-0.179243
0.151555
-0.234798
-0.170080
0.114733
0.018784
-0.068045
0.028576
-0.102066
-0.040546
0.004854
-0.087156
0.016872
-0.007017
0.125669
0.064934
0.069250
0.267141
0.017923
0.153283
0.178139
-0.131982
0.068790
0.164497
0.035531
0.182870
0.130714
0.237820
0.198492
-0.113035
-0.058268
0.023755
-0.012454
-0.068943
-0.040521
-0.260428
-0.012119
0.055451
-0.030798
-0.103547
0.280132
0.011164
-0.062393
0.065001
-0.008063
-0.095577
-0.160530
-0.387019
-0.030383
-0.044543
0.212922
0.118346
0.061369
0.091815
0.091571
0.102788
0.044393
0.055971
-0.104277
0.287037
0.043353
-0.056750
-0.022986
-0.077824
-0.050849
-0.341785
-0.123507
-0.008167
0.076658
-0.036703
0.057007
0.035143
0.018500
0.011540
-0.218726
-0.127717
-0.036940
-0.178094
-0.067690
-0.121569
-0.053714
0.032770
-0.257255
-0.033174
0.101151
-0.113449
-0.104956
-0.009444
0.101672
0.381216
0.277252
-0.148878
0.046574
0.177588
0.121893
-0.113075
-0.232247
0.012319
-0.015030
0.168046
0.069060
-0.031817
0.003161
-0.005947
-0.120687
0.140075
0.196883
-0.098508
-0.178994
-0.062855
-0.042764
0.051110
-0.038029
-0.031758
-0.219924
-0.023899
-0.018148
-0.076185
0.009110
0.005228
-0.133906
-0.324209
-0.108383
0.059895
0.091998
0.298626
0.326856
-0.153614
0.038052
-0.020626
0.083254
0.126354
0.137746
-0.061394
-0.086687
-0.005042
0.078486
0.041040
-0.225604
0.151769
0.116302
0.061665
0.180650
-0.022987
0.038463
-0.112828
0.014126
-0.122953
-0.035175
-0.109720
-0.075555
-0.051232
0.009062
0.001791
-0.041939
0.006243
-0.055490
-0.023025
0.210920
-0.078345
0.025232
0.070799
0.014126
-0.163381
-0.080275
0.113015
-0.122835
0.015609
0.068115
-0.141634
0.050725
0.265078
0.022718
-0.053185
-0.049022
-0.066993
-0.064139
0.121283
-0.094754
-0.039602
-0.015170
-0.217068
-0.113050
-0.009478
0.162614
0.088738
0.027794
-0.007175
-0.130839
-0.031778
-0.003442
0.080806
-0.051125
-0.132468
0.104783
-0.018318
0.043578
0.004143
0.049189
-0.006939
-0.045685
0.020762
0.094508
0.054423
-0.078309
-0.008217
-0.071068
0.034438
0.022270
0.085051
-0.036272
-0.215006
0.023002
0.226553
-0.013156
-0.032289
0.230463
-0.096442
0.067983
-0.017674
-0.039545
0.083276
-0.032520
-0.011372
0.032802
0.080960
-0.021027
-0.105144
-0.028548
-0.156216
-0.002963
0.009787
0.046595
0.198364
0.037893
0.112186
0.173563
0.072287
0.021201
0.108397
-0.185987
0.061492
0.069067
0.153328
-0.120605
-0.169187
0.197509
-0.082494
0.030448
0.064660
0.038404
-0.001588
-0.182150
0.047262
0.039668
-0.080278
-0.004308
-0.040456
0.144592
0.120750
-0.049418
0.051597
-0.057395
0.164439
-0.054400
0.121169
0.124891
-0.084139
-0.055298
0.041111
-0.022562
-0.101496
-0.057379
0.276516
0.097591
-0.184505
-0.134141
-0.097136
-0.189064
-0.077023
-0.072603
-0.051505
-0.184701
0.055773
-0.088474
-0.074297
0.094969
0.023739
-0.226634
0.020149
-0.004782
0.137891
0.037904
0.268716
-0.078163
0.141379
0.127857
-0.106226
0.146341
-0.182307
-0.185782
0.063223
0.176173
0.017126
-0.059436
0.063216
-0.140498
0.065217
-0.082253
-0.027727
0.104204
0.014116
-0.009454
0.108603
0.137042
-0.088427
-0.222408
-0.177703
-0.072865
-0.211756
-0.132209
-0.059793
-0.111031
-0.025339
-0.074228
-0.103133
-0.037886
-0.107028
-0.191722
-0.221012
-0.002766
0.054545
0.120011
-0.080211
0.170207
-0.026666
0.055277
-0.111550
-0.140828
0.054722
0.112518
-0.055798
-0.186901
0.044685
-0.016260
0.038084
0.074052
0.045879
-0.068579
0.044928
0.058009
-0.184347
0.024540
-0.111213
-0.056833
0.064576
-0.042137
-0.123187
0.158664
0.096973
0.128222
-0.041075
-0.128386
0.041645
0.059925
0.128217
-0.215377
0.128793
-0.091878
-0.267738
0.024346
-0.201974
-0.205105
0.012198
0.054646
-0.036419
-0.105587
-0.008853
0.048369
0.025278
-0.141434
0.110709
-0.048995
-0.018600
-0.056328
-0.166628
0.053975
0.100888
0.067537
-0.067530
-0.069977
-0.073331
0.009371
0.086585
0.006952
-0.054102
-0.025783
0.015606
-0.072583
0.060935
0.126705
-0.056333
-0.178113
-0.022530
-0.069807
-0.085079
0.182533
0.121430
-0.167680
0.107180
0.103008
-0.079152
0.058050
-0.160628
0.054937
-0.003994
-0.138939
-0.121047
-0.147122
-0.228079
-0.162817
0.079059
0.062453
-0.104678
0.032980
0.032258
-0.116071
0.017123
-0.054146
0.084169
0.005552
0.025074
-0.111023
-0.049736
0.150125
-0.019349
-0.186177
-0.312822
-0.200658
-0.138810
0.065649
0.132571
-0.009930
0.169671
-0.038478
0.068190
-0.103987
-0.095574
-0.130861
-0.043249
-0.060340
0.063679
0.039179
-0.017119
0.145203
0.093397
0.200845
0.017284
-0.099177
-0.020556
-0.142327
-0.106745
-0.062379
-0.104339
-0.054106
-0.121280
-0.082658
-0.057556
-0.059907
-0.030234
-0.122771
-0.055417
-0.143570
-0.207359
-0.010386
0.051605
-0.200609
0.048039
0.008341
-0.034486
-0.010266
-0.115787
-0.063813
0.092646
-0.079697
-0.256279
-0.234137
0.154867
-0.003510
-0.027949
0.009905
-0.024136
-0.024931
0.082089
-0.128323
-0.172141
0.061412
0.102086
0.144276
0.004474
0.089581
0.133789
0.064221
0.195457
0.289659
-0.092105
-0.104029
0.093227
-0.241636
-0.141144
-0.180712
0.124168
0.200051
0.197324
0.150637
0.116820
0.024368
-0.057294
0.027039
-0.036121
0.209388
0.114171
0.082211
0.176901
-0.010690
-0.015336
0.192985
0.205964
0.138296
0.019701
-0.172308
-0.159103
0.000509
-0.028785
-0.012804
-0.181612
-0.098297
-0.059570
-0.093274
-0.225458
-0.205807
0.009040
-0.086323
-0.280635
-0.006223
0.130607
0.351826
0.008011
-0.008679
0.214380
0.181055
0.041465
-0.133676
0.029807
-0.045780
-0.105913
-0.025717
-0.076420
0.109210
0.044282
0.118517
0.010271
-0.049025
-0.059626
-0.012727
0.079730
-0.115736
-0.029780
-0.196437
-0.115705
0.008469
-0.001269
-0.060484
-0.108150
0.132157
0.043355
-0.054140
-0.071423
-0.089814
-0.188685
0.130341
0.150213
-0.221423
0.066441
-0.018582
0.059033
-0.117387
-0.210512
0.068706
0.096209
-0.009878
0.125772
-0.083688
0.031401
0.088832
-0.008370
0.027910
0.114263
-0.117770
0.000112
-0.028472
-0.013609
0.045312
0.037873
-0.045808
-0.038296
-0.212830
-0.019422
0.100980
-0.079539
-0.090271
-0.005550
-0.058715
0.040834
-0.026812
0.140577
0.087002
-0.026535
0.138099
0.147454
0.086947
0.046076
0.129546
-0.074213
-0.018819
-0.037514
-0.154856
0.011180
0.006526
0.088652
0.099886
0.219542
0.152330
0.005724
-0.256517
-0.136120
-0.187296
-0.101654
0.352084
0.187468
0.001996
0.099222
0.022459
0.089657
0.228488
-0.006740
-0.005047
-0.014560
-0.041822
0.172844
0.196156
0.000264
0.010582
-0.128256
-0.377209
-0.156328
-0.048074
-0.117846
-0.055665
0.018913
-0.109644
-0.025844
0.052428
-0.124207
0.079126
0.036597
-0.167366
0.069720
0.007697
0.118884
-0.160849
0.161004
-0.046278
-0.135265
0.043030
-0.054156
0.039299
-0.032904
0.158135
-0.107998
0.057332
0.262044
0.155375
0.063909
0.098095
0.016585
-0.257002
-0.097248
-0.009202
0.128952
-0.086643
-0.178971
-0.132499
-0.184878
-0.136649
-0.075941
0.017234
-0.064735
0.056839
0.223042
-0.113332
-0.121110
0.167104
-0.065003
0.029433
0.057625
0.074039
-0.025359
-0.115231
-0.068562
-0.037664
0.037059
0.065185
0.131054
-0.054153
0.109263
-0.023185
-0.058395
0.065921
-0.014454
0.023740
0.101644
0.100582
0.021298
-0.120755
0.122695
0.363313
0.076638
-0.192883
-0.034712
0.098274
-0.243932
0.024564
0.111173
0.109156
-0.037647
0.127232
-0.116685
-0.078057
0.020164
-0.084544
0.018163
-0.012023
0.083857
-0.220845
-0.080186
0.076324
0.012665
-0.078258
0.115402
0.139698
0.012831
-0.211625
0.088874
-0.142279
0.108625
0.104049
-0.088925
-0.037920
-0.067869
-0.101495
-0.056567
-0.077655
-0.023785
-0.153283
-0.067548
-0.165803
-0.056794
-0.094783
0.241712
0.227058
0.144968
-0.235434
-0.011498
-0.135503
-0.159185
-0.172201
-0.034839
-0.075281
0.149038
0.185460
-0.004712
-0.016641
-0.129860
-0.184947
-0.176474
-0.080087
0.021297
-0.079334
0.355552
-0.017264
-0.021767
0.019948
-0.135162
0.088922
-0.194453
0.021132
-0.081332
0.274765
-0.073886
-0.046454
0.152795
-0.202758
-0.042718
0.128418
0.084809
0.116392
0.036487
-0.028854
0.094308
-0.044058
-0.076276
0.063804
0.095102
0.202019
0.146024
-0.221941
0.054161
-0.125274
-0.044627
0.046715
-0.043185
0.028837
0.102754
0.241010
-0.146697
-0.054603
-0.126611
-0.095148
-0.002954
-0.056606
-0.051338
0.103894
0.015087
0.275836
0.061998
0.088484
0.125966
0.028925
-0.059913
-0.020357
0.010042
-0.024289
-0.075261
0.037827
0.044608
-0.067717
0.265420
0.065334
0.056594
0.184924
-0.045017
0.040708
0.048217
-0.024863
0.026613
-0.080971
-0.216070
-0.040635
0.121414
-0.012394
-0.020985
0.058758
0.149893
-0.031002
0.195926
0.026976
-0.084024
-0.049360
0.121965
-0.067433
-0.003801
0.091082
0.035223
0.084052
0.111047
0.062259
-0.151657
0.069011
0.027962
-0.066291
-0.184658
-0.206845
-0.034435
0.039013
-0.175687
0.035512
-0.210230
0.071364
-0.008243
0.081473
0.122166
0.019058
0.126673
0.005385
0.014917
-0.132404
-0.023172
-0.078194
-0.052585
-0.096449
-0.078410
0.151548
0.145733
0.073937
-0.107357
0.041766
-0.030780
-0.078705
-0.059634
0.000328
0.096833
0.126730
-0.027591
-0.154640
0.053472
0.119121
-0.036076
0.218179
-0.035511
-0.240254
-0.145005
0.073428
0.095260
0.079282
0.042141
0.072514
0.192974
0.039520
-0.147074
0.087335
-0.023938
-0.244073
0.038653
0.003580
-0.140138
0.076877
-0.143490
-0.136159
0.079068
0.150773
-0.060451
-0.217185
-0.011487
-0.041121
-0.149587
-0.051389
0.103192
0.173140
-0.106021
0.033698
-0.145416
0.038545
-0.005584
0.054355
0.087752
0.016022
0.116431
-0.100231
0.094567
0.067792
-0.151066
-0.048225
0.021786
0.025460
-0.027421
0.091194
0.029581
-0.079291
-0.103780
-0.003686
0.033596
0.146875
0.010451
0.120712
0.218943
0.116300
0.042292
-0.015172
-0.088712
0.074538
-0.126600
-0.061790
-0.097333
0.104431
-0.140551
-0.163798
0.087958
-0.014479
-0.126149
-0.022161
-0.066661
0.176529
-0.141823
0.104007
-0.053369
-0.048933
-0.069761
-0.012861
-0.036429
0.072018
-0.043557
0.128841
0.021982
-0.112017
-0.205578
-0.130980
0.066198
0.146232
-0.040630
0.065661
0.093267
-0.209344
-0.310266
-0.019427
-0.029409
-0.089632
-0.066372
-0.047838
-0.030951
0.070798
-0.146469
-0.119876
-0.112270
-0.078587
-0.215906
-0.246264
-0.228785
-0.241934
-0.040338
-0.068461
-0.147853
0.071142
-0.254936
-0.063581
0.164939
0.041531
0.037517
-0.087667
0.001214
-0.161646
-0.307956
0.138923
0.027791
0.054802
-0.157350
0.043330
0.083990
-0.081417
0.232965
0.245564
-0.070664
0.031724
0.122473
0.017959
0.017111
-0.092236
0.119978
-0.039987
-0.010526
-0.010178
-0.049973
-0.195998
0.135928
0.025614
-0.085201
-0.027388
0.090816
-0.004612
-0.151296
0.045556
-0.086070
0.123164
-0.003076
-0.204901
0.070706
-0.142213
-0.058183
0.067056
0.013058
-0.047878
-0.080254
-0.022283
0.114977
-0.124298
-0.138806
-0.087709
-0.012104
0.037820
0.063900
0.029244
0.032644
0.202846
-0.040975
0.110825
-0.089226
-0.007589
-0.075873
-0.137180
-0.024537
-0.118766
-0.095755
-0.062109
-0.166064
-0.027253
-0.003301
-0.091912
-0.116930
0.130181
0.178249
-0.063433
0.039185
-0.094589
-0.109380
0.170181
-0.162901
-0.140475
-0.104342
0.064072
0.080536
-0.023707
-0.153584
0.072556
0.183460
0.017199
0.055106
-0.025434
-0.025126
0.162264
-0.012597
0.139716
0.005539
-0.061146
0.146349
0.071032
0.185532
0.039516
-0.165815
-0.038502
-0.021370
0.081722
0.085034
0.124021
0.068812
-0.099111
-0.007664
-0.047791
-0.026422
-0.104902
0.062680
-0.110491
0.156228
0.090049
0.131922
0.122193
0.151553
0.381277
0.083862
-0.140782
0.132871
-0.002522
-0.102334
0.099040
0.059211
0.017101
-0.353062
0.000430
-0.146843
-0.118934
-0.181939
-0.223302
-0.129241
0.091376
0.090996
0.106015
0.027513
0.012404
-0.213927
0.109906
0.137884
-0.026048
0.143616
0.079640
0.063746
-0.114329
0.093990
-0.081715
0.084838
0.036136
-0.047619
-0.093211
-0.108341
0.032062
-0.103901
-0.037344
0.050885
0.000872
0.051689
-0.005580
-0.064911
0.007277
0.145143
0.083916
0.188401
0.096160
0.063708
0.009207
0.024777
-0.042822
-0.193867
0.118545
0.021243
-0.054355
-0.140054
-0.093092
-0.168871
-0.117726
0.061257
-0.027767
0.119190
0.126906
0.129163
-0.064037
0.023988
0.039899
-0.080005
-0.072200
0.024716
0.115107
0.083139
0.028694
-0.097304
-0.166437
-0.023952
-0.188060
-0.032110
-0.012842
0.102385
-0.026016
-0.075125
0.150690
-0.043918
0.021768
0.019172
-0.068910
0.174870
0.088336
0.163561
0.158011
-0.128762
-0.063231
-0.093209
-0.007289
-0.034354
0.054789
0.096442
0.000543
-0.044125
-0.057951
0.056729
0.083879
0.137391
-0.034739
-0.008515
0.048047
-0.007606
0.006419
-0.041691
0.002288
-0.241191
0.123904
-0.148720
-0.106774
-0.049505
-0.089009
-0.199014
-0.046959
0.116060
-0.170106
-0.001865
0.207374
-0.137325
-0.039731
0.205192
0.175040
0.084403
0.126272
-0.060570
-0.158585
-0.028995
0.079487
-0.021159
0.098972
0.165383
0.169679
0.264956
0.198441
-0.095358
0.111016
-0.028185
-0.104337
0.083671
0.000099
-0.071516
-0.215286
0.041129
0.170719
-0.127114
-0.166691
0.172874
0.022799
-0.061068
-0.120988
-0.010774
-0.128815
-0.050382
0.004724
-0.143312
-0.196697
-0.063781
0.037061
-0.074643
-0.130593
-0.092076
0.070494
0.005053
0.227134
-0.091469
-0.238181
-0.175581
0.203005
-0.097076
0.016066
0.071290
-0.037767
0.092238
-0.099077
0.088270
0.194121
-0.048844
-0.012135
0.030226
-0.069811
-0.013617
-0.056116
0.101102
-0.002110
0.031254
0.144848
0.081270
-0.000095
-0.079023
-0.141080
0.038659
0.034289
0.117127
0.005712
-0.112737
-0.157214
-0.146377
-0.147366
-0.096614
-0.128777
-0.106478
-0.096590
-0.083614
0.016423
0.061234
-0.100603
0.118703
0.065208
-0.059292
0.062928
-0.006155
-0.194244
-0.076858
-0.129237
-0.317991
0.058806
-0.058086
-0.178036
0.153850
0.067865
-0.008195
-0.098703
-0.137977
-0.008044
0.136842
-0.135274
0.012876
0.231566
0.242958
-0.076693
-0.230792
-0.165875
-0.083068
-0.216026
-0.106630
0.017681
-0.086874
-0.025281
0.126596
0.027610
-0.002029
-0.067218
0.119964
0.019082
-0.186232
0.069697
-0.179244
-0.054292
0.107208
-0.072238
0.103456
0.159446
0.103334
0.112068
-0.169579
0.053823
-0.037790
-0.061392
0.260147
0.103448
-0.290247
0.019253
0.002432
0.049005
-0.074891
-0.156556
0.111718
-0.032639
-0.307064
0.129648
0.004610
-0.115696
0.067548
0.031972
-0.179891
-0.042082
0.104563
0.247779
-0.259377
-0.085695
0.083129
0.042845
0.043475
-0.072048
-0.080627
0.026352
0.068906
-0.162268
-0.138288
0.090452
-0.061537
-0.066126
0.029365
-0.154752
0.027227
0.097562
-0.154192
-0.021849
-0.005870
-0.043922
-0.170013
-0.105804
-0.081773
-0.056467
0.073508
-0.112506
-0.098644
0.111783
-0.047961
0.007234
-0.129203
-0.051922
0.089668
0.042588
-0.095920
-0.107307
-0.027965
0.041931
-0.048092
-0.074875
-0.237803
-0.073435
-0.119816
0.077253
0.141919
0.200139
0.120369
-0.057602
-0.057052
0.078774
0.232542
0.178582
-0.037428
0.012859
-0.153356
0.007955
-0.083693
0.067002
-0.257346
-0.146456
0.006467
-0.121798
-0.086564
0.104797
-0.021753
-0.228570
-0.184997
0.037104
0.087438
-0.090209
-0.041860
-0.029512
-0.113789
0.276991
0.009009
-0.203211
-0.038397
-0.036537
-0.064860
-0.200131
-0.071005
0.084948
-0.114705
-0.099123
0.095129
-0.136732
-0.089757
0.048753
-0.185269
-0.044544
0.241044
-0.056535
-0.062931
0.096709
-0.113209
-0.043703
-0.030465
-0.018933
0.031113
0.116883
0.009323
-0.188941
-0.008184
-0.067392
0.148809
0.101927
-0.257844
0.129167
0.042094
0.013817
-0.097735
0.010679
-0.202475
-0.163675
-0.179109
-0.006018
0.029284
-0.076494
-0.246947
-0.009913
0.071352
-0.137483
-0.088860
0.219168
0.049242
-0.007233
0.117838
0.013928
0.137378
0.087193
0.074167
0.027808
-0.115192
-0.031529
-0.059563
-0.207343
-0.090092
-0.134435
0.043854
-0.131359
-0.290908
-0.288784
0.145180
0.079086
-0.065849
0.009695
-0.029651
0.043922
-0.053153
-0.129597
0.021968
0.031119
0.022628
0.156026
-0.001643
0.004633
0.008864
-0.044572
0.022971
-0.002080
-0.227435
-0.053529
-0.035571
0.001291
-0.097572
-0.048174
0.010725
0.040871
-0.041276
-0.110572
-0.023582
-0.074428
0.140898
0.193321
0.103667
-0.019214
-0.001517
-0.038753
-0.165936
0.082283
0.040556
0.003803
0.070373
-0.014960
0.142801
-0.057977
-0.200763
0.187885
0.111880
-0.128585
0.099771
0.042229
0.236064
-0.051993
0.151566
0.168369
-0.224995
-0.193822
-0.074416
-0.061821
-0.052418
0.055108
0.143294
0.234194
0.124938
-0.067381
0.102705
-0.085403
-0.197897
-0.234927
-0.069508
-0.095434
-0.197203
-0.045672
0.102993
-0.061671
0.047116
0.090952
0.075907
0.039396
-0.189267
-0.097668
-0.003862
0.042377
0.053356
0.042662
-0.091819
-0.061891
0.073122
0.105622
0.192538
0.080940
0.095517
-0.031112
0.156546
0.089638
0.103952
0.171289
0.068345
0.233855
0.088235
-0.104012
-0.013567
-0.022002
-0.027151
0.109242
0.057280
-0.041092
-0.138707
-0.192184
0.053569
0.104832
0.045353
-0.158372
0.136356
0.166129
0.105868
0.142488
0.081903
0.145518
0.049716
-0.050911
-0.059919
-0.184316
-0.295486
0.010965
-0.056526
0.032995
0.092070
0.036536
0.008498
-0.038176
-0.083517
-0.113754
0.035597
-0.085547
0.059818
0.033659
-0.114230
-0.055845
0.029367
-0.014385
-0.075975
-0.093205
-0.192993
0.146564
0.150548
-0.013597
0.179720
0.330950
0.264542
0.030331
0.024391
0.045454
-0.148150
0.054504
0.158501
0.036978
0.014546
0.106372
0.012777
-0.069639
0.088378
-0.090594
-0.158690
0.005673
0.042335
-0.008518
-0.171603
-0.084621
0.071216
-0.065428
-0.067804
-0.058722
-0.104179
-0.035284
-0.120956
-0.058972
0.035446
0.026949
0.086002
-0.022385
-0.001163
0.080908
0.057596
-0.078374
-0.148071
0.027282
0.216062
0.156024
0.072083
-0.238227
-0.023465
0.012322
0.175487
0.040007
0.063886
0.049961
-0.145379
0.052165
0.268148
-0.031923
-0.203062
0.031371
-0.083120
-0.031668
0.000535
-0.173631
0.061856
0.190493
0.005669
-0.087811
-0.080935
-0.050150
-0.001936
0.091629
0.261968
0.060190
0.080638
0.218401
-0.289727
-0.009940
-0.086220
0.197522
0.056312
-0.173487
-0.238378
0.101847
-0.070283
-0.043662
0.116000
0.011566
0.252200
0.132103
-0.204881
-0.165265
0.021806
-0.232818
-0.087477
0.088525
0.103565
0.061403
-0.119834
0.179120
-0.133085
-0.107401
-0.012009
-0.082587
0.207373
0.061633
0.061443
-0.017039
-0.159623
-0.214550
-0.046586
-0.093729
0.003679
-0.061568
0.025678
-0.103933
0.047648
0.119448
-0.161907
-0.151797
-0.017976
0.013312
-0.021079
0.066276
0.134892
0.049177
0.118171
-0.021151
-0.195261
-0.121887
0.115989
-0.056343
-0.088528
0.141109
-0.048841
-0.014818
-0.103244
0.138366
-0.017721
-0.028155
-0.013736
0.097058
0.215913
-0.058798
-0.228156
-0.044268
0.081625
-0.177793
0.031390
0.047293
0.046562
-0.045927
-0.008755
0.156824
0.027612
-0.011423
0.012400
0.249550
0.126293
-0.184429
-0.010051
-0.074021
-0.049638
0.198839
0.101657
0.064523
0.097080
-0.092801
-0.091741
-0.057786
-0.143941
-0.022363
-0.103243
-0.028316
0.128792
-0.043485
-0.027309
-0.130745
-0.055030
0.045155
0.064273
-0.090306
0.012353
0.105087
-0.080746
0.065790
-0.027391
0.213135
-0.202337
0.082388
-0.008652
-0.085082
0.003609
0.045198
0.094984
-0.054071
-0.063763
0.145499
0.180514
-0.063651
0.110873
0.267908
-0.020241
0.072963
-0.023781
0.063702
0.027265
-0.006229
0.096995
-0.095729
0.056019
0.193524
-0.019042
0.172819
-0.010169
-0.010595
0.212892
0.239121
0.090592
0.093335
0.011496
-0.063710
-0.241551
-0.035016
0.100251
0.043525
-0.053059
-0.103169
-0.304618
0.100127
-0.039897
0.128804
0.027428
-0.088876
0.014948
0.272284
0.046440
0.015992
0.048884
0.155783
-0.073947
-0.047350
0.104106
-0.179645
-0.075847
0.042094
-0.139491
-0.014984
0.156396
-0.001316
-0.008839
0.114002
0.078454
-0.059527
-0.083968
0.186739
-0.114203
0.083573
-0.056537
-0.158866
0.045823
0.031844
0.047141
0.111156
-0.101505
-0.029642
0.019083
0.010723
0.006812
0.075883
-0.022807
-0.026552
0.080133
0.080640
-0.052690
-0.021373
0.049047
-0.181656
-0.015925
-0.072659
0.134713
0.027925
-0.158656
-0.005683
0.195811
0.000530
0.082491
0.113643
-0.072330
0.164142
0.083133
-0.435573
0.051942
-0.112569
-0.169555
-0.212011
0.034424
-0.089098
0.090778
0.146369
-0.147115
0.157663
0.179137
0.097129
-0.099259
0.021983
-0.020272
-0.105196
-0.108055
-0.153493
0.082156
-0.029320
-0.107848
-0.058517
0.072718
-0.089987
-0.112748
0.029426
-0.182884
-0.008366
-0.024881
-0.104962
0.111241
-0.051315
-0.046689
0.045603
-0.056293
-0.108668
-0.059614
0.050018
-0.172782
-0.152742
0.083615
-0.055813
0.096447
0.024101
0.094994
-0.287453
-0.050369
-0.082877
0.258213
-0.073539
-0.001201
-0.061506
0.005854
-0.050119
-0.170676
-0.057911
-0.114301
-0.171628
-0.063422
0.084817
-0.103897
0.044958
0.072321
0.258825
-0.040529
-0.137332
-0.173307
-0.112163
-0.055604
-0.244261
-0.038690
-0.067674
-0.026404
0.109438
-0.049575
-0.028455
-0.200838
-0.063102
0.042524
-0.027574
-0.146407
-0.191213
0.042754
-0.029516
0.074359
-0.095080
-0.045187
-0.172848
-0.012159
0.196211
0.100205
0.107963
-0.046955
-0.170395
-0.059146
-0.068355
-0.143516
0.074457
0.041317
0.016698
-0.061824
-0.105549
0.056502
-0.221011
-0.193724
-0.053547
0.123032
-0.034524
0.052027
0.088933
-0.042768
-0.078804
-0.040742
-0.054888
0.184782
0.068572
-0.098442
0.191214
0.068633
-0.070903
-0.001722
0.039076
0.139909
-0.092205
-0.153119
0.197686
0.054110
-0.199238
-0.047976
0.041237
-0.235193
-0.090776
0.041399
-0.144130
0.090292
0.056024
0.057603
-0.102030
-0.065114
0.120054
0.042238
-0.143946
0.034522
0.039748
0.138160
0.022264
-0.020532
0.214203
-0.082573
-0.134918
-0.155362
0.031710
-0.269448
-0.133866
-0.046285
0.139400
0.065377
-0.259355
-0.030698
-0.055411
-0.057578
-0.095044
-0.056738
-0.037467
-0.152488
-0.161471
0.067522
-0.102511
-0.055158
0.028721
-0.148920
-0.072343
-0.085144
-0.029491
0.058231
-0.190275
0.063827
-0.177803
-0.147817
-0.111240
-0.177895
0.088765
-0.094192
0.023729
0.018449
0.153857
0.027142
-0.233007
-0.031358
0.090926
0.078761
-0.008513
0.256053
-0.049015
-0.030680
-0.110992
0.015623
0.072400
-0.078842
-0.131219
0.006197
0.075480
-0.051248
-0.157607
-0.012104
-0.094690
-0.024530
-0.123576
-0.139098
0.109393
0.159915
-0.151147
0.026814
-0.033567
-0.117226
-0.253003
-0.046732
-0.147512
-0.067216
0.028042
-0.154878
-0.076539
-0.183517
0.069482
0.062977
-0.005834
-0.043990
-0.050718
0.066729
-0.032591
-0.184507
-0.137723
-0.067860
-0.011125
-0.100552
-0.216639
-0.062153
0.099946
-0.176653
-0.092902
-0.290808
0.072407
-0.162239
-0.162569
0.018177
-0.021619
-0.031959
-0.000224
-0.072752
-0.078648
0.187749
0.085385
-0.041241
-0.113098
0.033355
0.045175
-0.019162
-0.104951
0.047857
-0.000826
-0.017005
0.152454
-0.048835
-0.103577
0.103438
0.127913
0.133252
0.062518
-0.124873
0.026426
-0.141250
0.014375
-0.179424
-0.136877
0.044708
0.144485
0.009435
0.232155
0.032983
-0.096919
0.087618
0.087469
0.041092
0.178060
0.064396
-0.096052
0.058391
-0.100108
-0.166721
0.108130
0.008211
-0.078400
0.107719
-0.098254
0.022286
0.165837
-0.029476
0.075985
0.056715
0.129945
0.000839
-0.042986
0.196153
-0.053557
-0.038812
-0.002592
0.002080
0.008148
0.130914
0.082872
0.162522
0.212151
0.072766
-0.019479
-0.068942
-0.336820
0.019435
-0.036647
-0.095244
0.124804
-0.469733
-0.093879
-0.048533
-0.140691
-0.105584
0.042459
-0.048436
-0.143357
-0.118628
0.062509
-0.194209
0.004011
-0.213612
0.024520
0.036774
0.185702
-0.028096
-0.033279
-0.080908
0.074822
-0.080432
-0.050333
0.217487
-0.134932
0.266349
0.100148
-0.253690
-0.031649
-0.092114
-0.000450
-0.206026
-0.187606
-0.054701
-0.036418
-0.133752
-0.061331
-0.126096
0.026001
-0.093150
0.087082
0.119678
0.029952
-0.047000
-0.030098
0.039486
0.114161
0.154534
0.015343
0.085433
0.208643
-0.192593
-0.072594
-0.002173
0.016029
-0.130529
-0.070736
0.176224
-0.054934
0.040005
0.088036
-0.001225
-0.005629
-0.040731
0.042545
0.132163
-0.098657
0.250498
0.017503
-0.107891
0.080398
0.180958
-0.074608
0.125030
0.069001
0.016687
-0.052511
-0.011285
0.088066
0.035765
-0.049070
-0.119286
-0.035591
-0.014004
0.082842
0.097705
0.044683
-0.093767
-0.066063
0.042562
-0.073552
-0.081630
-0.017167
-0.029807
-0.072554
0.189725
0.010329
0.004174
0.028189
-0.083591
-0.018501
-0.149223
0.044920
0.108290
0.135673
0.018577
-0.032641
-0.005685
-0.174743
0.042751
0.190450
-0.099813
-0.079082
0.015363
-0.147998
0.016960
0.014961
0.077015
-0.051469
-0.070295
0.000690
0.037224
-0.144497
-0.023128
0.145974
0.184535
0.078134
-0.026115
0.042647
-0.159253
-0.062884
0.079064
0.115501
0.082326
0.097639
0.042816
-0.020600
-0.031135
0.029111
-0.291184
-0.128140
0.020050
-0.143738
-0.041967
0.193820
0.144072
-0.081175
0.097496
0.112331
0.165269
-0.182988
-0.347850
0.016368
-0.039098
-0.100149
-0.142795
-0.001105
0.066398
-0.095869
-0.028665
0.003573
0.092123
0.030900
-0.069531
0.026694
-0.029677
-0.075535
-0.078028
-0.080300
0.207456
0.198914
-0.025006
0.112090
-0.002700
-0.103437
-0.110359
-0.120742
-0.171915
-0.012154
-0.007261
-0.265776
-0.081650
-0.108642
-0.078698
0.028573
-0.077613
-0.109733
-0.034070
-0.100225
-0.002653
0.042912
-0.064316
0.198419
0.172192
-0.019622
-0.024334
-0.140289
-0.148835
-0.033768
0.140920
0.018374
-0.042240
-0.044408
-0.038880
-0.093586
0.038586
-0.213797
0.003035
-0.026759
-0.056006
0.080265
-0.070278
-0.043819
-0.110578
-0.114832
-0.104405
0.060422
-0.079581
-0.094732
0.069167
0.058500
-0.159130
-0.085074
0.025349
-0.014803
0.061082
0.115461
-0.139237
0.074082
0.171903
-0.201355
0.027289
-0.091239
0.014831
-0.136279
0.026425
0.164284
-0.119209
-0.177761
-0.100713
-0.101927
-0.018920
-0.084781
0.022784
-0.074950
-0.173137
0.045192
-0.056876
-0.026453
-0.037978
-0.131536
-0.067312
0.077015
0.135001
0.082259
0.089248
0.154290
0.041580
-0.088471
-0.015144
-0.096834
0.071994
-0.113594
0.074748
0.039196
-0.071122
0.075780
0.094282
0.160557
0.143358
-0.122123
0.129839
0.112635
-0.040742
-0.128074
-0.008699
0.050703
-0.127005
-0.123392
0.064294
0.110900
0.057590
0.066375
0.191153
0.113054
-0.129047
-0.076266
-0.108837
-0.039209
-0.126452
-0.158582
-0.026791
-0.139585
-0.067301
-0.076300
-0.002634
-0.033721
-0.159035
-0.087000
-0.118352
0.116876
0.005076
0.083751
-0.160336
-0.181233
-0.081247
-0.215696
0.010841
0.042344
-0.105113
0.076756
-0.005221
0.046160
0.215883
0.178983
-0.089531
-0.002390
0.104399
0.104977
0.011700
-0.036681
0.153301
0.211375
0.231034
0.107323
0.129858
0.128414
0.013133
0.207024
0.150672
-0.029194
-0.030543
-0.045252
-0.087210
-0.170879
-0.112545
0.024504
-0.181408
-0.007428
0.297621
0.205888
-0.094964
0.289421
0.216527
-0.060968
-0.174567
-0.113858
-0.054161
0.238652
0.275393
0.031665
0.131794
0.249290
0.011493
-0.067449
0.105888
0.050057
0.150009
0.190880
0.011177
-0.066519
0.110149
0.060151
-0.120322
-0.203077
0.064658
-0.041790
0.128441
0.175768
-0.068710
0.000183
0.018015
0.177094
0.084433
0.146524
-0.014996
0.248439
-0.077151
0.048227
-0.090129
-0.080709
-0.089965
-0.110660
-0.011551
0.049728
0.002049
-0.015001
0.034783
0.003073
0.115280
0.022810
0.016223
0.056223
-0.020829
-0.025250
-0.098485
0.080615
0.038669
0.054167
0.091025
0.091877
-0.144532
0.011488
0.163479
-0.056617
-0.054273
0.396505
0.173229
-0.198741
-0.076760
-0.150974
-0.252383
0.099962
0.088012
-0.004501
0.018808
0.091044
0.006118
-0.003029
0.023733
-0.081560
-0.053109
0.036353
-0.253100
-0.122077
0.166197
-0.084233
-0.182014
0.101240
0.043540
-0.032576
-0.186066
0.150005
0.151615
-0.133721
-0.194988
-0.181679
-0.083404
-0.089901
0.112562
0.087773
-0.164333
-0.051152
-0.008626
-0.191524
-0.017674
-0.044026
-0.277800
-0.059448
0.059377
-0.039112
0.034996
0.150368
-0.026912
-0.094225
-0.073243
0.044207
-0.036026
-0.110156
0.057703
0.213852
0.289816
-0.003769
0.076170
-0.042055
-0.039970
-0.104105
-0.169428
0.021318
-0.073530
-0.070707
-0.077252
-0.139383
-0.024794
-0.029301
-0.028753
-0.127628
0.126418
-0.018629
0.000221
0.142571
0.060342
0.182258
-0.012646
-0.046725
0.010993
0.064630
0.122166
0.227040
0.017134
-0.018248
-0.042229
-0.023572
-0.043064
0.159134
-0.257337
-0.125779
-0.163588
-0.188065
-0.172050
0.010033
-0.011411
-0.090241
0.014913
-0.173884
-0.042836
-0.023424
0.143156
-0.027984
-0.152902
0.104521
0.146775
0.007193
-0.118569
0.087419
0.017835
-0.269366
-0.292499
-0.086721
-0.053537
-0.274748
-0.130129
0.087690
-0.024726
-0.098946
0.127849
0.266918
0.009251
-0.048533
-0.025006
0.164718
-0.078286
-0.109772
0.053699
0.039505
-0.131689
-0.032149
-0.046643
-0.051254
0.067192
-0.062539
-0.144029
-0.156487
0.049641
0.162374
-0.169744
0.134114
0.191451
0.015972
-0.056670
0.313315
0.119960
-0.231373
-0.286641
0.028187
0.056806
0.031245
0.136376
0.119637
0.076595
0.129937
-0.080355
0.087883
0.169232
-0.096000
-0.132135
-0.169742
-0.194326
-0.093569
-0.035218
-0.108074
-0.061249
-0.138400
-0.181696
-0.235672
-0.121897
-0.000383
-0.030890
-0.074094
0.071712
-0.081716
-0.029898
0.023684
-0.163568
-0.140066
0.001986
-0.010358
-0.013660
-0.092021
-0.000040
-0.040037
-0.199426
-0.150643
-0.213918
-0.120467
0.019637
0.002564
-0.061731
-0.094554
0.052821
-0.292021
-0.210043
-0.173162
-0.339847
-0.189892
-0.094229
-0.029491
-0.137482
0.122036
-0.029353
-0.195220
-0.142495
0.044841
-0.118806
-0.155967
0.090893
-0.120936
-0.048035
0.034898
-0.149050
-0.199994
-0.180827
-0.040819
-0.093241
-0.123079
0.045619
0.017835
0.081461
-0.142743
-0.128677
0.073237
-0.095908
0.018714
-0.005553
-0.183889
0.123742
0.096115
0.007444
0.004414
0.019464
0.203941
-0.018599
-0.147998
-0.045900
-0.155152
-0.049008
-0.015285
0.069400
0.059931
-0.092573
0.065450
0.151463
0.151633
0.122514
0.038498
0.034381
-0.085203
-0.074540
-0.219098
-0.250425
-0.017991
-0.239695
-0.072117
-0.019555
0.058343
0.106617
0.056781
0.041871
0.194571
0.038009
0.036419
0.146771
0.058312
0.238019
0.210054
-0.058792
-0.067549
-0.051098
0.033238
-0.000614
-0.016832
0.013226
0.179593
0.095575
-0.039868
-0.082941
-0.017839
0.196386
0.005054
0.031371
-0.225385
-0.034990
0.182526
-0.127274
-0.067339
0.255777
-0.112448
-0.068735
-0.033929
0.111797
-0.118620
-0.176925
0.217705
-0.042311
0.087846
0.027532
0.017774
-0.001005
0.059435
0.065205
-0.029547
-0.129933
-0.124841
-0.027569
0.037988
0.032977
0.112810
0.139438
-0.199002
-0.134582
0.217071
-0.168488
-0.099223
0.162183
-0.094270
-0.062853
-0.149922
0.156077
0.172174
-0.013998
-0.090699
0.009957
-0.051485
-0.167343
0.028880
0.054755
0.055008
-0.076978
0.012008
-0.056245
-0.078736
0.006569
0.039635
-0.077533
-0.066189
0.067952
-0.046536
-0.080650
0.000643
0.002691
-0.179686
-0.120387
-0.012413
-0.053086
-0.019116
0.053883
-0.206011
-0.052249
-0.000620
0.000990
0.005157
0.086178
-0.072487
-0.080699
-0.218708
-0.076999
-0.201203
0.058238
0.030392
-0.094084
0.159027
-0.006445
-0.006640
0.066943
-0.004783
0.023190
-0.345307
0.029404
-0.129072
-0.097605
0.084338
0.045878
-0.087538
0.033558
-0.055872
-0.114117
0.115045
-0.133605
0.023805
-0.212471
0.003191
0.061336
0.005192
-0.055963
-0.115533
0.041208
-0.251544
-0.035602
-0.112682
-0.117628
0.079336
0.093173
-0.187818
0.153062
0.138620
0.044403
0.097024
-0.036523
0.058735
0.008233
-0.089865
0.174576
-0.030184
0.072712
0.207991
0.090762
0.078480
-0.064785
0.018176
0.015707
-0.202215
0.047523
0.056534
-0.293771
0.187954
-0.066657
-0.111689
-0.038378
-0.045733
-0.262395
-0.098022
0.100233
0.128574
-0.021569
-0.023863
-0.046232
0.057918
-0.076483
-0.139798
0.122483
0.070968
0.117496
0.154295
0.098863
0.021520
-0.028483
0.002075
0.048312
-0.029509
-0.123701
0.037451
-0.070602
-0.111169
-0.023726
-0.002976
-0.002312
0.029281
-0.003076
0.114988
0.070062
0.002975
0.023325
0.119078
0.111061
-0.072781
-0.194712
-0.103881
-0.104735
-0.292414
0.026746
0.045795
-0.159613
0.032308
-0.010991
-0.161184
-0.014237
-0.009422
-0.115565
0.008256
-0.016090
0.047811
0.034365
-0.139278
-0.102914
0.267228
0.184372
-0.101345
0.029988
-0.078605
-0.040029
0.034979
-0.164273
-0.038313
0.154405
0.083723
0.084092
0.141238
0.008295
-0.119906
-0.309459
-0.125323
-0.327069
-0.073935
0.070885
-0.245404
-0.190026
-0.092363
0.193520
-0.026940
-0.306765
-0.110621
-0.139701
-0.289918
-0.144641
0.118049
0.102400
-0.128912
-0.003764
0.140852
0.100142
-0.080577
-0.134699
0.127545
0.061798
0.129350
0.072285
-0.063464
0.006160
0.149360
-0.027585
-0.095221
0.007039
0.004869
0.030974
-0.014062
-0.046898
-0.066069
0.078364
-0.092267
0.030886
0.012605
0.052328
-0.025384
0.157747
0.103781
-0.184914
0.073823
0.022142
0.045976
0.004846
0.089117
-0.092226
0.083022
0.001088
-0.119736
0.078308
-0.000022
-0.011647
0.065367
0.035048
0.060852
0.131065
0.074003
-0.208820
-0.115158
-0.003265
-0.235380
-0.252089
0.025337
0.048799
0.053250
0.127570
-0.052530
0.088450
-0.064402
-0.097238
-0.038587
-0.009973
0.119746
0.039035
-0.066682
-0.109409
0.036840
0.034186
-0.040122
-0.078656
-0.074227
0.031310
0.034122
-0.090391
0.122836
0.017441
-0.060786
-0.248830
-0.063262
-0.009493
0.148890
0.170351
-0.043775
-0.059147
-0.041904
-0.073793
-0.017784
0.137480
0.105694
0.187193
-0.012485
-0.053863
-0.061061
0.104721
-0.105437
-0.035740
-0.066901
-0.127110
-0.076660
-0.167844
-0.000537
-0.182134
-0.146576
0.010856
-0.006755
-0.126521
0.045076
0.044883
0.168946
0.139765
-0.147273
0.032418
-0.001824
-0.161159
-0.210612
-0.063297
-0.036572
-0.002657
0.125445
-0.062542
0.103025
-0.098987
-0.087358
-0.237332
-0.153992
-0.051486
0.008733
-0.046865
-0.015147
-0.074857
-0.007083
-0.026573
0.007913
0.133533
0.089755
0.028585
0.030865
0.045095
-0.416446
-0.146846
-0.005256
-0.185391
-0.152247
0.118158
0.130085
0.028186
-0.021635
0.018220
-0.096396
-0.063045
-0.086392
-0.067987
0.066521
0.303845
-0.025850
-0.059422
-0.048328
-0.226824
0.006654
-0.047919
0.083664
-0.035274
0.067516
0.041724
-0.141466
0.029879
-0.012904
-0.027514
-0.172081
0.003432
0.045860
-0.013420
0.089202
-0.012575
-0.048013
0.149895
0.169235
-0.098105
-0.012523
0.040111
-0.203619
0.092994
0.116525
-0.133123
-0.100254
0.198238
-0.156140
0.036409
0.012704
-0.036080
-0.024532
0.027111
0.119399
0.032638
0.197154
0.149878
-0.017472
0.072220
0.069750
-0.050167
0.126419
-0.285067
0.041672
0.090285
0.089370
0.113138
0.090528
-0.083317
-0.116042
-0.089253
0.002584
-0.204653
-0.035523
0.024916
-0.065796
-0.055066
-0.038953
-0.110403
0.033221
0.117270
-0.082288
-0.068852
0.082518
-0.203211
0.020535
-0.100714
0.073647
0.040925
-0.237290
0.001437
0.125931
0.091219
0.173661
-0.085137
-0.024359
0.129841
0.081754
-0.048013
-0.143559
0.162911
-0.045666
-0.047313
-0.104014
-0.024001
-0.018531
-0.030516
-0.171559
-0.070133
-0.097724
-0.104317
0.030786
0.019827
0.083945
0.186363
-0.088811
-0.111839
0.120243
-0.058041
-0.165907
0.078844
-0.124538
0.019289
0.036110
-0.224661
-0.082374
-0.016377
-0.150136
-0.124538
0.199140
-0.129286
-0.050715
-0.092941
-0.145768
0.080192
-0.054344
-0.080766
-0.036540
0.128402
0.233017
0.178289
0.087790
0.016530
-0.059314
-0.013255
0.066700
-0.053042
-0.063421
0.247332
0.065810
-0.159729
-0.042186
-0.038273
-0.050216
-0.169589
-0.141558
0.036214
-0.013116
-0.066854
0.104126
-0.029746
-0.221255
-0.029390
0.016953
0.017064
0.106385
-0.014071
0.134886
0.023856
-0.110386
0.152111
-0.074081
-0.155985
-0.088637
-0.063123
0.085337
-0.019518
0.019944
-0.047256
-0.012750
0.046007
-0.124691
0.137966
0.139903
-0.062878
0.075283
-0.054852
-0.178195
0.099245
-0.182291
0.015683
0.115372
0.010855
0.048539
-0.039790
0.005918
-0.155029
0.006796
0.001442
0.113291
-0.043825
0.104080
0.015670
-0.071182
-0.100556
0.013025
0.021615
0.127477
0.094341
0.037076
0.171368
-0.231438
-0.078943
-0.037994
-0.073064
-0.067836
-0.182699
-0.030626
-0.015750
0.014492
-0.069790
-0.021789
-0.017085
0.044661
0.134546
-0.162931
-0.065506
0.006976
-0.043041
-0.076561
-0.099541
-0.079245
-0.104710
-0.100741
0.092982
0.117054
0.196680
0.066842
0.063311
0.032563
-0.267901
0.105958
0.012312
-0.263926
-0.120089
0.001908
-0.170020
-0.150464
-0.178307
0.053292
-0.084377
-0.286322
0.001888
0.060595
-0.066848
0.209387
-0.025160
0.032796
0.074169
0.180204
0.160937
-0.016804
0.066458
0.055275
-0.033299
-0.024903
-0.034514
-0.038498
0.084048
0.083851
0.009544
-0.064365
-0.006734
0.108427
-0.012596
0.164643
-0.045091
-0.007922
-0.088725
-0.067589
0.069918
-0.124821
-0.144102
0.119753
-0.094470
-0.024836
0.159569
-0.077839
-0.238830
0.083779
-0.073670
-0.001763
-0.051976
-0.107880
-0.109194
0.187971
0.279417
-0.012837
-0.001203
0.170992
0.120011
0.125271
0.091175
0.032930
-0.017596
0.044966
-0.224402
0.078962
-0.133104
-0.118171
-0.007069
-0.070248
0.041743
0.048975
-0.236480
-0.231350
0.017396
0.074141
0.093807
0.025426
-0.123100
0.004433
-0.014519
0.042439
-0.069188
-0.098538
0.090530
-0.085971
0.053093
0.063875
0.216005
0.071852
0.123688
0.259008
-0.272669
-0.284356
-0.342865
-0.079076
-0.220018
-0.250337
0.081044
0.006245
-0.113320
0.112451
-0.046815
-0.018922
0.101087
-0.038829
-0.077017
0.034311
0.150321
0.119800
-0.239393
-0.003703
0.098225
0.055875
0.044028
-0.024765
-0.027214
-0.001852
0.050516
-0.106813
-0.027898
0.046835
-0.014638
-0.099135
0.032032
0.014281
-0.214300
-0.117629
-0.026252
-0.108315
-0.160928
-0.156849
0.133970
0.143441
-0.263433
-0.014629
0.014128
-0.006111
-0.031904
-0.034224
-0.115749
-0.088482
-0.039457
0.116954
-0.082858
0.156605
0.224473
0.003241
0.182541
-0.030706
0.012026
0.053356
-0.068377
0.010178
0.071665
0.131488
-0.082501
0.089651
-0.087512
0.113186
0.060285
-0.069275
0.156682
0.131339
-0.038015
-0.107937
-0.215875
0.004090
0.072649
-0.110297
-0.149565
0.155998
-0.098521
-0.049917
0.250593
-0.047792
-0.024899
0.117657
-0.140314
-0.138653
-0.211847
-0.342359
-0.075835
-0.034704
-0.121164
-0.038217
-0.074495
-0.209677
-0.000457
-0.058252
0.112955
0.158145
0.132918
0.341121
0.096742
-0.071187
0.129914
0.115443
-0.156363
-0.049737
0.160529
0.083638
-0.047937
0.020337
-0.029541
0.142910
0.104229
-0.073180
0.046532
0.119556
-0.019244
0.032443
-0.114712
-0.107113
-0.179063
0.096930
-0.071238
-0.135572
-0.069208
-0.172443
-0.195911
-0.020589
-0.296377
-0.403390
-0.023029
-0.137815
-0.315222
0.162930
0.109868
0.123923
-0.001126
-0.062184
0.049726
0.064123
-0.301663
-0.053901
0.127123
0.043543
-0.155797
-0.025026
-0.055393
-0.149663
0.006634
0.043780
0.168665
0.012927
-0.017606
-0.077901
0.153035
0.063677
0.021222
0.078311
-0.052381
-0.112056
0.104153
0.189102
-0.032507
0.237003
0.009529
-0.075510
0.176346
-0.042700
-0.135256
0.140127
-0.070918
-0.026870
0.058565
-0.069204
-0.017972
0.051124
-0.020235
0.081009
0.038648
-0.095896
0.067547
-0.030554
-0.125626
-0.167045
0.177442
0.069695
-0.056778
0.127901
0.147423
-0.120887
0.109029
0.097453
0.119714
-0.032408
0.001399
-0.140214
0.020252
0.011187
0.119466
-0.063081
-0.017211
0.061892
-0.052285
-0.048994
-0.047269
0.199735
0.121938
0.072768
-0.078602
-0.121187
0.068047
0.276730
0.019415
0.081338
-0.002106
-0.029532
0.048926
-0.074339
0.111120
0.121107
-0.140030
0.119014
0.183586
-0.164736
-0.119921
-0.027588
0.178887
0.068054
-0.055785
-0.037639
-0.095051
-0.049106
0.113275
-0.087977
-0.138290
-0.054985
-0.093045
-0.002808
-0.095002
-0.010409
0.017232
-0.009491
-0.027641
-0.026602
-0.050262
-0.035962
-0.009029
-0.083067
-0.020883
0.132108
-0.096439
-0.151921
-0.013913
0.017995
-0.003205
0.053013
-0.009701
-0.058388
0.047053
0.083898
-0.059539
0.180416
-0.130210
-0.008004
0.093381
-0.065837
-0.027346
-0.044230
0.130369
-0.006903
0.020970
0.165757
-0.128228
0.008467
0.033614
-0.158336
-0.112364
0.160078
-0.092963
-0.050883
0.011964
0.018108
-0.036392
-0.056167
0.091563
-0.174331
-0.020094
0.001019
-0.179448
-0.015114
-0.007589
0.040637
0.211045
0.027612
-0.121862
-0.029754
-0.040281
-0.062979
-0.026507
-0.038736
-0.140748
-0.033060
0.010713
0.018778
0.066958
0.037442
0.145576
0.068748
0.061706
0.262745
0.040290
0.006274
0.117492
0.092292
0.010881
0.044600
-0.017505
0.083452
0.278788
-0.256677
-0.305094
-0.109622
-0.020722
-0.157980
-0.032054
-0.012842
-0.138708
-0.101716
0.018646
-0.164347
0.211743
-0.090710
-0.144407
0.124700
-0.187286
-0.055137
0.022915
-0.106602
0.043115
-0.017194
-0.114927
-0.146575
-0.115984
-0.141141
-0.081776
-0.221439
-0.195560
0.112092
-0.132651
-0.210371
-0.011308
-0.052307
0.121299
-0.029971
-0.044717
0.170282
0.012797
-0.022838
0.135220
-0.189057
-0.076263
0.035320
0.028891
-0.082640
0.102645
0.166849
0.096714
-0.298352
-0.152399
-0.049774
0.002209
0.162317
0.029383
-0.049906
0.018876
0.094779
-0.058154
-0.104503
0.207176
-0.039707
0.007378
-0.058395
-0.113168
0.028174
0.014891
-0.013521
0.055101
-0.164485
0.141011
-0.117546
-0.222105
0.145875
-0.117734
-0.074018
0.132467
-0.169332
0.106674
-0.145647
0.002539
-0.023764
-0.265646
0.195866
0.019477
-0.034355
-0.085142
-0.100625
0.062798
0.037703
-0.010492
0.178547
0.133147
0.005952
0.115931
-0.004474
0.044455
-0.034845
-0.221024
-0.268328
-0.017049
-0.237575
0.000660
-0.018955
-0.101505
-0.003807
-0.104183
0.027749
0.050434
0.038879
0.090772
0.057138
0.127922
0.166638
0.020755
-0.126301
-0.156689
-0.100241
-0.016572
0.055766
0.041876
0.160680
0.255754
-0.022760
-0.045757
-0.101657
0.065523
-0.023556
-0.060308
-0.063444
-0.027419
0.117139
-0.159873
-0.089425
-0.018929
0.085173
-0.120449
-0.131950
-0.112389
-0.273895
-0.168764
-0.177205
0.115047
-0.025445
0.053955
-0.150196
-0.194038
0.250725
-0.088615
-0.389713
0.108044
-0.014660
-0.033693
0.020380
-0.077531
-0.207246
-0.139078
0.144221
0.078059
-0.156980
0.049424
0.187123
-0.074549
0.140339
0.270650
-0.119698
-0.015769
-0.118806
-0.024930
-0.050173
-0.064843
0.096605
-0.087625
0.007505
-0.094498
0.011791
0.182039
-0.005603
0.134194
-0.009820
-0.076584
0.136064
-0.063972
0.124062
0.016025
-0.094489
0.023087
0.022811
-0.005424
0.045834
-0.091701
-0.155474
-0.061855
0.009935
-0.184332
-0.226772
0.006588
0.053765
-0.032809
-0.047023
0.047713
0.062663
-0.142564
0.012380
0.063175
0.111881
-0.002566
0.091750
0.067255
0.186164
0.185280
0.106494
0.024944
-0.127130
-0.082721
0.044007
-0.145397
0.001007
0.228391
-0.107020
0.019088
-0.095146
-0.156823
0.058614
0.076720
-0.112331
0.187062
-0.034437
0.199249
0.204145
-0.076753
0.239057
0.070097
-0.042274
0.024096
0.091733
0.095713
0.017964
0.018769
-0.028626
0.064009
0.097669
0.034011
-0.063756
0.122352
0.268453
0.014159
-0.123064
0.149308
-0.137349
0.020395
-0.121161
0.003483
-0.112198
-0.266398
0.110615
-0.002674
0.094223
0.010410
0.136994
-0.033585
0.019596
0.139875
-0.034736
-0.045267
-0.014695
-0.099862
-0.111682
0.113616
-0.049464
-0.101036
0.092025
0.100376
-0.103340
-0.025364
-0.072554
0.063211
0.038207
-0.018739
0.004916
0.108882
0.027340
0.086954
-0.044863
-0.063258
0.036936
0.053774
-0.004480
-0.068848
0.071827
-0.161386
-0.188140
0.046787
-0.083824
0.046692
-0.076763
0.130111
-0.088618
0.087081
0.265153
0.041606
-0.064144
0.033619
-0.081795
0.004628
-0.122721
-0.121875
-0.011168
-0.158498
-0.042454
0.055591
-0.133301
-0.110543
-0.035418
-0.167952
-0.178443
0.060993
0.089348
-0.015035
0.008328
0.078475
0.091400
-0.051055
-0.153009
0.011809
-0.076713
0.142105
0.072290
-0.039548
0.032147
-0.031260
-0.057012
0.078673
-0.004248
0.013067
0.026703
0.014952
0.112922
-0.057048
-0.010759
0.011766
-0.022203
-0.132531
0.121566
0.039095
-0.143909
-0.064229
0.143937
-0.031870
0.121199
-0.099582
-0.111909
-0.041677
-0.296154
-0.007682
0.073651
-0.252781
0.146075
0.168920
0.101605
0.089485
-0.061934
0.045843
0.006220
0.021524
-0.164592
0.188962
-0.026498
0.147388
0.011513
-0.001657
0.091528
-0.095267
0.059077
-0.138354
-0.142119
-0.026189
0.120861
-0.043303
-0.096171
0.002947
-0.152536
0.050872
-0.047242
-0.045022
0.085615
-0.191291
-0.040411
0.156003
-0.067484
0.263411
0.078743
0.097395
-0.147633
-0.023543
-0.003663
0.046005
0.007797
-0.065505
-0.052047
-0.029529
0.013766
0.185399
-0.042589
-0.214640
-0.118057
-0.075312
-0.414862
0.003260
0.132631
-0.045183
-0.000547
-0.118649
0.039632
0.016475
-0.016026
0.065859
-0.025830
-0.028590
0.263322
-0.095658
-0.056031
0.215655
0.104662
-0.123971
-0.033523
0.063758
0.180398
-0.088130
-0.031299
0.008492
0.086195
0.002942
0.003600
-0.195452
-0.052504
0.044984
-0.315629
-0.042298
-0.148981
0.165851
-0.053089
0.091911
0.104466
0.026394
0.230636
0.140446
0.044874
0.106481
0.034762
-0.080276
-0.026403
0.014122
-0.247346
-0.038383
-0.278310
-0.163608
-0.050585
-0.091658
-0.134753
-0.057075
0.177870
-0.083540
-0.085530
0.011441
-0.156952
-0.046248
-0.180620
0.164470
-0.184373
-0.100598
-0.053062
-0.043198
-0.180315
-0.084589
-0.087606
0.113396
-0.016812
-0.231504
-0.009178
-0.138640
-0.070225
-0.008036
-0.193029
-0.134734
-0.073798
0.011694
0.087877
-0.143077
-0.045960
0.113311
0.009364
-0.159006
0.003530
0.031667
-0.090638
0.045795
0.073669
0.049851
0.084755
0.009642
0.148019
0.072734
0.139108
-0.023144
0.020977
-0.160710
0.008877
0.190659
0.191150
0.202605
0.002960
-0.086232
-0.044337
0.015841
-0.100733
-0.005348
0.061412
0.123058
-0.008870
-0.013565
-0.130988
0.002300
-0.059015
-0.204864
0.025276
-0.004566
-0.030837
0.146492
0.131873
0.189452
0.119326
0.075070
-0.190222
0.052699
0.242308
0.075444
-0.133967
-0.017410
0.019264
-0.155315
0.024519
0.153280
-0.223352
-0.059086
0.055988
-0.058527
0.041643
-0.109086
-0.016661
0.020964
0.127689
0.143713
-0.134329
0.082868
0.085168
0.205380
-0.157493
0.009886
0.129307
0.205075
-0.042021
-0.047538
0.190552
0.044113
-0.059464
0.226311
-0.009964
-0.231726
-0.091125
-0.032891
0.183476
-0.249297
-0.153720
0.002272
0.026047
0.085091
0.025463
-0.024163
-0.094508
-0.003724
-0.040650
0.096178
0.190364
-0.096672
-0.081862
0.075712
0.028771
-0.103007
0.023861
-0.025125
-0.069377
-0.020738
-0.064499
0.018250
0.011230
-0.008163
0.001466
-0.198053
-0.136863
-0.055375
0.074529
-0.198460
-0.065526
-0.166935
-0.185638
0.028120
-0.084194
-0.098918
-0.141469
-0.097449
-0.045702
0.164952
-0.101556
-0.083996
0.101658
0.209772
-0.044988
0.117873
-0.298011
-0.239088
0.049125
-0.254579
-0.257160
0.145544
-0.065167
-0.111084
0.119497
0.075105
0.135175
0.073190
0.069331
-0.184503
-0.331343
-0.015457
-0.187016
0.130153
-0.138224
-0.242873
-0.133763
-0.146685
0.187672
0.305260
-0.097106
0.039104
-0.136682
0.097300
-0.047558
-0.021103
-0.023038
-0.056468
-0.031172
0.033022
-0.032466
0.001279
-0.147047
-0.171342
-0.138057
-0.012047
0.230340
0.194116
-0.007753
0.195913
0.043567
-0.166711
-0.174893
-0.175815
-0.258529
0.025888
-0.066794
0.115683
0.156902
-0.025303
-0.153973
-0.075709
-0.023591
0.017278
-0.102663
-0.096665
-0.201748
-0.146199
-0.068375
0.072502
-0.058990
-0.110497
0.103030
0.027472
0.051463
0.048777
-0.058835
0.005841
0.087812
0.171890
-0.001872
-0.074382
-0.061932
0.077453
0.049125
-0.008683
-0.071054
0.235805
0.060652
0.190274
-0.201910
-0.030663
0.014230
0.031693
-0.077861
0.065614
-0.175399
-0.096531
-0.270179
0.035946
0.031032
0.054568
0.122119
0.058954
0.157966
0.266219
0.120517
0.010478
0.091767
0.071420
0.117142
-0.039016
-0.215299
-0.117885
-0.169463
0.297104
0.052477
0.058141
0.229326
0.129022
-0.091272
-0.394549
-0.130807
-0.088170
-0.160268
-0.140515
0.087965
0.076703
0.185810
0.015629
0.006732
0.045524
0.122155
0.245534
0.068451
-0.149425
-0.026027
-0.067299
0.155062
0.007036
0.161926
0.129400
0.063753
0.178344
0.043991
-0.015642
0.012315
0.106972
-0.096302
-0.019262
0.002972
-0.097709
-0.056367
-0.120144
0.081585
0.062700
-0.016288
-0.031519
-0.039851
0.046346
0.040140
-0.047073
0.083014
0.018165
0.047384
0.058676
-0.091477
0.201388
-0.004696
-0.030416
0.011889
0.017390
-0.213162
-0.095057
0.133883
0.029890
-0.269852
-0.111656
-0.171024
-0.187535
0.028672
0.103920
-0.074677
0.083846
0.001164
0.029085
0.203472
0.023484
0.192094
0.006266
-0.041662
-0.161679
0.006321
-0.040755
-0.176036
0.058774
0.070088
0.067735
0.044589
-0.191578
-0.177889
0.248877
0.120404
0.081724
-0.004489
-0.046405
-0.174373
0.078582
-0.046124
-0.147502
-0.016706
0.123131
0.088630
0.073642
0.005338
0.071400
-0.055717
0.084541
0.116356
-0.128985
-0.069140
-0.008093
0.012823
-0.146698
0.067008
0.021174
-0.045959
-0.039152
-0.137623
-0.070158
-0.106357
0.058112
-0.130876
0.133406
-0.067248
-0.306269
-0.139264
0.014261
-0.041698
-0.027748
0.168703
0.199955
0.065865
-0.068560
-0.290328
-0.111310
-0.072020
-0.015191
0.130083
0.073360
0.046210
0.100948
-0.067411
0.003260
-0.021813
-0.055725
-0.025710
-0.079641
0.026614
-0.197502
-0.084685
0.098280
0.106668
-0.007431
-0.107713
0.044863
0.029061
-0.121434
0.157907
0.013975
-0.035501
-0.044867
-0.042933
0.015079
-0.015147
0.134644
0.021296
-0.100381
0.120651
-0.042900
-0.038494
-0.108394
0.084878
-0.007906
-0.120434
0.011427
-0.035397
-0.028298
-0.121298
-0.001701
-0.051379
-0.151358
0.047785
0.197038
0.123912
-0.070251
0.080939
-0.022233
-0.197619
0.012245
-0.159246
-0.073661
0.039043
0.166195
0.031438
0.094911
0.031490
-0.101092
0.096694
-0.016743
-0.089167
0.098042
0.004862
0.039907
0.162879
0.039482
0.129831
-0.161257
-0.165653
-0.065874
-0.289231
-0.124165
-0.002945
-0.224237
0.143623
0.245889
0.208567
0.147667
-0.095803
-0.063534
0.020742
0.075622
-0.035695
0.139871
0.315321
0.184792
0.107107
-0.021140
-0.117190
0.072303
0.008530
0.115154
0.127012
0.232082
0.168430
-0.118140
-0.191435
0.014259
-0.067952
-0.035637
0.075282
0.026460
-0.202945
0.062652
0.038331
-0.127925
-0.118415
0.131991
0.026532
-0.068244
-0.050124
-0.177379
0.012598
-0.075330
-0.141162
-0.028054
-0.149388
-0.153054
-0.139477
-0.136312
0.022071
-0.068558
-0.235001
0.002871
-0.119591
-0.053282
-0.151374
-0.055402
0.123767
0.167452
0.020577
0.087979
0.124443
-0.080860
-0.110381
-0.204690
-0.155099
-0.055770
0.233656
0.401624
0.109270
0.150108
-0.058745
0.125972
0.141736
0.019866
0.033238
-0.086746
-0.248936
-0.252776
-0.063838
-0.085700
0.038149
0.109564
0.108375
0.011996
0.003649
0.010438
-0.130155
0.062577
0.090278
-0.199816
-0.254294
-0.110139
0.017599
0.172411
0.131291
-0.017551
-0.066574
-0.032673
0.070643
0.077365
-0.211709
0.021810
-0.019731
-0.012396
0.070428
0.125221
-0.020605
-0.079154
0.003221
0.000408
-0.007210
0.068009
0.018655
0.076005
0.053549
-0.036981
-0.086674
0.061415
0.109877
-0.248550
-0.087867
-0.112734
-0.121585
0.020002
-0.094511
-0.010387
-0.159513
-0.037013
0.230878
0.067452
-0.177409
-0.080249
-0.026386
-0.025461
0.011306
-0.058141
0.108266
-0.151171
-0.141162
0.008916
0.140798
0.014708
0.034887
-0.020198
-0.030428
0.094689
-0.153287
-0.136241
-0.019434
-0.072715
0.087438
-0.051295
0.215234
0.164154
0.117111
-0.221123
-0.090242
-0.171434
-0.081208
0.059981
0.195621
-0.032898
0.137970
0.263050
-0.124592
0.064370
-0.031975
-0.102991
-0.025532
-0.026458
0.033477
0.075740
0.039835
0.106170
0.178568
-0.020446
0.081299
-0.033333
0.098203
-0.059757
-0.123119
-0.058888
0.105269
0.043840
-0.049065
0.208822
0.093610
0.037391
-0.146172
-0.078328
-0.018490
0.013533
0.054777
-0.007422
0.044973
0.126921
0.037056
0.088252
0.175714
-0.153444
0.235945
-0.146609
-0.119138
0.241611
0.115297
0.320036
0.092542
0.094003
-0.002816
-0.088482
0.088318
0.169215
-0.066617
0.033042
-0.022588
0.044381
-0.028010
0.040208
-0.105029
-0.178122
-0.248241
-0.084980
-0.023010
0.107028
0.031058
0.043507
-0.179634
0.071700
-0.054814
0.035782
-0.071208
-0.021399
0.053987
0.034913
-0.063085
0.074985
-0.086865
-0.063139
0.090294
-0.007405
0.168893
-0.076690
0.129083
-0.090658
-0.004886
-0.161060
-0.065436
0.092718
-0.252657
-0.141043
-0.047757
-0.077848
-0.075048
-0.008207
-0.027964
0.018601
0.188921
0.116825
-0.145628
-0.034278
-0.196264
-0.068819
-0.082639
-0.096912
-0.023594
-0.015596
-0.085035
-0.121361
-0.003717
0.042718
0.131929
-0.052349
0.053892
0.104653
-0.045973
0.015298
0.223903
-0.054313
0.150719
-0.272665
-0.015062
0.260203
-0.232613
-0.075260
0.280828
0.051721
-0.032603
-0.086212
-0.015486
-0.180518
-0.059322
-0.035139
-0.213023
0.006400
-0.111955
-0.088295
0.156125
-0.271292
-0.036747
0.058746
-0.053678
0.023500
0.018005
-0.034831
0.067588
0.091845
-0.132855
0.196910
0.155049
-0.163148
0.118251
0.157676
-0.027644
0.098562
0.070665
0.049317
-0.195465
-0.100526
-0.016831
-0.093985
-0.100744
-0.004473
0.084141
0.166198
-0.037501
0.012683
-0.035612
-0.250919
-0.010945
-0.212271
-0.312119
-0.034788
0.007805
-0.070145
-0.061363
-0.058338
0.038160
0.161718
0.133946
-0.041819
0.000595
0.067100
0.026246
-0.065791
-0.147521
-0.097826
-0.040797
-0.029382
0.099420
-0.069484
0.043672
-0.159627
0.086604
0.075225
-0.109128
0.153969
-0.130705
-0.168577
0.003143
-0.011719
-0.005354
-0.123198
0.102632
0.130365
-0.142531
0.072196
-0.060555
-0.251905
-0.003552
-0.037133
0.129037
0.199602
-0.112294
-0.058118
0.040036
-0.033348
-0.024429
-0.030557
0.055043
0.092999
-0.033592
0.219095
0.107920
0.124512
0.131602
-0.132881
0.132996
0.254338
-0.007357
-0.044512
0.152819
-0.079704
0.099971
-0.011253
-0.101618
0.130233
0.194532
-0.130852
-0.152281
0.276886
-0.056489
-0.243741
0.142437
-0.125959
-0.007526
-0.013241
-0.095736
0.029101
0.034458
-0.310686
-0.130276
-0.139147
-0.107685
-0.015766
-0.002280
0.093279
-0.081674
0.016385
-0.021932
-0.230211
-0.128180
-0.048569
0.070415
-0.038150
-0.006381
-0.011905
0.095570
-0.078454
-0.071732
-0.113968
-0.018047
0.011142
-0.071508
0.016372
0.015880
0.007381
-0.161426
0.049014
0.107326
-0.009472
0.047849
0.125080
0.094465
0.106050
0.172878
-0.145065
0.194284
-0.067302
0.005239
-0.035752
0.021307
0.035624
0.007963
-0.018316
-0.086344
0.054511
0.220961
-0.126468
0.028618
0.017220
0.079549
-0.042856
0.095198
0.006359
-0.061581
0.095104
-0.035643
-0.178733
0.131439
-0.172095
-0.008058
-0.103449
-0.047841
0.115275
0.011931
-0.052071
0.056496
-0.029238
0.026755
0.125448
0.137290
-0.070186
0.115226
0.049004
-0.081594
0.055438
-0.004862
-0.027423
-0.077853
-0.066887
-0.121610
-0.157517
-0.191469
0.022544
-0.166054
0.071211
-0.006610
-0.278732
-0.019373
0.034312
-0.391427
0.075599
0.138599
-0.016006
-0.069766
0.031897
-0.109055
-0.100174
0.181753
-0.049087
-0.055492
0.126376
-0.070398
-0.118956
0.017815
-0.189567
0.107077
0.026749
-0.012947
0.125986
0.222126
-0.132065
0.065940
-0.249257
-0.125836
-0.024168
-0.078000
-0.134370
-0.019778
-0.223772
0.039251
0.112649
-0.259461
0.061288
0.053841
-0.118799
0.009572
0.051873
-0.064792
-0.134305
-0.020480
-0.031388
-0.114887
-0.114297
0.033339
-0.031526
-0.088156
0.106310
0.117606
0.049770
-0.012280
0.044064
0.022145
-0.059871
-0.046447
0.145710
0.035247
-0.025572
0.133161
-0.000501
0.042581
0.040375
-0.015913
0.014979
0.064604
-0.105459
0.063174
0.072411
-0.150554
-0.094534
0.042107
-0.043689
-0.034140
-0.113050
-0.157310
-0.097568
-0.197388
-0.004327
-0.048364
-0.067541
-0.000675
0.072389
0.006509
-0.015081
0.154017
-0.011460
0.076663
0.104748
-0.018990
0.028124
-0.033448
0.007319
0.074733
-0.177630
-0.245016
-0.059379
-0.095438
-0.147843
0.100317
-0.061049
0.005327
-0.102563
0.301986
0.036951
-0.122219
-0.082054
0.031021
-0.158444
-0.011273
-0.116935
-0.132583
-0.010358
-0.044194
0.025903
0.090952
-0.001204
0.001265
-0.071365
-0.124689
-0.097085
0.069737
-0.150256
-0.053789
0.109049
-0.136252
-0.003711
0.110742
0.095589
0.049841
-0.124998
-0.252110
0.019292
0.174866
-0.198109
0.009284
0.157829
0.083609
0.102551
0.105532
-0.119571
0.058448
0.022726
-0.384033
-0.027977
0.122321
-0.203547
-0.045341
0.087464
0.172157
0.056255
-0.032215
-0.016589
-0.010150
0.084611
-0.079630
0.053087
0.237085
-0.118411
0.200783
0.017064
0.077006
0.093288
0.151588
-0.115887
0.105586
-0.093399
-0.273687
-0.152064
-0.208362
-0.248186
-0.106031
0.039649
-0.052416
-0.002054
0.013490
-0.012970
0.129021
-0.040150
-0.057904
0.229808
0.042775
-0.096896
0.137584
0.210217
0.033259
-0.005978
0.167003
-0.038910
0.058371
0.077842
-0.124632
-0.040804
0.046511
-0.069431
-0.115495
-0.087823
-0.218494
-0.056092
0.010100
0.127795
-0.052530
0.110140
0.011506
-0.014758
0.120243
0.046941
-0.020300
0.135042
0.043797
-0.084655
0.002335
-0.067065
-0.066796
0.061064
-0.121465
-0.062749
0.059848
-0.084981
-0.064893
0.065555
-0.065109
-0.137874
-0.010050
-0.155538
0.018480
-0.069559
-0.026824
0.107129
0.102046
0.120636
0.049466
-0.110689
-0.002232
-0.078823
0.353115
0.034807
-0.092876
0.021288
-0.065587
-0.146502
0.030262
0.115901
0.009597
-0.187056
0.057285
0.120527
-0.055812
0.037633
0.017146
0.107064
-0.072945
0.023267
0.050103
-0.105499
0.065934
-0.208871
-0.259111
-0.042246
-0.073706
-0.161327
0.071744
-0.018077
0.051869
0.026143
0.254530
0.190160
0.132632
0.135744
0.015283
0.046492
0.040926
-0.077702
-0.127667
0.086999
0.225453
-0.178249
-0.142082
0.254709
-0.020726
-0.018317
0.092772
0.111772
0.224560
-0.013677
0.069666
0.075305
0.064226
-0.001129
0.086895
0.051327
-0.001624
-0.066601
0.035431
0.086214
0.064520
0.159741
0.053021
0.155822
0.072024
0.125149
0.024714
0.164119
-0.050700
-0.202500
0.051118
-0.048637
-0.242177
-0.011049
0.019979
-0.316184
-0.127570
-0.018185
-0.077216
-0.018579
-0.089967
0.150005
-0.029746
-0.079248
0.026392
-0.138689
0.012935
-0.142271
-0.085890
-0.082386
-0.261409
-0.073616
0.049986
-0.074692
-0.189771
-0.072863
-0.082995
-0.222893
-0.169958
-0.042198
-0.130004
-0.089474
0.053034
-0.101023
0.117874
-0.031980
-0.242619
-0.096130
0.008957
-0.307251
-0.154189
0.063168
-0.137958
-0.282992
-0.070256
-0.127701
-0.235367
0.197806
0.176461
-0.173924
0.023407
-0.003737
-0.114639
-0.112993
0.116968
-0.013459
-0.049778
0.055277
0.045054
0.067722
0.017183
-0.203829
0.179945
-0.085270
-0.207604
0.071890
0.075599
-0.109953
0.025602
0.025831
-0.072414
0.137995
0.071460
0.070050
-0.257722
-0.036922
0.047478
0.067515
0.059347
0.105268
-0.165356
0.133547
0.190948
-0.049092
-0.082586
0.047611
0.027680
-0.080575
-0.050267
0.001505
-0.182996
-0.107929
0.145920
-0.033421
-0.017473
0.038506
0.084345
0.120013
0.074020
0.094837
0.169061
0.034199
0.066883
0.081265
0.053365
-0.016709
-0.012575
-0.054534
0.016233
-0.192050
0.064193
0.106183
-0.019180
0.008155
-0.053965
-0.004343
0.132519
0.015829
-0.007736
0.054478
-0.090609
-0.133790
-0.070344
0.092683
-0.060527
-0.210576
0.106994
-0.020829
-0.038007
-0.057169
0.002952
-0.083824
0.010495
-0.071826
-0.092276
0.203924
0.060624
0.112729
0.075883
-0.020509
-0.026232
-0.017493
-0.012582
-0.355880
-0.093011
0.047133
0.117265
-0.015462
-0.027721
-0.060827
0.042298
-0.170223
-0.107092
0.078272
0.014942
-0.222157
0.156873
0.036362
0.044678
0.142746
0.080847
0.129113
0.143988
-0.004318
-0.079988
-0.158712
-0.013922
-0.144255
0.022674
0.006674
-0.207848
-0.005126
0.114367
0.112296
0.037648
-0.051776
-0.121590
0.008335
0.119759
-0.131351
0.098715
0.088948
-0.021536
-0.098458
-0.078373
-0.196420
0.086086
0.132547
-0.092139
-0.075804
0.092335
-0.004043
0.080994
0.108142
0.048701
0.006651
0.021417
-0.160054
-0.074737
0.074957
-0.008954
-0.093850
0.091375
-0.088073
0.071664
0.008981
0.012571
0.087729
-0.189981
-0.043470
0.161079
-0.000905
0.199526
-0.031103
-0.160126
0.040867
-0.022061
-0.113858
0.090591
-0.048838
0.151772
0.002267
-0.022990
0.037816
-0.145118
0.000315
0.146603
-0.252727
-0.082663
0.080746
-0.091198
-0.078692
-0.014234
-0.062792
-0.118588
0.170933
-0.050232
0.061256
0.145947
-0.014038
-0.109928
-0.095156
0.411724
0.072245
-0.096451
0.196176
0.050082
0.015253
-0.076125
0.010466
0.168656
0.002120
-0.148094
0.004677
0.102348
-0.065753
-0.092908
0.146761
-0.082027
-0.118341
0.136433
0.001502
-0.034392
0.242740
0.257413
-0.127540
0.041268
-0.154252
-0.032492
-0.055431
-0.128588
-0.145776
0.305128
0.154785
-0.170327
-0.080458
0.003794
-0.186877
-0.106535
0.116427
0.190380
-0.177666
-0.442451
-0.140015
0.020824
-0.177246
-0.214983
0.032376
0.105477
0.014463
-0.025289
-0.051749
0.031166
-0.055159
-0.068592
-0.070422
-0.051218
-0.066995
-0.030326
0.115970
0.147910
-0.045329
-0.139939
-0.071619
0.068779
-0.191344
-0.223915
-0.121722
0.094316
0.010198
0.026171
-0.139841
-0.019245
0.155690
-0.018081
-0.086400
-0.051809
-0.022460
-0.186254
0.001670
-0.096189
-0.044171
-0.190370
-0.082091
0.032168
-0.008229
0.080664
0.041626
-0.010852
-0.019066
-0.215549
-0.180307
-0.192888
-0.080581
-0.151144
-0.067297
-0.042228
0.043669
-0.199126
-0.118225
-0.072394
-0.236929
-0.262699
-0.181187
0.243801
-0.088523
-0.103110
-0.020871
0.052320
-0.154427
-0.066058
0.152706
0.164859
-0.152937
-0.072136
0.206666
0.039324
0.179468
0.046137
-0.139545
0.103970
0.083781
-0.019613
-0.021884
0.222734
-0.069486
0.123767
0.036922
-0.159324
0.084950
-0.121609
-0.046725
-0.077822
0.071524
-0.226574
-0.100902
0.057974
-0.096177
-0.095516
-0.039227
0.052859
-0.117290
0.055322
-0.004338
-0.020706
0.166967
-0.025235
0.217001
0.166247
-0.311645
-0.158263
0.075093
0.015434
-0.055664
0.076979
0.054711
-0.252339
-0.115470
0.055939
-0.249817
-0.024116
-0.056051
0.025963
-0.139438
-0.182428
0.135620
-0.052573
0.160536
-0.040859
0.088279
-0.052610
-0.115355
0.041009
-0.093961
0.038502
0.076840
-0.024597
-0.009696
0.175780
-0.066858
0.081863
0.041818
-0.004161
-0.060000
-0.019659
-0.003222
-0.025091
-0.024711
-0.103506
0.036210
-0.003159
-0.031536
0.097555
0.128046
-0.151318
-0.030114
0.005707
-0.030521
-0.104480
-0.137451
0.055506
0.131911
0.028700
-0.020388
0.124707
0.021786
0.004427
-0.025980
0.103198
-0.083399
-0.045457
-0.105076
-0.089512
-0.215629
0.045090
0.167632
0.305964
0.134144
-0.072594
-0.095788
0.055112
0.010011
-0.105644
-0.075345
0.025328
-0.034560
-0.141864
0.218781
-0.005345
-0.069805
0.073227
-0.334202
-0.246180
-0.063256
0.017872
0.090316
-0.067631
-0.099580
0.210016
-0.018936
0.052936
0.002055
0.010899
-0.018921
-0.014627
0.048246
-0.070979
-0.110920
-0.006641
0.074811
0.069771
0.050850
-0.041521
-0.153686
0.096806
-0.129725
-0.154231
-0.001674
-0.151823
-0.143255
0.118703
0.119236
-0.192978
-0.007988
-0.056961
-0.090668
0.170045
-0.004323
-0.076909
-0.054360
-0.102668
-0.074698
0.044696
-0.123082
0.124653
-0.013489
-0.212856
0.117088
-0.152158
-0.155181
0.091638
0.002755
-0.013124
0.162326
-0.122145
0.060392
0.046461
-0.100240
-0.110767
-0.075269
0.110944
0.044788
-0.153424
0.053457
0.100184
0.012124
0.170941
0.060085
-0.040314
0.040294
0.024551
-0.019596
0.041538
-0.090774
0.070795
-0.029947
-0.092533
-0.041310
-0.056807
-0.084374
0.005935
0.064315
0.128160
-0.070988
0.113867
0.009751
0.104561
-0.028837
-0.030122
0.128666
0.063376
-0.028040
0.080564
0.025374
-0.065621
-0.099734
-0.060385
-0.037479
-0.164139
-0.203782
-0.072564
-0.028718
0.063937
0.006318
0.125341
-0.057454
-0.103848
0.055879
0.035236
0.070954
0.017789
-0.009071
0.107880
-0.078318
0.084466
0.118968
-0.108649
-0.060480
-0.012216
-0.216928
0.111086
-0.118838
-0.074055
0.033074
-0.362407
-0.110906
0.253201
0.095540
-0.087035
-0.043552
0.012765
0.257125
-0.041026
0.005224
0.137138
-0.104377
-0.118822
-0.111616
0.055345
0.026439
0.090806
0.075723
0.017115
0.105060
0.159602
0.057250
-0.076017
0.107881
0.133946
-0.010351
-0.172243
0.025086
0.039738
-0.162294
-0.116099
0.000640
-0.102169
-0.058767
0.065438
-0.006576
-0.100239
0.098608
0.043506
-0.043212
-0.074739
-0.101475
0.175159
0.028860
-0.183770
0.143552
0.041908
-0.136865
-0.005531
-0.180389
0.033162
0.062620
0.211588
0.047894
-0.198409
0.097997
0.031349
0.041559
-0.095253
0.116461
0.132712
-0.003314
0.134508
-0.051640
-0.107895
-0.005308
-0.017007
-0.033391
0.204917
-0.010423
-0.102644
-0.074740
-0.044313
0.049996
-0.072158
-0.168619
-0.060348
0.078239
0.120741
0.229351
-0.058169
-0.023616
0.084360
-0.074273
0.022724
-0.080314
-0.148945
-0.030071
-0.017520
0.045210
0.009535
0.012670
0.227432
0.140485
-0.019463
-0.088032
-0.039159
0.047543
0.044857
-0.078260
0.066191
0.002162
0.131747
-0.016372
-0.021281
-0.145216
-0.056824
-0.107295
-0.131563
0.025309
-0.102677
-0.052283
0.073481
-0.004167
0.125973
0.100118
-0.024863
0.059615
0.114909
-0.111281
-0.032211
0.109848
0.153550
0.199262
0.067073
-0.076859
-0.045502
0.057645
0.077428
0.022553
0.027418
-0.226135
-0.207988
0.023921
-0.163537
-0.204913
-0.057899
-0.134035
0.010411
0.047188
-0.212853
-0.152706
0.056416
0.062512
0.212183
-0.024308
0.235134
0.235911
0.012166
-0.101675
-0.091994
-0.001320
-0.177910
0.015136
0.229001
-0.101125
-0.078957
0.098773
-0.042119
0.038021
0.150486
-0.111868
0.101247
0.148986
-0.048625
0.090646
-0.012391
-0.093144
-0.045564
0.211317
-0.087220
0.013494
0.068576
-0.076367
-0.094664
0.095487
0.007749
0.085347
-0.172654
-0.078724
-0.340906
-0.281908
-0.186978
-0.088118
-0.230219
-0.186396
-0.107672
-0.075248
0.041826
0.120414
0.076437
-0.235004
0.038991
0.047122
-0.003030
0.209475
0.058964
-0.103446
-0.046128
-0.055384
-0.166524
-0.206823
0.074389
0.008323
-0.185953
-0.187022
0.005033
0.104146
-0.154356
0.057040
-0.015929
0.023254
0.070196
-0.098915
0.124437
-0.032509
-0.114034
-0.148262
-0.038912
-0.085319
0.009434
-0.070491
0.216214
0.091093
-0.107977
-0.045830
0.233545
0.088998
-0.109981
-0.155521
-0.039825
-0.056565
-0.007151
0.058549
0.113454
-0.069562
-0.025673
0.115175
0.080114
0.113187
0.063387
0.135940
-0.030749
-0.024650
0.032662
-0.243414
-0.189492
0.028352
0.044717
-0.046270
0.070644
-0.144572
-0.126012
-0.073882
-0.055500
-0.140122
-0.127330
-0.168080
-0.091696
-0.165788
-0.062161
-0.119936
0.053619
-0.017739
0.078081
-0.005926
0.083352
-0.205858
-0.020577
-0.053665
-0.143244
-0.142167
-0.020283
-0.116395
-0.106922
-0.255202
0.070157
0.099301
0.026881
0.099937
0.025239
0.106871
0.195509
0.165218
0.013943
0.139469
-0.125810
-0.320546
0.030586
0.065115
-0.035099
-0.142386
-0.105602
0.085503
-0.105059
-0.075445
0.207497
0.015675
-0.073853
-0.131056
-0.060895
-0.059793
0.062098
0.080142
-0.043431
-0.205468
-0.218249
0.004031
-0.126709
-0.237233
-0.060034
-0.020872
-0.059625
-0.125382
-0.119153
-0.256194
-0.190366
-0.357954
-0.284317
-0.058790
-0.000428
0.090362
-0.047311
-0.194986
-0.078388
-0.153778
-0.009858
0.060371
-0.051916
-0.028488
-0.081683
0.028082
-0.176257
-0.227771
0.000675
0.052725
-0.158656
0.042051
0.119787
-0.026328
0.064152
0.129838
-0.102360
-0.053469
-0.013400
-0.053183
-0.076216
-0.195986
0.017933
-0.013119
0.076495
-0.086774
-0.020015
-0.022634
-0.120970
-0.239947
0.150638
0.132809
0.025948
0.095089
0.022985
-0.091971
-0.082481
0.010990
-0.118325
-0.112220
0.049762
-0.048935
-0.068397
0.037265
0.072800
0.004221
0.217381
0.033862
0.067217
0.032673
-0.121867
-0.049470
-0.057520
0.086207
-0.031670
0.060091
0.023230
-0.102412
0.011081
-0.055762
0.111672
-0.020413
0.028823
0.032618
0.101759
0.055636
-0.090256
-0.055847
-0.045635
-0.054600
0.000555
-0.102244
0.073394
0.141433
-0.085217
-0.132769
-0.031213
0.048060
0.030157
0.044156
0.077108
-0.013596
-0.066990
-0.015784
-0.110352
-0.218519
-0.256939
0.083710
0.129350
-0.023791
0.040357
0.164728
-0.167284
-0.008679
0.120276
0.168969
-0.062048
-0.073722
0.037483
-0.062627
-0.139009
-0.077964
0.002416
-0.150191
-0.171349
0.030885
0.002253
-0.112746
-0.061026
-0.017106
-0.095117
-0.177717
-0.128453
-0.026371
0.202093
0.306389
-0.003605
0.182950
0.214517
-0.047968
-0.073312
-0.056803
-0.081225
-0.098305
0.007153
0.117178
-0.056802
-0.094908
-0.130050
-0.044090
0.140294
0.208406
-0.064756
0.054816
0.032867
0.011130
0.080217
0.052011
0.084839
0.092199
-0.164654
-0.109629
-0.116725
-0.247958
-0.000683
0.070969
-0.125770
0.058579
0.068405
-0.104007
-0.052278
0.047546
-0.006166
-0.097437
-0.088078
-0.130272
-0.209584
-0.149554
0.023800
-0.006828
0.098495
0.009226
0.205776
0.085396
-0.070684
-0.123552
-0.225445
0.028760
-0.153195
-0.138697
-0.179751
0.163322
0.206675
-0.001783
0.056293
0.048391
0.064082
0.022776
0.020218
-0.044807
0.290809
0.165996
0.019755
-0.144870
-0.061970
0.163915
0.060300
-0.133741
-0.044390
-0.014377
0.018913
-0.187152
0.172361
-0.057540
0.056202
0.039041
-0.117910
-0.130891
-0.055870
-0.275000
0.060010
-0.125391
0.126685
0.110044
0.048473
0.118193
-0.036091
0.076133
0.108544
-0.035056
0.105590
0.253723
0.128773
-0.084250
0.049770
0.033179
0.087433
-0.115688
0.069494
0.013593
0.008025
0.056843
0.030268
-0.027664
0.054815
0.197536
0.059772
-0.033196
0.049297
-0.170459
-0.085518
0.160593
0.016730
-0.138370
-0.114658
-0.066145
-0.101890
-0.083285
0.038599
-0.055098
0.071394
0.133327
-0.043225
-0.111278
0.047097
0.015590
-0.027388
0.061141
-0.007802
-0.010047
-0.186850
0.069134
-0.044355
-0.279967
-0.043350
0.150437
0.059236
0.003095
0.121945
0.310757
0.046502
0.097316
0.158575
-0.020923
-0.365038
-0.008941
0.069458
-0.003842
0.208934
0.157644
-0.111484
0.008168
-0.092699
0.113173
0.075076
-0.160999
-0.020098
-0.150624
-0.088595
0.057392
0.079759
-0.062934
-0.425362
-0.224294
-0.049876
-0.150448
-0.108642
-0.100412
0.178225
0.185626
0.043482
-0.053409
0.014841
0.122759
-0.080941
0.035862
0.041483
-0.095179
-0.057482
-0.018457
-0.220213
-0.175964
0.101994
0.108675
0.223467
0.035601
0.102460
0.089466
0.025374
-0.041517
0.089858
-0.064679
-0.002140
0.018799
-0.005742
0.028432
-0.068422
0.100210
0.024908
0.044239
-0.200789
0.020475
0.042933
-0.092669
-0.087223
-0.055296
-0.047028
0.050036
0.110948
0.037892
0.013376
0.103506
0.224636
0.052448
-0.114415
0.013552
-0.225981
-0.047988
-0.095631
-0.255103
-0.116200
-0.050377
0.265713
0.207017
0.141242
-0.060042
0.050702
-0.042064
-0.126080
-0.059564
0.069546
0.137428
0.142220
0.177699
-0.074193
0.026675
-0.038470
-0.071622
-0.010034
0.169528
-0.072290
-0.045410
0.041596
0.095182
-0.280573
-0.120560
0.079655
-0.160378
-0.121333
0.078051
-0.137732
-0.162735
-0.108527
0.111740
-0.115267
-0.073413
0.042689
-0.132668
-0.063478
-0.075360
-0.014142
0.189126
0.171280
0.208992
0.007746
-0.036253
-0.027351
-0.113761
-0.028109
-0.120764
-0.097470
-0.088502
0.083272
-0.359973
-0.072155
0.071072
0.251042
0.028300
-0.012806
0.333481
-0.116425
-0.109704
0.097735
0.017488
0.038998
-0.127740
-0.130415
-0.154740
-0.199903
-0.037086
-0.009837
-0.155071
0.025155
-0.040569
-0.081670
-0.253875
-0.080790
0.188177
0.020274
0.114322
0.040976
-0.046982
0.174569
-0.014229
-0.019967
0.101179
0.113399
-0.174050
-0.010706
-0.037825
-0.121607
-0.206607
-0.101353
0.005251
-0.231052
-0.188983
-0.152077
0.156809
0.002328
0.090386
0.062946
0.140084
-0.020690
0.044491
0.032086
-0.192052
0.080579
-0.156253
-0.030640
0.010279
-0.073721
0.001668
-0.026289
-0.185060
-0.157282
-0.033670
0.113216
0.083539
0.132166
0.035662
0.004038
-0.001773
0.245480
0.138100
-0.032072
0.090996
-0.025993
-0.076226
-0.112428
-0.020846
-0.061146
0.062690
0.011082
0.081914
-0.136742
-0.163432
0.060690
-0.057420
0.110686
0.172679
-0.032677
-0.249993
0.076004
-0.139186
-0.132697
-0.063581
0.021930
0.002631
-0.134804
-0.102082
0.042282
0.071928
-0.231678
-0.063379
-0.054790
-0.157543
0.016914
-0.031984
0.231527
0.012630
-0.031065
-0.044022
-0.015444
-0.003000
-0.129503
-0.087791
0.041821
-0.102172
-0.054589
0.053090
0.032507
0.095534
0.173993
0.077882
-0.032412
0.133111
0.018605
-0.113409
0.199770
-0.034800
-0.258948
-0.080195
0.093930
0.047631
0.016399
-0.152883
-0.026406
-0.061231
-0.075546
-0.030573
-0.081382
-0.076982
-0.000912
-0.023487
0.023529
-0.108037
0.021528
-0.027295
-0.231989
-0.094152
-0.065114
-0.002139
-0.049702
0.131163
0.036657
0.056541
-0.097531
-0.005019
0.202884
-0.138637
-0.054201
0.081310
0.050382
-0.231563
-0.027147
-0.078852
0.047732
-0.041292
-0.081634
0.078757
-0.095911
-0.045033
-0.112067
0.184766
0.027142
0.041139
0.194766
0.079480
-0.103452
0.012380
0.027595
-0.069769
-0.125196
0.019194
-0.125228
-0.144903
-0.075193
-0.133555
0.040148
0.032938
0.171294
0.065401
0.021304
0.178365
-0.154607
0.138304
0.055543
-0.075361
-0.088996
0.007754
0.259488
0.089411
0.233743
0.104342
0.152388
0.129390
0.068082
0.077808
-0.042315
0.006004
0.074273
-0.101231
-0.224505
-0.024469
-0.015155
-0.016354
-0.126893
-0.070529
0.014940
-0.184020
0.053880
0.135937
-0.227443
-0.181067
-0.073628
-0.075711
-0.067146
-0.033328
-0.068714
-0.118081
0.111032
-0.049646
0.086743
0.121690
0.105665
-0.048371
0.136725
-0.023472
-0.000195
-0.082833
-0.004082
0.046126
-0.046140
-0.193644
-0.037949
0.128357
0.149007
0.208114
-0.070600
0.115905
-0.054400
-0.069741
0.012612
-0.005941
0.048351
0.143022
0.251042
0.038257
0.084617
0.008902
-0.236579
-0.208677
-0.123424
-0.063006
-0.081988
-0.079887
0.062041
-0.083801
0.062273
0.005898
-0.025547
-0.266562
-0.093584
-0.056393
0.054649
0.142206
0.174517
0.257333
0.022733
-0.151089
-0.080710
0.096848
0.074563
-0.018812
-0.052362
0.237818
0.029315
0.005239
0.167558
0.146284
-0.101916
-0.022250
0.036933
0.059655
0.067581
-0.041299
-0.041706
-0.247486
-0.171845
-0.030939
-0.004935
0.121780
0.113101
0.123491
0.075009
0.046652
-0.078622
0.080587
0.070423
0.037839
-0.028926
-0.204369
0.124930
0.125537
0.016198
-0.252622
-0.123241
0.055637
-0.054513
-0.007985
0.058369
0.077579
0.014008
-0.073978
0.108448
0.186843
0.131606
0.129633
-0.001667
0.082050
0.064344
-0.080008
-0.072696
-0.047270
0.082631
0.042125
-0.160026
-0.040329
-0.251592
-0.127754
-0.032302
0.044445
-0.172634
-0.099661
-0.258021
-0.025247
-0.057536
0.169793
0.138359
0.206523
0.137532
0.055634
-0.011482
0.135795
0.006723
-0.169710
-0.063613
-0.063478
0.033091
0.016061
0.012738
0.093133
-0.053581
0.032396
-0.047648
0.030081
0.257742
0.279043
0.229744
0.014454
0.039621
0.214214
0.050640
0.081008
-0.082771
-0.052379
-0.153414
-0.088297
0.166991
0.082375
-0.241421
0.080041
0.098530
-0.076702
0.019618
0.102737
-0.137792
0.055728
-0.071955
-0.039122
-0.037426
-0.056262
0.096493
-0.181160
-0.115864
-0.007251
0.142620
-0.205295
-0.047383
0.031046
0.007886
-0.143278
0.142563
0.111615
-0.058617
-0.098049
-0.170478
0.026559
-0.058823
0.189904
0.079898
0.143243
0.172754
0.038840
0.091889
-0.071399
-0.031527
-0.194853
-0.051694
-0.027763
-0.154347
-0.061874
-0.100682
-0.072366
0.059325
0.187414
-0.102268
-0.069030
-0.056295
0.065910
0.023596
0.062133
0.189389
0.051430
-0.016814
0.058788
0.037935
0.094001
-0.221700
-0.132207
0.085230
0.024717
0.102711
-0.026969
0.021469
-0.048575
0.058647
0.028837
-0.040765
-0.081724
-0.146569
-0.021757
-0.025029
-0.057403
-0.108596
-0.150163
-0.043425
-0.190490
-0.221839
0.120791
0.034950
0.032238
0.021132
0.100883
0.172496
-0.133148
0.040707
0.142405
0.010015
-0.008882
-0.098282
0.116632
0.033801
-0.166240
0.026036
-0.030285
-0.028049
-0.111018
-0.204908
-0.049644
0.102595
-0.090254
0.003872
0.084870
-0.006766
-0.052512
-0.129167
-0.027008
-0.028814
-0.083263
0.119624
-0.055213
0.052650
0.169982
0.030689
-0.001129
0.053467
0.135574
-0.121119
-0.039431
-0.086616
0.055922
-0.052727
-0.131138
0.052185
-0.000038
-0.093194
-0.167923
-0.293144
-0.132743
0.068911
-0.258690
-0.134653
-0.070590
0.045659
0.018500
-0.115237
0.002878
-0.038231
0.164364
-0.007898
-0.007142
0.038161
-0.049110
-0.019557
0.002624
-0.105884
-0.071900
0.190401
0.014540
-0.010648
0.045345
0.214877
0.086428
-0.104629
-0.096978
0.148032
0.173354
-0.146158
-0.011908
-0.039241
-0.086983
0.212057
-0.200686
-0.002235
0.034185
-0.179701
0.059526
0.033274
0.145393
-0.040598
0.013905
0.068518
0.069012
0.092935
-0.268575
-0.175031
0.170126
-0.085458
0.025832
-0.090109
-0.122128
0.046142
-0.038122
0.075153
0.032409
0.212781
-0.226553
-0.282771
-0.126694
0.109496
0.070091
-0.040638
0.027773
-0.052125
0.087554
0.046032
0.202736
0.136007
-0.027834
0.092285
0.158375
0.059049
-0.027339
0.032360
0.182458
0.018002
0.146486
-0.022490
-0.024291
0.124867
0.042411
0.108648
-0.019940
-0.068959
-0.116551
-0.061257
-0.070697
-0.182131
0.035500
-0.060979
-0.134781
-0.010031
0.078660
-0.049296
-0.088261
0.033800
-0.075409
-0.239535
0.056188
0.182454
-0.125208
0.042472
0.032424
0.060038
0.030393
-0.139597
0.037576
0.184988
-0.047574
-0.008640
-0.050853
-0.057867
-0.026486
-0.074811
0.007171
-0.063070
0.005088
0.056020
0.181096
0.137091
0.114336
-0.069838
0.075737
0.014161
-0.095574
0.017063
-0.065545
0.064086
0.091681
0.097906
0.036423
-0.020852
-0.096757
-0.091228
0.213548
-0.120048
0.113256
-0.115084
-0.111535
0.020460
-0.025628
-0.172268
0.069347
0.071385
0.144709
0.108812
0.069987
-0.069997
-0.046560
-0.125319
0.043240
0.014605
-0.312994
-0.010017
-0.094259
0.059588
0.129514
-0.105734
-0.005786
-0.028489
0.035117
0.119424
-0.105970
0.039877
0.054479
0.029290
0.019988
0.206713
-0.069286
-0.189287
-0.015609
0.118191
-0.165237
0.112312
-0.076639
0.220012
0.103494
-0.190194
0.119865
0.089970
-0.142211
0.087867
-0.088226
0.085968
0.178036
-0.024093
-0.225027
-0.073556
-0.096182
-0.067842
-0.173799
0.089909
-0.137765
-0.257675
0.125086
0.042467
-0.070363
-0.128639
-0.048909
0.118269
0.013804
0.074397
0.005516
0.008078
-0.089690
-0.043241
0.058477
-0.119338
-0.039428
-0.010208
-0.160313
-0.236740
-0.183938
-0.214898
0.047758
0.251710
0.088395
0.047288
0.040074
-0.207314
0.031348
0.143492
-0.266024
0.015216
0.026663
-0.021079
-0.335096
0.043749
0.131135
-0.003224
-0.060777
0.073530
0.292563
0.037167
0.058094
0.285032
-0.049479
-0.098891
-0.100531
-0.089590
-0.207920
0.094109
-0.012087
-0.110890
0.100653
0.010173
0.085359
0.047151
-0.084444
-0.001569
-0.056177
-0.174952
-0.106530
0.028774
0.069058
-0.055673
0.031789
0.007944
0.079841
0.093716
-0.097127
0.046556
0.155900
0.170165
0.020831
-0.005201
-0.033581
-0.050522
-0.003415
0.028280
-0.089759
-0.015200
-0.001176
0.023960
-0.149215
0.306974
0.091470
0.147337
0.069240
-0.040165
0.221624
-0.090277
-0.131767
-0.128997
-0.338828
-0.142300
-0.011592
0.115401
0.028212
0.101108
0.053110
0.073352
-0.009202
-0.042003
0.128053
-0.102173
-0.234185
0.123798
-0.026769
0.050969
-0.075327
-0.014503
-0.089884
-0.085146
-0.106327
-0.101657
-0.141503
-0.049275
0.092982
0.006366
0.098154
0.060840
-0.067332
-0.192871
0.211485
0.086026
0.006497
-0.017678
0.026126
0.033436
-0.018304
0.053728
0.058529
0.108707
-0.052773
0.108914
-0.269971
-0.012601
0.026108
-0.105981
0.144537
0.001677
-0.044346
-0.016787
-0.169292
0.060063
0.121629
0.121911
-0.100675
-0.058814
-0.099364
0.269793
0.154764
-0.043136
0.069359
-0.082199
-0.243170
0.001128
-0.044501
-0.070058
0.026213
-0.063012
-0.000444
-0.005990
0.077630
0.082044
-0.026990
-0.129282
-0.183948
0.049890
0.056832
0.037715
-0.090131
0.095191
0.192952
-0.053241
-0.066035
0.130745
0.006041
-0.098612
-0.196867
0.075205
0.017178
0.193658
-0.192688
-0.022839
-0.160450
-0.089496
-0.276689
-0.262144
-0.219738
-0.072080
-0.085804
-0.158907
0.086295
0.009880
0.007294
0.006377
0.077089
-0.131743
-0.033185
0.180916
0.085081
-0.133032
-0.150404
0.086844
-0.041319
-0.037945
0.114828
0.026304
0.035793
-0.050303
-0.099118
-0.005006
0.003609
-0.238739
-0.208443
0.065247
0.231633
0.068714
-0.344822
-0.171678
-0.074301
0.155771
0.071753
-0.051581
-0.034279
0.122826
0.132371
-0.016343
-0.184557
-0.092863
0.003400
-0.043573
0.005240
-0.015220
0.010981
-0.063385
0.072206
-0.073317
0.043061
0.083998
-0.230125
0.025929
-0.086026
-0.194794
-0.107332
-0.035705
0.096289
-0.221542
0.295807
0.100138
0.062614
0.027352
0.095856
0.064923
0.113532
-0.104476
-0.176422
0.114043
0.312888
-0.008566
0.129713
0.045534
0.046313
0.018616
-0.177320
-0.029543
0.255065
0.274056
0.092313
0.139291
0.063822
0.052293
-0.026613
0.139124
0.066783
0.121860
-0.141744
0.109078
0.045767
0.021779
-0.093079
0.034100
0.116637
0.108305
0.031712
0.172101
-0.127999
0.216923
-0.174811
-0.060407
0.122344
-0.038877
-0.113049
0.094652
0.170384
-0.081271
0.130175
-0.098776
-0.044512
0.174287
0.052621
-0.090447
-0.186544
-0.273117
-0.211260
-0.119175
0.044226
0.104842
-0.040757
-0.080337
0.067431
-0.025604
-0.312408
0.063277
-0.089314
-0.028028
0.122618
0.069982
0.141387
0.117029
0.010085
-0.137424
-0.029039
-0.207911
-0.004550
0.016047
-0.168615
0.005491
-0.081129
-0.075406
-0.126516
0.086125
-0.039503
-0.009103
-0.029969
-0.104802
-0.107579
0.016551
-0.078109
-0.007084
-0.012423
-0.235047
-0.073344
0.093255
-0.237607
-0.139245
0.001595
-0.180715
0.017179
0.112064
0.070059
-0.308162
-0.144252
0.040210
0.046667
0.058492
-0.133706
0.107462
0.197470
0.110373
-0.054536
0.019598
-0.025560
-0.084984
0.064412
0.207709
-0.015254
-0.138993
-0.062860
-0.074813
0.088978
0.160889
0.086184
0.033802
-0.148773
0.049769
-0.015381
0.026411
0.086373
0.128894
-0.032532
-0.099171
-0.022190
0.054533
-0.082086
-0.135833
-0.080526
0.017480
0.054975
0.054075
0.209008
0.148868
-0.018819
0.093669
0.272017
-0.189264
-0.166014
-0.070038
-0.185642
-0.047226
-0.103679
-0.064995
0.073067
0.101005
0.034198
-0.017213
0.086165
0.110236
0.119043
0.098270
0.065767
-0.015739
-0.010843
-0.089700
-0.037229
-0.164260
-0.162338
-0.121724
0.008607
-0.033873
0.146657
0.057708
-0.165511
-0.040840
0.148719
-0.027402
-0.065304
0.024862
0.227679
0.031859
-0.063085
-0.150359
-0.193306
0.089792
0.055546
0.006640
-0.160884
0.096065
0.124416
-0.041411
0.072078
0.001199
-0.052036
-0.098891
-0.025842
-0.029672
-0.055071
-0.106325
-0.003978
-0.028278
-0.296081
-0.294325
0.098668
0.147033
0.028025
0.163218
0.099771
-0.043198
-0.038609
0.009030
0.181381
0.073460
0.021574
-0.030123
0.056603
0.025789
0.074260
-0.206470
-0.354885
-0.117578
0.129620
0.203811
-0.076992
-0.040213
0.190074
0.107861
0.033466
0.048006
-0.050591
0.142394
0.216733
0.105099
0.023984
0.030042
0.080606
0.214583
0.062400
0.117030
0.009966
-0.020299
0.012485
-0.376382
-0.103194
-0.043862
0.037780
-0.060489
0.053880
0.006428
0.014824
0.257047
0.143622
0.138670
0.023890
0.031834
-0.066317
-0.055645
-0.195966
-0.010944
0.067051
-0.189738
-0.199548
0.026922
-0.007805
0.084466
-0.189943
0.002236
0.065484
0.127038
-0.018096
0.135701
-0.015733
0.160641
0.158110
0.013246
0.062638
-0.093345
-0.091332
-0.032829
-0.034442
0.083004
0.061122
-0.067267
0.091096
-0.035131
-0.049043
0.092600
-0.034368
-0.162054
-0.100271
0.022026
-0.085380
0.082838
0.178704
0.032900
-0.058338
-0.102265
-0.064596
0.056955
0.180207
-0.078418
-0.065527
-0.031398
-0.171277
0.117870
-0.115345
-0.113260
0.022926
0.163253
-0.006991
0.083508
-0.033037
-0.196096
-0.157907
-0.175479
-0.093333
-0.002880
-0.251692
-0.051421
-0.151474
-0.099984
0.031125
0.108759
0.106194
0.128872
-0.148351
0.016941
0.045212
0.046165
-0.156598
-0.288274
0.127608
-0.009959
-0.124653
-0.053008
-0.170111
-0.068896
-0.115578
-0.001577
0.103206
0.068636
-0.070688
0.001513
0.153548
0.216808
0.074461
0.090770
-0.191498
-0.044489
0.011268
-0.113815
-0.159335
-0.099911
0.217111
0.004332
-0.167252
0.056145
-0.004910
-0.080863
-0.203565
-0.029621
-0.064557
-0.110950
-0.043210
-0.026525
0.084157
-0.145326
0.030049
0.014646
0.235799
0.022760
-0.033273
-0.030847
-0.064790
0.012984
-0.302918
-0.073429
0.066352
-0.069975
-0.021820
-0.038710
-0.074920
0.000029
-0.030280
-0.107214
-0.168271
-0.036703
-0.084255
0.054485
-0.119250
0.013800
0.178905
0.120341
-0.049713
0.022760
0.137706
0.205538
-0.096425
-0.065039
0.059421
0.116257
-0.008234
-0.115285
0.079211
0.161711
0.194565
0.003444
0.017951
0.043841
0.029315
-0.049153
-0.069377
0.162434
0.128340
-0.013471
0.041013
-0.017747
-0.112374
-0.081762
0.221166
0.077324
-0.189738
0.030805
0.123036
-0.122942
-0.040237
-0.180244
-0.179687
0.205600
0.004045
-0.362665
0.179352
0.103083
0.059242
-0.065552
-0.039818
0.008830
0.013168
0.031324
0.018060
-0.180406
-0.031264
-0.060678
-0.069665
0.180972
-0.158940
-0.266648
0.146517
0.119870
-0.115890
0.038824
0.016772
-0.037302
-0.057168
0.128192
0.085858
0.100143
0.039390
0.073933
0.166772
0.049100
-0.041395
0.004984
-0.042821
-0.030650
-0.020794
0.109759
0.036247
-0.043654
0.099076
-0.194420
-0.076419
-0.044623
-0.152097
-0.211639
0.102800
-0.049270
-0.227332
-0.063189
-0.190304
0.040793
0.137983
0.021099
-0.137876
-0.037092
0.165922
-0.055394
0.032444
0.109932
0.065295
-0.004605
0.101411
0.222671
-0.170994
-0.171219
0.081135
-0.071703
-0.135434
-0.082457
0.067817
0.121805
0.082278
0.230040
-0.041485
0.086225
-0.140214
-0.023383
-0.110864
-0.081524
-0.253769
-0.038654
0.118582
0.047545
-0.093717
-0.259407
-0.147011
-0.065791
0.078574
-0.125754
0.008776
-0.085559
-0.158602
0.118291
0.005636
0.063677
-0.004106
0.022647
0.175737
0.201797
0.049777
-0.030029
0.037612
0.038767
-0.172683
-0.008754
-0.028336
-0.112860
-0.056058
0.096721
-0.131261
-0.009764
-0.087807
-0.217982
-0.136681
-0.012453
-0.188506
-0.081819
0.126705
0.121999
0.031100
0.026113
0.021427
0.035061
-0.149094
-0.006364
-0.136775
-0.208297
0.171522
0.114335
-0.020773
0.070066
0.037317
0.041574
0.009697
0.119670
-0.080002
0.075243
0.167776
0.137249
0.032037
0.111224
-0.090579
-0.203093
0.282452
0.379673
-0.091109
-0.198174
0.038223
-0.030784
0.056765
0.079587
0.015868
-0.030402
-0.006525
-0.232860
-0.107024
-0.190348
0.096147
0.120191
-0.082866
0.083020
0.145405
-0.157500
-0.091538
-0.074187
-0.003031
0.018917
-0.048307
0.084972
-0.012592
-0.099827
-0.027080
0.062244
0.035372
-0.112847
-0.077556
0.022407
-0.062070
-0.132452
-0.014207
0.042850
-0.003753
-0.040712
-0.078812
0.329405
0.107057
0.027661
0.038916
0.039672
-0.117971
-0.169851
-0.134536
0.017147
0.104094
-0.001373
-0.164054
-0.178778
0.042788
0.144088
-0.037452
0.043052
-0.199552
0.149693
0.030756
-0.052995
0.060542
-0.070749
-0.037981
-0.141101
-0.178872
-0.125747
0.203175
0.121061
0.026130
0.196470
0.102718
0.046621
0.137636
0.022978
-0.126877
-0.088606
-0.084571
-0.186380
0.058950
-0.013927
-0.179856
0.014176
0.005527
-0.140763
0.238940
0.017992
-0.066154
-0.071710
-0.063928
0.090646
0.006873
0.069192
0.172176
0.109867
0.039242
-0.137553
-0.112795
-0.126967
-0.082467
-0.185589
-0.027276
-0.052215
0.040354
0.200279
0.186201
0.025204
0.389132
0.162533
-0.128914
-0.136784
-0.124607
-0.017890
-0.007408
0.026743
0.070737
-0.240792
-0.266017
-0.008438
0.079593
0.110650
-0.072889
0.080315
-0.037588
-0.079627
0.080309
-0.002148
0.048508
-0.058596
0.012984
-0.019190
-0.117067
-0.123729
0.013660
-0.148166
-0.115437
-0.045098
-0.077124
0.009040
0.233476
0.178065
0.102875
0.131651
0.049500
-0.066462
-0.213457
-0.351700
-0.282615
0.080694
0.037484
-0.087322
-0.095374
0.053667
-0.110405
-0.148730
0.076147
0.064321
0.113753
0.034273
0.075748
-0.057183
0.121121
0.007671
-0.010333
-0.118381
-0.186646
-0.183728
-0.172369
-0.186259
0.127373
-0.078625
-0.042013
0.188031
-0.046058
0.052700
-0.041194
-0.135325
-0.068174
-0.187921
-0.041977
-0.100625
-0.076327
0.157092
0.129871
0.123159
0.158415
0.099208
0.163492
-0.108014
-0.079630
0.005354
-0.092278
-0.233646
0.063773
-0.002092
0.072717
0.009460
-0.179579
-0.078186
0.152018
0.080398
0.075681
-0.090284
-0.185518
-0.066869
0.042146
-0.160429
0.001180
-0.051665
0.019597
-0.031157
0.119292
-0.068948
-0.161128
0.029011
0.034224
0.083664
-0.089083
0.128814
0.290669
0.032433
-0.263467
-0.246364
0.199785
0.159032
0.186748
-0.028167
0.035411
0.139430
0.058461
-0.065578
0.072100
-0.083639
-0.237762
-0.140154
-0.097122
-0.237054
-0.098236
0.089503
-0.052960
0.029326
0.116836
-0.031865
-0.029185
0.103090
-0.040595
-0.044225
0.056154
-0.093294
-0.043227
0.098638
0.196737
0.119127
0.041210
0.175473
0.207426
0.054818
0.039868
-0.052918
0.078684
0.230409
0.133218
0.065488
0.064387
0.025567
-0.102400
-0.105472
-0.086824
0.079130
-0.027569
-0.217682
0.187285
-0.019223
-0.065564
-0.061135
-0.046299
-0.006764
-0.057194
-0.188155
-0.102812
-0.010121
-0.002605
-0.057738
0.039768
-0.004229
0.105314
0.027588
-0.012478
0.123925
0.045210
0.010238
0.062265
-0.068408
-0.104546
0.004633
0.115431
0.245932
0.171911
-0.056346
0.048825
-0.162611
0.076977
0.069328
0.011311
0.054552
-0.006130
0.088538
0.003065
-0.002262
-0.090579
0.059765
0.081063
0.032341
-0.116409
0.019131
0.077253
0.054530
-0.094083
0.146640
-0.053434
-0.226342
-0.238492
0.117489
0.050290
-0.150757
0.183641
0.156132
0.134180
-0.061193
-0.019663
0.117166
0.090692
-0.083627
-0.058700
0.149628
-0.060518
-0.058093
0.133295
-0.059810
-0.100048
0.016902
-0.006665
0.068881
0.044928
-0.035403
0.053611
0.112009
-0.012139
-0.164096
-0.091187
0.047009
0.121535
-0.278982
0.016417
0.055265
-0.234028
-0.284092
-0.029468
-0.009443
-0.080421
-0.054806
0.002764
-0.079007
-0.093794
0.159506
0.023071
-0.160832
0.088445
-0.072934
-0.102067
0.037844
-0.000093
-0.020555
-0.187320
-0.261185
-0.084952
0.033672
-0.059024
0.022500
0.070462
-0.147752
-0.098407
0.035497
0.021372
-0.185821
-0.162290
-0.100573
0.168420
-0.003128
-0.087954
0.143047
0.118075
-0.032747
-0.057455
0.117625
-0.036297
0.044273
0.218320
0.109676
0.052305
-0.038201
-0.064372
-0.119073
0.108054
-0.084811
-0.211722
0.216163
0.099814
0.074372
0.072814
-0.093063
0.026282
-0.014941
-0.109113
-0.052368
-0.048866
-0.081799
-0.188077
-0.004658
-0.041259
-0.034395
0.135794
-0.115796
0.048364
-0.009351
-0.060920
-0.030878
-0.133804
-0.060439
-0.040564
-0.033571
-0.123694
0.041981
0.119924
-0.006445
0.092854
-0.207744
0.008829
0.091309
0.017197
0.099828
0.183379
-0.051807
-0.183307
-0.069467
0.078303
0.090265
0.100671
-0.019237
-0.141273
-0.071512
0.070640
0.035961
-0.017168
0.058430
-0.053363
-0.138318
0.045994
0.189430
0.030928
0.016196
0.101376
-0.053897
-0.097680
0.137391
0.066648
0.082391
0.148699
0.150712
0.192085
0.175116
0.021661
0.045188
0.044473
0.124979
-0.025801
-0.026962
0.021297
0.075842
0.093661
-0.091245
0.106740
0.002427
-0.084586
-0.035151
-0.145258
0.057970
-0.081989
-0.074556
-0.038119
-0.022177
-0.187366
0.125444
0.091970
-0.093387
-0.048113
-0.061593
-0.225586
-0.117404
-0.088262
-0.033539
0.021840
0.019941
0.082576
0.126102
0.025078
0.170965
0.163165
-0.156890
-0.046838
-0.058044
-0.060386
-0.124132
-0.133395
-0.050707
-0.139365
-0.085832
0.088954
0.232577
0.228080
-0.044762
0.022373
0.205223
-0.061148
-0.321220
-0.227488
0.122605
0.118178
0.058994
0.134811
0.124671
0.035543
-0.182388
-0.189454
-0.117014
0.135451
0.088841
-0.117435
0.221138
0.250734
-0.035907
-0.011157
-0.081037
-0.005791
0.114274
0.102653
0.049168
-0.191236
0.086831
0.146901
0.005089
0.020357
0.032038
-0.029733
-0.051758
-0.161736
-0.109557
-0.141341
-0.148669
-0.067184
-0.109640
0.107453
0.076588
0.080281
0.027559
0.062656
-0.143738
-0.107438
-0.050423
-0.280421
-0.269526
0.033240
-0.092752
0.201785
-0.003767
-0.111059
-0.111917
0.146936
0.143253
-0.243253
-0.004196
0.025160
-0.180517
-0.053310
-0.065312
-0.054850
-0.195636
-0.009715
-0.044836
-0.069217
-0.043748
0.158118
-0.012019
0.068698
0.221557
0.072558
0.078927
-0.030534
0.040582
-0.121793
-0.005529
-0.045386
0.027497
0.078713
0.175166
0.278854
0.181083
-0.123421
0.047543
-0.038272
-0.028547
-0.155257
0.077493
0.039680
0.027485
0.141154
-0.110951
-0.089184
0.106112
-0.092451
-0.061206
0.132175
-0.144602
0.018144
-0.041762
-0.136175
-0.157863
-0.059730
-0.005939
-0.111712
-0.097396
0.104444
0.021721
0.081167
-0.119070
-0.019517
0.151209
-0.173751
0.114627
0.073985
-0.204415
-0.050826
-0.168114
-0.104444
-0.105850
-0.108128
0.087761
0.079682
0.053053
-0.033648
0.066621
-0.096260
-0.084615
-0.071411
-0.233690
0.074025
0.073314
0.049164
0.015532
-0.058055
-0.167735
-0.051811
0.127668
0.107919
-0.087842
0.031841
-0.243184
0.039124
-0.216920
-0.079727
0.112206
-0.156934
-0.235997
-0.232988
-0.219150
0.131657
-0.259131
-0.143922
0.108941
0.250178
-0.050002
-0.093758
0.173720
0.077080
-0.141410
0.099348
-0.048859
-0.033515
-0.099207
-0.341928
-0.141964
-0.024029
0.092073
0.280514
0.002489
0.004850
0.059429
-0.103271
-0.239392
-0.004494
-0.066817
-0.032053
0.234634
0.150054
0.009844
0.074233
0.021736
0.017948
0.106367
-0.032782
-0.107247
-0.076440
-0.075359
-0.140286
-0.179367
0.166083
-0.180884
0.014299
0.203161
-0.096230
-0.021520
0.074687
-0.120699
0.095130
-0.052228
-0.007742
0.073045
-0.180932
-0.276678
-0.105380
-0.120995
-0.017056
-0.003979
0.153275
-0.030321
0.087619
-0.144632
-0.208757
-0.011671
0.025331
0.144202
-0.015741
-0.036186
-0.091939
0.006129
0.091329
-0.050723
0.177393
0.039111
-0.038326
0.004950
0.069805
0.208504
-0.028961
0.188825
0.011886
0.012914
-0.061774
-0.085618
-0.388166
-0.022877
0.122798
0.056421
-0.051403
-0.011361
0.007151
0.106970
-0.177464
-0.134285
-0.095627
0.032149
0.104657
-0.017166
0.194991
-0.016816
0.027022
0.051683
-0.025189
-0.112702
0.007367
-0.028221
-0.181280
-0.052670
-0.193918
0.200734
0.105196
0.046070
-0.047552
0.207600
0.028059
0.057488
0.212841
-0.074353
-0.008038
-0.077821
-0.047378
0.030724
-0.034512
-0.131482
0.025459
-0.006450
0.076209
0.129875
0.049886
-0.109091
-0.071942
-0.017014
-0.098679
-0.030150
-0.067222
-0.079270
0.064716
-0.000584
0.049761
0.068701
-0.059466
-0.161460
0.040866
-0.131535
-0.091297
-0.031355
-0.028122
-0.108936
0.044232
-0.068443
-0.085393
-0.063286
0.073956
0.119055
-0.047890
-0.042426
-0.048699
0.248148
0.224818
-0.119515
0.119245
-0.081918
-0.167129
0.028268
-0.017404
-0.228887
-0.041674
0.046569
0.225593
0.164555
-0.058173
-0.026202
0.194574
0.164409
0.079024
-0.245187
-0.089097
-0.013768
0.095703
-0.014961
0.028699
0.102824
0.106370
0.146158
0.299650
-0.077273
-0.005792
-0.092319
-0.167392
-0.141191
-0.154441
-0.215975
0.083798
0.097558
-0.143023
-0.009835
0.148551
-0.050399
-0.090723
-0.052384
-0.075302
-0.222987
0.232815
-0.156565
-0.092987
0.035495
-0.214162
-0.200380
0.045732
0.076515
0.122253
0.019749
0.078201
0.026975
-0.057414
-0.196043
-0.095633
-0.016101
-0.050662
0.051740
0.050993
0.063045
-0.168262
0.004595
-0.050651
-0.178336
-0.027101
-0.249427
0.024629
-0.064398
-0.170739
-0.075321
-0.161288
-0.046789
0.050694
-0.021844
0.027586
0.149845
0.162369
0.060088
0.031880
0.077762
0.003424
-0.064203
0.082607
-0.204988
0.115157
0.051902
-0.033851
0.100494
-0.056750
0.053054
0.033747
0.076592
-0.072290
-0.031328
0.106065
-0.107470
-0.085111
-0.174218
-0.128709
0.140203
0.071187
0.052288
0.155748
0.052270
-0.093472
-0.009708
0.003907
0.061145
0.062128
0.056652
0.051655
0.058469
-0.161932
-0.169615
0.180947
-0.017704
-0.011503
-0.083691
0.075475
0.012832
-0.035293
0.030398
-0.005827
-0.073241
0.186531
0.040499
-0.137093
0.001511
-0.361039
-0.240515
-0.081783
-0.102458
0.036502
0.050285
0.150786
0.102051
0.003716
0.058240
-0.100405
0.104271
0.068234
0.081742
0.072158
0.246572
0.178523
0.163338
0.008564
0.059582
-0.156359
-0.071410
0.230995
-0.107831
0.255280
0.092422
-0.137998
-0.050228
-0.116374
-0.058821
-0.058466
-0.148167
0.120573
-0.042497
0.029157
0.203036
-0.077035
0.024290
0.119608
0.138665
0.055104
-0.070065
-0.124048
-0.245779
-0.096739
-0.070882
0.093691
0.128861
-0.063944
0.082002
-0.042358
0.069878
-0.040402
0.058785
-0.122092
-0.013308
0.100846
-0.109912
-0.045045
-0.087853
0.177626
0.179199
-0.211578
0.146536
0.128745
0.094397
-0.062831
-0.012251
-0.121641
-0.076840
0.249697
0.132881
0.007798
0.010613
0.028810
-0.012892
0.094857
0.085403
-0.074392
-0.080081
-0.128701
-0.206519
-0.077268
-0.003816
-0.055007
0.003148
-0.053856
-0.036857
0.044777
0.015809
0.036890
0.225877
-0.016274
-0.165471
0.040062
-0.084373
0.082594
0.172795
-0.067574
-0.055535
-0.173243
0.058078
-0.004788
0.063286
-0.046271
0.020851
0.059449
0.078744
-0.005896
-0.039342
-0.107681
-0.219695
-0.090305
-0.176490
-0.143387
0.110404
-0.002615
-0.054219
-0.073757
0.152784
-0.131529
0.143764
-0.095623
-0.153379
-0.018023
0.023729
0.091777
0.016156
-0.005341
-0.080037
-0.020355
0.126887
0.113416
0.032611
-0.010238
0.031550
0.047223
0.021603
0.031156
0.091274
-0.048769
-0.239066
-0.341821
-0.067562
-0.120775
-0.089003
0.040162
0.078194
0.226371
-0.156708
-0.288295
-0.113457
0.015868
-0.163429
0.027368
-0.008565
-0.138282
-0.034204
-0.026564
-0.184410
-0.161910
-0.019046
-0.023812
-0.011549
0.099847
0.133555
0.144755
-0.021146
-0.000033
-0.054701
0.071861
-0.143008
-0.102399
-0.072097
0.067019
0.242035
0.057946
0.249443
0.138723
-0.001118
0.115473
0.002878
-0.090475
-0.007623
-0.035513
-0.026337
0.081216
-0.063537
0.148625
0.076541
0.080085
0.037243
-0.062784
0.023426
-0.095097
-0.062952
-0.020040
0.087685
0.085761
0.006417
-0.005054
0.172250
-0.116022
0.282693
-0.019305
-0.069410
0.111198
0.210588
0.289161
0.117610
0.003322
0.042902
0.083516
-0.217750
0.042334
0.189407
-0.047844
0.134491
-0.091685
0.043357
-0.081126
-0.092936
-0.112313
-0.117345
-0.176303
0.017647
0.073487
-0.042641
0.131349
-0.221993
-0.041874
-0.151570
-0.000596
0.086420
-0.000352
0.152341
-0.207231
-0.163114
0.100005
-0.185701
-0.128825
-0.003903
0.029641
0.112846
0.246701
0.060386
-0.157657
0.007119
-0.028746
-0.216275
0.015965
-0.297695
-0.133948
-0.142442
0.106372
-0.178903
0.037950
0.034405
-0.013194
0.159423
-0.029428
0.104182
-0.007970
-0.094143
-0.177160
-0.150180
-0.144609
-0.157292
-0.110710
0.003634
-0.218854
-0.038398
0.098964
0.014593
0.005475
0.028196
0.019307
-0.214102
0.075205
0.140924
0.061588
0.063681
0.009745
0.047386
0.013490
-0.121788
-0.021153
0.070074
-0.006333
0.101278
0.041823
0.086735
-0.043537
-0.035325
-0.006791
-0.079977
0.066933
0.024029
-0.032216
0.176474
0.246687
-0.136144
0.268239
-0.075942
-0.068934
0.141837
-0.014736
-0.040652
0.019919
-0.112951
-0.089053
-0.030243
-0.082925
0.166512
0.030797
-0.015232
-0.153328
-0.138400
-0.060498
-0.262367
0.057425
-0.149123
-0.227533
0.054796
-0.138249
0.048190
-0.082888
-0.065567
-0.140827
-0.003070
-0.106758
-0.114756
0.022956
-0.089290
-0.070460
-0.008764
0.246908
0.089458
0.020420
-0.067940
-0.176753
0.015437
-0.014935
0.151272
-0.043655
0.051438
0.026582
0.335570
0.006112
0.003776
0.063215
0.067721
0.173724
0.015410
-0.127004
0.132094
-0.010728
-0.075962
-0.106216
-0.117270
0.151469
0.015314
0.116631
-0.025685
-0.020364
-0.240654
-0.000667
0.054170
-0.161910
-0.113553
-0.071543
-0.124453
-0.033115
-0.082810
-0.014681
0.070970
0.073590
0.039148
0.105922
0.073605
0.133189
-0.029994
-0.005436
-0.090663
-0.024433
0.050769
-0.239038
-0.138013
-0.138821
-0.000121
0.065495
0.006423
0.264194
0.128629
0.082512
0.050673
-0.077120
0.252629
0.035997
0.005408
0.148597
-0.095824
0.053667
0.080817
0.017391
-0.068892
-0.043666
-0.109717
-0.017097
0.160415
-0.011134
-0.126539
-0.024913
0.088242
-0.086756
-0.081188
-0.013701
-0.124644
0.004654
0.022181
0.031027
0.165285
0.106945
0.000906
0.013108
0.058007
-0.003055
-0.067357
-0.008298
0.012271
0.084062
0.037243
0.019015
0.067151
0.139498
0.111611
0.164834
0.118251
-0.098389
-0.044380
0.036554
-0.042004
0.015101
0.173907
-0.106379
-0.204765
-0.154420
-0.072043
-0.115432
-0.003005
0.162968
0.188472
0.024950
0.144279
0.011289
0.117727
0.011686
-0.072162
0.045130
-0.067410
-0.030077
0.021325
-0.055452
0.320269
0.035623
-0.039221
0.271060
-0.064525
0.073512
0.124782
-0.013442
-0.202293
-0.136575
-0.142379
-0.120606
0.138446
-0.083082
0.226705
0.076768
-0.030866
-0.111024
-0.152600
0.062652
0.018120
0.196942
-0.031001
0.096026
0.085085
0.031609
-0.120092
-0.000997
-0.025483
0.045717
-0.165420
-0.033541
-0.022619
-0.166423
-0.269203
-0.196982
0.039949
-0.300456
-0.022802
-0.073642
0.006470
-0.020204
0.044024
-0.059264
-0.017916
-0.010217
-0.061506
-0.055159
-0.079173
-0.097048
-0.380893
0.074692
-0.133039
-0.260613
-0.194914
-0.007125
-0.194062
0.156982
-0.093032
0.074686
0.075400
-0.134810
0.067132
-0.038492
0.128362
-0.016355
-0.007869
0.130769
0.005061
0.110649
-0.045821
-0.052414
0.003139
-0.100352
-0.043029
-0.276270
0.137850
0.115621
0.000095
-0.046100
0.080643
0.088715
0.123109
-0.060869
-0.034404
0.130066
0.019968
-0.125741
-0.170751
-0.125905
0.064569
-0.045923
-0.139948
0.252188
-0.059737
0.063107
0.016125
0.017793
0.010605
0.116400
-0.047957
0.028251
-0.012975
-0.031851
-0.050334
-0.084531
-0.183905
-0.074866
-0.067304
-0.230606
-0.191659
0.016203
-0.108440
-0.055920
0.210667
0.033136
-0.023078
-0.117866
-0.048681
0.048360
0.136930
-0.056790
0.032120
0.121733
0.016949
0.006298
-0.052922
0.033574
-0.073351
-0.093997
-0.113269
-0.252068
-0.157268
0.105214
-0.015077
0.095714
-0.020085
-0.070614
0.135923
0.054686
0.055411
0.037753
-0.079945
0.110364
0.017792
-0.009998
0.082002
0.076479
0.081575
-0.073389
0.014065
-0.431511
-0.150444
-0.058625
0.031972
0.162141
-0.091234
0.187791
0.196900
0.032870
0.010390
0.117852
-0.065289
0.022937
-0.224775
0.034649
0.100647
0.029687
0.017411
-0.022653
-0.025127
0.075432
-0.147558
-0.240333
-0.136758
0.113453
-0.305173
0.083590
0.073840
0.047487
0.060679
0.148491
-0.049205
-0.074744
0.133078
-0.238639
-0.046882
0.185373
0.180712
-0.012899
0.018332
-0.024825
-0.075801
0.009346
-0.119775
-0.072383
0.145805
-0.089260
0.112895
0.047993
-0.052822
0.036803
-0.073135
0.083300
-0.110840
0.109019
0.188211
-0.071189
0.122547
-0.024948
-0.074476
-0.092677
-0.094085
-0.031114
-0.027686
-0.037178
0.040151
-0.051943
-0.191879
-0.156931
0.023594
-0.045691
-0.052544
-0.013065
0.198272
0.169671
0.013385
-0.071765
-0.110910
0.185083
-0.075948
-0.070657
0.004363
0.130568
0.039453
-0.048511
-0.088446
-0.176064
-0.069867
-0.085310
-0.021499
-0.083121
-0.163536
0.031523
0.018747
0.051874
0.235944
0.100192
0.020330
-0.079085
0.064916
-0.023392
-0.089703
0.016550
0.044979
0.011398
0.005444
-0.107731
-0.063353
0.091140
0.048551
-0.069071
-0.064459
-0.205582
-0.260290
-0.053089
-0.185356
-0.027860
0.094381
0.138501
-0.025304
-0.020969
-0.125406
-0.193796
-0.137807
-0.051993
0.045518
-0.059918
-0.167097
-0.157879
-0.035157
-0.071848
-0.058894
-0.068404
0.015363
0.056201
-0.000752
0.135441
0.033137
0.152688
0.123245
0.055642
0.071821
-0.130726
-0.010897
0.205850
0.029579
-0.199339
0.151423
0.001867
0.200046
-0.144124
-0.197329
0.024480
-0.093091
0.048010
0.116771
-0.063948
0.046384
0.131605
-0.049284
-0.055674
0.050236
-0.009866
-0.190899
-0.038449
0.082982
-0.097563
0.132450
-0.025708
0.017987
0.242266
0.331442
0.046999
0.012822
0.126236
-0.203687
-0.044813
-0.010686
0.003849
0.189679
0.094447
0.167101
0.037128
0.312193
0.164004
-0.128999
0.315168
-0.006335
0.028690
0.159206
0.028606
0.076090
0.219527
0.103822
0.081694
0.176476
0.036349
0.187253
0.058169
0.085172
-0.120994
-0.163066
-0.171033
-0.093383
-0.053022
-0.011390
-0.042052
0.017137
0.065905
0.087381
0.041080
-0.152481
0.067055
-0.059064
-0.107163
-0.102246
-0.113726
0.047458
0.140970
-0.027214
-0.177142
0.135727
0.104561
-0.060167
-0.008207
-0.186866
-0.048529
-0.110566
-0.007758
-0.043023
0.050652
0.111721
0.054225
0.055607
0.141938
-0.013734
-0.024364
0.114101
-0.009961
0.088214
-0.102002
-0.033762
0.108132
-0.202483
-0.073273
0.034878
-0.000525
-0.058839
-0.100847
0.154572
0.183515
0.097524
-0.089569
-0.067326
0.068821
0.001574
-0.028238
0.016013
-0.074949
0.025318
0.051154
0.032213
-0.063806
-0.151431
-0.030757
-0.031152
-0.055726
-0.023732
-0.041115
-0.152909
0.109970
0.141554
0.049747
0.030909
0.077371
-0.168536
0.061992
-0.062965
0.064689
0.040174
-0.078662
-0.094923
-0.038162
-0.073728
0.136339
-0.126994
-0.099840
-0.062761
-0.156189
0.136091
-0.008479
-0.193964
-0.021830
0.122657
-0.009589
0.062554
0.210595
-0.096014
-0.027821
0.123963
-0.198043
0.160804
0.047894
0.124841
0.126965
0.099202
-0.054559
0.049038
-0.012911
-0.057311
0.017247
0.138794
0.295022
0.100695
-0.124783
0.037388
0.089955
-0.050886
-0.162996
-0.111262
-0.010703
-0.018267
0.040864
0.072209
0.061627
-0.157410
-0.167526
-0.165218
0.066159
0.214496
-0.246589
-0.043323
0.215127
0.210802
0.014645
-0.099159
-0.103789
-0.207779
0.007387
-0.077293
-0.043325
0.128944
0.006524
-0.051259
0.044897
0.073135
-0.156330
-0.159060
-0.002232
-0.069142
-0.107097
-0.105473
-0.105310
0.088016
0.004363
0.059068
0.208198
0.105986
-0.004154
-0.136937
-0.127127
-0.118695
-0.025735
-0.025894
0.110187
0.164269
-0.216928
-0.326590
-0.174194
0.047577
0.016846
0.040892
0.012063
-0.045460
0.087020
-0.164448
-0.154353
-0.019833
-0.180876
-0.108378
0.072034
-0.117778
-0.094919
0.052434
-0.137712
-0.004392
0.180304
0.038464
0.086439
-0.003617
0.044309
-0.045211
-0.213682
-0.130735
-0.327619
-0.155444
-0.103884
-0.131352
-0.126883
0.017918
-0.193807
0.024421
-0.003328
-0.004179
-0.138230
0.040831
-0.020042
-0.120493
0.069879
-0.014402
-0.083947
-0.218210
-0.130779
-0.115993
-0.269199
-0.075883
-0.085772
0.012452
0.014699
0.207787
0.004810
-0.039801
0.043160
-0.015517
0.042866
0.236855
0.083816
-0.247386
-0.142991
0.158231
-0.273546
-0.240543
0.152735
0.133015
0.112912
-0.057532
0.358661
0.114905
0.161280
0.079851
-0.186346
-0.065387
0.194015
0.119701
0.022932
-0.007921
-0.184877
-0.005976
-0.248474
-0.252040
-0.016987
-0.051597
-0.098038
0.232057
-0.093339
-0.059895
0.115076
0.059049
0.055447
0.050147
-0.029678
0.038271
-0.057947
-0.040917
0.101108
-0.062673
0.137415
0.059021
-0.188483
-0.186693
-0.116982
-0.321428
0.014348
0.212582
0.078063
0.220170
0.099927
0.038511
-0.040780
0.070946
-0.005195
-0.306933
-0.201478
0.039811
0.079086
-0.146267
-0.204513
0.092591
0.145761
0.075895
0.055715
0.122476
0.037383
0.063548
0.132351
-0.111141
-0.095281
0.026981
-0.306394
-0.049199
-0.047809
-0.201239
-0.103463
-0.000580
-0.014387
-0.174672
-0.056319
-0.098107
-0.112187
-0.246941
0.074664
-0.047711
-0.254060
0.084519
-0.114269
-0.208266
0.050246
-0.221211
0.029239
0.054737
0.018604
0.160407
-0.038707
0.033820
0.044962
-0.121510
-0.045618
-0.083691
0.055030
0.047352
0.033530
-0.122519
-0.166947
-0.033017
-0.035632
-0.090817
-0.138582
-0.009530
0.069845
0.031821
0.132776
0.059682
-0.041506
-0.049276
-0.010610
0.205676
0.031107
0.147013
0.098216
0.039539
-0.055616
-0.057582
-0.071594
-0.143516
0.054427
0.139571
0.314098
0.151245
0.017527
0.020849
-0.130713
-0.213034
-0.228741
-0.083200
-0.084132
-0.040733
0.161997
-0.234435
-0.052868
0.016131
-0.018305
0.098412
-0.027319
0.059587
-0.052877
-0.009285
-0.043399
0.029077
0.034511
-0.126631
0.025105
0.084573
0.111015
-0.009464
0.161097
0.057324
0.078350
0.076520
-0.002571
0.042614
-0.076293
-0.037381
-0.081337
-0.052283
-0.094556
-0.022036
0.130681
0.130618
-0.003990
-0.203613
0.159187
-0.078246
0.058803
0.058801
0.083900
0.110497
-0.012140
-0.026211
-0.031923
-0.204757
-0.123842
-0.031843
-0.209539
-0.231483
0.104233
-0.073050
0.026776
0.124510
-0.115089
0.145796
-0.014038
-0.199177
-0.073668
0.136421
0.069075
0.005003
-0.181646
0.191270
-0.114745
-0.272966
-0.227421
-0.108849
0.037524
-0.071423
0.031421
-0.074949
-0.016164
0.143403
0.065950
-0.006000
-0.023903
-0.080625
0.063775
-0.039716
-0.151832
-0.113955
-0.096221
0.050276
-0.065550
0.067840
0.099345
-0.073331
0.099708
0.150902
0.042463
0.072229
0.016025
0.007639
-0.082730
-0.106845
-0.031519
0.028403
0.160986
0.081131
0.051595
-0.046468
0.211471
0.076988
0.115283
-0.020530
-0.187051
-0.079910
-0.035770
-0.267665
-0.201018
0.016498
0.048699
0.189377
-0.021244
-0.140567
-0.228248
-0.096499
0.020080
0.041572
0.081513
-0.036291
-0.040954
-0.086938
0.014466
0.155008
-0.089717
0.055921
0.038929
-0.391611
-0.277980
-0.071025
-0.087307
0.149608
0.139209
0.261277
0.271344
0.000223
-0.134721
-0.114963
0.057336
-0.175157
0.082059
0.097084
0.043389
0.069768
0.056283
0.210486
0.203770
-0.063470
-0.297818
-0.171664
-0.095297
0.025908
0.060547
0.120026
0.042154
0.033555
0.019196
-0.009323
0.012587
-0.181747
0.163746
0.113435
-0.100481
-0.019150
-0.086196
0.037053
0.055401
-0.083142
-0.006466
0.193940
-0.226369
-0.176180
-0.013516
0.119748
0.045950
0.100340
0.042137
-0.042024
0.098655
-0.045841
-0.374656
0.162505
0.037466
0.126771
0.121214
0.082402
-0.065638
0.044992
0.081408
-0.206985
-0.138865
0.027337
0.026674
-0.076481
0.142029
0.134698
-0.161328
-0.120300
-0.042548
0.180591
0.153703
-0.054482
0.164021
-0.109133
-0.315591
-0.133362
-0.005957
-0.299372
0.076825
0.083885
-0.019484
0.038640
-0.103234
-0.048220
0.063710
0.004814
-0.085880
-0.005753
0.020618
0.176734
0.057824
-0.126712
0.150399
0.013848
0.153634
0.057730
0.047544
0.076473
0.172401
0.025366
0.036239
-0.053386
-0.011897
-0.113389
-0.047303
-0.141703
0.052725
0.093639
-0.046686
-0.077178
0.030690
-0.222597
-0.171532
-0.009527
-0.077062
0.129776
-0.053712
0.113784
-0.022987
-0.076621
0.008142
-0.046302
-0.078634
-0.153280
-0.121542
-0.099464
-0.062657
0.113647
-0.012237
0.102954
0.147326
-0.038787
0.028130
0.005341
-0.193140
-0.037450
-0.051346
-0.065026
0.164518
0.088095
-0.025070
0.040089
0.217957
0.010412
-0.019857
-0.051741
-0.069446
0.123717
-0.037920
0.085302
0.077206
0.012446
0.016048
-0.198507
-0.090902
0.041888
0.088635
-0.004963
0.116954
0.028209
-0.022419
-0.062286
-0.160862
-0.129837
-0.016616
-0.048711
-0.180076
-0.012561
0.062394
0.037549
0.089322
-0.137521
-0.120033
-0.016476
0.014643
-0.084530
0.090497
0.009440
-0.232106
0.131533
-0.068807
0.113200
-0.142556
0.034278
0.133573
0.124100
-0.055309
-0.185524
0.060344
0.201873
0.100742
0.044403
-0.023384
0.025309
-0.167248
0.133259
0.101112
-0.064173
-0.141436
-0.133990
-0.183945
0.114905
-0.214257
0.021801
-0.114571
-0.147655
-0.128376
0.174428
-0.198300
-0.090583
0.102319
-0.115015
0.041751
0.127079
0.062642
0.016599
0.067417
0.171773
-0.015957
0.051552
-0.067016
-0.066627
-0.116385
-0.016406
0.096390
-0.101516
-0.146726
0.039076
-0.117985
-0.046358
0.037514
0.038876
-0.068040
0.085277
-0.206129
-0.063381
0.183921
-0.104974
0.027581
0.006343
-0.024394
-0.059862
0.111329
-0.176984
-0.100842
0.034803
0.070848
-0.093018
0.017002
0.126668
0.000714
0.013768
-0.122826
-0.021013
-0.029583
-0.114133
-0.020223
0.019837
-0.180270
-0.008235
-0.099953
-0.043623
-0.169352
0.060902
-0.015073
0.046333
0.089462
-0.117692
-0.084023
0.009436
-0.105784
-0.030254
-0.192266
0.089897
-0.001140
-0.121755
-0.004413
0.180137
0.062314
0.109553
-0.075422
-0.092592
-0.116452
-0.110499
-0.157329
0.041024
-0.089217
-0.298273
-0.149584
-0.128138
-0.156824
-0.031871
0.025669
-0.056079
0.073270
0.185024
0.021502
-0.151346
-0.128840
0.254541
-0.052828
-0.212249
-0.067030
-0.027510
-0.066422
0.063130
-0.062207
-0.183828
-0.141307
0.033393
-0.113912
0.042552
0.097702
-0.041634
-0.102334
0.099612
0.045083
-0.112307
-0.107668
-0.097711
-0.263073
-0.021368
-0.078670
-0.003491
-0.045670
-0.013110
0.089378
-0.150062
-0.076309
-0.012162
0.121397
-0.127731
-0.191621
0.157950
0.011634
-0.172018
0.080839
-0.057208
-0.129569
-0.259153
0.001049
-0.233253
0.066235
0.016623
-0.144330
-0.023448
-0.171517
-0.043031
0.268086
-0.061619
0.011400
0.049989
-0.281754
-0.109691
0.006897
0.104525
0.133354
0.005214
-0.024931
0.021406
0.044310
0.082229
-0.018803
-0.110890
-0.176199
0.019239
-0.055824
-0.057920
-0.013290
0.034844
0.207692
0.123530
-0.234229
0.042992
0.010501
-0.016110
-0.208681
-0.091553
-0.240745
0.052824
-0.196099
0.025601
0.002711
0.048294
0.083261
0.085559
0.061277
-0.002404
0.148425
0.090252
0.006038
0.016941
-0.137956
0.040947
0.154667
-0.025875
-0.125516
-0.079144
-0.215825
-0.197689
-0.265398
-0.080853
-0.191236
0.063271
-0.076717
0.113845
-0.038191
-0.143541
-0.145431
-0.022838
0.040821
0.057867
-0.201568
-0.027226
0.066046
0.229657
-0.040711
-0.039037
-0.066096
-0.038510
0.040837
-0.044187
-0.059154
0.115235
-0.062829
-0.104188
0.032171
-0.029279
-0.083261
0.182322
0.302482
0.159996
0.139255
0.056518
0.063006
0.053231
0.065124
0.053139
0.065476
0.032855
0.076974
0.144140
0.154834
-0.001027
-0.107236
-0.050906
-0.186154
0.146140
-0.207744
0.207899
0.063090
0.021289
0.081920
-0.040963
0.162845
0.112808
-0.130689
0.141405
-0.085208
-0.067858
-0.178907
-0.088412
-0.263398
-0.257052
0.222624
0.222965
0.119260
-0.022838
0.207476
0.050602
-0.108854
-0.062781
-0.104814
-0.054784
-0.066736
-0.025619
-0.092551
0.002921
-0.090551
-0.094288
0.040612
-0.210127
-0.041877
-0.068423
-0.190978
-0.367779
-0.009095
0.161564
-0.192319
0.036379
0.195046
0.071286
-0.017052
-0.168125
-0.177164
0.008065
0.061451
-0.112071
0.025826
0.196104
-0.073392
-0.134065
-0.095809
0.009188
-0.008743
-0.012498
-0.023481
-0.136231
-0.049222
0.040487
-0.152176
-0.300741
0.006073
0.274643
0.158066
-0.075124
0.249868
0.314818
0.043986
0.165463
-0.141601
0.140718
-0.097168
-0.106627
0.035262
0.000419
-0.121357
0.005557
0.017894
-0.027072
0.033756
-0.058338
0.035790
0.163370
-0.068099
-0.000124
-0.061677
0.018006
0.008517
-0.131102
0.092703
-0.109812
0.034152
-0.073138
-0.047225
-0.011952
0.215323
0.192768
0.014672
0.032516
-0.096004
0.142148
-0.258916
-0.230428
-0.038553
0.105801
0.122763
0.022691
-0.077385
0.062072
0.000198
-0.079006
0.017933
0.034465
0.138993
0.092740
0.004404
-0.147924
-0.223406
-0.150905
-0.002628
-0.087472
-0.035454
0.029866
-0.274205
-0.072209
0.067220
-0.035856
-0.096278
0.097706
0.078228
-0.026162
0.020295
-0.121888
-0.392106
-0.047572
0.168825
0.033854
0.088086
-0.029813
0.063696
0.067808
0.016424
0.148260
0.129060
0.011428
0.212491
0.032043
0.061554
0.006643
-0.014211
-0.137006
0.043461
0.193173
-0.018020
0.009453
-0.015433
0.023325
0.010472
-0.131716
-0.046515
0.001493
-0.182674
-0.084506
-0.123340
-0.153891
0.040661
0.034343
-0.081965
-0.083766
0.048661
0.112265
0.165038
0.122998
0.042649
-0.082884
0.003197
-0.095628
-0.167061
-0.106485
0.235496
0.050262
-0.167451
0.159408
0.144091
-0.054904
-0.031069
-0.153726
0.072944
-0.175176
-0.322283
-0.227934
0.104054
0.170710
0.186493
-0.133479
0.160340
0.016936
0.020767
0.132406
0.036916
-0.030071
-0.169729
-0.107499
-0.029373
-0.051265
0.099763
-0.055455
-0.170196
0.024590
-0.014222
0.167897
0.218113
-0.003210
-0.062391
-0.143916
0.055346
-0.111306
-0.093976
0.065562
0.011817
-0.054501
-0.074064
0.078119
0.182500
-0.160538
0.007153
0.022186
-0.026410
0.030728
-0.053437
-0.164780
-0.188304
-0.106196
-0.081537
0.063208
0.123215
-0.116812
0.049772
0.091979
0.057630
-0.035326
0.054905
0.092970
0.160608
0.026256
0.000322
-0.003369
-0.100358
-0.057992
0.015407
0.038869
-0.171806
-0.098119
-0.022598
-0.206026
-0.078612
0.057527
0.025726
-0.052712
-0.046271
0.250361
-0.098393
-0.023447
0.088069
0.021999
-0.086934
-0.186346
-0.152206
0.008307
-0.174267
-0.016112
0.131985
-0.096100
-0.039712
-0.116564
-0.054148
-0.201720
-0.131251
0.029913
0.059125
-0.070085
-0.036831
0.012800
0.008835
-0.071268
-0.130209
-0.087801
0.006574
0.085666
-0.069916
0.010187
-0.034414
-0.084030
0.068519
0.074170
-0.126767
0.173032
0.182645
-0.089495
0.077434
0.077193
-0.010672
0.075958
-0.080718
-0.282115
-0.231003
0.084459
0.016336
-0.040846
0.071352
0.062978
0.046818
-0.066913
0.026861
0.066189
0.034699
-0.035529
-0.006940
0.043230
0.012519
-0.042033
-0.065671
-0.151530
0.083225
0.022711
-0.225757
0.134628
-0.021565
0.088695
-0.118166
0.053671
-0.094419
0.122198
-0.080293
-0.064637
0.106515
-0.019940
-0.015190
-0.022572
0.046504
-0.001903
0.021438
-0.063894
-0.112048
-0.187540
0.067917
0.069234
-0.084362
0.084464
0.079358
-0.089869
-0.064512
-0.023167
0.069091
-0.011307
0.096778
0.061527
-0.038749
-0.086574
-0.011426
0.012020
0.022022
0.084357
0.059323
-0.031158
-0.175744
-0.008820
0.060795
-0.070746
0.002557
0.167878
0.026796
-0.093961
0.084781
-0.188668
-0.122844
-0.074492
0.031404
-0.054053
-0.001223
0.249169
0.016868
0.000682
0.004076
0.193732
0.015536
0.109989
0.045442
0.157172
-0.066062
-0.039614
0.001736
-0.058603
-0.049607
0.048363
0.129773
0.131273
0.071982
0.062297
-0.103240
-0.026990
-0.287163
0.198997
0.252268
0.094311
-0.055514
0.045669
0.147310
0.002229
-0.078208
-0.062842
-0.152856
-0.154849
0.279508
-0.027471
-0.075601
0.094630
-0.015831
-0.038446
-0.085778
-0.147960
0.110497
0.189966
0.030461
0.123078
0.088658
-0.072948
-0.218844
0.025249
0.143541
0.084701
-0.060606
-0.033549
0.140844
0.040977
-0.302215
-0.103086
0.006339
0.004854
0.129590
-0.191144
-0.106120
-0.004477
-0.171354
0.218923
0.077391
0.017057
-0.047833
0.051820
0.242274
0.227679
0.070259
0.024745
0.039459
-0.061596
-0.140333
-0.088844
0.132955
0.007459
-0.085880
0.169534
0.042748
-0.125643
-0.014040
0.172330
0.139733
-0.052723
0.003681
0.138705
-0.024446
0.031892
-0.057553
-0.020880
-0.092500
-0.068513
-0.110459
-0.217140
-0.155580
-0.163761
0.058070
-0.088712
0.193240
-0.116466
0.014542
0.050151
0.066931
-0.152640
0.021964
-0.102218
-0.085321
0.044550
-0.276277
0.142914
0.055817
-0.019124
0.039475
0.061310
0.132437
-0.138344
0.020104
-0.120982
-0.210080
-0.131090
0.012340
0.147757
0.119385
-0.266790
-0.202858
-0.122734
0.151368
0.086698
0.037825
-0.038893
-0.035202
-0.202581
-0.060800
-0.047251
-0.062202
-0.159717
-0.174812
0.048613
-0.184239
0.158424
0.133521
-0.125589
0.182033
0.119443
-0.043830
-0.125080
-0.228293
-0.038600
-0.116263
-0.172446
-0.032730
-0.193410
-0.183676
-0.060030
-0.034016
0.102884
-0.055614
-0.045029
0.148387
-0.049282
-0.194434
-0.064263
-0.036581
-0.014162
-0.009298
-0.332372
-0.131862
-0.030060
-0.184944
-0.124464
0.145482
-0.208889
-0.074426
0.100703
-0.150682
-0.139134
0.122190
0.052642
-0.038544
0.098041
-0.124121
0.186817
0.022887
-0.408260
0.064861
-0.014215
-0.124594
-0.066459
0.165300
-0.153186
-0.124613
-0.193236
-0.012078
-0.063198
0.102566
0.177116
-0.047090
-0.044868
-0.136016
0.053739
-0.044125
-0.133857
-0.199557
-0.100520
0.135247
0.040769
0.222674
0.156242
-0.011846
0.114169
0.194617
0.031286
-0.034739
0.017938
0.189252
-0.128661
-0.034956
0.046364
0.099696
-0.016898
-0.017672
0.100272
0.071674
-0.081979
0.038247
-0.094444
0.037558
0.029347
-0.120306
-0.104489
0.010677
0.111757
-0.142423
-0.006100
-0.192440
-0.126956
0.120949
-0.106151
-0.190129
-0.019565
-0.069544
-0.141647
-0.055211
0.076691
0.030997
-0.066812
-0.085454
0.067613
-0.004882
0.129289
0.047250
-0.067527
0.001939
0.043200
-0.193032
-0.137092
0.171490
-0.035451
-0.140760
-0.033458
-0.059638
0.096392
0.006546
-0.112925
0.050578
0.214991
-0.165436
0.083576
0.046019
-0.127567
-0.026802
0.163822
0.099551
-0.142954
-0.201544
0.061387
0.085239
-0.052740
0.008348
-0.099323
-0.061707
-0.047184
0.006895
-0.078320
-0.085681
0.104479
0.198818
0.030790
0.058405
0.078227
0.133942
0.557282
0.219825
0.108085
-0.023038
0.113893
-0.209417
-0.041842
-0.075546
-0.131057
-0.033935
-0.066148
-0.100537
0.053891
-0.147950
-0.115600
0.206772
-0.045348
-0.046530
0.159469
-0.204389
-0.287287
-0.086745
0.052309
-0.093343
0.153400
-0.028867
0.047104
-0.214979
-0.170956
-0.035147
0.037617
-0.008945
-0.115488
0.032471
-0.119607
-0.063294
-0.049358
-0.053632
-0.093363
-0.102332
0.053647
-0.122670
0.287697
0.176455
0.025368
0.215530
0.023542
-0.025024
-0.018487
0.091525
0.057715
-0.047562
-0.039674
-0.031561
-0.127005
-0.017683
-0.033713
-0.055379
-0.165200
-0.214438
-0.116721
-0.206992
-0.087829
0.001317
-0.074089
0.215476
0.093814
-0.102875
-0.170101
-0.072317
-0.109428
0.033143
-0.007704
0.089384
0.094776
-0.094948
-0.110495
-0.025206
0.077201
-0.006269
-0.006313
0.231131
0.156472
-0.030627
0.091027
0.113253
-0.017217
-0.057090
-0.079547
0.081669
-0.124531
0.010750
0.024343
-0.021065
0.035904
-0.067261
-0.038222
0.020888
0.040680
0.233416
0.055685
0.111608
-0.117642
-0.075186
-0.005052
0.012270
0.000662
-0.159948
0.042711
-0.065530
-0.220360
0.183605
0.061208
-0.068742
-0.027108
0.113025
0.124704
-0.373311
0.128518
0.002674
-0.192164
-0.189395
-0.022080
0.042944
0.116247
0.119790
0.444054
-0.101097
-0.120056
0.234583
-0.060799
-0.021479
-0.089499
-0.040244
-0.050688
0.153489
0.060287
0.133139
0.027521
-0.140771
0.017811
0.205992
0.142035
0.199463
0.052325
0.056551
0.029234
-0.113644
0.130488
-0.171840
0.201316
-0.260486
-0.096802
0.206926
-0.102200
-0.134905
0.084371
-0.134532
0.116031
-0.016017
0.079571
-0.011952
-0.013844
-0.032942
-0.069336
0.082809
0.146911
0.064581
-0.045061
0.068765
0.033008
-0.047223
-0.142034
-0.162418
-0.059944
-0.173564
-0.170358
0.139069
0.052891
-0.054209
0.156191
-0.290377
-0.006818
0.042445
-0.230201
-0.122703
0.081715
-0.055019
-0.072562
0.029152
-0.043219
0.032718
-0.038230
-0.098282
-0.120311
-0.129478
0.038127
-0.072938
-0.021748
0.073608
-0.142713
0.216979
0.214438
0.083341
-0.125484
0.025611
-0.046056
-0.159764
-0.032109
0.004853
-0.012724
0.071885
0.157018
0.012110
-0.016767
0.172230
-0.057905
0.233693
0.009678
-0.038713
0.069240
-0.049677
-0.056486
0.048053
-0.053928
-0.002161
-0.077252
0.044462
0.108859
-0.053798
-0.017099
0.099071
0.021809
0.160597
0.072970
0.031789
-0.025669
-0.109093
-0.044457
-0.129406
0.047098
-0.213877
-0.021927
-0.118484
-0.046941
-0.001259
0.115187
-0.001875
-0.011534
-0.027503
0.105798
0.115129
0.043685
-0.078686
-0.210208
0.073786
-0.026949
0.009651
-0.108866
-0.036956
-0.063636
-0.162580
0.212520
-0.116489
-0.071462
0.338699
-0.065406
0.061827
0.100154
0.154912
0.011303
-0.008557
0.036494
-0.174536
0.062909
-0.165525
-0.209211
-0.045498
0.091209
0.058198
0.209166
-0.072315
0.023373
-0.004180
-0.303535
-0.056072
0.080639
-0.017218
0.075115
0.131484
0.058635
0.057446
0.085063
-0.024187
0.114245
0.036551
-0.009236
-0.059140
-0.042680
-0.079193
-0.118677
-0.078386
-0.163566
-0.241323
-0.011251
-0.072433
0.099311
0.045939
-0.014337
0.138474
0.068803
-0.068389
0.045588
0.061196
-0.062866
-0.147376
-0.097104
-0.254147
0.056587
0.003581
-0.123439
-0.117113
-0.115673
0.173455
-0.134125
0.051890
0.072218
-0.132898
0.170511
-0.008927
0.081823
-0.024026
-0.078871
0.023715
-0.098570
-0.163132
-0.009382
-0.093945
-0.088178
0.055569
0.137061
-0.060552
0.011955
-0.078379
0.039981
-0.102428
0.011193
0.052090
0.065403
0.169400
0.070152
0.062155
0.207362
-0.047465
0.115423
0.068092
-0.094912
0.060767
0.020385
-0.163454
-0.027066
-0.064764
-0.278879
0.135269
-0.062680
-0.145523
0.095920
0.008280
-0.097345
0.156808
-0.122381
0.113822
-0.048590
-0.016629
0.025583
-0.100567
0.028364
0.104636
-0.269782
-0.114033
0.254691
0.104350
-0.039804
0.070429
-0.025867
0.050168
-0.210485
-0.038514
0.002691
-0.135488
-0.101203
-0.012872
0.104036
-0.183186
0.008350
-0.002383
-0.083612
0.074982
0.107651
-0.007191
0.154621
-0.107332
-0.089968
-0.051329
-0.047442
-0.047806
-0.018046
0.077264
-0.023758
0.142100
-0.142717
0.025691
0.085845
-0.092112
0.069957
-0.023364
-0.306194
-0.102085
-0.034667
-0.085823
0.047153
-0.022633
-0.050350
0.301257
-0.041627
-0.141250
0.255554
-0.099097
-0.012144
-0.088647
-0.104453
0.064542
-0.137624
-0.053169
0.133670
0.034392
-0.039321
0.018145
0.059325
-0.055561
-0.140241
0.013143
-0.023247
-0.096982
-0.117171
0.090673
-0.183930
-0.130857
-0.118559
0.000012
-0.179310
-0.053110
-0.015075
0.019708
-0.015839
0.110256
-0.009255
-0.007644
-0.017628
0.009361
-0.071903
0.013017
0.005756
0.004390
0.124644
0.020823
-0.195230
-0.000172
-0.023058
-0.215590
0.270567
-0.073758
-0.083955
0.194431
-0.129436
-0.184782
0.007149
0.029316
0.039031
-0.154122
0.013074
0.030701
-0.268398
-0.181858
-0.060565
0.064354
-0.136543
0.004234
0.121200
0.171583
-0.087478
0.141108
-0.094039
-0.177174
-0.236490
-0.038165
0.000340
-0.160914
-0.007827
0.048732
-0.074991
-0.075543
-0.054261
0.065046
0.019259
-0.208535
-0.151277
0.279464
-0.151410
-0.192396
-0.000106
-0.054847
0.000056
0.013506
-0.164891
0.033872
0.022303
-0.003572
0.167752
0.058452
0.026283
-0.029618
-0.176330
0.012055
-0.175301
-0.169533
-0.004198
-0.155447
0.079610
-0.041102
-0.044920
0.027691
-0.008647
-0.102231
0.203653
-0.174379
0.190818
-0.224617
-0.297109
-0.159034
-0.024803
0.078265
-0.053579
-0.127081
0.010587
0.172494
0.042107
0.050766
0.037160
0.048355
-0.050338
-0.107693
0.100694
-0.038387
0.063370
-0.060132
0.070056
-0.065614
0.010528
-0.056001
-0.117178
-0.056078
-0.063853
-0.169231
0.101158
0.121560
0.054078
0.005224
0.020878
0.034423
-0.163555
0.025552
0.011784
0.081446
-0.063048
-0.087438
0.215890
0.261112
-0.114018
0.162019
0.091408
-0.004687
0.064218
0.053216
-0.124952
-0.010039
-0.157794
-0.226622
-0.087103
-0.192342
-0.027020
0.020550
-0.018927
-0.028076
0.039747
-0.178795
0.043023
0.021587
-0.108692
0.192030
-0.002905
-0.126184
-0.048002
-0.192169
-0.099974
-0.202130
0.028460
0.014047
0.077660
-0.010877
-0.015056
-0.166986
-0.101899
-0.176959
0.299458
0.066304
0.106704
-0.048863
-0.051785
0.049854
0.070774
-0.157257
0.147295
0.230982
-0.041281
0.123011
0.266986
0.013608
-0.054977
0.138199
0.125155
-0.084586
-0.268400
-0.108045
-0.112847
-0.140669
0.013795
0.014892
-0.068307
-0.042078
-0.027753
-0.086702
-0.121318
-0.127119
-0.093488
0.116835
0.165701
0.073949
-0.001761
0.235783
-0.198519
-0.066328
0.185726
-0.318136
0.161388
-0.086773
-0.048585
0.051142
0.111531
-0.098665
0.112227
0.000279
0.216305
0.002823
0.116352
0.144501
-0.219679
0.188703
0.089381
-0.107320
-0.096294
-0.094115
0.113925
-0.059723
0.095968
-0.046265
0.094292
-0.048656
-0.209399
0.005364
-0.205285
0.067087
-0.050784
-0.001962
-0.116650
-0.119192
0.109359
-0.055388
-0.122642
-0.001019
0.146784
-0.108957
-0.040207
-0.112835
-0.211721
-0.126022
-0.163922
-0.155847
-0.163467
-0.010645
-0.012204
-0.057086
-0.012203
0.098739
0.023200
0.036620
0.023901
0.213707
-0.003834
0.022162
-0.075533
0.203174
-0.007646
-0.118873
0.031981
-0.003752
-0.045260
-0.045487
-0.128242
-0.071709
0.055734
-0.090429
-0.125534
0.035163
0.085643
-0.094753
0.106234
0.071949
-0.081357
-0.010651
0.076371
-0.241339
0.104956
0.044606
-0.113234
-0.038789
-0.028829
0.017078
0.031660
-0.116043
0.002539
-0.064197
0.022586
0.126593
-0.022975
-0.206899
-0.156520
0.172031
0.130589
-0.062021
0.032168
0.272734
-0.071694
0.026002
-0.082855
0.307261
-0.031946
-0.109214
0.170980
-0.049690
-0.131223
0.041523
0.096808
0.029867
0.092214
-0.101829
-0.036594
-0.072555
-0.112418
-0.220221
-0.142801
0.038950
0.014793
0.047603
-0.009249
-0.067103
0.082328
0.160319
0.036048
-0.033827
0.230803
-0.018537
0.084104
-0.078286
-0.238807
-0.177602
-0.045252
-0.049885
-0.140307
0.191739
-0.021937
-0.111466
-0.109032
-0.073852
0.022244
-0.152309
-0.152649
-0.089516
-0.039172
-0.116652
0.297086
0.005299
-0.127949
0.025358
0.083315
0.081993
-0.185703
0.011920
0.135742
0.015681
0.071285
0.031096
-0.150718
-0.024938
-0.135459
0.144706
0.054588
-0.032603
0.073172
-0.034083
0.182282
-0.044002
-0.127935
-0.075894
0.087267
-0.044122
-0.186437
0.085108
-0.056710
-0.006614
-0.098393
0.091168
0.179648
0.145534
0.007933
0.199193
-0.245984
-0.076503
-0.075371
-0.094780
0.002441
-0.120208
0.070101
-0.027219
0.101201
0.088257
-0.210449
-0.007540
0.097680
0.037738
-0.030836
0.198744
-0.079870
-0.011947
0.040969
-0.016773
0.063876
0.039488
-0.257698
-0.204242
-0.194173
-0.029890
-0.207680
0.212863
-0.009580
-0.025451
0.068439
0.054449
-0.098711
-0.025099
-0.107380
-0.082796
0.034207
-0.243873
-0.078249
0.145943
-0.066777
0.223281
0.236779
-0.236948
-0.077541
0.054615
0.285552
0.076093
-0.056504
0.137880
-0.028289
0.061760
0.048856
-0.090367
-0.114654
0.074270
-0.185302
0.054351
0.038105
0.020675
0.123794
0.118130
0.141643
0.028132
-0.215963
-0.106907
0.132901
0.143365
-0.216959
-0.123354
-0.105565
-0.020231
0.137559
-0.091848
0.002988
0.030077
-0.032206
0.078005
0.107576
-0.043957
-0.119057
-0.022356
-0.040834
0.027710
-0.066811
0.104652
0.011735
-0.098320
0.007735
-0.028590
0.053438
-0.037865
-0.054288
-0.056181
-0.103367
-0.044786
-0.067009
0.044930
-0.052040
-0.123200
0.005115
-0.048551
-0.104003
0.151761
-0.041116
0.082057
0.136009
-0.044344
-0.083607
0.014203
-0.128126
-0.013918
0.028977
-0.059920
0.133926
-0.180047
0.043264
0.033080
-0.122741
0.039927
-0.061726
0.040277
-0.106925
0.030891
0.132052
-0.228116
-0.013645
0.193173
-0.034553
-0.108577
0.125801
0.063190
0.002032
0.045508
-0.010797
-0.099625
-0.011128
-0.191200
-0.036301
0.113989
-0.155086
0.173881
0.123557
0.109036
-0.095186
-0.122709
-0.092323
-0.237504
0.180749
0.053704
0.167136
-0.118173
-0.050754
0.092732
-0.083665
-0.050096
0.131960
-0.105096
0.077978
-0.073132
0.398384
0.099516
0.112692
0.088329
0.234749
-0.063495
0.104635
0.103233
0.290489
-0.073285
-0.142138
0.004266
0.048846
-0.095659
-0.001298
-0.113841
-0.115578
-0.142551
-0.075261
0.045869
-0.050238
-0.057874
-0.077751
-0.116517
-0.071047
-0.082312
-0.010226
0.168525
-0.081548
-0.140899
0.297229
0.163936
-0.118506
0.053834
0.054195
-0.119922
0.081896
-0.095971
-0.104563
0.076598
0.200538
0.060695
0.071427
0.205301
0.121806
0.191848
0.111228
0.012976
0.141325
0.125906
-0.094242
-0.028194
-0.015331
0.139754
-0.175314
-0.111219
-0.011059
-0.305960
-0.147893
0.027961
-0.169024
0.183633
0.145211
-0.004340
-0.009773
-0.013302
0.149361
-0.071716
0.104797
0.066928
-0.039143
-0.021474
-0.193622
-0.122021
-0.031203
-0.181058
-0.043957
-0.171208
-0.168014
-0.045472
-0.113898
-0.036144
0.039954
0.187440
-0.064455
-0.066610
-0.121459
0.144448
-0.054091
-0.040196
0.014281
-0.152130
-0.217577
0.255784
0.341931
0.214880
0.076931
0.094628
0.137986
-0.128651
-0.201479
-0.150923
-0.070904
-0.072010
-0.091133
-0.063832
0.049279
-0.213104
0.064581
-0.046005
-0.145118
-0.094417
-0.081095
-0.020489
0.036533
-0.031479
0.083440
-0.066861
-0.077180
0.057641
0.243926
0.057626
-0.243793
-0.055597
-0.082913
-0.197094
-0.031653
-0.015580
0.180457
-0.181402
-0.098702
0.114137
-0.091652
0.022452
-0.012837
0.107628
0.018011
-0.076941
-0.009125
0.076959
0.101565
-0.039117
-0.128730
0.015008
0.048636
-0.058776
0.018141
-0.319221
-0.012124
-0.023675
-0.036528
-0.168603
-0.180890
-0.054954
-0.157021
-0.003974
0.053712
0.015350
-0.234534
-0.184705
-0.163256
-0.023156
0.125758
0.134419
0.115854
-0.066807
-0.084090
0.057499
-0.215026
-0.146830
-0.069774
0.156790
0.108589
0.108529
0.019728
-0.034788
0.129384
0.034992
-0.255601
-0.067889
0.200290
0.140043
0.243630
-0.049123
-0.154648
-0.220588
-0.091711
-0.089654
-0.168696
0.181925
0.129266
-0.034116
-0.077017
0.075898
0.028826
0.007094
0.022708
0.045102
0.098177
0.061203
0.153632
-0.034141
0.029725
-0.001933
-0.136522
-0.120961
0.124875
-0.091682
-0.157348
0.032204
-0.138351
-0.143807
-0.111045
0.332018
0.089093
-0.081243
-0.053475
0.018642
0.013447
-0.153677
-0.016961
0.079678
-0.074086
0.060353
0.136520
-0.110984
-0.080408
-0.116695
-0.187371
-0.169685
-0.092412
-0.026808
0.130026
0.186913
0.032435
0.003125
-0.133387
0.069181
0.139798
-0.089597
0.035976
0.086537
0.067900
0.004353
-0.164040
0.006542
-0.077034
-0.061321
-0.025328
0.030477
-0.025710
0.033151
0.053041
-0.040375
-0.103377
0.074124
0.021236
0.212076
-0.028737
0.059062
0.147801
-0.020125
0.041133
0.016734
-0.154466
-0.133759
0.052356
0.034593
-0.173558
-0.079817
0.120124
-0.084706
-0.097954
-0.069634
-0.031339
0.161660
-0.121035
-0.050964
-0.123698
-0.037017
-0.067235
0.148380
0.036423
-0.033212
0.187984
-0.041543
-0.012647
-0.055922
0.027658
-0.011525
0.085181
0.007539
-0.025951
0.098159
0.002481
0.051266
0.171855
0.194852
0.134326
-0.245495
0.162791
0.080854
-0.130978
-0.010584
0.091977
0.059248
-0.069813
0.079946
-0.040546
-0.237522
-0.007967
0.033828
0.137568
-0.072233
0.058933
0.237901
-0.053980
-0.263733
0.113660
-0.007895
-0.179231
0.142324
0.035791
0.048233
-0.125934
0.033358
-0.035664
-0.189948
0.082959
0.134955
-0.214318
-0.211424
0.050401
-0.036343
-0.011235
0.125848
-0.019064
-0.174119
0.071821
-0.004900
-0.067509
-0.065482
0.026917
-0.161905
-0.034461
0.203997
-0.143203
-0.237590
-0.043988
-0.024076
-0.022803
0.038861
-0.081138
-0.039633
0.199849
0.085551
0.058127
0.081864
0.133301
-0.083401
0.103985
0.106972
0.028450
-0.015972
-0.025922
-0.342071
0.124836
0.138111
-0.013618
-0.050004
-0.200274
-0.204009
0.307202
-0.038466
-0.220545
0.133016
0.062017
0.062791
-0.086360
-0.101804
0.104771
-0.102601
-0.028884
0.034077
-0.106706
-0.094076
0.108939
-0.066556
-0.007263
-0.017246
-0.018568
-0.247879
-0.122407
0.126514
0.033462
-0.035498
-0.044406
-0.053438
-0.049171
-0.018346
-0.077294
-0.084739
0.090639
0.144346
-0.002277
0.056141
0.115865
-0.027554
0.005994
-0.028660
0.013643
-0.080202
-0.041844
-0.135082
-0.037776
0.127845
0.021916
0.055893
0.071591
-0.086329
0.037605
0.036286
-0.115716
0.059296
-0.020936
0.090135
0.167410
0.018598
0.021329
0.054753
0.029829
0.079731
-0.206042
-0.168057
-0.044274
-0.168725
-0.151042
-0.188392
0.056827
-0.126767
-0.104297
0.024176
-0.030519
0.001028
0.056939
0.112984
-0.023026
0.057178
0.067575
-0.092169
-0.096559
-0.145741
0.050374
0.036373
-0.056778
0.144878
0.047406
-0.000706
0.046866
0.047454
0.080257
-0.034738
-0.042079
-0.008731
0.098484
-0.088591
-0.143037
-0.038223
0.135086
-0.117368
-0.297809
0.000260
-0.100772
-0.011864
-0.025331
0.212779
0.170025
0.041517
0.067799
0.053453
0.045040
0.106109
0.033951
0.136321
-0.106342
-0.113871
-0.003529
-0.041532
0.117616
-0.045160
0.029956
0.075443
0.105157
-0.008225
0.030835
0.134710
-0.100364
-0.223142
-0.050447
-0.011407
-0.188386
-0.050598
0.158748
0.034310
-0.066935
-0.240820
-0.132112
0.162030
-0.052680
-0.190279
0.127677
-0.118848
-0.066935
0.046663
-0.098477
-0.043202
0.005939
0.032582
-0.145780
0.007590
0.031852
-0.074896
0.071978
-0.095899
-0.104549
0.058880
0.129646
0.061697
0.119432
0.046134
0.183782
-0.003945
0.109129
-0.014138
-0.059167
-0.014437
-0.048546
-0.236444
-0.171195
-0.135113
0.084756
0.159983
0.023364
-0.033067
0.167158
0.214972
-0.208056
0.055732
0.049703
0.143877
-0.028946
-0.169636
0.235901
0.253359
-0.046632
0.099707
0.069474
0.152751
-0.161630
-0.086483
-0.103903
0.015626
-0.021182
-0.072663
0.122675
0.137108
0.037313
0.025083
-0.186801
-0.107024
-0.152637
-0.039664
-0.050216
-0.135136
-0.086042
0.013503
-0.234457
-0.122673
0.128668
-0.041209
0.035630
0.095611
0.019617
0.112047
0.110892
-0.021227
0.004057
0.005117
-0.027746
0.128037
0.036260
-0.057361
-0.038913
0.019578
-0.007852
-0.240779
-0.258378
0.177418
-0.063560
-0.281549
-0.024615
0.010591
0.072764
-0.027257
0.083584
0.069920
-0.295981
-0.110481
0.038469
-0.120750
-0.138652
-0.130700
-0.030366
0.217629
0.163199
-0.118270
0.033845
0.239767
-0.115478
-0.194987
-0.047424
-0.009789
0.088713
0.159647
-0.158182
-0.140485
-0.001672
-0.054646
0.134092
-0.019119
-0.301766
-0.356792
-0.067867
0.083725
0.091930
0.056920
-0.023118
0.011385
0.089030
-0.040849
0.058188
0.106746
-0.125224
0.192235
0.068145
-0.193273
0.076746
0.077199
0.040087
-0.174654
-0.029438
0.068326
-0.197454
-0.108112
0.090720
-0.083665
0.100609
0.010581
0.071185
0.113802
-0.122814
-0.072035
0.034754
0.060357
-0.283092
-0.006428
-0.123183
0.008917
0.147857
-0.148270
-0.120715
0.082871
0.040909
-0.282944
-0.184305
-0.031414
-0.046018
-0.049693
0.007311
-0.060644
-0.093519
-0.201675
-0.139789
-0.086181
-0.068332
0.006123
0.169838
-0.025764
-0.092861
0.165824
-0.017119
-0.008866
-0.090959
0.121363
0.090225
-0.144935
0.046256
-0.121737
-0.183986
-0.056411
-0.108049
-0.217134
0.058396
-0.058791
0.083201
0.125105
-0.064020
0.030885
-0.027850
-0.129315
0.060621
-0.061365
-0.030391
0.192116
-0.065839
-0.071264
-0.234647
0.022189
-0.115186
-0.110303
0.116547
0.036844
0.079044
0.030220
-0.010554
-0.079384
0.155876
0.008084
0.060619
0.026697
-0.184878
-0.151613
0.273903
0.096892
-0.069167
0.266960
0.256618
-0.056051
0.118303
-0.044117
0.008440
0.063038
-0.003262
-0.022564
-0.014475
-0.047577
0.144757
0.004839
0.104175
0.096006
0.029181
-0.005641
-0.183493
0.032943
0.038159
-0.137121
-0.020632
-0.003664
-0.052726
-0.034668
-0.248583
-0.309567
0.037208
0.158038
0.002595
-0.104802
-0.113621
-0.156614
0.177495
0.153326
-0.030514
0.081466
0.028650
0.135401
0.042913
-0.115292
0.031219
0.042353
-0.034152
-0.015359
0.127585
-0.033179
-0.141077
-0.001499
0.081233
-0.083691
-0.044426
-0.028909
0.148783
-0.064884
-0.128236
-0.137539
-0.058811
-0.010910
0.153618
-0.146434
-0.125741
0.128156
0.057969
-0.107566
0.041460
0.011757
-0.052762
-0.296428
-0.051711
0.209878
-0.055037
-0.044537
0.131744
0.140789
0.011725
0.038389
0.216254
-0.020259
-0.284850
-0.097790
0.097009
-0.105969
-0.116384
0.009985
0.103280
-0.035575
0.047938
0.081806
0.010017
0.007685
0.175420
0.020119
0.038355
-0.006749
-0.057826
-0.094782
-0.033666
0.095059
-0.043750
0.015915
0.090051
0.161110
0.111455
-0.025299
-0.224495
-0.087137
-0.076439
-0.068675
-0.102788
-0.117635
-0.041570
-0.128425
0.159219
0.057374
0.008802
-0.018550
0.015250
-0.031444
0.038499
-0.171541
-0.053528
0.170473
-0.114796
-0.204747
0.046170
0.148924
-0.110658
0.017270
-0.320928
-0.280246
-0.120693
-0.036056
-0.195357
-0.043088
0.202978
-0.074960
-0.067732
0.232872
0.327437
-0.030712
-0.081095
0.092025
-0.061615
-0.252181
-0.030299
0.174572
-0.007496
-0.123101
-0.065001
0.003108
-0.115086
-0.127786
0.054164
-0.204297
-0.214462
0.136763
0.092327
0.105582
0.060126
0.139810
-0.080566
0.039170
-0.071851
-0.138769
-0.005811
-0.187710
-0.024989
-0.050630
0.037451
-0.116540
-0.019711
-0.076175
-0.015007
0.031725
0.053078
0.075865
0.109536
0.023972
-0.187517
0.141354
-0.034795
-0.074785
0.078645
-0.131092
-0.058314
-0.045856
0.074576
-0.231785
-0.244108
-0.049242
0.063669
0.118694
0.381786
0.157047
-0.017430
0.099155
0.015533
-0.018416
0.077217
-0.031507
-0.092908
0.052189
0.067129
-0.214240
0.029002
0.025572
-0.042219
-0.014882
-0.029796
-0.016202
-0.102839
-0.028287
-0.141127
0.081558
-0.086555
0.044726
0.103675
-0.180399
0.296374
0.132732
-0.112803
0.025107
0.180724
-0.024015
-0.017484
-0.105959
-0.084258
0.099461
-0.029317
-0.173081
-0.018718
-0.063740
0.197331
-0.226392
-0.151535
0.095204
-0.064175
-0.026193
0.038438
0.044396
0.022409
0.043328
0.007220
0.030339
-0.071761
-0.092166
0.036226
-0.122014
0.141381
0.142510
0.046613
0.027830
-0.025193
-0.093067
-0.090510
-0.145389
0.039893
-0.092455
0.091073
0.023744
-0.041899
0.045908
0.079073
0.100366
-0.061989
-0.044219
0.140925
0.112289
0.077308
-0.048900
0.065623
-0.016990
-0.125844
-0.069953
0.022906
-0.013625
0.094529
-0.016226
0.026169
-0.025576
-0.029461
0.024883
0.232568
-0.090134
0.006884
-0.045881
0.102014
-0.053724
0.108838
0.246984
0.051662
-0.008159
-0.053206
-0.058520
0.011753
-0.052571
-0.118838
-0.107974
-0.123183
0.061645
0.104203
0.068038
0.280232
0.144110
0.063070
0.190117
0.156810
0.025342
0.151278
0.318057
-0.002321
-0.098566
0.031108
0.000546
-0.031294
-0.053598
-0.101957
-0.062920
-0.101099
-0.176004
0.049548
-0.018850
-0.044304
0.030632
0.013750
0.141747
0.102243
-0.103279
-0.145702
-0.055490
-0.019416
-0.098699
0.036326
0.101180
0.062056
0.049486
-0.232491
0.094046
-0.043418
-0.091222
0.021765
-0.057542
-0.090322
-0.155366
-0.040456
0.029837
0.029438
0.129350
0.024061
0.102007
-0.092745
0.034334
0.106537
0.044918
0.098115
-0.039306
-0.017883
-0.033530
0.005227
-0.062249
-0.144069
-0.247211
0.058489
-0.040025
-0.107733
-0.228089
-0.074587
-0.152162
0.041026
-0.262798
-0.026502
-0.080301
-0.142582
-0.003805
0.032254
-0.151969
-0.141755
0.062590
-0.138606
-0.150580
-0.036784
-0.117040
-0.020541
0.260000
0.017180
-0.092278
0.132028
0.025070
-0.061946
-0.117908
0.061301
0.042656
-0.028135
0.045635
-0.077491
0.069367
0.067484
0.073516
-0.114272
-0.067688
-0.076799
-0.136407
0.049803
-0.054719
-0.194489
-0.032813
0.032185
-0.119616
-0.124678
0.018416
-0.007859
0.286986
-0.037061
0.033276
0.069925
-0.165739
0.155953
-0.138810
-0.017454
0.159939
-0.105400
-0.211030
0.037417
0.005048
0.026228
-0.151316
-0.013041
-0.093419
-0.060528
-0.031897
0.075416
0.008912
-0.153165
0.082863
0.066415
-0.123142
0.039740
0.051518
-0.392605
0.044580
-0.038414
0.040350
0.056806
-0.058218
-0.136518
0.092824
0.052670
-0.078226
0.029840
-0.039382
-0.039625
-0.175512
0.049088
-0.124995
0.006284
0.238145
-0.191399
-0.103324
0.162087
-0.023350
-0.037842
0.065683
-0.159065
0.077786
0.080293
0.025134
-0.016267
0.125843
-0.048864
-0.129548
-0.194578
-0.128310
0.043335
-0.012586
-0.085088
0.058367
-0.053460
-0.065598
0.015571
-0.113531
-0.193099
-0.153510
-0.079085
-0.031908
0.290010
0.024390
-0.071915
0.149223
-0.086823
-0.086768
0.109638
0.027053
-0.042892
-0.192748
-0.052162
-0.054380
-0.114307
-0.211259
-0.120444
-0.145057
-0.016423
-0.205348
-0.114058
0.276504
0.085773
-0.020865
-0.087292
-0.030369
-0.038578
-0.011297
-0.070782
-0.066487
-0.019158
-0.063105
0.008047
-0.180553
0.063459
0.191683
-0.147534
-0.109951
0.027065
-0.098084
-0.022069
-0.038788
-0.089246
-0.181933
-0.095776
0.105352
0.049236
-0.234924
0.180838
0.077691
0.091482
-0.228113
0.012168
0.214044
-0.038453
-0.066695
0.094469
0.011730
-0.092066
-0.024267
0.229946
0.063416
-0.073016
0.084422
-0.053514
-0.242704
-0.090197
-0.168693
-0.051982
-0.064744
-0.039527
0.229785
-0.172498
-0.090408
0.096382
0.008788
0.001852
-0.036208
0.023418
0.002555
-0.018449
0.017441
0.017434
-0.124622
-0.041866
-0.282448
-0.226667
0.021969
-0.008225
0.113254
0.158072
0.045082
-0.093095
-0.224408
0.013010
-0.078060
-0.084049
0.043538
0.082265
-0.210784
-0.130955
-0.068389
-0.065357
-0.040682
-0.114012
0.069558
0.140960
0.130822
0.100299
-0.045026
-0.360191
-0.046530
0.016100
-0.108186
-0.014041
-0.014674
0.084653
-0.127373
-0.052353
-0.025815
-0.034952
0.172002
-0.008956
-0.242081
-0.177580
-0.207356
-0.119292
-0.297308
-0.098850
0.090553
0.020609
0.174646
-0.084737
0.133891
0.105927
-0.072863
0.072584
0.139753
-0.051391
0.177167
0.170093
-0.048475
-0.091114
0.039165
0.163231
0.088033
-0.047363
0.187508
-0.053423
-0.104473
0.059414
-0.041308
-0.235813
-0.151954
-0.029540
-0.014875
0.067800
-0.026903
-0.090187
-0.100836
-0.158351
-0.153136
-0.033947
0.079369
-0.158016
0.135380
0.250298
0.041272
-0.039052
0.011728
0.026041
0.019308
0.027419
0.180552
-0.094365
0.006218
-0.034593
-0.043044
-0.001828
0.162620
-0.121782
0.003037
0.013542
-0.030158
0.117129
-0.103236
-0.014949
-0.047267
-0.017537
-0.002597
0.078781
0.001732
0.028463
0.090806
0.109150
-0.012203
0.048627
0.047622
0.213979
0.045466
-0.013111
-0.044175
-0.044324
-0.056027
-0.009860
-0.084876
-0.066522
-0.302145
-0.042411
0.010965
-0.069403
-0.200756
-0.252833
0.033065
0.053886
0.176509
-0.095977
0.073966
0.031852
-0.014184
0.092030
0.070961
0.036168
0.017085
-0.175803
0.049913
0.020250
0.046064
-0.101613
-0.081810
0.154314
-0.179064
-0.100495
-0.231680
0.159050
0.200760
-0.106451
0.089130
-0.113105
-0.186806
-0.065240
0.026677
-0.063862
-0.071313
-0.189798
0.026739
0.006686
-0.180709
-0.097853
0.014820
-0.017537
0.036358
0.133300
-0.300901
-0.180506
0.077872
-0.010759
-0.095440
-0.058304
0.057286
-0.071971
0.061295
0.118528
-0.002379
0.039035
0.103956
-0.049909
0.072490
0.007747
0.097357
0.083148
-0.023751
-0.108154
0.090321
0.228303
-0.053422
0.047836
-0.027870
-0.049066
0.096798
-0.008791
-0.360044
-0.029225
-0.084808
-0.056660
-0.030245
-0.045466
-0.166472
-0.054678
0.015791
0.024317
-0.132764
0.026110
0.072478
0.002485
0.075835
-0.039494
-0.102890
-0.166881
-0.061348
-0.005522
-0.051305
0.227767
0.156329
0.202350
-0.054156
-0.095174
0.095789
0.116759
0.115922
0.006765
0.169869
-0.134904
-0.091555
-0.001558
-0.012388
-0.023093
0.044308
-0.104949
-0.029278
-0.105510
-0.003419
-0.088260
0.022319
0.059988
-0.006851
-0.069548
0.030929
-0.018254
0.118185
0.031391
-0.128057
-0.133017
0.068125
0.299308
-0.059406
-0.024767
-0.011845
-0.146417
-0.205613
-0.104741
0.096816
0.146956
0.067485
0.007982
0.184409
0.039491
-0.312369
-0.006215
0.286700
0.035263
-0.154890
0.066476
0.008365
0.031632
0.107605
0.173088
-0.035897
-0.059422
0.129739
0.034488
-0.145031
-0.096599
0.049870
0.074143
0.053085
0.162605
-0.067267
-0.117698
-0.005212
0.019121
0.031441
-0.121924
0.074827
0.288131
-0.083227
-0.022006
0.000978
-0.068145
0.105288
0.030899
0.088024
-0.085593
-0.008269
-0.068584
-0.032998
0.007356
0.118333
-0.028829
-0.041526
-0.004838
-0.173015
-0.029917
0.066434
0.178799
0.212310
-0.048771
-0.028618
0.056915
0.038144
-0.059520
-0.235939
0.100619
-0.135222
-0.119563
-0.007418
-0.008630
0.043245
-0.055517
-0.146033
-0.116113
-0.038910
-0.053982
-0.128827
0.034967
0.094735
-0.018377
-0.012512
0.067753
-0.167439
-0.017528
-0.014559
0.123440
-0.110330
-0.013832
0.151691
0.057997
-0.228640
0.096208
-0.054382
-0.061304
-0.017641
-0.128608
-0.070098
0.201571
-0.027805
-0.085257
0.110049
0.048516
0.051500
-0.242865
-0.049580
0.191598
-0.012638
0.033751
-0.126053
0.088040
-0.012957
-0.090808
0.043543
0.087234
-0.171379
0.124486
0.102005
-0.341548
-0.021433
-0.142427
-0.145132
-0.036201
-0.014325
-0.351213
0.025638
-0.143445
-0.185585
0.046039
-0.000644
0.148966
0.019136
0.014028
-0.286734
0.003138
-0.074127
-0.114581
0.028753
-0.109972
-0.104353
0.189634
-0.105654
-0.248500
0.200586
0.090247
-0.100107
-0.006291
0.009626
-0.016880
-0.083925
0.022059
-0.055270
-0.022577
-0.130140
-0.090415
0.120332
0.003575
0.037427
-0.117658
-0.046435
0.057939
0.182994
-0.029075
-0.279847
-0.004399
-0.121152
0.043259
0.111649
-0.040912
-0.401771
-0.096793
0.159456
-0.067556
-0.216068
-0.110693
-0.292942
0.064734
0.019754
-0.033567
0.045188
-0.065453
0.168558
0.085489
0.079235
0.164365
-0.057094
0.018857
0.033263
-0.080504
0.116111
-0.073085
-0.050968
-0.018525
-0.238099
-0.128700
-0.013842
-0.214526
-0.037975
-0.197483
-0.325664
0.086874
0.101834
-0.022034
0.005716
0.092505
-0.076015
0.065323
0.146795
0.050006
-0.117697
-0.029617
0.045474
0.055809
0.250311
0.034269
0.046633
0.227968
0.036104
-0.175452
-0.051050
0.079713
0.307876
-0.131117
-0.033002
0.163033
0.039679
-0.108025
-0.021414
0.027820
-0.004539
0.052120
-0.163113
0.108401
-0.050218
-0.162189
0.071247
0.285626
0.056866
-0.028085
0.022772
-0.057825
0.015519
-0.070452
-0.006277
0.203005
-0.013668
-0.038490
-0.018368
-0.029305
-0.058669
0.071661
-0.051839
-0.106422
0.164385
0.074343
-0.121533
0.026024
-0.020556
-0.000699
-0.134760
0.123711
-0.055025
0.068134
-0.133755
0.152460
-0.017512
-0.031282
0.205726
0.068702
-0.162917
0.054159
0.072877
-0.184826
0.157642
0.156148
-0.030416
-0.096633
-0.032720
-0.035199
-0.126189
-0.210490
-0.048336
-0.004816
0.122913
-0.005033
-0.067637
0.060135
0.028006
-0.020735
-0.090506
-0.005895
0.117277
-0.006790
-0.018208
0.107319
-0.101415
-0.074059
0.040343
-0.279917
-0.118959
0.096977
0.016487
-0.196233
0.011735
-0.049621
0.027557
-0.156685
0.029871
0.108235
-0.124759
0.136677
0.219622
-0.133031
-0.056052
-0.023667
-0.147261
-0.019209
-0.091159
-0.085800
0.023095
0.059144
-0.101405
-0.125305
-0.123229
-0.052520
0.164624
-0.148831
-0.195674
-0.071551
0.001365
-0.106679
0.296713
0.062244
-0.075358
0.058406
-0.047120
-0.070357
-0.010557
-0.052665
-0.013314
0.038255
-0.206528
0.019272
0.120804
-0.004722
0.000449
0.040901
0.131363
-0.020849
-0.097067
-0.194490
-0.005316
0.120400
0.058226
0.010834
0.179706
0.107623
-0.113966
-0.188627
-0.054933
-0.093992
-0.215229
0.030405
-0.007456
-0.017487
-0.078434
0.068790
-0.063122
0.035146
-0.034638
0.107720
0.005221
0.125110
0.065683
0.041460
0.119550
0.337586
-0.106620
-0.003897
0.171970
0.186686
0.020494
0.283917
0.046360
0.036100
0.144745
0.342124
0.080767
0.128663
-0.139127
-0.084896
-0.147053
-0.188900
-0.053320
-0.087520
-0.093251
0.073677
-0.029510
-0.120286
-0.059387
0.102336
0.009731
0.112812
-0.076563
0.148145
0.126264
-0.221466
0.056159
0.158268
-0.135133
-0.181980
0.095928
0.175322
-0.136190
0.097665
0.015542
0.132694
-0.013491
0.176886
-0.212216
-0.123693
0.038232
0.098148
0.163852
0.051569
0.143472
0.011602
-0.015667
-0.016971
0.212641
-0.022735
0.037206
-0.017988
-0.011104
-0.056728
-0.232420
-0.033300
-0.025662
-0.117277
-0.225424
0.044406
0.087493
0.103660
-0.053908
0.099856
0.022580
-0.184468
-0.036457
0.077711
-0.070384
-0.005517
-0.178286
-0.148831
-0.023862
0.005144
0.167301
0.075094
0.064335
-0.022382
-0.033912
0.150002
0.001814
0.006497
-0.139135
0.016605
-0.010681
0.075031
-0.101601
-0.046386
0.020011
-0.196710
0.028119
-0.140898
0.107364
0.203085
0.022969
-0.073345
-0.200389
-0.149040
-0.033059
0.045339
-0.005888
0.150841
-0.005287
-0.149697
-0.030537
-0.225571
-0.176820
-0.054976
-0.025226
0.096535
-0.100575
0.106110
0.210520
-0.025467
0.090267
0.054692
-0.119941
0.064722
-0.032155
-0.022468
-0.193163
0.133455
0.120077
-0.042411
-0.202989
0.009687
0.141575
0.056325
0.139159
0.022146
-0.147713
0.025625
0.070505
-0.113838
-0.038534
-0.048888
0.013819
0.084147
-0.044695
-0.054557
-0.129950
-0.062551
-0.063132
-0.203465
0.176993
-0.050472
0.153097
0.028857
-0.118794
0.041549
-0.039672
-0.155657
-0.010646
-0.027541
-0.019562
0.088971
-0.106744
0.058926
-0.040008
0.007317
0.083398
-0.207631
0.019469
-0.049418
-0.061120
0.231769
0.186451
0.020986
0.097717
0.130286
-0.051771
0.061222
-0.043763
0.105560
-0.035023
-0.113847
0.158758
-0.043071
-0.192379
-0.032984
0.025551
-0.103178
-0.072481
-0.068587
0.012136
0.070326
-0.110627
0.023157
-0.050908
-0.021244
-0.102460
0.008146
-0.080975
-0.248638
-0.026914
0.083621
0.031043
0.160487
-0.135850
-0.103266
-0.016797
0.021552
-0.130012
0.001154
-0.104502
0.068098
-0.049253
0.046060
0.001143
0.030339
-0.086552
-0.142046
0.140505
-0.054794
0.148464
-0.057884
0.017750
0.018692
-0.001685
0.000647
-0.064812
-0.005227
0.111159
-0.039831
0.084027
-0.021065
-0.166516
-0.053352
-0.191658
-0.106265
-0.031970
-0.050781
0.035617
-0.024262
-0.059118
0.002566
0.077504
-0.127157
-0.085288
-0.095597
-0.122965
-0.046241
0.077117
0.103034
0.062038
0.055580
0.066338
-0.268598
-0.059408
-0.088086
0.001054
-0.115274
0.036286
-0.057353
0.004643
-0.149969
-0.057195
0.150560
-0.153729
-0.029857
0.187222
0.085211
0.220116
-0.113939
0.049086
0.018828
-0.210754
-0.078064
0.099716
-0.144524
0.004980
0.074824
-0.065390
0.016498
-0.047173
-0.025258
-0.052154
0.050995
-0.126490
0.061440
-0.119686
0.029125
0.137133
-0.196954
0.012834
0.066109
-0.137144
0.087738
-0.008214
0.032596
-0.162820
0.097681
0.447062
-0.050820
-0.058431
0.019620
-0.066413
-0.168198
-0.278046
0.006521
-0.045150
-0.008765
-0.032889
0.114860
0.133612
-0.056264
-0.015587
0.028316
-0.071162
0.059626
0.025739
0.024405
0.053004
0.012916
-0.013111
-0.016081
-0.048583
0.005323
-0.008045
0.204840
-0.033346
0.004662
0.118982
0.008357
-0.030417
0.112882
-0.079814
0.030802
0.061971
0.130147
0.033880
-0.068026
-0.162778
0.204118
-0.053684
-0.126069
-0.070026
-0.016532
0.189371
-0.188727
-0.020163
0.161575
-0.079864
-0.287792
-0.181340
0.001125
0.178041
0.024951
-0.083212
0.623815
0.143157
-0.138178
-0.179773
-0.124872
-0.053932
-0.126354
-0.041189
-0.009038
0.120114
-0.037289
0.030296
-0.108225
0.129896
-0.021979
-0.000423
0.136252
-0.034854
0.065072
0.055535
0.110024
0.053831
0.107260
0.118413
-0.004988
0.082356
-0.061123
-0.143324
0.241005
-0.006197
-0.201615
-0.143512
-0.067751
-0.100897
-0.101054
0.003668
-0.027599
0.174328
-0.015555
-0.236732
-0.119211
-0.021173
-0.158391
-0.064034
0.118650
0.423819
-0.114270
-0.038383
0.062027
-0.002074
-0.173706
0.048813
0.092135
-0.039733
-0.133921
-0.045839
0.109349
0.052572
-0.075304
0.009974
0.094988
0.250377
0.007949
-0.084777
0.078052
0.000344
-0.108146
0.002440
-0.001868
-0.042144
-0.061404
-0.124689
-0.188510
0.036161
-0.033417
-0.283528
-0.078101
-0.010238
-0.081142
-0.115798
0.040175
0.196841
-0.022937
0.013926
0.027179
0.008726
-0.139836
0.161147
0.025224
-0.031517
-0.036349
0.038339
-0.057797
0.132166
0.049632
-0.055645
0.131379
-0.004624
0.194311
0.057368
0.097988
0.054583
-0.057867
-0.187018
-0.071047
-0.111065
0.114662
0.101998
-0.280526
0.114003
0.104498
0.041781
0.077962
-0.094041
-0.212748
-0.250817
0.042378
0.065072
-0.186605
-0.067648
-0.066800
-0.120855
-0.145157
0.045566
-0.205443
-0.001836
0.172345
0.038921
-0.032990
-0.171619
-0.154402
0.048206
0.136856
0.017121
0.324119
-0.020693
0.193393
-0.241774
-0.266761
-0.167682
-0.079544
-0.077869
0.002227
0.012407
0.096634
-0.121319
0.166450
0.063008
0.206581
0.008627
0.000728
0.099128
0.031852
-0.205483
0.095876
0.038875
-0.012447
0.193347
-0.277024
-0.017322
0.003432
-0.058730
0.029592
-0.276731
-0.036835
0.037930
-0.000561
0.101779
0.151538
0.014324
-0.156855
-0.195228
-0.252597
-0.093890
-0.052638
0.106959
0.026809
-0.057465
0.113195
-0.001228
-0.124673
0.128683
-0.038035
-0.033549
0.024034
-0.203138
0.010185
-0.186947
0.082908
0.073158
-0.019329
-0.021278
0.074018
0.153475
-0.067917
-0.137413
-0.004871
0.005848
-0.065828
-0.213605
0.047867
0.181971
-0.021933
-0.091351
-0.063225
-0.097523
0.075149
0.109206
-0.071385
-0.019857
-0.041970
-0.255122
-0.033981
-0.019240
-0.149655
-0.042909
0.163101
-0.009379
-0.049657
-0.134092
0.043393
0.002770
-0.037698
-0.094936
-0.017540
-0.026727
-0.015249
-0.174824
-0.101723
0.062995
0.169987
-0.027026
0.120148
0.173623
-0.154266
0.013983
0.041171
0.107539
-0.073463
0.031299
-0.147071
-0.055367
-0.126815
-0.068717
-0.002936
-0.054225
-0.204638
-0.131110
-0.013331
-0.026100
0.016449
0.015773
0.288609
0.084882
0.112353
-0.060888
-0.048860
0.165067
-0.080772
-0.233970
0.159942
0.152358
-0.185067
-0.114847
0.052518
-0.036846
-0.195721
0.042226
-0.081336
0.005890
-0.107057
-0.130963
0.055655
-0.069787
-0.056787
0.019329
0.036011
-0.039885
-0.053902
0.041233
0.064542
-0.103754
-0.083140
-0.183511
-0.068636
-0.022298
0.046459
-0.030014
0.089982
-0.088164
0.115025
-0.177668
-0.111603
-0.056172
-0.252631
-0.247951
0.062710
0.028447
0.148793
0.122171
0.044728
0.099220
0.001458
-0.186318
-0.177199
0.094491
0.192040
-0.131558
0.077282
0.023730
-0.022527
-0.063293
0.001548
-0.083685
-0.175685
0.146134
-0.070039
0.042236
0.214566
-0.106319
-0.155291
-0.053309
0.024510
-0.068019
-0.110845
0.091326
-0.054758
0.040831
-0.049657
-0.125137
-0.066934
-0.100080
-0.227265
0.045704
0.044755
0.019527
-0.033285
-0.113316
0.011531
0.204908
0.136873
-0.192020
-0.064651
-0.115848
-0.229931
-0.269891
0.008577
-0.120387
0.061630
-0.003138
-0.002019
-0.019381
-0.074630
-0.010752
0.019061
-0.016360
0.020805
0.052491
0.052931
-0.007334
0.170967
0.082630
-0.065155
0.060931
-0.169517
-0.098712
-0.160188
-0.004708
-0.119526
-0.076212
-0.012136
-0.083892
0.000949
-0.052880
0.234490
0.152380
0.133445
0.055807
-0.007618
-0.144033
-0.106665
0.149507
0.049025
-0.183752
-0.249146
-0.078264
0.081820
0.111630
0.083904
0.121679
-0.145588
0.098655
-0.141107
-0.030598
0.014979
0.093405
0.185668
0.056501
-0.008960
0.031534
0.053997
0.180861
0.077750
0.059787
-0.020960
0.063912
-0.085426
0.136611
0.054807
-0.031074
-0.112848
-0.028198
-0.016314
-0.193661
-0.048475
-0.125494
-0.176572
0.115392
0.161377
-0.277261
0.059379
-0.047482
-0.001935
-0.042361
-0.178493
-0.047028
-0.019512
-0.047228
-0.030210
0.174078
-0.147467
-0.341658
-0.039488
0.006514
-0.188593
-0.047285
0.073624
0.003138
-0.069388
-0.115375
0.190135
0.174902
0.025191
0.063561
0.207269
0.066590
0.067771
-0.043479
0.013782
-0.090057
-0.087410
-0.082637
-0.121365
-0.174761
-0.036028
0.067962
0.071644
0.122404
-0.005989
-0.011951
-0.103728
-0.000211
-0.209583
-0.001369
0.148294
-0.003693
-0.119030
0.074214
-0.093572
-0.066828
0.160057
0.172181
0.211032
0.162168
0.069050
-0.039458
-0.152956
-0.117480
-0.114355
-0.077831
-0.000655
-0.231870
0.021706
0.373653
0.042387
0.005992
0.168943
0.134342
0.224028
-0.064213
-0.071399
-0.036961
0.026362
0.015026
-0.240326
-0.136774
-0.154739
-0.001285
-0.071237
-0.082488
-0.108795
0.082400
-0.051084
0.128666
0.072067
0.004136
0.022070
0.045683
-0.215108
0.046822
0.066747
-0.175142
-0.070107
0.005830
0.000672
-0.005058
0.055401
0.069974
-0.018446
-0.072627
0.191746
-0.061525
-0.054926
0.079819
0.092032
-0.041268
-0.002230
0.075084
0.164680
-0.082805
-0.077298
-0.081703
-0.159219
0.003914
-0.128981
-0.107167
0.000844
-0.258094
-0.033470
-0.134707
0.071677
0.130227
0.013525
0.203058
-0.117119
0.077531
-0.102900
-0.008121
-0.176149
-0.114086
-0.076021
0.030422
0.086129
-0.064686
-0.107126
-0.064801
-0.072349
-0.123265
0.121962
0.062424
0.048543
0.114854
-0.075182
-0.037022
0.193553
0.059329
-0.151847
-0.029948
0.113330
-0.197521
-0.198590
0.105556
-0.008617
0.071875
0.083856
0.017408
0.114225
0.083601
-0.009626
-0.083415
-0.150364
0.172846
-0.152725
0.059073
-0.078439
-0.238071
0.101403
0.180372
-0.073957
-0.122252
0.150986
0.070649
0.172532
0.033213
-0.016206
0.069636
0.017292
0.173209
-0.134261
0.007153
0.110779
-0.062349
-0.070705
-0.107224
-0.100536
0.054635
0.080818
-0.128564
0.087557
0.004212
0.069387
-0.153258
-0.172874
-0.189325
0.057949
-0.166753
-0.035959
0.034321
-0.082417
0.022482
-0.023548
-0.186144
0.039908
-0.029885
0.060456
-0.001275
-0.020482
-0.008837
-0.001192
-0.019020
-0.058039
0.024317
0.102492
0.067570
0.072912
-0.085236
0.136901
0.178294
-0.069230
-0.048525
-0.001525
-0.087954
0.023613
0.150867
-0.105960
0.047968
0.030310
-0.014793
0.062571
0.115301
0.005252
-0.263569
-0.117194
0.130329
-0.120960
-0.020120
-0.044668
-0.168698
-0.214077
-0.064307
-0.086526
0.074976
0.013360
-0.216074
-0.085760
-0.004345
-0.019103
-0.059914
-0.106712
0.059560
0.078928
-0.149883
0.139857
0.118076
-0.006326
-0.018182
0.004491
0.120536
0.070264
0.120641
-0.024691
0.198590
-0.039241
-0.124910
0.167058
-0.092003
-0.122690
-0.165679
-0.095015
0.117698
0.203444
0.096817
-0.016398
0.012711
0.049660
-0.104846
-0.196963
-0.007114
-0.213877
-0.106319
0.110641
-0.152648
-0.070548
0.118257
-0.018603
-0.131890
-0.079607
-0.018370
0.126380
-0.013172
0.013335
0.137767
0.132187
-0.049828
-0.123603
0.008071
-0.093828
0.024162
0.082639
-0.064395
-0.011741
-0.087669
-0.111119
0.002079
-0.016087
0.056707
0.037818
-0.125339
0.180106
0.032483
-0.161104
-0.125497
-0.132174
0.036912
0.055578
0.124061
-0.084805
0.141611
0.143932
0.086738
0.086928
0.049202
-0.079876
-0.080202
0.044441
0.018025
0.086806
0.136067
-0.036198
0.017673
0.315977
-0.023226
-0.031395
0.270012
-0.093263
-0.171192
-0.108836
-0.237888
-0.017422
-0.056192
-0.188722
0.062295
0.243188
0.062099
0.047440
0.074052
0.010222
0.004006
0.228602
-0.054229
-0.015029
0.225279
0.100240
-0.126649
0.080818
0.144105
0.050361
0.011625
-0.076629
-0.259103
-0.055056
0.062016
-0.010959
0.156334
0.211525
-0.085178
-0.095431
-0.154626
0.012953
-0.126611
-0.172163
0.222865
-0.056249
0.022553
-0.085707
0.294794
0.285341
-0.040736
0.002123
0.042439
0.119968
0.108287
0.081269
0.002619
-0.033943
-0.037773
0.127074
0.242723
-0.134015
-0.069319
0.061606
-0.120456
0.089181
0.011945
-0.143041
0.057038
0.135182
-0.108105
0.089698
0.040730
-0.149141
0.166312
-0.218340
-0.019419
0.096829
-0.125888
0.011810
0.055136
-0.104999
0.001844
0.032130
0.024848
-0.003748
-0.095699
-0.019421
0.109584
0.005522
-0.138199
-0.117678
-0.002290
0.051392
0.049565
-0.306045
-0.085881
-0.054830
0.050083
-0.101349
-0.002825
0.030420
-0.203630
-0.161201
0.079866
-0.117160
-0.228123
0.005195
-0.123454
-0.096203
0.092212
0.120853
0.073497
0.017712
0.244227
0.066111
-0.102070
0.091749
0.040280
-0.055103
0.130647
0.037685
-0.021102
-0.020843
0.043444
-0.040098
-0.184755
0.010166
0.037387
0.031534
-0.026624
0.212317
0.235719
0.106732
0.195309
0.070451
-0.061645
-0.075045
0.038540
-0.133231
0.031394
0.168687
-0.079868
-0.146876
-0.181889
-0.221671
-0.123718
-0.012530
-0.033249
0.117289
0.196647
0.041966
-0.121666
-0.125720
0.207031
0.020919
-0.049719
0.051834
-0.198116
0.070792
0.127683
0.026088
0.074617
-0.037438
0.041149
-0.184783
-0.086473
0.069186
-0.255701
-0.089542
0.023240
-0.012625
0.093519
-0.418864
-0.035097
0.036399
-0.084367
0.284747
0.135415
0.084045
0.072612
-0.039598
-0.056280
0.040593
0.072101
-0.099183
-0.062068
-0.147046
0.138674
-0.108170
-0.064413
-0.014956
0.017638
-0.016948
0.002398
-0.128015
-0.137439
-0.035506
-0.206358
0.093006
-0.039469
-0.061444
-0.011816
0.167129
0.037716
0.185130
0.070875
0.023215
0.144891
0.068271
0.060463
0.087077
-0.001302
-0.186478
-0.044134
0.153918
-0.015390
0.055853
-0.037440
-0.015241
-0.041895
-0.260389
-0.058671
0.089244
0.372651
0.020392
0.202667
-0.071780
-0.035875
0.003673
-0.026910
0.014692
0.087420
-0.125826
-0.109973
-0.035669
0.097038
-0.066371
-0.030018
0.188295
-0.124648
-0.007439
-0.189771
-0.022629
0.058715
0.037650
0.052423
-0.195811
-0.056569
0.020447
-0.106101
0.072556
-0.089045
0.004875
-0.039030
-0.010712
-0.018583
0.325752
0.255564
-0.120450
-0.155839
-0.069721
0.037062
0.027256
0.093084
0.096039
-0.069714
-0.080204
0.042546
0.310087
-0.031203
0.034351
-0.025748
-0.070740
0.057022
0.041443
-0.014509
-0.011310
0.018652
-0.047704
0.035490
-0.033212
-0.137350
0.085152
-0.185403
-0.192606
0.080430
0.068693
-0.107883
-0.072180
-0.069466
-0.058598
0.004751
-0.046338
-0.016975
-0.033870
0.088034
0.041367
0.023686
-0.124278
-0.177040
0.097917
0.057553
-0.150774
0.122641
0.043968
-0.094824
-0.050918
-0.035907
0.048340
0.034900
-0.015162
0.131923
-0.057035
0.014431
0.010314
0.021193
0.166355
-0.018374
-0.197417
0.022273
-0.160955
-0.037727
-0.117881
-0.077452
0.016669
0.072548
0.077072
-0.146763
0.061547
-0.007923
0.051393
0.222382
-0.014816
0.145309
-0.010886
-0.014873
0.080380
0.083300
-0.144134
0.056730
0.009595
-0.090987
0.100996
0.100750
-0.100815
-0.110411
-0.301957
-0.075670
0.089391
-0.156399
0.066453
0.024091
0.145327
-0.115224
0.001574
0.121945
0.009993
-0.105744
0.063572
0.012349
0.046167
-0.114720
-0.031901
0.038923
0.035631
0.046330
0.094678
-0.126710
-0.018970
0.007527
-0.053117
-0.100668
-0.120918
-0.082721
-0.234599
0.181560
-0.012965
0.089452
0.166489
-0.070588
0.028257
-0.088481
0.028990
-0.274449
-0.198637
0.045853
-0.082712
-0.124228
0.016377
-0.000602
-0.101652
0.057278
-0.012089
-0.087039
-0.169464
-0.122797
0.160581
0.013300
-0.064717
-0.024535
0.024545
-0.043626
0.083666
-0.037100
-0.298613
0.180242
-0.208030
-0.273106
-0.005992
0.088802
-0.106254
0.126290
0.099886
0.005599
0.102536
-0.019950
-0.202626
0.026794
-0.018814
-0.141408
-0.025248
0.037037
-0.049845
-0.198788
-0.089051
-0.025199
0.059673
-0.074914
-0.003107
0.200187
-0.208468
-0.019656
0.192821
-0.008658
-0.135120
-0.109528
0.076812
-0.198060
-0.155696
-0.006305
-0.011341
-0.110064
-0.159905
-0.162125
-0.232281
-0.134795
-0.038584
-0.044100
-0.238914
-0.141113
0.139625
0.118362
0.166172
0.005790
0.008951
0.193506
-0.040451
-0.089140
-0.205448
-0.041264
-0.030028
0.061189
0.016971
0.038797
0.160226
0.008858
0.008267
-0.090625
-0.067526
0.028374
0.318703
0.047555
0.027236
0.178921
0.043396
-0.079149
-0.088879
0.082204
-0.297321
-0.361679
-0.020683
-0.093049
-0.000891
0.050003
0.029446
0.114444
-0.108039
0.121259
0.011676
0.075652
-0.318037
-0.345509
0.017688
-0.178015
0.392330
-0.031371
0.045091
-0.014825
-0.063232
-0.130958
0.009824
-0.097019
-0.161185
0.068703
-0.027957
0.058609
0.078492
0.008041
0.037633
0.005258
-0.027258
0.067441
0.064312
-0.131345
-0.239059
0.129498
0.202372
-0.288210
0.215918
0.246275
-0.040451
-0.166527
-0.212748
0.079400
0.260876
-0.088211
0.059608
0.086744
-0.191660
-0.188365
-0.076012
-0.091617
-0.082640
0.029780
0.175980
0.133525
0.022869
-0.090858
0.057916
0.045114
-0.160306
0.088147
0.234867
-0.081759
0.093076
0.235775
-0.139648
-0.017184
-0.095839
-0.098735
-0.022917
0.085085
0.084779
-0.021953
-0.034519
-0.033013
-0.083863
-0.028906
-0.054253
-0.159694
0.099913
0.238495
-0.114929
0.014891
0.046701
0.048646
-0.055024
-0.019678
-0.028342
0.065197
0.071463
-0.177186
-0.084390
-0.076838
-0.043117
0.058008
-0.032370
0.006941
-0.079027
-0.062722
0.074965
0.171661
-0.064986
-0.079893
0.050496
-0.032923
0.078465
-0.115109
-0.058096
-0.070995
-0.191691
-0.137549
-0.045212
-0.003505
-0.076609
0.126538
-0.005147
-0.084368
-0.071570
-0.119456
-0.163968
0.055380
-0.068352
-0.100947
0.073354
0.062361
0.021940
-0.046786
-0.213444
-0.020577
0.015442
-0.019326
-0.076009
0.003110
0.026333
0.117475
-0.152650
-0.082307
-0.088263
0.052109
-0.027747
0.079120
0.152079
0.146814
0.034996
0.053463
-0.030365
-0.052345
-0.043470
-0.039481
-0.026417
-0.147361
-0.096441
-0.074113
0.080668
0.325565
-0.193954
0.138611
-0.033729
0.012514
-0.124447
-0.032225
0.201356
-0.151862
-0.113517
0.102627
0.150637
0.139136
-0.099470
-0.024892
-0.232778
-0.105416
0.127662
0.005057
0.017312
0.126929
-0.075712
0.015548
-0.009752
0.123055
0.130159
-0.049424
0.131763
-0.114917
-0.180273
-0.165780
-0.094460
0.052332
0.172796
-0.093390
0.064490
0.073717
-0.086619
-0.058294
0.115255
-0.106294
-0.113787
-0.146716
0.059921
0.211897
0.073897
0.139804
0.054635
-0.024074
-0.070423
0.191401
-0.023435
0.032702
0.135077
-0.171414
-0.110360
0.004504
-0.032144
-0.125256
-0.135017
-0.045933
-0.050228
0.001320
-0.016168
-0.079592
-0.219291
-0.143790
-0.040200
0.006145
-0.009124
0.150719
0.074897
-0.038275
0.087995
0.074985
-0.042658
-0.029768
-0.229380
-0.105151
0.061306
0.045560
0.063517
0.127160
-0.022837
-0.021389
-0.010080
0.003028
-0.129502
-0.021027
0.168651
0.047905
0.018508
-0.109329
-0.067741
0.109549
-0.028401
-0.193352
-0.027396
-0.079710
-0.117733
-0.026428
0.048017
0.058806
0.192283
0.191737
0.183889
0.009560
0.140937
0.070183
-0.142647
0.006112
-0.066340
-0.130443
0.019415
-0.132729
-0.094738
-0.073788
-0.146980
-0.129213
0.108535
0.039190
0.049135
0.037367
-0.042877
-0.179722
-0.047301
-0.089224
-0.091576
0.091779
-0.031238
0.133781
-0.102412
-0.023540
-0.085360
-0.015178
0.136369
0.084034
-0.249340
-0.113436
-0.185030
0.099550
0.022127
-0.038969
-0.044130
0.002730
-0.022271
0.034964
-0.059174
-0.014049
0.011674
0.144220
0.183655
-0.067969
0.008331
-0.019548
0.012481
-0.070150
0.120064
0.060364
0.100502
0.225593
-0.059541
-0.167136
-0.142686
-0.334779
-0.032366
0.015465
-0.125947
-0.123926
-0.317325
-0.038918
0.161289
-0.039059
0.015391
0.118022
-0.014436
-0.030929
0.050655
-0.014793
0.074452
0.243860
0.144434
-0.059176
-0.074115
0.111217
-0.052673
-0.006021
0.152089
-0.016789
0.265840
0.293080
0.024077
0.058382
0.021788
-0.012932
-0.179449
-0.092285
0.054051
-0.139074
-0.228544
-0.057004
0.045258
-0.071790
0.009289
0.096762
0.246280
-0.040211
0.074431
0.059074
-0.222107
-0.051261
-0.100420
0.003245
0.052860
0.097214
0.139817
0.060459
0.072053
0.032593
0.023551
-0.168310
0.010068
0.086946
0.010339
0.094007
-0.015852
-0.013472
-0.109810
-0.063458
-0.077227
-0.057866
0.004919
-0.087682
0.066662
0.123580
0.079600
0.142115
0.075417
0.051026
0.058226
-0.017187
-0.025344
0.043694
0.014461
0.306446
0.040529
-0.116853
0.120300
-0.083256
-0.024756
-0.078968
-0.097005
-0.016600
-0.115595
0.003940
0.104484
-0.046456
0.058763
0.055400
-0.006623
0.032828
-0.120766
-0.070464
-0.093968
-0.070639
-0.049873
-0.015137
-0.104099
-0.053807
0.088739
0.173290
-0.173813
-0.078568
0.107352
-0.106722
0.129358
-0.194226
-0.216067
0.185410
-0.044982
-0.206680
0.052361
0.009951
-0.143487
0.105722
0.055961
0.139467
-0.035263
-0.249287
-0.138449
-0.134248
-0.036817
-0.027162
-0.114641
0.030614
-0.039781
-0.108563
-0.114339
-0.016425
-0.031253
-0.048418
-0.132655
0.003363
-0.101480
0.092573
-0.001275
-0.266832
-0.156432
-0.162333
-0.175588
-0.172949
-0.017909
-0.007832
-0.082712
0.176140
0.033280
0.047990
-0.077192
-0.413420
-0.205625
-0.005313
0.038780
-0.013449
-0.081435
0.047349
0.052914
-0.163423
-0.191756
-0.145179
0.027288
-0.122293
0.019995
0.102547
0.122625
-0.008055
-0.018455
0.174467
0.125594
-0.145097
-0.043915
0.333124
-0.156673
-0.118515
0.082525
-0.243041
-0.038167
-0.115533
-0.023043
-0.088226
-0.134330
-0.029062
-0.057618
0.125131
0.090026
-0.065052
0.058026
0.023395
-0.003336
-0.045576
0.067218
-0.113270
-0.076229
0.213881
0.038224
0.007897
0.027925
-0.271669
-0.115775
0.173820
0.011090
-0.089812
-0.109873
0.057490
-0.124622
0.038565
-0.131403
-0.040829
0.162827
0.105581
-0.059665
0.001681
-0.139154
-0.027436
0.035163
0.039780
0.258203
-0.020900
0.072883
0.198678
0.030533
-0.042949
-0.094722
-0.017752
-0.105905
-0.053058
0.169329
0.171454
-0.012575
0.114995
0.119536
0.110516
0.047149
0.082702
0.069262
-0.009711
0.262492
0.087399
-0.005109
0.037891
0.109553
-0.170380
-0.358198
-0.001059
-0.126502
-0.038397
0.043892
-0.016069
0.042651
0.072518
-0.028248
-0.031400
0.053816
0.079709
-0.146253
-0.137312
0.153471
0.007400
-0.107250
-0.004477
0.076388
0.035015
-0.032149
-0.079319
-0.237858
0.047328
-0.007214
-0.148594
-0.049943
0.097982
0.190173
-0.120021
-0.022065
-0.100044
0.064704
0.011628
-0.165545
-0.044235
-0.230253
-0.082812
0.064726
0.006164
-0.085595
-0.061609
0.109050
0.134320
0.007463
-0.009627
-0.253458
-0.088021
0.072928
-0.039841
-0.054538
0.078239
0.119709
0.046074
0.100798
-0.040366
-0.097291
-0.059515
-0.069149
-0.058620
0.011810
0.099611
-0.016153
0.056719
-0.104354
-0.058552
-0.151524
-0.150103
-0.148557
-0.249710
0.020074
-0.055391
-0.246976
-0.098853
-0.186135
-0.094709
-0.018167
0.003082
0.044318
0.119003
-0.075246
0.038615
0.002940
-0.097256
0.114519
-0.206980
-0.049920
0.133328
0.001646
0.068442
0.177271
0.177268
-0.265526
-0.275501
-0.394919
-0.176866
-0.170898
-0.109838
0.152239
0.133536
0.073952
-0.132062
-0.104296
-0.003714
-0.373229
-0.176295
0.018192
-0.019922
0.015341
0.033184
-0.024419
0.000556
-0.142148
0.094612
0.012706
-0.245852
0.043973
-0.096245
0.041592
0.178722
0.163325
0.066996
0.266241
0.240504
0.090413
0.028749
0.193223
0.074924
0.100538
0.176832
0.009278
-0.143345
-0.074334
-0.056402
0.017544
0.217811
0.234915
-0.114634
0.163982
0.065983
-0.278506
-0.208424
0.006471
-0.043450
-0.099971
-0.091404
-0.107364
-0.051882
0.056033
0.070479
-0.032461
-0.226629
-0.190762
0.195185
0.239176
-0.147299
0.061109
0.169406
0.035916
0.070281
0.133807
0.048098
-0.066275
-0.077932
0.068287
0.183555
-0.237480
0.053450
0.112678
0.057908
-0.106276
-0.133081
-0.027779
-0.053061
-0.330619
-0.203303
0.054579
0.028450
0.040992
0.135552
0.043969
-0.036343
0.155861
-0.083977
-0.231466
0.015688
0.067055
-0.265191
0.037547
-0.056731
-0.144423
0.095502
0.119452
0.198970
0.015436
-0.235335
0.076601
-0.080341
-0.022866
-0.049899
-0.064952
0.078375
0.156126
-0.005385
-0.038750
-0.037088
-0.041795
-0.100718
-0.270207
0.119185
-0.065065
-0.122216
-0.142829
0.017697
-0.098577
0.001533
0.028731
-0.127080
-0.061929
-0.181984
-0.061090
-0.096088
-0.041921
0.058136
0.160556
-0.027437
0.082731
-0.074041
-0.016976
0.164345
-0.101072
-0.071578
0.074578
0.057361
0.148986
-0.057283
-0.008141
0.015464
0.112818
0.102512
0.368068
0.043643
0.088458
0.068501
-0.184838
-0.071295
-0.119852
-0.201457
-0.007382
0.130643
-0.055537
0.223243
0.129010
-0.057840
-0.162851
-0.191737
0.030915
-0.071200
0.028920
0.082655
0.059792
0.130593
0.106137
-0.117983
0.188030
0.073353
0.017816
0.079486
-0.086166
0.012983
0.082134
0.177791
-0.094090
0.226813
0.308885
-0.007048
0.244394
-0.052486
-0.067816
-0.073737
0.084905
-0.109865
0.040047
0.013594
-0.061079
0.030361
0.069317
-0.053708
-0.073128
0.172249
-0.115134
-0.003476
-0.056945
-0.057442
0.166876
-0.170399
0.077749
-0.121833
-0.006400
-0.090897
-0.032795
-0.001454
0.042194
0.083478
-0.008593
0.144304
0.197353
0.062934
0.069745
-0.023075
-0.067748
-0.004272
-0.069289
-0.112014
0.056631
-0.002684
-0.067560
0.076881
-0.094343
-0.311665
-0.039750
0.031599
-0.077227
0.134841
-0.018293
-0.149214
-0.053170
-0.034736
0.286307
-0.162383
0.081914
-0.176107
-0.101444
-0.085546
0.100722
0.096746
-0.093121
-0.034662
0.090814
0.037314
0.057552
0.072854
0.209218
-0.057176
0.090975
0.061253
-0.114683
-0.024598
0.169113
0.137075
0.030704
0.130109
0.036164
0.180074
0.031336
-0.075044
0.013321
-0.217506
0.079349
-0.024645
-0.056559
-0.081461
-0.004799
-0.065154
-0.015552
0.021364
-0.172176
-0.138852
-0.130923
-0.048719
-0.125631
0.113043
-0.204938
-0.051316
0.036628
-0.200266
-0.166883
0.286811
0.110164
-0.167398
0.273529
-0.043301
-0.091048
-0.141533
-0.030243
0.277405
-0.008904
-0.075855
0.026813
-0.038065
-0.178986
-0.027670
-0.072469
-0.083223
-0.079421
-0.024681
-0.051951
-0.112790
-0.023669
-0.250414
-0.090186
0.073228
-0.160012
0.059489
-0.205901
-0.123903
-0.284965
-0.315935
-0.118818
-0.079602
-0.143768
0.120651
0.271373
0.086534
-0.007973
-0.099811
0.174242
-0.021096
0.036610
0.076300
0.079374
0.155171
-0.086544
-0.073749
-0.319677
-0.100034
0.233111
0.094900
-0.027104
0.222341
0.152831
0.170708
0.042743
0.072809
0.034108
-0.170708
-0.401329
-0.086160
-0.234458
-0.117744
0.051727
-0.135654
0.019318
0.098736
-0.051572
-0.036061
-0.021244
-0.055370
0.161745
0.030501
-0.031198
0.107136
-0.224617
0.242607
0.208237
-0.061244
0.040144
-0.169525
-0.044072
-0.188351
-0.216282
-0.105869
-0.068381
0.026259
0.045949
0.112937
0.081132
0.154695
-0.041499
-0.134700
-0.181397
0.127142
0.280855
-0.243743
0.271761
0.061041
0.113905
0.037600
-0.054148
-0.052796
-0.092196
-0.045518
-0.128723
0.010895
0.141946
0.028176
0.081587
-0.041397
0.156763
0.011517
-0.069483
0.075683
-0.058494
-0.176721
-0.073773
0.018326
0.037315
-0.040408
0.108123
-0.023801
0.016475
0.069245
-0.216184
0.118918
0.097521
-0.062919
0.016414
0.004284
0.024118
0.110182
-0.171002
-0.015573
-0.008741
0.002916
-0.171350
-0.004275
0.012673
-0.158819
-0.114870
-0.041034
0.162557
-0.071943
-0.038796
0.026072
0.043555
-0.053894
0.151883
0.178862
-0.008760
-0.184667
-0.018870
0.255890
0.189281
-0.050729
0.247004
0.018815
-0.118577
0.115363
0.235001
-0.081504
-0.012921
0.056556
0.143309
-0.144194
-0.073477
0.052993
-0.270881
-0.105128
0.093842
0.069395
-0.211283
0.061462
0.034250
0.022841
-0.016497
-0.143194
0.024559
0.092119
0.098253
-0.026007
0.057351
-0.103032
-0.054136
-0.100035
-0.040365
-0.013266
-0.226733
0.030168
0.084354
-0.011258
0.068493
0.032982
0.110102
0.068196
-0.091935
-0.014372
0.121932
0.034568
0.127452
-0.097352
-0.072161
-0.121682
-0.081231
-0.013903
0.016426
-0.219607
-0.166408
-0.095421
-0.161653
-0.064118
-0.098615
0.027037
0.147973
-0.076398
0.051406
0.131091
0.195106
-0.126886
-0.001618
-0.152818
-0.142514
-0.163397
-0.014417
-0.000053
0.103889
-0.138054
0.039587
0.158572
0.131918
-0.009662
-0.159152
-0.015267
-0.061299
-0.015450
-0.072469
-0.130006
-0.161223
0.072963
-0.036840
-0.091827
-0.100351
-0.104492
0.028012
-0.123219
-0.021431
0.003741
0.000240
0.112209
0.101363
-0.015493
-0.019267
-0.175564
-0.080687
-0.057884
-0.052273
0.083143
-0.068490
-0.148515
-0.248181
-0.148100
-0.013624
-0.009403
0.034099
0.082567
0.070444
0.048243
-0.048989
-0.026574
0.043521
0.172503
0.146478
-0.008470
0.016025
-0.120974
-0.307316
0.026939
-0.001615
-0.113744
0.024151
-0.144165
-0.283659
-0.210078
-0.030477
-0.097865
-0.134571
0.114791
0.087577
-0.046512
-0.132590
-0.147733
0.017803
-0.075893
-0.035191
-0.030334
0.131995
0.019011
0.075433
-0.245117
0.086139
0.127172
0.015645
-0.084113
-0.231707
0.011348
0.011919
0.146017
-0.169172
0.151007
0.120436
0.011579
0.009573
-0.082492
-0.160595
-0.030903
0.061280
-0.133660
-0.175747
-0.137046
0.027841
-0.036040
0.115849
-0.029638
-0.063701
0.011930
-0.073844
0.081629
0.218359
0.152911
0.144166
-0.111929
0.054428
0.134583
0.008463
-0.047539
0.042935
0.099999
-0.269678
0.082037
0.041908
0.010319
-0.009630
0.177429
-0.028094
0.196853
0.066873
0.062044
-0.051049
-0.074456
0.008660
0.014129
0.084820
0.056448
-0.096014
0.003998
0.203339
-0.179316
-0.098910
0.021258
-0.098245
0.074421
-0.133246
-0.081349
0.092727
0.119308
0.055102
-0.016339
0.061335
-0.100237
-0.117636
-0.022298
-0.124098
-0.200704
-0.208888
0.003274
0.247793
0.031620
0.045926
0.030782
-0.057592
-0.174851
0.142747
-0.152805
-0.031747
0.211224
-0.178587
-0.197664
-0.124574
-0.066609
-0.095528
0.100016
0.044348
0.420609
0.298985
-0.046746
-0.010530
-0.142543
-0.019584
-0.136615
-0.063971
0.066350
0.066238
-0.029286
-0.013299
-0.123937
0.097072
-0.156787
-0.126009
0.133970
-0.227133
-0.066847
0.089039
0.037990
0.059723
0.059287
0.039706
0.091827
-0.127731
0.119120
0.039709
-0.236940
0.030517
-0.047146
-0.185787
0.003013
0.041764
0.123725
-0.227293
0.055560
0.072686
0.026188
-0.076183
0.073923
0.007978
-0.129009
0.001824
0.087043
-0.007368
-0.028674
0.158061
0.088506
-0.024269
0.095563
0.057143
0.038458
0.076562
-0.151371
-0.117604
-0.087412
0.122907
-0.009038
-0.008222
0.059796
0.040954
-0.150219
-0.117931
-0.105099
-0.079751
-0.056902
-0.141426
-0.019293
-0.091504
-0.181867
0.078625
-0.111556
-0.034189
0.036194
-0.049407
-0.081617
0.009754
-0.012163
0.008830
0.052356
0.011073
0.055109
0.042530
0.118297
-0.076011
0.140467
-0.117638
-0.107819
-0.048007
0.113039
-0.077025
-0.057663
0.036332
0.079881
-0.020748
-0.231830
-0.059292
-0.093622
-0.088143
-0.094078
0.074592
-0.013507
-0.010580
-0.112750
-0.094679
0.042634
-0.120588
-0.003744
0.042158
-0.165801
-0.119056
0.074507
0.027171
-0.189018
-0.005861
-0.030713
-0.097450
0.022494
-0.043560
0.091297
0.000340
-0.198619
0.020334
0.099867
-0.138759
0.109045
0.044883
0.081285
0.065452
0.079915
-0.152588
0.067239
0.079657
-0.014967
0.067581
-0.036056
-0.151056
0.062957
-0.012836
-0.031809
-0.229684
-0.061669
0.061588
-0.146214
-0.152234
0.065834
0.072225
-0.148344
0.036388
-0.262760
-0.049245
-0.176076
-0.125315
-0.058051
0.095850
-0.046550
-0.018236
0.028991
-0.194386
-0.059748
-0.063488
-0.124862
-0.117961
0.052788
-0.158328
-0.079722
0.174212
-0.019612
-0.064547
0.031986
-0.180262
0.177729
-0.067821
-0.041847
0.167627
-0.063103
-0.229213
0.029715
0.026567
0.148111
0.016336
0.030868
-0.118544
-0.053527
0.088446
0.006152
0.245969
-0.089567
-0.097937
0.250503
-0.121586
0.004861
-0.210740
-0.133294
-0.108038
0.057216
0.066747
0.044416
0.076327
-0.145200
-0.301327
0.005244
0.116339
-0.122895
0.110428
0.043524
-0.081512
0.025659
-0.093152
0.012919
-0.054787
0.113370
0.094169
-0.140748
-0.046706
-0.018808
0.039417
0.162586
0.082516
-0.192087
-0.179487
-0.026489
0.016579
-0.179038
-0.013290
-0.174511
-0.066823
0.054781
-0.127169
0.065225
0.012057
-0.265742
-0.009366
0.046160
0.025523
-0.002403
-0.166605
-0.042550
0.057207
-0.113264
0.075715
-0.070587
-0.018853
-0.056243
-0.007777
0.080378
-0.036080
-0.011455
0.150825
-0.041925
-0.061791
0.072538
0.042795
0.168204
0.224034
-0.062148
-0.013873
0.204141
-0.000374
-0.070543
0.027641
-0.136435
0.091551
0.000440
-0.232973
-0.027834
0.116330
-0.010920
-0.021961
0.066845
-0.094317
-0.001523
0.218207
-0.204941
-0.038517
0.240424
-0.083851
-0.199751
-0.005380
0.020130
-0.066941
0.093623
-0.103415
-0.177786
0.254588
-0.059829
-0.116709
0.029478
-0.048536
0.057803
-0.101610
-0.003214
0.074212
-0.357491
-0.171208
0.070427
0.277571
0.054489
0.017667
0.066798
-0.007821
0.022924
0.060976
-0.058330
0.084553
0.056691
0.064428
-0.073658
-0.045963
0.133387
0.001794
0.020236
0.233818
-0.071237
-0.072399
0.139278
-0.122723
-0.125409
-0.085359
0.074732
0.007527
0.063117
-0.023783
-0.111363
0.048408
-0.036573
0.042772
0.029710
-0.160970
-0.038825
0.176427
-0.053536
-0.163446
-0.125102
0.099731
0.176955
-0.094798
0.054617
0.144661
-0.128275
-0.146240
-0.050868
-0.220869
-0.022312
-0.089599
-0.188895
0.040571
-0.195806
-0.294817
0.183108
-0.030182
-0.057406
0.099782
-0.009297
-0.197305
0.058722
0.077998
-0.011146
-0.065746
-0.079210
0.220379
0.056165
-0.051076
-0.171678
-0.032035
-0.104461
0.028750
0.016842
0.140858
0.087317
0.077053
-0.057922
-0.200199
0.059157
-0.084813
-0.034859
0.037370
0.210605
0.174752
0.030508
-0.039034
-0.049565
-0.123694
-0.016959
0.004522
-0.024035
-0.090914
0.061975
-0.096284
-0.104700
-0.189182
0.141254
0.160947
-0.130319
-0.019583
0.116251
0.013634
-0.038195
-0.013386
0.078113
-0.099764
-0.307718
0.009731
0.195387
0.199793
0.045667
0.371037
0.012861
-0.098842
0.068358
0.065435
0.203889
0.090494
-0.061060
0.001896
-0.031247
-0.220561
-0.259893
0.023577
-0.100548
-0.107708
-0.000883
0.165537
0.017702
0.134558
-0.018662
0.132788
0.016505
-0.125740
0.069465
0.022448
0.080081
0.038629
0.162876
0.034717
-0.029769
0.064479
-0.061857
0.190033
-0.037580
0.122200
0.258280
0.163051
0.050640
-0.167863
0.217697
0.127466
-0.079064
0.021267
0.102316
-0.130683
0.093504
-0.156907
-0.384629
-0.006271
0.012453
0.024862
0.026806
0.228148
0.215120
0.025104
-0.032002
0.002861
0.003166
-0.080031
0.079072
-0.001820
-0.068985
-0.104325
0.199714
0.092790
0.215035
-0.052178
-0.094184
-0.027906
-0.119972
-0.063649
-0.011503
0.096393
0.097442
-0.143844
-0.108959
-0.141891
-0.065979
-0.148020
-0.197367
-0.142960
0.020115
0.008880
0.081401
0.256692
0.043181
0.032700
0.006822
-0.129882
-0.161660
0.103758
0.042367
0.058001
-0.066582
-0.033051
0.105820
-0.032888
-0.073296
0.085440
0.051292
0.139178
-0.024342
-0.094394
-0.163221
-0.061873
-0.089204
-0.188417
-0.188662
0.055490
-0.063228
0.070653
-0.138755
-0.147833
-0.103415
0.065537
0.152117
0.135223
0.055017
-0.066356
0.248118
-0.000081
-0.139067
-0.094359
-0.119411
-0.167510
0.048255
0.058631
-0.111409
0.050451
-0.022394
-0.248463
-0.008427
0.031678
-0.049096
0.022624
0.119135
-0.127088
0.027744
0.171662
0.122595
-0.116203
0.208220
0.185436
-0.158953
-0.167274
-0.123675
-0.160463
0.048206
0.170048
-0.041640
-0.015229
-0.078349
0.039104
-0.045867
0.024530
0.153032
0.051748
0.189211
0.200474
0.011618
-0.021739
0.078224
0.234796
0.093296
-0.301582
0.067005
0.072306
-0.028086
0.075498
0.124191
-0.106267
0.058990
0.144590
0.065874
-0.068064
-0.322017
0.029043
0.074887
0.083810
0.079118
-0.122033
0.023445
0.221780
-0.030117
0.121719
0.201216
-0.154828
-0.040564
0.095878
-0.263287
-0.144749
-0.173933
-0.106216
-0.193008
-0.087192
0.054466
0.000900
0.063318
0.113772
-0.042413
0.035427
0.019773
0.064745
-0.152031
-0.269862
0.145280
0.073563
-0.037878
-0.020241
0.171704
0.024946
0.023176
0.080944
-0.056243
-0.048268
0.065178
-0.116272
-0.037307
0.085030
-0.057333
0.082083
0.055266
-0.133592
0.111461
0.179691
0.050813
0.171309
0.015203
0.120445
0.051613
-0.105116
0.033568
-0.219109
0.057455
0.197849
-0.184045
-0.101506
0.265247
0.097980
0.057350
0.039190
0.063518
-0.090420
0.153464
-0.059985
0.129724
-0.015206
-0.162402
0.084919
-0.051758
-0.139411
0.049574
-0.112778
0.124323
-0.203411
-0.165290
0.206831
-0.149215
0.070549
0.129442
-0.109496
-0.126028
-0.035343
0.059272
0.008993
0.023778
-0.057675
-0.045372
0.049489
-0.050362
0.004614
-0.050235
-0.268088
-0.035437
-0.076198
-0.152314
-0.061734
-0.081331
0.031743
0.002825
0.040474
0.105486
-0.084099
0.031080
0.050611
0.056613
-0.076930
-0.019293
-0.123447
0.068753
0.020576
-0.036867
0.018675
0.076065
-0.083056
0.037508
0.066666
0.071421
0.131484
0.175488
-0.177994
0.062531
0.002022
-0.002223
0.014831
0.263947
-0.045590
-0.080312
0.047619
-0.100047
-0.119694
0.231667
-0.081735
-0.194216
-0.034480
0.148436
0.073457
-0.123628
0.151081
0.166862
-0.028091
-0.176746
-0.302493
-0.112925
-0.013292
-0.010277
-0.284291
-0.132445
0.249519
-0.284554
-0.197336
-0.120995
-0.097737
0.049360
-0.115871
0.081835
0.075342
0.133450
0.152347
0.110755
-0.023581
-0.091498
-0.015061
0.236158
0.135822
-0.256653
-0.180735
-0.188038
0.055847
-0.150369
0.221133
0.097468
0.075458
0.045729
-0.017099
0.067007
0.199881
-0.067668
-0.173762
0.030707
-0.100065
-0.135840
0.064744
-0.049599
-0.083825
0.039154
-0.046780
-0.090885
0.025958
-0.215920
-0.176475
0.026131
0.010233
-0.138819
0.035978
0.067883
-0.076468
-0.032929
0.235529
0.040218
-0.068887
0.119305
-0.014256
-0.011195
0.052610
-0.141732
-0.090820
-0.034316
0.053310
0.005740
0.020430
-0.100397
-0.249825
0.162650
0.042988
-0.087200
0.296530
0.073972
0.044853
0.139926
-0.016806
-0.183403
-0.099546
-0.210763
-0.284079
-0.061341
0.089051
0.048784
-0.014632
-0.031153
-0.116663
0.189474
-0.075347
0.116453
0.077407
0.175433
-0.088335
-0.048883
0.017546
0.069376
-0.003745
-0.015108
0.085829
-0.099639
-0.001043
0.099901
-0.148907
0.069565
0.011393
-0.183314
0.161993
0.012385
-0.075830
0.025085
0.026640
0.093092
-0.146960
-0.004278
0.061643
-0.087139
-0.024552
0.090570
0.177981
0.121163
-0.022971
-0.172678
-0.080628
-0.081403
-0.084402
0.110638
0.040173
0.149018
0.135696
-0.086026
-0.165888
0.099427
-0.219939
-0.151223
0.012049
-0.073955
-0.134042
0.129038
-0.208863
-0.161806
-0.109183
-0.206926
-0.038623
-0.048265
0.102435
-0.228939
-0.019875
0.129816
-0.150157
0.007494
0.175075
0.042041
0.017647
-0.067733
-0.079618
-0.020055
-0.128584
-0.203146
-0.151643
-0.074458
-0.206872
-0.047895
-0.025525
-0.116957
-0.038024
-0.046480
-0.242802
-0.164493
0.038333
-0.010356
0.076473
-0.035781
-0.202577
0.003701
-0.024771
-0.099576
0.006615
-0.092304
0.078340
0.007632
0.063289
0.210307
-0.027152
-0.162190
0.144788
0.176626
-0.137220
0.069913
0.091466
0.157582
-0.123773
0.058552
-0.013709
-0.122576
0.120211
0.087097
0.123778
0.049840
-0.012347
-0.010587
-0.013378
0.022371
0.008990
-0.005984
-0.310361
-0.196517
-0.085380
-0.005337
-0.141489
-0.102333
0.060156
0.060351
0.102862
0.211276
-0.011973
-0.017067
0.202843
0.090465
-0.013498
0.040833
0.128908
0.043532
0.141773
0.034203
-0.051969
-0.025712
-0.175736
-0.135025
0.161871
0.165675
0.068898
0.023878
-0.016511
0.172091
-0.128601
-0.002379
0.094801
-0.068326
-0.007612
0.062286
-0.016437
0.011791
0.070949
-0.104993
-0.039140
0.205063
-0.077102
-0.144839
-0.087896
-0.254716
0.108329
0.043025
-0.040884
-0.124085
0.009430
-0.193652
-0.077917
-0.157272
-0.138599
0.056529
-0.100370
0.040210
-0.358686
-0.029241
0.057751
-0.024371
-0.020444
0.088274
0.205848
0.024771
-0.066053
-0.073790
-0.229565
-0.024287
0.240744
-0.064648
0.234899
0.148513
-0.047157
-0.162265
0.013326
0.033013
-0.125515
-0.108431
-0.157505
-0.157747
-0.208778
-0.049211
-0.068292
0.127459
0.102265
0.059706
-0.009464
0.118919
0.052441
0.135135
-0.056124
0.015490
-0.213330
-0.299193
0.125049
-0.024595
-0.008307
0.099850
0.118663
0.046334
0.038481
-0.071664
-0.013785
0.001079
-0.097547
-0.117885
-0.013339
-0.030435
-0.114072
-0.081132
0.123162
0.084348
-0.081591
0.011012
-0.107149
-0.004686
0.032728
0.001293
-0.118610
0.078939
0.014064
-0.252348
0.008030
-0.175031
0.083141
0.074252
-0.043916
-0.284271
-0.008063
0.134678
-0.000333
0.013317
0.038806
0.004662
0.058212
-0.120243
-0.056671
0.024827
0.176249
-0.067013
-0.166045
-0.021765
0.110067
-0.004563
0.067336
-0.069653
-0.155823
0.016670
-0.009993
-0.166974
-0.062783
-0.097327
-0.035258
-0.090193
0.114845
0.136601
0.117987
-0.138055
-0.134260
0.075817
-0.077887
-0.063183
0.155364
0.115780
-0.026209
0.153886
-0.055314
-0.305955
-0.211454
-0.005510
-0.061822
-0.086701
0.043383
-0.226259
-0.014923
0.221424
0.051829
-0.108548
0.026929
-0.088728
0.112455
-0.082433
-0.027556
0.006858
-0.077294
0.086251
-0.073255
0.110867
0.089742
-0.122785
0.085330
0.238530
0.011244
-0.027801
0.187805
0.107527
0.053654
0.094231
-0.030597
0.077610
0.039514
0.053494
-0.015390
-0.080300
0.074086
0.055034
0.011252
0.175350
0.181993
0.103329
-0.188204
0.168502
0.232349
-0.126610
-0.020231
0.016901
-0.105572
-0.198951
-0.005773
0.172818
-0.100919
-0.050281
0.038205
-0.044017
0.007327
-0.075435
0.138202
-0.030013
-0.027567
0.072241
-0.063750
-0.086441
0.065222
-0.013502
0.059656
-0.013132
-0.131231
-0.040786
0.017841
-0.116763
0.101620
0.029230
-0.052155
-0.013840
0.166323
0.051387
-0.034745
-0.233238
-0.051265
0.088589
-0.320696
-0.240767
0.094290
-0.267773
-0.068869
0.018237
-0.066775
-0.129459
0.180840
-0.069857
-0.170599
0.051627
-0.249257
0.003944
0.070644
-0.155033
-0.001083
-0.052993
-0.026726
-0.159342
0.023634
-0.150605
-0.000792
-0.062692
0.032560
0.054250
0.203391
-0.045195
0.197553
0.169003
0.088256
-0.021228
-0.085678
0.091751
-0.233850
-0.064109
-0.065057
-0.006521
0.043630
0.088685
0.063188
0.067376
0.020264
0.222183
-0.070797
0.194403
-0.008009
0.003914
0.173324
-0.172468
0.050014
-0.010326
-0.309306
-0.154623
-0.080605
0.093018
0.125993
-0.103324
0.165461
0.082325
-0.161242
0.027040
0.000317
-0.032537
-0.095938
-0.043070
-0.073206
-0.025659
-0.076795
0.004172
-0.062585
0.045450
-0.062429
-0.187811
0.025179
0.073823
-0.036783
-0.072235
0.006244
-0.195033
-0.149586
-0.030369
-0.096713
0.006379
-0.075214
-0.003024
-0.018744
-0.124411
-0.023984
-0.052013
0.000697
0.048741
0.110290
0.103202
-0.121371
0.134564
0.023548
0.044923
-0.044796
0.102349
0.048725
-0.102422
0.054926
-0.275613
-0.007911
0.076040
-0.293548
-0.136285
-0.069196
-0.120778
-0.030775
0.086051
-0.020226
-0.046465
-0.007042
0.016246
0.092985
0.026187
0.288217
-0.127690
0.042089
0.094031
0.049690
-0.098641
-0.026433
-0.012182
-0.044078
0.078757
0.013113
-0.230166
0.134793
0.098797
-0.110200
0.014240
-0.049598
0.026703
0.098694
0.144246
0.043716
-0.181022
0.084192
-0.086395
-0.093131
0.080318
-0.043996
0.032322
0.022539
-0.115318
-0.068565
-0.125113
0.054501
-0.057844
0.057526
0.065081
0.183827
0.132916
-0.002862
-0.191784
0.019726
-0.004487
0.079447
0.164232
-0.293964
-0.247428
-0.239910
-0.065161
0.078413
0.134200
-0.128632
-0.287356
0.036132
-0.067336
-0.214817
0.249311
0.151024
0.025489
0.015741
0.150094
0.126816
0.117883
0.048344
0.010206
-0.239866
0.009590
-0.217967
-0.112331
-0.041970
0.116074
0.026106
0.087407
0.173275
0.059377
0.013365
-0.092829
-0.054145
0.027594
0.115358
0.076371
0.187728
0.204159
-0.255720
-0.196037
-0.241522
-0.181678
-0.114868
-0.088866
0.050533
0.052228
-0.030054
0.144948
0.022586
-0.193720
0.241849
0.027738
-0.126078
-0.179070
-0.095279
0.033890
-0.037968
0.157036
-0.123780
-0.169759
0.038947
0.033188
0.046359
-0.213329
0.022805
-0.026896
-0.207070
0.012085
0.084942
-0.024681
0.320991
0.087508
0.005989
-0.027156
-0.180431
0.062028
-0.024753
0.003676
0.044433
0.126706
-0.082695
0.155333
0.126434
-0.242605
-0.006427
-0.073521
0.114005
0.097666
0.049818
0.087487
0.075105
0.005165
0.031257
0.003919
0.063563
-0.126931
-0.176013
-0.203897
0.025423
-0.189397
0.045653
0.104310
0.147696
-0.050852
0.131089
0.154210
-0.225819
-0.157438
0.116422
0.082555
0.003593
0.037440
0.048128
0.047461
0.165500
0.101371
0.164188
0.111583
0.063865
0.010359
-0.048930
0.019365
-0.098865
-0.034200
-0.025561
0.033998
0.029651
-0.061158
-0.113664
-0.047948
-0.152741
0.050250
-0.069772
-0.030579
0.104563
0.026615
-0.085160
-0.105659
0.148778
-0.152855
-0.145507
0.053410
0.060166
-0.028300
0.012127
0.175215
0.083215
-0.059587
-0.036291
0.028468
0.070274
-0.063582
-0.044484
0.051335
-0.067370
-0.090883
-0.012531
-0.230502
-0.230151
0.122332
-0.216180
0.015441
0.130002
0.089308
-0.011651
0.210404
-0.102048
0.071754
0.131460
-0.021415
-0.041001
0.144166
0.014694
-0.001624
0.128341
-0.083229
0.044070
-0.079191
-0.184590
-0.090696
0.010503
0.076656
0.240548
0.087166
-0.166967
-0.153267
0.113396
-0.053635
-0.093447
0.052070
-0.039331
-0.144966
-0.064634
-0.223756
-0.165841
0.120503
-0.027603
-0.123169
-0.098587
0.070062
-0.060485
0.145100
-0.139094
-0.125595
0.133667
-0.041196
0.006718
0.090363
-0.130757
-0.002897
-0.008832
-0.057213
-0.028648
0.052588
0.044264
0.023402
0.012598
-0.137037
-0.237617
-0.054639
-0.279788
-0.038536
-0.164905
-0.089043
-0.084736
0.089183
0.199966
-0.076123
0.179678
0.139583
0.112021
0.068008
-0.106649
-0.177136
-0.037420
-0.061700
-0.032089
0.084897
-0.078041
-0.069492
0.092730
-0.146905
0.001468
0.122280
-0.000659
-0.090097
-0.079887
-0.096141
0.018913
-0.045568
0.053628
0.026175
0.265168
0.136443
-0.069733
0.122459
-0.048118
0.034602
-0.016533
-0.085424
0.001855
-0.097866
-0.003001
-0.101389
-0.130699
-0.042583
0.107071
-0.085668
-0.099223
-0.152323
-0.042477
-0.180416
0.009503
0.040467
-0.159150
-0.027453
-0.090331
0.014490
0.116378
-0.146400
-0.035721
-0.136178
-0.052949
0.015621
-0.003722
-0.203390
-0.072360
0.023624
-0.161915
0.001095
0.032045
-0.157236
0.159240
0.068977
-0.181989
0.122223
0.045857
-0.161341
-0.165563
-0.182705
0.122374
0.072106
0.046906
-0.075394
-0.060340
-0.113819
-0.018978
-0.145744
-0.071033
-0.004203
0.032365
-0.140676
-0.047065
0.096355
-0.110015
-0.095926
-0.215303
0.020131
0.030108
-0.147888
-0.033077
-0.076690
-0.061620
0.006511
0.169212
0.215314
0.118437
-0.046362
-0.020028
-0.137670
-0.023195
-0.192912
0.022307
-0.121342
0.065919
0.228860
0.008530
0.061688
0.154226
0.051060
-0.081391
-0.077719
0.077171
-0.008058
-0.026336
-0.070457
0.038223
0.235673
-0.036157
-0.046785
-0.187800
-0.009208
0.079422
-0.116618
-0.060134
-0.113670
-0.009287
-0.116736
-0.115574
-0.090321
-0.047619
0.003426
-0.176926
0.008600
-0.183204
-0.023150
0.147823
0.247571
0.271855
-0.024808
0.141689
-0.077266
0.019956
0.075824
0.159930
-0.090165
0.072292
0.093418
0.117426
0.269910
-0.014869
-0.087463
0.009055
0.087858
-0.162505
-0.143636
0.200386
-0.096232
-0.116686
0.023000
-0.112772
0.119282
0.108712
0.206534
0.112280
0.286285
-0.065852
0.060199
0.042164
-0.213549
-0.026629
0.009540
-0.163374
-0.123713
-0.029793
0.004272
-0.055850
0.009981
-0.225091
-0.095959
0.211508
-0.105594
0.035714
0.205659
-0.063156
0.029375
-0.099740
-0.003816
0.040079
0.087436
-0.027894
0.091070
0.033151
0.047669
-0.203731
-0.070922
0.038576
-0.065788
-0.009932
0.213852
0.129130
0.084356
-0.097235
-0.150441
-0.041520
0.043761
0.291148
0.099715
-0.057547
0.039080
-0.182478
0.027802
-0.095936
-0.256275
0.079066
0.143336
0.083784
-0.072364
-0.194854
0.022885
0.025328
-0.051251
0.227795
0.156596
-0.153609
0.133403
0.118009
-0.134766
-0.089016
0.082195
-0.042625
-0.079393
0.047064
-0.058286
-0.067125
0.060137
-0.038129
-0.044000
0.098301
-0.044015
-0.112322
-0.158410
-0.123727
0.203659
-0.065691
0.050477
0.236399
0.041363
0.049112
-0.049647
-0.068066
0.068363
0.251393
0.053862
-0.055943
-0.015262
-0.091450
-0.092094
-0.319062
-0.013514
-0.206804
0.093366
-0.052545
-0.051759
-0.006268
-0.068584
-0.108785
-0.016883
-0.164005
0.067986
0.116108
-0.068423
0.228172
0.082314
-0.018917
0.131161
0.137850
-0.021829
-0.135655
-0.073573
-0.080579
0.423233
0.180871
0.023514
0.049152
0.014344
-0.066161
-0.032192
0.110128
-0.125223
0.003179
0.009571
-0.067701
0.224612
0.106019
-0.004187
0.039096
-0.148212
-0.048878
-0.121326
-0.121301
-0.028857
-0.018241
-0.046597
-0.171677
-0.284885
-0.000964
-0.002158
-0.092213
-0.109570
0.169651
-0.063456
-0.025860
-0.001553
0.006599
0.020333
0.121794
-0.081664
-0.034719
0.214511
0.088116
0.022093
-0.095651
-0.215018
0.066776
0.039117
0.293098
0.297226
-0.021875
0.119606
-0.063173
-0.013938
0.170019
0.007731
-0.045384
0.223139
-0.149700
0.074132
0.076961
-0.108822
-0.117979
-0.148655
-0.059474
0.005402
0.077961
-0.040756
-0.060850
-0.052635
0.154144
-0.155316
0.083188
0.012938
0.084413
-0.061664
0.003823
-0.062371
-0.001724
0.024240
0.065315
0.192803
0.079866
-0.042088
-0.094666
-0.232009
0.199960
-0.181848
-0.236302
0.020478
-0.057803
-0.017113
-0.125658
-0.055857
0.041443
-0.133735
0.067869
-0.020894
0.179835
0.114491
-0.254351
-0.044467
-0.046154
-0.175021
0.050683
-0.165456
0.000013
-0.025315
0.087220
0.006203
-0.001365
0.163058
0.196323
0.182040
0.059797
-0.205656
0.165603
0.028930
0.156356
0.138738
-0.004762
-0.031412
0.176913
0.055448
-0.067519
0.133001
-0.120933
-0.179526
-0.014380
-0.103603
-0.082449
0.078311
-0.147310
0.044697
0.102299
0.008809
-0.169506
0.192787
-0.195225
-0.105314
0.060818
-0.091668
-0.073806
0.244876
0.034252
-0.120657
0.174926
-0.233370
0.051029
0.020888
-0.038144
0.130577
0.198809
0.070862
-0.104713
0.003175
-0.077650
-0.190875
-0.022867
-0.072543
-0.091467
-0.171288
-0.028553
0.165908
-0.022143
-0.061360
0.361097
-0.114283
-0.208063
-0.106050
0.089945
0.166776
-0.072907
0.020045
-0.129220
0.052796
-0.081359
0.205117
0.134060
0.123256
0.066355
0.163169
0.069802
0.077868
0.109228
0.065445
-0.019146
-0.069953
0.007328
0.132955
0.058676
-0.075938
-0.032084
-0.173429
-0.020985
-0.039517
-0.016672
-0.010636
-0.163657
0.006489
-0.034004
-0.052400
0.078022
-0.056498
0.055294
-0.044331
0.137230
0.106593
-0.085027
0.010804
-0.114135
0.096333
0.050121
0.049531
0.009974
-0.017438
-0.150328
-0.030574
-0.124390
-0.175589
0.096693
-0.039026
-0.099385
-0.284532
0.103066
0.003490
-0.061048
-0.003030
-0.102630
-0.302367
0.018881
-0.139696
-0.178575
-0.223724
-0.039320
0.087663
0.047930
0.003629
-0.019933
-0.087979
0.130412
0.041397
0.000496
0.151173
0.093263
-0.009916
-0.008703
0.113726
0.017277
0.130966
-0.066546
-0.008596
-0.119508
-0.134187
-0.284078
-0.128042
0.209190
0.037978
0.175821
0.123377
0.079168
-0.042485
0.056933
0.168784
-0.024292
-0.157042
-0.007317
-0.086926
0.001668
-0.111105
-0.038306
-0.000403
-0.058686
0.140962
-0.048430
0.025897
-0.041501
0.067717
0.080140
-0.064107
-0.046222
-0.068003
-0.085370
-0.004761
0.078294
-0.010176
0.029998
-0.089160
0.090677
-0.013354
-0.170174
-0.133824
0.182407
0.055131
0.016051
0.084918
-0.056138
-0.125379
0.080972
-0.079494
-0.162264
-0.054969
0.054171
-0.114711
0.032482
-0.063141
-0.047468
-0.066765
-0.048537
0.002555
0.005148
-0.141493
0.048453
0.006521
-0.029605
0.003746
-0.190998
-0.066912
-0.058096
0.300362
0.150831
-0.169837
-0.002065
-0.341364
-0.060572
0.080655
0.003365
-0.054810
0.099992
0.005334
0.144704
0.031189
-0.113208
0.073477
0.348037
-0.018341
0.065067
0.026562
0.002675
-0.238241
-0.082538
0.090866
-0.183431
0.111277
0.017210
-0.098042
0.156019
0.184372
-0.031979
0.115914
0.052792
-0.132404
-0.052429
0.022666
0.121123
0.202545
0.124827
-0.101165
-0.185809
-0.052079
-0.167311
-0.034507
0.005599
-0.176930
0.003259
0.023148
-0.104713
-0.044699
-0.028915
-0.203768
-0.025714
0.029271
-0.098247
-0.055516
0.034350
-0.098771
-0.132663
-0.212160
0.008138
0.235298
-0.069539
0.024453
0.155346
-0.151791
0.094881
-0.093751
-0.050427
0.040991
-0.089102
-0.233081
0.044072
0.076679
0.062124
-0.038904
-0.122847
0.025063
-0.119078
0.084018
-0.110341
-0.065517
-0.113224
-0.161199
-0.032217
-0.023066
-0.144043
0.016630
0.019305
0.018923
0.225943
0.156113
0.001921
0.056446
0.213161
-0.067107
0.080083
-0.041207
-0.033627
-0.026981
0.149962
0.138187
-0.010988
0.126857
0.038135
0.047489
-0.078065
-0.045809
0.044267
-0.006055
0.083743
0.033069
-0.133935
0.175014
0.084846
0.113596
0.024581
0.060635
-0.223427
0.141377
0.069767
-0.159760
0.195255
0.096254
-0.081042
0.192644
-0.175302
-0.147794
0.096755
-0.045502
-0.003590
0.038142
0.025131
-0.048655
-0.016094
-0.038687
-0.033115
0.073669
0.033201
-0.078407
-0.138643
0.069389
-0.064659
-0.068268
0.006711
-0.208488
0.058263
0.128327
-0.013906
-0.087654
-0.088887
0.014224
-0.113690
0.115379
0.144004
0.052973
0.176219
-0.066957
0.159921
-0.048196
-0.150308
0.051839
-0.230164
-0.092694
-0.045509
-0.041662
-0.034940
0.064082
-0.123472
0.214980
0.006036
-0.047000
-0.012612
-0.033159
0.127213
-0.094552
0.011105
-0.000402
0.064287
-0.020340
-0.011242
-0.225146
-0.227198
-0.120955
0.028897
0.262032
-0.005351
0.062831
0.196481
-0.092063
0.096378
0.138186
0.004537
-0.134658
-0.086737
-0.257023
0.039670
-0.145416
-0.073771
0.024282
-0.083793
0.104416
0.094414
-0.038834
-0.063889
0.049929
0.025555
-0.011435
-0.054043
0.139938
-0.002577
-0.128224
0.138218
-0.018743
-0.028666
0.057591
-0.120729
0.039871
-0.010224
0.013251
0.123288
-0.173196
0.039544
-0.211710
0.155508
0.078114
-0.064683
0.211156
0.091164
-0.034631
0.146878
-0.016917
-0.115916
0.011612
-0.054308
0.121078
-0.018121
-0.138164
-0.097997
-0.035795
0.031644
-0.012563
-0.124338
-0.118892
-0.144082
0.042942
0.041359
-0.043635
0.046612
-0.153379
-0.006732
0.065353
0.011901
-0.001224
-0.187950
0.051938
0.173986
-0.316687
-0.139795
0.066065
-0.174934
0.021213
0.204797
0.055675
0.093764
0.298629
0.007132
0.161364
-0.007393
-0.080544
-0.040213
-0.227542
-0.001874
0.050660
-0.342196
0.128466
0.076857
0.054188
0.018571
-0.012231
-0.075678
0.122959
0.161379
0.016246
0.236833
0.050965
-0.021987
0.081322
0.025774
-0.029599
0.113978
0.042139
-0.027987
-0.097779
0.086321
0.234580
0.026171
-0.286137
0.013569
-0.041709
-0.049950
-0.162295
0.053057
0.045615
0.154994
-0.067572
-0.175804
0.145460
-0.176433
-0.005785
0.338258
0.215424
-0.079401
0.073789
0.039902
-0.087514
-0.074935
0.157108
-0.050293
-0.014833
-0.037603
-0.177279
0.027951
-0.102099
-0.177693
0.044532
-0.149348
0.036976
0.048112
0.144399
0.080517
0.148804
-0.049627
-0.100334
0.004644
-0.031325
0.039905
-0.020303
0.071624
-0.108635
-0.010200
0.091406
-0.058240
-0.064794
0.122630
-0.072753
-0.148198
0.087949
-0.048817
-0.006548
-0.235043
-0.151991
-0.091093
-0.047829
-0.156423
-0.142229
0.172616
-0.044721
0.022299
0.052765
-0.031068
0.045298
0.160553
-0.099093
-0.121286
0.035258
0.179487
-0.125347
0.126293
-0.179035
0.074419
0.065454
-0.159704
0.294878
0.097226
-0.003152
0.219312
0.110563
-0.167779
-0.053211
0.042613
0.060197
0.067670
-0.210122
-0.031727
0.036356
-0.125138
0.137339
-0.063361
0.066906
0.105514
-0.069789
-0.050392
-0.076751
0.071960
-0.139950
-0.052820
0.029185
0.114926
-0.010012
-0.138544
0.002162
-0.143279
0.063485
-0.119560
-0.117705
-0.088970
0.068216
0.064500
-0.031494
-0.142011
-0.227367
0.005696
-0.203964
-0.040574
0.077003
0.038562
-0.186461
-0.021770
0.042550
-0.010492
-0.197914
0.004246
-0.187477
-0.190259
-0.008266
-0.028156
0.167790
-0.100217
-0.073747
-0.100790
-0.102405
-0.229482
-0.038605
-0.078873
-0.183769
-0.041155
0.025689
0.000227
-0.016384
-0.174515
-0.007641
0.032835
-0.194829
-0.006203
0.073777
0.068778
0.008923
-0.164034
-0.158914
-0.153373
0.137076
-0.069089
0.057224
0.035203
-0.105725
-0.022907
0.108791
-0.012768
0.060652
0.022402
0.154325
0.126087
0.023655
0.011744
-0.072623
-0.109282
-0.033805
-0.133589
-0.033663
0.007978
-0.047127
-0.111114
0.009021
0.070162
0.180004
-0.159817
0.000845
-0.013885
0.096487
-0.136900
0.047231
0.111707
0.160306
-0.183401
-0.179156
0.064079
-0.226083
-0.030955
-0.049797
-0.127079
0.102904
0.026133
-0.187416
0.021127
-0.062068
-0.208753
0.008942
0.015218
0.128117
0.010144
0.113241
0.020106
-0.034562
-0.210260
-0.157729
0.041132
0.052826
0.149594
0.088598
0.039000
0.112102
-0.014121
-0.087262
-0.004253
-0.072570
-0.013359
-0.000781
0.028720
-0.165557
0.045395
-0.127137
-0.059411
0.104934
0.110284
-0.020665
0.143428
0.010941
-0.063260
0.024538
-0.114132
0.018334
-0.033277
-0.017867
-0.178754
0.086532
-0.193949
0.044439
0.017662
-0.060786
0.126331
0.007543
0.152381
0.143105
-0.095552
-0.045094
-0.136935
-0.017571
-0.188056
-0.100692
0.012752
0.042017
-0.135374
0.024399
-0.127856
-0.146830
-0.088659
0.006981
-0.152090
-0.136444
-0.172931
-0.029086
0.124388
0.099419
-0.139006
-0.169873
-0.099021
-0.018302
-0.071501
-0.113994
0.045619
0.037678
0.068300
0.051773
0.042270
-0.271759
0.151229
0.058696
-0.105791
-0.066659
-0.263722
-0.175670
-0.214323
-0.171517
-0.110208
-0.014878
-0.174652
-0.200341
0.183010
0.120637
0.092108
0.280188
0.119436
0.133937
0.113460
0.033283
0.216178
-0.096346
-0.090963
-0.034618
-0.013079
-0.021874
-0.224775
-0.007750
-0.029303
-0.237306
0.043155
0.101130
-0.277079
-0.066895
0.182500
0.072755
-0.069258
0.004237
-0.048154
0.004313
0.118077
-0.293396
-0.176188
0.032251
-0.058834
-0.091081
0.040111
0.157667
-0.019290
-0.101135
0.019836
0.125142
0.210519
0.104456
0.155957
0.123017
0.025271
-0.066758
-0.068149
-0.105916
0.036967
0.006671
-0.017387
-0.082514
-0.058831
-0.005627
-0.174471
-0.136941
0.056566
0.043239
-0.119497
-0.257713
-0.076101
-0.054807
-0.169416
0.107044
0.113569
0.079792
0.202490
-0.109249
-0.106339
-0.155197
0.123173
-0.217226
-0.316202
0.143332
0.044786
0.136583
0.155766
0.020682
-0.192646
0.022350
0.052816
0.010703
0.075061
-0.083324
-0.139384
-0.038982
-0.132315
-0.101565
-0.098512
0.108796
0.198364
-0.098906
0.100436
-0.009407
0.059486
0.026159
0.036526
-0.033632
-0.118484
-0.112451
-0.023751
0.118148
-0.058244
0.029343
-0.203081
-0.037632
0.366721
0.093038
0.146956
0.044842
0.049174
-0.092864
0.101928
-0.042563
-0.225988
-0.041759
0.025534
0.214779
0.185312
0.139125
0.025481
-0.049744
0.107610
0.104901
-0.099087
-0.093386
0.108750
0.171080
0.060842
-0.221132
0.153100
-0.069699
-0.157161
0.237375
-0.007541
-0.001003
0.076934
-0.100290
-0.147677
-0.026779
-0.024561
-0.079679
0.083653
-0.044116
-0.043560
0.103198
-0.178008
-0.132107
0.146798
0.040729
0.124106
0.029751
-0.063023
-0.004221
0.033412
-0.103278
0.006615
0.166792
-0.233785
0.086349
0.178982
0.055218
0.215574
0.156043
-0.135204
-0.229580
-0.191443
-0.100699
-0.196059
-0.119260
0.241508
0.011586
0.043441
0.120714
0.004122
0.217973
-0.189869
0.044756
-0.024330
-0.059754
0.119762
0.033248
-0.081003
-0.144677
-0.061382
0.060838
0.061608
-0.034832
-0.046095
0.027114
0.002368
-0.122827
-0.095298
0.114610
0.058711
-0.097437
0.182881
-0.131299
0.140431
0.230500
0.173894
0.057688
-0.086261
0.022189
0.037746
-0.097464
0.049756
-0.040712
-0.108332
0.184948
0.081240
-0.081459
-0.080408
-0.012531
0.045207
-0.132186
0.010050
0.087536
0.008003
-0.074106
-0.028820
0.033058
-0.203089
-0.174812
-0.106557
-0.173165
-0.004792
-0.078835
-0.048134
0.042850
-0.089577
-0.037681
-0.016226
-0.019053
-0.046176
0.106976
0.030087
0.131781
-0.056928
-0.011699
0.134789
-0.077878
-0.031596
0.103425
-0.088038
-0.023258
0.117375
0.103500
0.231481
0.005745
-0.055078
0.066059
-0.099633
-0.046777
-0.067255
0.038667
0.063150
-0.256262
0.008664
0.084233
-0.127417
-0.070303
-0.185875
0.071067
-0.103010
-0.103174
-0.105775
-0.032390
0.041437
-0.025396
-0.144290
0.119919
-0.021754
-0.033535
-0.109712
-0.090222
-0.152731
-0.329414
0.077502
-0.007862
0.035121
0.130630
-0.162408
0.093804
-0.061981
-0.074578
0.135425
-0.059815
-0.068541
0.103925
-0.246930
0.222892
-0.043274
0.192839
-0.062817
-0.254420
0.202416
-0.220006
-0.136319
0.019850
-0.128762
0.163383
-0.174487
0.076990
0.377199
-0.246777
-0.060314
0.212442
-0.085359
-0.001977
-0.011167
0.069359
-0.020799
-0.080546
0.030039
-0.225248
-0.180380
-0.220174
-0.271827
0.090965
-0.079983
-0.162286
0.150783
0.079051
-0.041869
0.209567
0.162750
0.042041
-0.046325
-0.106755
0.107499
-0.002859
0.016408
0.084818
-0.092029
-0.036008
-0.073525
0.032633
0.025307
-0.094505
-0.061285
-0.013611
0.008929
0.248581
0.152332
-0.020710
-0.192238
0.056712
-0.030408
0.028423
0.093061
-0.112555
-0.056818
0.048979
-0.035795
0.058290
0.103551
-0.050022
-0.056448
-0.131258
-0.125876
0.099468
0.154536
0.075264
-0.174538
-0.015953
0.229490
0.033030
-0.039208
0.152025
0.092771
0.068653
0.100742
-0.046124
0.292837
0.152251
0.016001
0.019103
-0.014353
-0.020792
0.056210
-0.090878
-0.067889
0.070762
0.029406
-0.196429
0.128581
-0.054618
-0.029240
0.028119
0.110815
-0.258762
-0.024739
0.045656
-0.052398
-0.024491
0.130303
-0.006825
0.010621
0.031782
-0.036836
-0.040843
0.239221
-0.127281
-0.084117
0.170251
-0.031150
-0.080212
0.168163
-0.041192
-0.120226
-0.012912
-0.105044
-0.016771
-0.196059
-0.196375
0.056003
-0.140725
0.005491
0.153800
0.003484
-0.009076
0.097725
-0.035527
-0.138618
-0.102242
-0.106076
0.151759
0.059065
-0.215042
0.027204
0.134233
-0.038018
-0.053857
-0.004762
-0.132855
-0.053115
-0.119100
-0.150952
0.190299
0.094001
0.016654
-0.007805
0.194818
0.070500
-0.034144
0.044274
0.147911
-0.079828
-0.142517
0.038407
0.029075
-0.078556
0.027384
-0.037632
-0.203941
0.128719
-0.007833
-0.098745
0.115201
-0.015578
0.170528
-0.114923
-0.001277
0.211186
0.016076
-0.088119
0.046928
-0.115549
0.059110
-0.119503
0.166157
-0.062027
-0.152024
-0.177773
0.142833
0.154243
0.046807
0.061058
-0.106014
-0.163839
0.145650
0.118133
-0.015335
0.057296
0.190411
-0.050982
0.176055
0.086628
0.134680
0.119750
0.132149
-0.109208
-0.067133
0.176338
0.063448
-0.050222
0.136639
-0.042157
0.088004
0.342601
0.131130
-0.105855
0.079331
0.015814
-0.019871
0.009491
0.220234
-0.003966
-0.050815
-0.099547
-0.193226
0.072272
0.080787
-0.115501
-0.115420
-0.192516
0.046980
0.040756
0.314389
-0.061004
0.118099
-0.136132
-0.052144
-0.056526
0.105056
-0.025774
0.005268
-0.264379
-0.011320
0.007876
-0.057363
0.024130
-0.087108
-0.056813
0.118330
-0.163319
-0.119110
-0.002821
-0.041878
-0.028476
0.101661
-0.080119
-0.150526
-0.035097
0.151280
-0.024358
-0.123110
0.370331
0.231870
-0.045137
0.013285
0.126900
-0.053136
0.050081
-0.132955
-0.139835
0.062497
-0.263683
0.004120
0.002146
0.011278
-0.204570
0.108691
-0.012519
-0.183074
0.073718
0.203241
-0.046193
0.115471
-0.078198
-0.148399
0.268026
-0.197107
-0.094146
0.205514
-0.083873
0.034143
-0.134743
-0.039564
-0.058466
0.095498
0.029581
-0.099880
0.267283
0.027281
0.081154
-0.055571
0.227813
0.174311
0.019564
-0.021335
-0.235853
-0.054584
0.054147
-0.080116
-0.037587
0.090431
0.001555
0.110439
0.112280
0.016411
-0.080606
-0.179508
-0.077481
-0.060214
-0.128977
0.153058
-0.035508
-0.095234
0.139082
0.082721
0.032888
-0.033891
0.075405
0.059673
-0.085204
0.035067
-0.054780
-0.076023
-0.133085
0.019083
0.120557
0.103292
0.090783
-0.071972
0.013064
-0.059523
-0.078479
-0.160900
0.041626
-0.023167
0.105300
0.196537
0.051656
0.015353
-0.142346
-0.049023
0.169048
0.067398
-0.024014
-0.116831
-0.105544
0.039853
-0.162223
-0.189457
0.007515
0.072454
-0.004392
-0.042522
-0.043939
-0.051867
0.056688
0.216384
-0.150012
-0.077229
0.209344
-0.089172
-0.048971
0.198515
-0.086216
-0.073107
0.143620
-0.100279
-0.072439
0.057677
-0.111120
0.082515
0.020736
-0.052209
-0.178796
-0.122679
0.020479
0.105627
-0.017224
-0.008473
0.027660
0.033784
0.099341
0.067432
-0.204894
-0.003194
0.004937
-0.150920
0.136941
0.058846
0.207615
-0.055899
-0.101727
0.193747
0.070302
-0.047646
0.312059
0.183458
-0.175095
0.002683
0.051356
0.054779
-0.066719
-0.131918
-0.132622
-0.121284
-0.214464
0.019266
0.118268
-0.182635
-0.017814
0.004500
-0.083602
-0.133878
-0.086433
-0.057283
-0.030426
0.150662
0.134342
-0.079893
-0.065750
0.134420
-0.014638
-0.206044
-0.122929
-0.055956
0.060481
0.088250
-0.182694
-0.160136
0.032878
-0.153634
-0.249878
-0.128502
-0.028661
-0.016771
-0.112276
0.095508
0.001375
0.008311
0.053620
0.050511
0.014452
0.103528
-0.078413
0.063976
0.063690
0.074385
0.049286
-0.023699
-0.045510
0.058543
-0.056445
0.308089
-0.041962
-0.063813
-0.073903
-0.140843
-0.036700
-0.129647
-0.136238
0.126250
-0.273752
-0.168579
-0.013529
-0.275200
-0.044564
0.043504
-0.005428
0.145025
0.066856
0.082665
-0.344157
-0.157282
-0.146418
-0.232569
-0.041952
0.112823
-0.072731
0.031320
-0.051679
-0.002210
0.086386
-0.088647
0.153480
0.048910
-0.055676
0.149377
0.003092
-0.123139
0.167205
-0.035970
0.028390
0.000619
-0.058208
0.093687
-0.054907
-0.016017
-0.055204
0.010976
-0.090154
-0.051390
-0.187860
-0.014871
-0.073351
-0.025474
0.200838
-0.062808
-0.089973
0.091111
0.024785
0.075466
0.135846
0.136458
0.060714
0.147738
-0.004027
-0.029766
0.177366
0.185938
-0.021824
0.116792
0.045812
0.077400
0.081468
0.088108
-0.090977
0.049071
0.029573
-0.139835
-0.025654
-0.069634
-0.078101
0.003069
-0.005474
0.131293
0.002429
0.049990
-0.050729
-0.023718
-0.068899
0.007024
0.068388
0.057076
-0.047696
0.039803
0.122977
-0.069954
0.021951
-0.235989
-0.103005
0.038124
-0.011678
0.119153
0.162574
-0.019980
-0.016715
-0.097724
0.147168
0.128643
0.020686
0.063128
-0.053484
0.065221
0.040819
0.154977
-0.179071
0.179985
-0.099191
-0.270323
0.181440
-0.172777
0.093968
0.137547
-0.224329
0.265457
-0.164299
-0.070839
0.105303
0.132129
-0.051622
0.017962
0.370725
-0.116260
-0.127258
0.117140
-0.213732
-0.059492
0.014484
0.050235
0.092545
-0.055169
-0.165197
-0.087922
-0.157154
-0.150880
-0.123659
-0.083175
0.118966
-0.002601
0.040033
-0.073511
-0.132677
0.113212
0.095140
0.057448
-0.021957
-0.152284
0.067366
-0.110694
-0.150476
-0.013722
-0.030717
-0.009473
0.060652
0.011177
0.188707
0.054608
0.070802
0.076330
-0.054914
-0.007014
0.023970
-0.099871
0.083909
-0.278925
-0.073890
-0.161805
-0.240883
-0.143668
-0.190792
-0.202380
-0.017754
0.108910
0.127566
-0.068853
0.203339
-0.063873
0.056328
-0.063490
-0.103622
0.055143
-0.114983
0.086728
0.110348
0.027450
0.008881
0.160119
0.144644
0.128554
-0.120991
-0.108961
-0.165089
-0.053648
-0.128539
-0.279279
-0.116012
-0.059875
-0.088133
0.078904
-0.175841
-0.002075
0.100325
-0.198058
-0.052919
0.007498
-0.225622
-0.159655
0.108475
0.021891
-0.133241
0.085244
-0.001873
-0.184496
0.202324
-0.002669
0.180984
0.048689
-0.004885
-0.055818
0.065598
-0.040347
-0.105375
0.071649
0.090308
0.140002
0.002580
-0.006920
0.043336
0.004805
-0.062290
-0.088436
-0.036369
-0.026417
-0.105496
0.054593
-0.054677
-0.089101
0.100744
0.036381
0.003352
0.178366
0.091564
0.013290
-0.052961
0.257504
0.039466
0.044652
0.157286
-0.261727
0.021870
-0.124602
-0.130274
-0.057430
0.066792
-0.146163
0.144859
0.145054
-0.073049
-0.039980
0.078460
0.146158
0.053906
0.020453
-0.115368
0.098453
-0.061465
0.069743
0.143294
0.124629
-0.058238
0.064198
-0.106334
-0.001457
0.131112
0.017517
0.005918
0.012664
-0.047757
0.075162
-0.263151
0.063888
0.024338
0.106966
0.081784
0.118589
0.070562
0.020126
-0.088498
0.004066
0.133860
-0.193199
-0.143554
0.200068
-0.217440
0.010447
-0.041214
-0.119441
0.009388
0.068649
0.160294
0.137076
0.055995
0.229211
0.019322
0.092159
0.065714
-0.202520
-0.030440
0.120901
0.114482
-0.143931
0.088949
0.081912
0.064639
0.048578
-0.129902
-0.169944
0.140593
0.126719
0.158713
0.215134
-0.004763
0.252379
0.113448
-0.208259
0.054897
-0.078262
-0.094539
0.051861
-0.023332
-0.146404
-0.011968
-0.065733
0.060999
0.072526
0.039648
0.038763
-0.146919
-0.140653
-0.048512
-0.141699
-0.087021
0.055751
-0.126796
0.142241
0.135108
-0.064874
-0.020266
-0.055850
-0.073389
0.064945
-0.061942
-0.221850
0.060947
0.052316
-0.339876
-0.014548
0.005597
-0.201842
0.151151
-0.017939
-0.072547
0.082222
0.079192
-0.104574
0.114749
0.067902
0.199577
0.195470
-0.083355
-0.068029
-0.101994
0.019477
-0.057105
-0.000053
0.062763
-0.202071
-0.139546
-0.077039
-0.308844
-0.002120
-0.053053
-0.047271
0.167226
-0.127834
0.217822
0.137747
-0.057188
-0.116251
0.033067
0.028164
0.041367
0.136147
0.124222
0.207178
0.093270
-0.216392
-0.071263
0.068643
0.010792
-0.038923
0.015579
0.009778
-0.042551
-0.062140
0.114253
-0.252053
-0.105502
-0.046454
-0.090607
-0.150931
-0.044430
-0.005324
-0.109945
-0.018157
0.074973
-0.006350
0.009554
-0.005888
-0.002138
0.019912
-0.115760
-0.095276
-0.172677
-0.038639
0.064587
0.052274
-0.069612
0.001586
-0.108195
-0.129791
-0.072451
-0.077281
0.038464
0.099694
0.165570
0.174830
0.089451
0.055318
-0.002393
0.094676
-0.023632
-0.059004
0.111389
0.064308
-0.035187
-0.047112
-0.041817
-0.032900
-0.098254
0.056558
0.128527
-0.102989
0.066033
0.210493
-0.084002
0.013453
-0.086322
-0.061247
0.102742
-0.212204
0.060077
0.149930
0.197913
-0.037977
0.165486
-0.068380
0.102580
0.159017
0.026784
0.200731
0.060960
0.065884
0.099253
-0.007617
0.108705
-0.091975
0.065685
-0.106476
-0.173019
-0.006437
-0.129924
-0.253698
-0.092535
-0.077868
-0.097866
-0.007421
-0.042544
0.198735
-0.015300
-0.181570
0.174116
-0.191836
0.072121
-0.005133
-0.138433
0.380661
-0.361692
-0.040040
0.088495
-0.094444
0.025883
0.097767
0.030813
-0.122024
-0.059532
-0.061949
0.112624
-0.151064
-0.082078
-0.086241
-0.023399
0.117859
-0.265975
0.016896
0.025798
-0.052963
0.102845
-0.058426
-0.063783
0.136941
-0.048470
-0.050788
0.302072
-0.220159
-0.007396
-0.057041
-0.081122
0.045117
0.173119
0.055624
0.135196
-0.051409
-0.029240
0.011891
-0.039244
-0.163339
-0.019025
-0.035658
-0.372881
-0.041179
0.009085
-0.204160
0.017825
-0.136962
-0.082952
0.001489
0.023999
-0.088596
-0.052191
-0.084762
0.084259
0.045114
-0.111879
-0.057347
0.060012
-0.034154
-0.003108
0.160088
-0.042104
0.036518
-0.040928
-0.201057
-0.187029
0.069101
-0.131289
-0.110217
0.134250
0.072285
-0.055415
-0.063924
-0.092016
-0.194544
-0.033043
-0.173727
0.061580
0.003172
0.016406
-0.140601
-0.082587
0.129737
-0.060675
-0.209428
0.111827
0.085336
0.010258
0.021880
0.138330
0.022019
0.007176
-0.008786
-0.118682
0.114523
0.021636
0.070316
-0.162258
-0.007678
-0.145728
0.111981
-0.158470
-0.001022
-0.017058
-0.058109
0.123132
0.190927
-0.027043
-0.116294
0.174738
-0.059394
-0.034851
0.104081
-0.038046
0.157381
0.112992
-0.094137
0.008948
-0.227211
-0.242359
-0.076645
-0.128709
-0.154846
-0.024590
0.039091
-0.058127
-0.131123
-0.021074
-0.242158
-0.292873
0.209982
0.111642
0.234535
-0.000040
0.022615
-0.096016
0.014668
0.064142
-0.172314
0.075666
0.019386
0.001460
0.139806
0.077447
-0.281067
0.177952
0.167414
-0.120679
-0.106193
-0.032521
0.014117
-0.025497
0.096171
-0.107243
0.083233
-0.053209
0.041904
0.076679
0.168078
0.135983
-0.069201
-0.095562
0.137029
-0.046286
0.046222
0.023592
-0.102278
0.033952
-0.257048
-0.102119
-0.072304
0.008099
-0.098387
0.025098
-0.239754
-0.121868
-0.035615
-0.055957
-0.111112
0.072426
0.117202
-0.132285
-0.176473
0.009568
-0.140810
0.013021
-0.135260
0.042052
-0.005934
0.010172
0.013764
0.369162
-0.039027
-0.265801
-0.103016
0.141016
-0.044733
0.075473
0.096073
-0.129634
-0.026233
0.096527
-0.113469
-0.127147
-0.155807
-0.062585
0.039877
0.096641
0.057881
0.003109
-0.075295
-0.078246
-0.058710
-0.115155
-0.162565
-0.162784
-0.081700
-0.012380
-0.141754
0.066804
0.094625
0.081133
-0.002761
0.006311
0.044497
0.051755
-0.090639
0.017132
-0.000969
0.029369
-0.172549
0.017115
-0.036743
0.103746
-0.009464
-0.106117
0.022141
0.026442
-0.020073
-0.006056
0.078358
0.089502
-0.030385
0.051558
0.042106
0.071743
-0.088472
0.115708
0.031711
-0.099445
0.041581
0.080883
-0.093085
-0.017690
0.155998
0.138684
-0.083235
-0.084072
-0.035720
-0.040265
-0.104511
0.036956
-0.203687
-0.022119
0.164513
0.006706
0.023954
0.121870
0.128079
0.124924
-0.092617
-0.051069
-0.084756
-0.143199
-0.120936
-0.038150
0.051194
0.178489
0.083114
-0.047404
0.127268
0.161073
0.067613
-0.268229
-0.067062
-0.136380
0.026983
-0.013532
-0.135767
-0.035650
0.070044
-0.185980
0.085987
-0.068004
-0.205704
-0.075229
0.083984
-0.084929
-0.127679
-0.044192
0.011770
0.148261
-0.066205
0.019278
0.129408
0.088297
0.072841
0.191957
0.076649
-0.044171
-0.016148
-0.125206
0.091226
-0.056113
-0.040674
0.074613
0.058495
0.159750
-0.015735
0.069286
0.084821
0.110971
-0.097755
0.055775
-0.002039
-0.025993
0.249992
0.109194
-0.036827
-0.196469
0.138974
-0.317602
-0.002030
-0.025084
-0.055099
0.171211
0.084156
-0.132703
0.030240
-0.022919
0.001370
0.065719
-0.089014
-0.011780
0.123233
0.234596
0.154965
-0.006999
0.103056
-0.152813
-0.043940
-0.014789
-0.125133
-0.016260
-0.070155
-0.191695
0.008160
-0.116690
0.010286
-0.092425
0.096164
-0.093291
-0.095130
-0.051532
-0.193992
-0.035085
-0.146145
0.125926
-0.141777
-0.184967
-0.017518
0.130801
-0.051848
-0.190468
-0.025835
0.096064
0.119397
-0.191575
-0.199334
0.044715
0.007670
-0.077881
-0.131257
0.054604
-0.018217
0.125565
0.014676
-0.001213
0.009218
0.081971
-0.018130
-0.074666
0.059714
0.062902
0.006678
-0.191371
0.039384
-0.104731
-0.179152
-0.300356
0.117837
-0.007339
-0.122133
-0.001693
-0.056175
-0.219410
-0.049076
0.088040
-0.034115
-0.191296
-0.168800
-0.047753
-0.079623
0.194631
0.020882
-0.002186
0.100948
0.015651
-0.112419
-0.132830
0.010175
0.155536
-0.080350
-0.111824
0.105571
-0.014466
-0.104892
-0.137374
0.006928
-0.067342
-0.103060
-0.106905
-0.018586
0.081696
-0.218992
0.042029
-0.032786
-0.113632
-0.141156
0.126785
-0.020224
0.018282
0.143662
-0.044134
-0.077304
0.065906
0.002070
0.077000
0.174161
-0.082949
-0.160694
0.050054
0.048262
-0.053089
-0.137098
0.232277
-0.110452
0.098929
-0.194808
-0.097553
0.101226
-0.042448
0.168806
-0.146127
0.082029
-0.077576
0.112838
-0.150394
-0.077504
0.049979
0.028685
-0.135535
-0.090064
0.113626
0.120266
0.046088
-0.050318
-0.076001
-0.296785
-0.151810
-0.111770
-0.055482
-0.049750
-0.168430
-0.107410
0.239668
-0.065248
-0.028360
0.077343
0.026350
-0.034706
0.022051
0.045438
0.016452
-0.137662
-0.183733
-0.051952
-0.158741
0.018754
-0.192420
-0.024537
0.063313
-0.003317
-0.058123
0.137159
0.048181
0.068317
0.079570
-0.273436
-0.118848
0.018369
-0.011385
0.150400
0.064607
-0.040973
-0.072190
-0.037841
0.107978
0.066932
0.240087
0.069532
-0.073187
-0.040617
-0.019336
-0.087523
0.035897
-0.025195
-0.040796
0.005929
0.193371
-0.145463
-0.056515
0.175847
0.146706
0.037161
0.011703
0.104817
0.165343
-0.259241
-0.063772
-0.059746
-0.004835
0.383914
0.247680
-0.231018
-0.058761
0.188523
-0.129226
0.124170
0.105133
-0.121955
-0.075543
0.041670
0.107576
-0.011777
0.021844
0.123266
-0.153185
0.030855
0.114429
-0.093073
-0.135635
-0.188809
0.101343
-0.206444
0.120823
0.141373
0.043863
0.090724
-0.134600
0.018342
0.090754
-0.029076
-0.115052
-0.015576
0.103828
0.066568
-0.041733
0.192397
0.319448
-0.182124
-0.022225
0.215624
0.097222
-0.106337
0.006823
0.297413
0.076638
-0.087516
0.080480
0.160230
-0.115336
0.002897
-0.082817
-0.098161
0.166887
0.032688
-0.272067
0.056569
0.129206
0.049090
0.001458
0.167605
-0.046846
-0.272469
-0.034210
0.144231
0.158229
-0.081762
0.111779
-0.006461
0.029821
0.151320
-0.016854
-0.010638
-0.001493
0.118044
0.151333
0.030969
-0.141143
-0.248974
-0.087075
-0.204044
-0.046401
-0.157441
0.122751
0.103744
-0.143876
-0.102425
0.066788
0.092517
-0.021233
-0.049163
0.185881
0.044512
0.057148
0.183490
-0.070836
-0.106913
-0.055674
-0.098053
0.127727
0.072751
-0.027400
-0.267328
0.058687
0.135486
-0.117156
0.122982
0.142996
0.017230
0.234786
-0.286705
0.153254
0.018904
0.050166
-0.171895
0.059154
0.096240
0.025366
-0.119507
-0.049229
-0.059307
-0.133606
0.048773
0.053123
-0.109245
0.352940
0.180002
-0.115348
0.271805
0.134783
-0.079033
0.006679
0.046293
0.117235
-0.076791
-0.026864
0.200656
-0.156520
-0.185127
0.078270
0.011659
-0.032955
-0.079948
0.043491
0.050078
-0.167616
0.088747
0.037410
0.145990
-0.002241
-0.131382
0.040954
-0.022553
-0.038652
-0.035607
-0.143244
-0.091582
0.071334
0.158164
0.089694
-0.098553
0.175246
-0.080637
-0.133081
0.234788
-0.057110
0.142145
-0.021028
-0.053845
-0.046279
-0.160773
0.068426
0.046118
-0.006800
0.069567
0.120323
-0.027731
-0.107292
-0.021844
0.130100
0.060583
0.165251
0.210607
-0.024533
-0.015044
-0.118550
0.036874
-0.186751
-0.011023
0.005401
-0.002462
0.049970
0.089719
0.325752
0.187311
0.034155
0.025570
0.227276
0.083861
-0.075509
0.238640
0.193802
-0.106141
0.139270
0.198321
0.078483
-0.073878
0.018927
0.057613
-0.060795
-0.053156
-0.050221
0.008663
-0.029346
0.224015
0.005794
-0.200328
0.081483
-0.104809
-0.092455
-0.153415
-0.033305
-0.011939
-0.073281
-0.093408
-0.027967
-0.001972
-0.052064
0.083566
0.023478
-0.012383
-0.113399
0.143131
0.059912
-0.276730
-0.003849
0.059696
0.196042
0.139590
0.005626
-0.179046
-0.085596
0.086531
0.036872
-0.062474
0.194399
0.085486
-0.046834
0.085584
0.075806
-0.027642
0.034294
-0.109831
0.017430
-0.004229
-0.129626
0.045154
0.112218
-0.141635
-0.002998
0.017813
-0.055457
-0.133131
-0.066015
-0.097359
-0.098807
-0.017298
-0.056938
0.114937
0.151422
-0.207118
0.058889
0.081709
-0.016852
0.109035
0.154884
0.079946
-0.113377
0.113861
0.198313
-0.346905
-0.068939
0.137054
-0.146831
-0.068319
-0.057996
0.025278
-0.067535
-0.385275
0.117771
0.079278
-0.156189
0.048941
-0.159685
-0.011140
-0.012731
0.055005
-0.220143
-0.152839
-0.036508
-0.053239
0.018311
0.021940
0.156097
-0.018661
0.043178
0.361690
-0.071782
-0.151877
0.017539
-0.009607
0.012232
0.037603
0.168295
0.163065
-0.009084
0.133500
0.119571
0.072553
-0.052169
-0.031867
-0.145175
0.015743
-0.135758
0.044744
-0.176374
0.024727
-0.024409
-0.078902
-0.010907
-0.016798
0.053414
-0.196443
-0.085793
0.127616
-0.189516
0.127295
0.116615
-0.112029
-0.002528
0.005242
-0.015822
-0.134274
-0.064795
0.057527
0.039561
-0.029342
0.000963
-0.026784
-0.041272
-0.007182
-0.023841
0.009553
-0.138650
-0.052156
-0.078211
-0.122573
0.166381
0.008610
-0.046311
0.095921
0.256259
0.033668
0.158061
0.112925
-0.174187
-0.076070
-0.025968
-0.132661
0.078878
-0.030135
-0.106070
0.171645
-0.007982
-0.134329
-0.083430
-0.043836
-0.015442
0.038440
-0.150489
-0.108787
-0.158756
-0.060946
-0.013731
-0.255060
-0.014477
0.123192
0.067135
-0.129689
-0.031256
-0.001586
0.124529
-0.118997
0.006343
-0.070563
-0.159959
-0.132645
-0.088073
-0.036329
-0.012242
-0.050642
0.019970
-0.059877
-0.167759
-0.240607
0.019592
-0.067827
-0.077291
0.332921
-0.049951
0.076327
0.111812
0.183861
-0.052984
-0.097874
-0.080414
0.010467
-0.069520
-0.148185
-0.043864
0.229736
0.221647
0.190911
0.076270
0.038474
-0.061289
-0.014868
0.022638
-0.004226
-0.027640
0.031017
-0.113344
-0.229917
-0.091529
0.043004
-0.185465
-0.015925
-0.259444
-0.218750
0.130956
-0.273085
-0.216903
-0.042129
-0.012736
-0.099190
-0.186148
-0.049632
0.043514
0.071015
-0.251620
0.084819
0.066481
-0.017163
-0.171256
-0.062278
-0.198072
0.062539
-0.057687
0.061140
0.070397
-0.004163
0.010746
0.043551
0.029262
0.130453
-0.029423
0.078826
0.052084
-0.035728
0.118224
0.302493
-0.190399
-0.039513
0.036155
0.049190
0.151786
0.018379
-0.130253
-0.083632
0.198661
-0.072594
0.008311
-0.006139
0.089258
-0.146349
-0.034057
-0.047856
-0.176644
-0.130101
-0.040534
-0.089949
0.010450
-0.071651
0.017799
0.020221
0.053489
-0.027963
0.153711
-0.098284
-0.036024
-0.109888
0.030319
-0.044517
-0.097212
0.020565
-0.142330
-0.114059
0.009556
-0.152519
-0.028324
-0.047513
-0.048720
-0.055942
-0.056344
0.009340
0.138614
-0.092275
0.188268
-0.039749
0.151781
-0.029820
0.016498
-0.005899
-0.102956
0.178860
0.002490
-0.045849
-0.207962
-0.063196
-0.015002
0.070373
0.034093
0.091738
0.008116
-0.126485
-0.013947
0.167543
-0.028650
0.084351
0.169587
0.116977
0.144412
0.024724
-0.061545
-0.142743
-0.003774
0.107531
0.113143
-0.126267
-0.136823
-0.125883
-0.009733
0.077663
0.227075
0.086949
-0.143042
-0.056226
0.013229
-0.239966
0.027385
0.073810
-0.028754
0.126205
0.020754
-0.152405
-0.057986
-0.031448
0.159575
0.007834
0.107676
0.162729
0.087795
0.006700
0.298104
-0.027049
-0.205915
0.142207
0.184071
-0.065827
-0.001883
0.169856
0.085878
-0.052668
0.189601
-0.030198
0.019270
0.114515
-0.028091
-0.089808
0.036768
0.025840
0.005822
0.100018
0.205810
-0.028530
0.025944
-0.109908
-0.148555
-0.237768
-0.167550
-0.169882
0.022585
0.172858
-0.174694
-0.067175
0.044027
-0.174727
-0.133517
-0.012590
-0.234143
-0.013733
-0.196571
0.146759
0.227869
-0.147386
0.160150
-0.065537
0.226420
0.017227
0.104783
0.072331
0.011262
-0.005884
0.175541
0.247768
-0.102447
0.045933
0.084403
0.007687
-0.205699
0.078593
0.032059
-0.049605
0.127105
0.009313
-0.042509
-0.098110
0.198883
-0.177333
0.034812
0.258950
-0.266988
-0.064389
-0.032437
-0.050531
-0.129516
-0.053918
0.159006
-0.149835
0.244144
0.035135
-0.195727
0.108522
0.026934
-0.135683
0.034235
-0.113990
-0.242708
-0.180893
-0.022013
-0.027164
0.075289
-0.006336
0.031152
0.112456
0.080490
0.032269
0.003237
0.107973
-0.040669
0.166972
0.111980
-0.055644
-0.200716
0.294837
0.060698
-0.106158
-0.014559
-0.165490
-0.046606
-0.116567
-0.055542
-0.199698
0.041820
-0.130793
-0.174733
0.018084
-0.035180
-0.006036
-0.095642
-0.054098
-0.025212
0.154083
-0.007086
-0.128901
0.050900
0.031152
0.032337
-0.083476
0.049165
0.009863
0.002099
0.010004
0.065474
0.054520
0.125430
0.197370
0.158256
-0.137446
-0.165834
-0.147168
-0.047843
-0.019299
0.058141
-0.013565
-0.085275
0.013905
-0.154197
0.117530
0.193972
-0.029841
0.076931
-0.184857
0.015435
0.075105
0.054641
-0.246524
-0.322406
-0.156875
0.034571
-0.011440
-0.069652
-0.071082
0.047622
0.061703
0.025372
0.166544
0.015358
0.020056
0.251629
-0.172397
-0.034432
0.203108
-0.049927
0.031295
-0.129840
-0.138284
-0.005373
0.045625
0.101419
0.161920
0.018747
0.066409
-0.068067
-0.060831
0.034317
-0.089916
-0.122100
0.139513
0.237615
-0.055736
-0.010428
-0.074495
0.085994
0.026114
-0.172006
-0.137613
-0.198967
-0.020368
0.050099
0.115312
-0.056783
-0.040053
0.011512
-0.088422
0.020257
0.045368
-0.016030
0.064186
0.103416
-0.200919
0.140853
0.068005
-0.189558
-0.199693
-0.038770
-0.052715
-0.190952
0.100263
0.248532
0.089936
-0.171769
0.054568
-0.026448
-0.079220
-0.271464
-0.092297
-0.131685
-0.012593
0.083309
-0.090624
-0.206117
0.030950
-0.101364
0.064124
-0.172963
0.165643
0.196148
0.025893
-0.065949
-0.094700
-0.031479
-0.029625
-0.245329
-0.139624
-0.285686
-0.080912
0.065378
0.017477
-0.012908
-0.042734
0.069864
0.015566
-0.162645
0.064507
0.090411
0.304445
-0.086180
0.126158
0.093050
-0.181194
0.017391
0.045107
-0.036713
0.020070
-0.025400
-0.121624
0.091907
0.057115
-0.137488
-0.191880
-0.002749
-0.023871
-0.216056
-0.156820
-0.142802
-0.136220
0.026670
0.118566
-0.038192
-0.018375
-0.092718
0.010625
-0.110545
-0.089414
0.002683
0.119174
0.023154
-0.027175
0.022434
-0.007325
-0.158894
-0.009975
0.079817
0.134973
0.080491
-0.051771
0.193815
-0.160260
0.169750
0.300059
0.186426
0.004096
0.055240
0.303761
-0.048174
-0.112599
-0.066259
-0.069514
0.013647
-0.078214
0.116964
0.000452
0.104661
0.094176
0.003566
0.084512
-0.013828
-0.101191
-0.103247
-0.035737
-0.119769
-0.021709
0.112584
-0.060775
-0.046117
-0.076885
0.146149
-0.029360
-0.294982
-0.027953
0.106702
0.072765
0.033417
0.048773
-0.115666
0.209092
-0.042845
-0.163634
-0.036687
-0.010112
-0.088662
-0.029994
-0.036045
-0.090420
-0.223204
-0.004915
-0.104130
0.008524
0.033005
0.106000
0.175509
0.160505
0.069400
0.096731
0.364938
-0.011371
-0.131234
0.239052
0.039042
-0.086074
0.061007
0.029981
0.016914
-0.063661
-0.115407
-0.173824
-0.147583
-0.049265
-0.027692
-0.014013
0.018569
0.039181
-0.175507
0.007153
-0.073219
0.095783
-0.120124
-0.231732
-0.109758
-0.189080
-0.031797
0.163550
-0.226605
-0.068717
0.120892
-0.060616
-0.044668
0.084809
-0.074644
0.020027
-0.010379
-0.071846
-0.041218
-0.156387
0.126685
0.016083
-0.076933
0.052309
-0.043564
0.015894
0.032821
-0.120234
-0.019804
-0.001424
-0.135240
-0.093472
0.086258
0.018277
-0.056364
-0.234710
-0.396013
-0.178015
-0.107467
-0.181131
-0.112234
-0.129893
-0.033021
0.272154
0.077612
0.075171
0.019236
0.397507
0.004434
-0.215208
0.081354
0.014158
0.179003
0.093626
-0.013385
0.058952
0.245445
0.062721
-0.151977
-0.011145
-0.018803
0.038185
-0.025380
-0.166579
-0.151266
-0.090966
-0.177138
-0.181736
0.136920
0.169130
0.026204
-0.048548
0.085119
-0.090623
0.024712
-0.111615
-0.154453
-0.069108
-0.234841
0.097139
0.097701
0.040447
-0.029790
-0.003458
-0.003124
0.025687
0.064977
-0.076253
-0.229812
-0.088002
-0.236063
-0.160296
0.005197
0.015561
0.050623
-0.085000
0.020544
0.053100
0.097133
0.194032
0.094496
-0.033946
0.065124
0.031991
-0.071536
-0.109068
0.081587
0.174222
0.094264
0.029048
0.366106
0.183538
-0.012130
0.114826
0.041490
-0.000998
-0.039014
-0.013529
0.054029
-0.067804
-0.081791
-0.083651
0.031727
-0.051496
-0.052195
-0.011522
-0.029612
0.020070
0.070926
-0.013729
-0.065472
-0.136690
-0.156158
0.024171
-0.092065
-0.020842
0.134299
0.179829
-0.163881
-0.124044
-0.022130
0.044853
-0.093163
0.006020
0.043618
-0.102706
-0.018893
-0.131921
0.067038
-0.131228
-0.128725
0.124591
-0.042208
0.013643
0.039847
0.067085
0.054156
-0.012109
-0.089235
-0.149155
-0.211623
-0.020819
-0.088212
-0.205454
-0.006294
0.088610
0.047463
-0.041633
-0.270216
0.089551
0.003134
-0.100346
-0.145635
0.018841
-0.137119
-0.238964
0.162143
0.023354
0.029968
0.033147
-0.016648
-0.051108
-0.002631
-0.011390
0.060846
-0.214406
-0.168475
-0.166056
-0.115305
-0.064260
-0.097290
-0.016237
0.157997
0.061255
0.049005
-0.087491
-0.145168
0.072878
0.034890
-0.041772
0.126639
0.182476
-0.007789
-0.059154
-0.071667
0.073831
-0.034665
-0.236848
0.077145
-0.253079
-0.030848
-0.129890
0.163100
-0.004757
-0.148875
0.116708
-0.138752
-0.144083
0.197758
0.253583
0.000420
0.209251
0.048989
0.028142
0.016355
0.212713
0.114018
-0.112267
-0.016156
0.088592
-0.086796
0.209551
0.046614
0.097294
0.065384
0.041481
-0.060401
-0.153174
-0.047553
-0.088065
0.081059
0.063190
0.012873
0.007593
0.038464
-0.111529
0.043487
-0.095251
0.144634
-0.105990
0.170663
0.062117
-0.076261
-0.034983
0.337644
0.074068
-0.169240
-0.026343
-0.047319
-0.127167
-0.116265
0.050344
0.234441
-0.052566
0.083356
0.036881
-0.058276
-0.060905
0.015500
-0.094140
-0.180143
-0.103507
-0.060503
-0.033223
0.074582
-0.295109
-0.120173
0.067974
-0.100399
-0.036486
-0.170934
0.060342
0.081626
0.057499
0.146950
0.082505
-0.087582
-0.212099
-0.115510
-0.077894
-0.254859
-0.222107
-0.116506
-0.014237
0.048874
0.186360
-0.033082
0.035596
0.057288
-0.090705
0.011884
0.136014
-0.040672
-0.124470
0.090167
0.095936
-0.125462
0.072415
0.096502
-0.018276
0.063095
0.089330
-0.015180
-0.067118
0.031289
0.188906
0.004139
0.019213
-0.005262
0.032917
0.116195
0.024761
0.164501
-0.061280
-0.048180
0.076093
-0.239935
-0.020992
0.180278
-0.104228
-0.191784
-0.113696
-0.151307
-0.262915
-0.080157
0.033142
0.192935
0.026414
0.159690
0.017401
0.190084
0.126249
0.102437
0.086819
0.057707
-0.014720
0.042627
0.113224
0.114982
-0.060087
0.131179
0.212192
-0.119748
0.085722
0.191906
-0.050415
0.191831
0.048193
-0.079403
0.213606
0.007932
-0.105564
0.153957
-0.002725
-0.119359
-0.087243
-0.116757
-0.238992
0.060362
0.163892
-0.117140
0.186028
0.139919
0.017525
0.002017
0.047516
0.069022
-0.008270
-0.037802
0.014311
-0.069093
-0.008631
0.027822
0.117575
-0.028596
0.043214
0.110133
0.059488
0.255878
0.091501
0.147403
0.112252
-0.158432
-0.165608
0.120825
-0.014798
-0.018940
-0.045487
0.062944
0.034146
-0.120653
0.009421
0.027524
-0.030823
-0.069365
-0.061828
-0.248238
0.163333
0.010060
-0.059162
-0.082538
-0.024590
-0.015974
0.044037
0.026104
-0.109523
0.060462
0.186520
-0.067462
-0.035590
0.029619
-0.066001
-0.213456
-0.060582
0.030099
0.023306
-0.157726
0.048502
0.072231
0.123418
-0.185332
0.115763
-0.079204
-0.015570
-0.011134
-0.027692
-0.006530
-0.020371
-0.080130
-0.088774
-0.133354
-0.225825
-0.128416
-0.117885
-0.146665
-0.057637
0.083650
-0.061348
0.120189
-0.016430
-0.115514
-0.092885
0.028742
0.171632
0.170317
0.068018
0.073191
0.032566
0.127315
0.157333
0.048448
-0.043061
0.051229
-0.131525
0.019804
-0.175967
-0.122855
0.068986
0.045339
-0.031007
0.008258
0.076598
0.082959
0.095709
0.254379
0.210754
0.038236
-0.104112
-0.064874
0.118187
0.119388
-0.033845
-0.073435
-0.219297
-0.106983
0.024834
-0.222957
0.005562
-0.045346
-0.032734
0.092465
0.053415
0.158377
-0.011138
0.006744
-0.055915
-0.062649
-0.082704
-0.013841
-0.105349
-0.006326
0.056634
0.107462
0.048050
-0.106195
0.009109
0.093860
-0.269005
-0.003115
-0.098008
-0.019795
0.006471
-0.112812
0.076821
0.217633
-0.228087
-0.067800
0.193882
0.021129
-0.166440
0.001477
-0.055451
-0.112941
-0.150874
0.020627
-0.140099
-0.207581
-0.139133
-0.231366
0.037583
-0.107324
-0.145026
0.073687
-0.096259
-0.161491
0.122439
-0.059666
-0.261477
0.101968
-0.131836
-0.248257
-0.028923
-0.158059
-0.089954
0.128109
-0.006321
-0.036007
-0.172335
0.059830
0.105052
-0.058322
0.071068
0.036699
0.044172
-0.143725
-0.078496
0.148053
-0.047347
-0.004174
0.236717
0.095116
-0.165099
-0.070361
0.067692
-0.073180
-0.148498
-0.060188
-0.135564
0.123217
-0.043028
0.126202
0.195533
0.070750
0.009744
-0.107903
-0.137507
-0.040062
-0.037786
-0.203935
0.017695
0.156715
-0.010068
-0.043871
-0.046578
-0.092290
-0.029517
-0.069365
0.070250
-0.139699
-0.022452
-0.071945
-0.180036
0.167523
0.098115
-0.170238
-0.018790
-0.032487
-0.046320
-0.009400
-0.013472
0.042307
0.003218
0.223447
-0.065982
-0.170048
0.108794
-0.103211
-0.099433
0.007829
-0.173562
-0.120831
-0.259394
-0.234450
-0.113047
-0.241550
-0.044855
0.048603
0.073621
-0.004969
-0.075366
0.143124
-0.018334
-0.111422
0.238005
0.038519
-0.082990
-0.011596
0.050498
0.068702
0.135316
0.071782
-0.048491
0.132584
0.004256
-0.233936
-0.076310
-0.097456
-0.010250
-0.012686
-0.027018
0.056054
-0.189125
-0.094277
0.019476
-0.048078
-0.073659
-0.019413
-0.042973
-0.148116
-0.265512
-0.019397
-0.017264
-0.089602
0.018987
0.170015
0.113797
0.067134
0.027172
0.029711
-0.031658
-0.035432
-0.057124
-0.047350
0.021707
0.061847
-0.047768
0.141634
0.060567
-0.092129
0.190037
0.149222
0.135470
0.115709
0.255465
0.035107
0.089914
0.034965
0.026183
0.147494
0.152826
0.104836
0.036607
0.042557
0.145222
0.119899
0.016700
0.184617
0.323530
0.185724
0.031556
-0.089102
-0.029561
0.114375
-0.031050
-0.027271
-0.047507
-0.000972
0.041147
0.003647
0.131243
0.162669
-0.112716
-0.044855
0.134165
-0.087744
-0.111168
0.006491
-0.019778
0.095541
-0.063925
-0.043185
-0.131716
-0.164618
0.157105
-0.192794
-0.186136
-0.058331
-0.010082
0.054398
0.103732
0.158293
0.120020
0.085170
-0.034532
-0.090011
0.022004
0.120538
-0.045365
-0.061119
0.065942
-0.029067
-0.076533
-0.000038
-0.071103
-0.052890
-0.011965
-0.063632
-0.000745
0.021285
0.109127
-0.105823
-0.010854
-0.055344
-0.119936
-0.149667
-0.012661
0.026472
0.112972
0.084417
0.195612
0.082288
-0.147243
0.037405
0.170154
-0.035641
0.129202
0.162983
0.044080
0.164846
0.232709
0.116509
-0.010641
0.027572
-0.003748
0.007099
0.180026
-0.046852
0.180053
0.242816
0.070724
-0.009625
0.012394
-0.032376
0.004400
0.002937
-0.090949
-0.043572
0.066851
-0.027835
0.037567
0.289585
0.099690
-0.111187
-0.110439
0.038286
-0.192172
-0.068012
0.179936
-0.034266
0.042171
0.188691
0.234676
0.098516
0.087098
0.142541
0.218863
-0.022597
0.031595
0.073836
-0.067612
-0.049990
0.013415
-0.044937
-0.028187
-0.102346
-0.035568
0.124129
0.268995
-0.004302
0.031995
-0.030923
-0.084736
0.079452
-0.125508
-0.040645
0.033928
-0.166746
0.072886
-0.173703
-0.324860
0.117142
-0.089500
-0.236946
0.046672
0.065788
-0.061283
0.023483
0.105409
-0.012428
-0.026261
0.032979
0.213879
0.135588
0.118911
0.187434
0.029643
0.005003
0.109654
0.007508
-0.082394
0.058724
0.096372
0.068717
-0.177176
0.059202
0.057731
-0.099259
0.029045
-0.045309
-0.181733
-0.032924
-0.236412
-0.108939
-0.045993
-0.231479
-0.062176
-0.088262
-0.033060
0.151861
0.044684
-0.093569
-0.161449
0.055613
0.030024
-0.131191
-0.093728
0.021901
-0.069901
-0.008900
-0.094905
-0.045712
-0.025028
0.013327
-0.047958
0.123299
0.171099
0.200584
-0.041455
-0.050999
0.085795
-0.122426
-0.142314
-0.088290
-0.015907
-0.016753
-0.153256
-0.273568
0.032352
0.181764
0.066981
0.052963
0.341881
0.064440
-0.178183
0.137031
0.038725
0.202394
-0.074030
-0.129777
0.127320
0.175172
-0.028961
0.076790
-0.047474
0.074390
0.080211
0.095638
-0.114842
0.322263
0.116964
-0.063716
0.159898
0.064878
0.026961
-0.029663
0.039533
-0.020572
0.071292
-0.160296
-0.203088
0.132227
-0.172767
-0.092844
-0.073863
0.014753
0.079452
0.064370
-0.055311
-0.059340
-0.022019
0.191362
-0.053999
-0.011854
-0.040614
-0.026588
0.025205
0.004275
-0.064197
0.013805
-0.106201
0.079555
-0.063299
-0.065291
-0.062110
0.054859
0.139060
0.046409
0.055717
0.076826
-0.161139
-0.154073
-0.056015
0.040587
-0.231743
0.015503
-0.048111
0.072086
-0.034276
0.018806
-0.076757
0.125789
0.241370
-0.120140
-0.009635
0.043020
-0.026974
-0.263519
0.000627
0.080624
0.073195
0.072090
0.107809
-0.031656
0.142397
0.083642
-0.010223
0.074344
-0.066620
-0.079901
-0.228625
-0.008257
0.231681
0.027532
-0.116105
0.052687
0.128293
0.000248
-0.115372
-0.054031
-0.225139
-0.062492
0.255917
-0.233492
-0.213866
0.172586
-0.118639
0.007565
-0.018691
-0.090931
0.081443
-0.109853
-0.217161
0.229466
-0.011011
-0.165048
0.132513
0.144494
-0.125788
-0.141588
0.000685
0.045043
-0.064310
0.107949
-0.020818
-0.042397
-0.027343
-0.061903
0.116202
-0.129713
-0.104649
0.228737
-0.136167
-0.054224
-0.137931
-0.110459
-0.096974
-0.169990
0.022539
0.022595
-0.061021
0.194516
-0.065752
-0.042332
0.199863
-0.049778
0.121487
0.133570
-0.021412
0.026168
-0.287799
0.042568
0.042118
0.010463
0.038317
0.027683
-0.050629
-0.118240
-0.052882
0.031112
-0.150534
-0.038423
-0.002610
-0.004537
-0.005163
-0.258286
-0.062980
0.161826
0.178424
0.123487
0.130225
-0.308246
0.193144
0.203211
-0.262756
0.077480
-0.015021
0.114675
0.013183
0.081977
0.215264
0.117661
-0.019298
0.002759
-0.094325
-0.011720
-0.137594
0.127834
0.050633
0.003221
-0.018665
-0.015055
0.042431
-0.162932
0.074265
-0.029681
-0.004728
0.012983
-0.095720
0.087168
-0.004434
-0.071084
0.057922
-0.047194
0.050594
0.046413
0.015894
-0.000717
-0.046213
-0.103923
-0.008480
-0.092255
0.051364
0.152122
0.087378
-0.004661
0.021042
0.131792
0.075667
-0.247092
0.114757
0.155630
-0.146519
0.013394
0.160007
0.027889
0.088488
0.025901
0.113864
0.023402
-0.051556
-0.173493
0.094397
0.049892
0.005470
-0.073087
-0.080798
-0.202752
-0.084220
-0.169215
-0.318910
0.084263
-0.042042
0.047805
0.046991
-0.060150
-0.291181
-0.121371
0.028484
0.100647
0.169193
-0.005439
0.146626
-0.055044
-0.271033
-0.037688
-0.206715
-0.050591
0.095514
-0.095066
-0.001273
-0.228105
0.031911
-0.000460
-0.195827
-0.012293
0.001425
0.005720
-0.218107
0.062827
0.056174
-0.124389
-0.201934
-0.011125
0.010748
-0.009898
-0.067681
0.053111
0.145345
-0.216147
0.089413
0.214842
-0.035086
0.034986
0.314536
0.089778
0.135983
0.077562
-0.026888
-0.044658
-0.061645
-0.041709
0.053113
-0.075812
-0.048327
0.038197
-0.011083
-0.099785
0.033819
-0.199336
-0.123890
-0.001157
-0.160900
0.122395
0.284699
0.070109
0.087785
-0.008426
0.013762
0.035527
-0.133426
0.079307
0.176891
0.183549
-0.019577
0.060523
0.102140
-0.123743
-0.019383
-0.084507
-0.130500
0.035932
0.063016
-0.040761
-0.098166
-0.021807
-0.048489
-0.015194
-0.114837
0.111339
0.062544
0.036145
-0.178005
0.017502
0.019864
-0.475967
-0.268086
0.121385
-0.201399
-0.007859
-0.038558
0.068962
0.029029
-0.130356
-0.100074
0.083083
0.009330
-0.115509
-0.265280
-0.061825
-0.120756
-0.011465
-0.084635
-0.239217
-0.015128
0.066778
-0.038157
0.297496
-0.055420
-0.044252
-0.000316
0.025787
-0.078867
-0.091766
-0.011969
-0.059087
0.049677
0.051113
-0.063056
-0.077084
-0.076000
-0.130190
-0.205453
-0.022300
-0.182063
-0.081315
-0.091904
-0.022941
0.078977
-0.147748
-0.148620
-0.084153
-0.106069
-0.035525
0.149853
-0.094162
-0.061795
0.055305
-0.085256
-0.105204
-0.151320
-0.068699
-0.005075
-0.072633
0.181256
0.079335
-0.074489
-0.031743
-0.151344
-0.077809
-0.188671
-0.095374
0.096509
-0.067123
0.012155
0.058128
-0.050553
-0.024374
0.088219
-0.056240
-0.110786
0.011729
-0.119589
-0.114757
0.206784
-0.237944
-0.341089
-0.022709
-0.100143
-0.029439
-0.014936
-0.038538
0.073531
0.167659
-0.020354
-0.096439
-0.180673
-0.056219
-0.123690
0.055367
0.113480
-0.152016
-0.201293
0.023418
0.279515
0.251252
-0.168966
0.228626
0.234253
-0.285371
-0.171390
-0.005535
-0.209561
-0.092588
-0.190267
-0.027913
0.001385
-0.020159
-0.040704
0.019111
-0.006304
0.093954
0.120549
0.093787
0.080615
-0.094822
0.021377
-0.132947
0.191849
0.043175
-0.178659
0.008767
-0.114639
-0.034382
-0.187377
0.064251
0.041669
-0.009510
0.070154
0.057968
-0.223269
-0.140978
0.101190
-0.113740
-0.209297
0.059554
0.087272
0.130564
-0.086277
0.098787
0.271682
-0.032689
-0.156823
0.160512
-0.054690
-0.091372
0.123172
-0.013165
-0.085271
-0.211496
0.021867
-0.040571
-0.237402
-0.057079
-0.054040
0.014584
0.037174
0.000932
-0.096938
-0.010853
0.062499
0.062277
0.040104
0.070378
-0.007259
0.051955
0.032890
-0.053497
-0.006486
0.050534
0.010090
0.240446
0.205227
-0.082028
0.042186
-0.036749
-0.089591
-0.174479
-0.207880
0.372496
-0.183830
-0.094220
-0.002406
-0.099679
0.005277
0.040673
0.001213
-0.168669
-0.045797
-0.000318
0.044709
0.005599
-0.052487
0.166387
0.020236
-0.083733
0.037672
-0.029900
-0.045045
-0.049314
0.030690
-0.033512
-0.060125
-0.084801
-0.007998
0.031433
0.091701
0.055438
0.130433
0.102603
-0.006632
-0.018516
-0.030846
-0.055797
-0.091963
-0.255251
-0.131121
0.006908
0.068992
-0.099996
-0.100948
0.113299
0.008448
-0.036268
0.103471
-0.081788
-0.208834
-0.059166
0.030092
0.106683
-0.008585
-0.139648
0.053592
-0.020395
0.012498
-0.174457
-0.137541
0.043868
0.032023
0.076428
-0.148557
0.028403
0.061759
-0.019112
-0.168150
-0.163851
0.007313
0.023834
0.076970
-0.109173
-0.012297
-0.048746
0.110638
-0.177795
-0.021956
0.094111
-0.062253
0.161104
0.232785
-0.009498
0.081569
0.118048
-0.043624
-0.066829
0.058212
0.104194
0.020194
-0.088401
-0.046893
-0.073256
-0.104994
0.015878
-0.040434
-0.071693
-0.087546
-0.026877
-0.041409
-0.076173
0.140100
0.003620
-0.117374
-0.016620
0.020035
-0.166287
0.090782
-0.013568
0.105739
0.043889
-0.219890
-0.084397
0.040235
0.032290
0.020647
0.024368
0.270225
0.099937
0.012499
0.037408
-0.035539
-0.000621
-0.170737
-0.049768
-0.089154
0.069896
-0.021690
-0.127804
0.027130
-0.007916
-0.093897
-0.040268
-0.208404
-0.054753
-0.019985
0.026176
-0.198585
-0.008078
0.007631
-0.073122
-0.078976
0.000978
-0.039014
-0.116995
-0.102732
0.028327
0.057681
0.072696
0.053748
-0.152033
-0.142575
0.106424
-0.054681
0.030898
-0.015073
-0.084718
-0.070809
0.188873
-0.084242
-0.364475
0.185955
0.252587
0.027914
-0.159868
-0.113285
-0.085904
-0.067438
0.024954
0.048216
0.036935
-0.058353
0.043922
0.146600
0.128611
0.051900
0.102722
-0.185027
-0.319620
-0.124802
-0.109973
0.118126
-0.106076
0.021731
0.165575
0.151396
0.033191
0.090418
0.073054
0.070884
0.110673
0.048076
0.106422
0.173577
0.077305
-0.070212
-0.019232
0.024524
0.183014
-0.079434
-0.084624
-0.007980
-0.044949
-0.127381
0.108062
0.148464
0.013183
0.222595
0.168924
0.102214
-0.120029
-0.289242
-0.021493
0.014617
-0.115103
0.053828
0.148948
-0.014482
-0.102615
0.060531
-0.022431
-0.121663
-0.030499
0.095574
0.060656
-0.054461
-0.026426
-0.107243
0.070823
0.053561
-0.049168
-0.173340
-0.119716
0.031954
-0.043206
-0.131510
-0.064704
0.056175
-0.080542
-0.040211
0.077031
-0.101508
-0.055118
0.091325
0.246499
-0.073276
0.093059
-0.074028
-0.100337
0.085068
0.073773
-0.090526
-0.082774
0.107983
0.043603
0.014979
0.149531
0.036830
-0.048996
-0.202320
0.054393
-0.039138
-0.009416
0.045847
-0.004339
-0.251104
-0.129226
-0.107740
-0.115632
-0.103367
0.021069
-0.033707
0.140189
0.013732
-0.192226
-0.115946
0.147160
0.174154
0.121620
-0.066204
0.034160
0.160284
-0.022478
-0.130846
-0.101042
0.126477
-0.031217
0.092972
-0.021765
0.024455
-0.004065
-0.058639
0.313018
0.103196
-0.107051
0.135513
-0.076710
-0.115225
-0.107267
-0.023870
-0.053617
0.075625
-0.126195
0.029672
0.165158
0.085847
-0.099413
-0.202201
0.107031
-0.003961
-0.029115
-0.106483
-0.168099
-0.030376
0.100190
-0.042680
-0.117609
-0.038592
-0.179807
-0.202836
-0.000943
0.027581
-0.111480
-0.077842
0.060354
0.032094
-0.048314
0.018370
-0.109137
-0.180902
0.127464
-0.090177
-0.068591
0.019277
0.017229
-0.008946
-0.059211
0.000178
0.119631
-0.015986
-0.156099
0.116732
0.067504
0.042001
0.107387
-0.148379
-0.198746
-0.025924
-0.216417
-0.165251
-0.095969
0.038947
-0.101086
-0.026139
-0.149443
-0.235980
-0.154799
-0.156544
-0.112130
0.021901
-0.108947
-0.264618
-0.009787
0.110734
0.118037
0.096414
-0.001202
0.041110
0.247111
0.129578
-0.093863
0.024783
0.083155
0.131373
0.027123
-0.047259
0.211441
0.143906
0.095761
0.053715
0.129990
-0.036546
0.062956
0.087065
-0.031343
-0.188607
-0.085491
0.120068
0.047521
-0.011644
-0.216093
-0.241495
-0.066526
-0.052696
0.024914
-0.031610
0.190446
-0.010250
0.059913
-0.012146
-0.123814
-0.112873
-0.161532
-0.269924
-0.072868
-0.055017
-0.001499
-0.014497
0.032166
-0.110888
-0.087262
-0.132945
-0.260874
-0.023414
0.071761
-0.196193
-0.061146
-0.045375
-0.017711
0.074062
0.032116
0.153934
-0.085801
0.035225
0.281805
-0.105153
-0.080293
0.008400
-0.040651
-0.307361
-0.033784
0.080551
0.138207
-0.162706
-0.160442
-0.028655
-0.018997
0.132427
-0.213640
0.089043
0.051992
-0.154108
-0.040095
0.017500
-0.004535
0.062394
0.091869
-0.148466
0.115259
-0.027381
-0.046842
-0.070076
-0.015184
0.020803
-0.064284
-0.050467
-0.033794
-0.050162
0.030112
-0.049003
-0.352878
-0.197594
-0.017542
-0.067950
-0.051377
0.071730
-0.033461
-0.074979
0.122594
0.086647
-0.089179
0.018505
-0.078580
0.187119
-0.175196
-0.202239
0.015479
-0.090314
-0.178221
-0.138297
-0.008299
0.033424
-0.010490
0.100013
-0.113813
-0.145792
-0.140600
-0.037055
-0.162140
0.035070
-0.120901
-0.026811
-0.053418
-0.263247
-0.033084
0.255111
0.021484
0.026434
0.064179
-0.208140
-0.121793
-0.112145
-0.214181
-0.099208
0.144244
0.016801
-0.098634
0.044473
0.030367
-0.008162
0.017272
0.115089
0.099835
0.099632
-0.068888
-0.066487
-0.048632
0.157529
0.126051
-0.226595
-0.156870
-0.013248
-0.175966
-0.104806
0.030059
-0.023505
-0.025435
-0.126541
-0.196828
-0.207854
-0.128376
-0.114798
-0.101199
-0.045965
0.124799
0.020232
0.124643
0.040671
-0.204988
0.016189
0.174224
0.012188
-0.156718
-0.042157
-0.129244
-0.153169
0.131371
0.162547
-0.004149
0.083532
0.324877
0.069291
-0.008259
0.096341
-0.048016
0.011421
0.066607
-0.000014
-0.132305
-0.066230
0.005314
-0.032982
-0.074191
-0.165744
0.206338
0.105014
-0.003962
0.128367
0.292012
0.077193
0.036466
0.282467
0.194150
-0.149604
-0.094119
0.045710
0.083543
-0.355525
-0.199111
0.265135
0.268736
0.115602
-0.004112
0.094412
0.082346
-0.236801
-0.025406
0.029840
-0.018210
-0.161830
-0.134498
0.168067
0.025962
-0.106474
0.059009
0.125506
0.041344
0.064686
0.068937
0.010097
0.062207
0.036161
-0.265237
0.015344
0.012611
-0.021420
-0.124204
-0.188569
0.010168
0.081733
0.061935
0.148245
-0.004930
0.000094
-0.059791
0.033704
-0.071093
0.036039
-0.047266
0.041610
-0.040691
0.019899
-0.035168
-0.021397
-0.163775
-0.205377
-0.111715
-0.150250
-0.032596
0.115791
-0.027326
-0.115580
0.098193
0.048826
0.061941
-0.087849
0.043667
0.138566
-0.108894
-0.307040
-0.145607
-0.149287
0.049351
0.144013
0.120646
-0.035648
-0.104966
0.087543
-0.204270
0.153282
-0.006111
0.005804
-0.073916
-0.007714
0.168877
0.193246
-0.034669
0.024579
0.009022
0.042539
-0.314075
-0.262238
-0.023951
0.070716
0.211031
0.340781
0.167161
0.066317
0.054845
0.252390
-0.165709
-0.032121
0.129888
0.133338
0.033410
-0.096073
-0.043389
-0.006034
-0.032807
-0.004179
-0.018525
0.100019
0.028528
-0.084897
-0.030329
-0.115229
-0.242629
0.063984
0.118654
0.012724
-0.007945
0.087754
0.095114
0.134141
0.013170
0.033486
0.085223
0.040507
0.086886
-0.189946
0.045530
0.078279
-0.040597
0.103652
-0.072481
0.012994
0.057995
0.061550
-0.064286
0.116620
0.076299
0.205157
0.316884
0.180019
0.078120
-0.064508
-0.226378
-0.096946
-0.002843
-0.212678
0.026941
-0.175940
-0.108419
0.065551
-0.038712
-0.034135
0.105511
-0.030372
-0.154265
-0.088703
-0.147463
-0.024114
0.075963
0.081021
-0.202830
-0.128063
-0.081587
-0.119888
0.129598
-0.033234
-0.037250
-0.055058
-0.008784
-0.168354
-0.035506
-0.116527
0.072140
-0.034344
-0.225430
-0.062300
-0.018556
0.062890
0.080638
-0.271324
-0.024661
0.050300
0.036161
0.126477
0.101479
0.071818
-0.176949
-0.197211
0.121491
-0.105636
-0.037322
0.073571
-0.145410
-0.003632
0.046363
-0.075091
-0.114116
0.080850
-0.049480
-0.042788
-0.044598
0.081225
0.012142
-0.110612
0.085501
-0.117191
-0.225133
-0.172751
-0.040448
-0.027430
-0.034821
0.037342
0.169239
0.044264
-0.132331
0.141794
0.000966
-0.202082
-0.077012
-0.039344
-0.006145
-0.091565
-0.130606
0.110699
0.298274
-0.103369
0.006541
0.156657
-0.085758
0.075467
-0.055706
0.216838
-0.088721
0.034803
0.107209
-0.236865
-0.208388
-0.036684
-0.123284
-0.075437
-0.054570
0.103541
-0.000034
-0.082295
-0.000120
0.062382
0.043632
0.074368
0.009990
-0.123163
-0.019756
0.012406
-0.144466
-0.190248
0.027786
-0.088210
-0.021101
-0.038498
-0.188249
0.035982
-0.228383
0.260512
0.036171
-0.192839
0.031746
0.012415
-0.033603
0.008946
0.028023
0.217737
0.048276
-0.082182
-0.023624
0.045868
-0.171771
-0.020377
0.063648
-0.030151
0.088800
0.046141
-0.224009
0.145798
0.003050
0.120135
0.100454
-0.062546
-0.005482
-0.043678
0.026368
-0.150393
-0.095266
0.015686
0.071472
-0.019176
-0.082997
-0.008596
-0.009732
0.099117
0.129468
0.080131
-0.237286
-0.134214
0.092258
-0.000951
-0.155702
0.045133
0.031006
-0.031103
-0.117446
0.051248
0.247411
-0.116383
0.125124
-0.030346
0.080096
-0.032428
-0.033648
0.101597
0.315856
0.259094
-0.164204
0.032196
-0.149331
-0.082994
0.007207
-0.101858
-0.072212
0.111194
0.091918
0.077173
-0.034074
-0.072531
-0.134987
-0.007705
0.026886
-0.106322
0.009834
0.041883
0.123855
-0.152417
0.007792
0.225718
-0.013423
-0.104208
0.145050
-0.061799
0.042111
-0.071786
-0.056994
-0.001166
-0.043422
-0.126084
-0.136089
-0.135781
-0.032128
0.160119
0.026805
0.098249
-0.139666
-0.028634
-0.235326
-0.221612
-0.024559
0.352394
-0.032750
-0.110796
-0.112466
0.008031
0.032270
-0.111133
0.209215
-0.109373
-0.059358
-0.090512
0.015053
-0.048633
0.080405
0.082051
0.012119
0.074188
0.149159
-0.131220
0.049655
0.060370
-0.020562
0.027976
-0.118274
-0.134544
-0.069947
0.068668
-0.005343
-0.019478
-0.087834
-0.215124
-0.142919
-0.085482
-0.024455
0.132720
0.024623
-0.027253
-0.107171
-0.138473
0.027210
0.080640
-0.050142
-0.087751
0.147947
0.010570
0.118342
0.239268
-0.174719
0.028022
0.206551
-0.041035
-0.135923
-0.253545
-0.034393
0.075940
-0.113568
0.095052
-0.044688
-0.026233
-0.018808
-0.273798
-0.077259
0.187683
-0.098780
-0.087299
0.054044
-0.029399
0.089242
0.171229
-0.033671
-0.013895
0.113067
0.065553
0.042201
0.015527
-0.027744
0.103712
-0.055960
-0.058681
-0.046505
-0.062964
-0.046848
-0.202321
0.030425
-0.191973
-0.001355
0.067042
-0.079526
0.208314
0.072393
0.006369
-0.191688
-0.070567
0.094264
-0.076098
-0.068857
0.011496
-0.025090
-0.130649
0.200808
-0.016527
0.122866
0.003444
0.094035
-0.082414
-0.054110
-0.164147
-0.012689
-0.128633
-0.188055
0.009467
0.002613
0.195882
-0.022474
-0.141784
0.007744
-0.074438
0.094216
-0.140950
-0.038361
-0.042480
0.104241
-0.023484
-0.038465
0.052769
0.073711
0.021913
-0.077636
0.225891
-0.213347
-0.179133
0.212266
-0.095576
-0.130326
0.035187
-0.021206
-0.074266
-0.109621
-0.058173
0.109035
-0.142619
0.097942
-0.047390
-0.101650
0.005998
0.033371
0.169891
0.050526
0.278450
0.072393
-0.003407
-0.013457
-0.139029
0.021615
-0.082061
0.066001
-0.051102
0.029116
-0.045033
-0.003458
0.014467
-0.055962
0.171067
-0.027389
-0.201359
0.013636
0.200343
-0.014063
0.094942
-0.131785
0.076192
0.118671
0.105815
0.248045
0.046437
-0.100046
-0.046938
0.010094
-0.024296
-0.065642
0.095314
-0.044508
-0.064094
-0.005568
-0.168775
-0.011629
-0.010963
0.084766
0.046810
-0.127229
0.038530
0.016268
0.004735
-0.061490
-0.044161
-0.149467
-0.063051
-0.117879
-0.219243
-0.044420
0.071533
-0.110931
-0.093097
0.054303
0.059040
-0.091735
-0.004671
0.114653
0.171889
-0.037812
0.179342
0.214601
0.096607
0.084432
-0.169473
-0.141679
-0.002410
-0.011889
-0.214342
-0.023028
0.004711
-0.216014
-0.009502
0.128407
-0.117893
-0.138815
-0.137048
-0.026017
-0.007760
-0.122694
-0.065252
0.057664
0.027304
-0.068362
0.094982
0.151286
0.100428
0.025469
-0.041560
-0.095573
0.021407
0.089204
-0.050918
0.023186
-0.046414
0.018424
-0.180843
-0.015993
-0.183785
-0.131853
-0.055761
0.104963
-0.126989
0.027093
0.003556
0.017408
0.251185
0.234086
-0.177431
0.078475
0.028797
-0.069009
-0.031408
0.070074
0.203402
0.005710
0.363594
-0.058364
-0.019265
-0.059967
0.044601
0.088317
0.065481
0.014261
-0.086721
-0.108542
0.095672
-0.163981
-0.035292
-0.044867
-0.137233
-0.144872
-0.090603
-0.142769
0.045792
-0.108711
-0.148424
-0.195306
-0.074757
0.108801
0.242257
0.099767
0.039005
0.008798
-0.031292
0.017450
-0.147291
-0.064006
-0.106861
-0.054800
0.196169
0.064566
-0.119650
0.126242
0.057621
0.118188
-0.059408
-0.161001
0.028954
0.051491
-0.007906
-0.033798
-0.195607
-0.090813
0.007230
-0.214079
0.071086
0.074822
0.039453
-0.218272
0.085815
-0.134437
-0.096255
0.042683
-0.047335
-0.042637
-0.018361
0.001240
0.053446
0.040227
0.264861
0.053541
0.100106
0.296107
0.053666
-0.040082
-0.080635
-0.008858
-0.131628
-0.136516
-0.100032
-0.089114
0.090463
0.218994
-0.034241
-0.148977
-0.129644
-0.125668
0.038609
-0.119943
-0.000112
0.140164
0.007828
-0.009656
-0.024396
0.119204
-0.008439
-0.110710
-0.010151
0.001380
-0.064505
-0.013878
0.297971
0.088788
0.025193
0.036942
-0.100452
0.096512
-0.191568
-0.016170
0.045898
-0.025580
-0.296612
-0.083349
-0.010594
-0.092063
-0.028960
-0.009413
-0.129321
0.032010
0.039392
0.208324
0.262159
0.173826
0.150299
-0.059684
-0.024455
0.033722
-0.008942
-0.149991
0.007299
-0.028175
-0.132186
-0.042648
-0.206522
0.064404
0.136138
0.018980
0.121576
0.194964
0.120093
0.093644
0.229483
-0.003533
0.007022
0.084810
-0.195600
0.101955
0.035812
-0.103064
-0.070813
-0.072263
0.030603
-0.008875
0.110709
-0.081755
-0.130392
-0.012109
-0.003215
0.109587
0.253995
0.154451
-0.046422
0.255684
0.061436
0.016233
-0.019603
0.263247
-0.003280
-0.089549
0.075826
-0.081813
-0.213663
-0.268882
-0.014627
0.130769
0.044268
-0.022340
0.181983
0.206437
0.087622
0.088094
-0.032007
0.146742
0.049236
-0.154718
-0.071222
-0.100895
0.118437
-0.325325
-0.077882
0.165641
-0.084960
-0.029965
-0.049525
0.131316
0.048105
-0.005568
0.027049
0.048667
-0.044348
-0.010258
-0.023020
0.201946
0.101479
-0.084252
0.119695
0.049241
0.006084
0.005246
0.021861
0.055496
0.060282
-0.125285
-0.220889
-0.065684
0.081957
-0.093556
0.160984
0.165301
0.045544
-0.061675
0.191813
0.083994
-0.004395
0.055476
0.031862
-0.095169
0.105267
-0.010034
0.036925
0.123410
-0.164922
0.025286
-0.124191
-0.197502
0.124882
0.058968
-0.263917
-0.012705
0.176599
-0.106814
0.092943
0.039806
-0.334376
0.232263
0.076324
0.115887
-0.098115
-0.064445
-0.268689
-0.057903
0.065449
-0.206964
0.111358
-0.121596
-0.130050
-0.100843
-0.081887
-0.210973
-0.042525
0.024289
-0.077204
0.037129
-0.065717
0.135170
0.029105
0.097227
-0.093600
-0.035032
0.079410
-0.079725
-0.024368
0.040935
-0.008234
-0.086012
0.005214
0.184015
0.144472
-0.070033
0.015466
0.056136
0.094709
0.053160
0.065296
-0.056134
0.048064
-0.147398
-0.015666
0.064706
-0.173938
-0.100584
0.089627
0.054016
-0.061755
-0.128787
0.142480
0.181830
-0.159453
-0.026764
-0.144084
-0.096713
0.090555
-0.115255
-0.023920
0.140940
-0.000534
0.106732
0.065277
0.198277
-0.095480
-0.032056
-0.031938
-0.287113
-0.060167
-0.013951
-0.374238
-0.149927
-0.153592
-0.133218
0.001933
-0.153374
-0.052916
0.086362
0.050218
-0.018704
0.259963
-0.063462
-0.111810
0.019924
-0.057987
-0.061428
-0.105494
0.135307
-0.155612
-0.044090
-0.090911
-0.086448
0.048945
-0.113395
0.050342
0.068721
-0.032261
0.013171
0.068690
0.116604
-0.141564
0.228228
0.047755
-0.066718
0.193722
0.039559
0.018054
-0.191294
0.052611
-0.096376
-0.144135
-0.147999
-0.037595
0.208385
-0.036848
0.007864
0.273020
0.115883
0.017122
-0.052175
-0.021099
-0.061165
-0.298366
0.002767
-0.137135
-0.189373
-0.219104
0.026598
-0.058504
-0.122584
-0.009687
0.004205
0.071512
-0.153214
-0.034826
0.046876
0.069445
0.118169
0.039636
0.064645
0.277951
0.218114
0.091975
0.206621
0.086024
0.023966
0.248007
0.051026
-0.012523
0.005052
0.028506
-0.230457
-0.246162
-0.004527
-0.014592
-0.086080
0.153363
-0.091505
-0.235655
0.073015
-0.017048
-0.027959
-0.005415
-0.058613
-0.160080
-0.080498
-0.049495
0.038135
-0.088911
-0.017832
0.083699
0.005139
-0.142062
-0.171357
0.043194
0.008848
-0.090997
-0.003271
0.013545
0.057597
-0.028727
-0.015624
0.036981
-0.065260
-0.173328
0.073619
0.049863
-0.023534
0.034683
0.006360
0.029102
0.026666
0.006906
0.204033
-0.171614
-0.018402
0.085506
-0.016062
0.047315
-0.046116
-0.062848
0.075923
0.008462
-0.108491
-0.068239
0.124438
-0.135542
0.023014
-0.025985
-0.057821
-0.094070
-0.076035
-0.130635
-0.112692
-0.094627
-0.127445
0.060562
0.050451
-0.120996
-0.056934
-0.070877
-0.186475
-0.107252
-0.113554
-0.092869
0.072138
0.156311
-0.111460
-0.133510
-0.106569
-0.196718
0.128549
-0.070071
0.010418
0.020240
0.056999
-0.063298
-0.020596
-0.086970
-0.011335
0.015971
-0.130645
0.055084
0.111482
-0.053785
-0.078969
0.082277
0.127598
-0.012582
0.028103
0.141113
0.053005
-0.133371
0.079634
0.033133
0.003517
0.060108
0.039715
-0.024352
-0.210946
-0.053921
-0.028742
-0.063455
0.006054
0.022210
0.014739
0.168633
0.161356
0.039598
-0.035914
-0.093895
0.196296
0.056262
0.068149
0.286093
-0.022059
0.116697
0.060244
-0.187448
0.099856
-0.104532
0.041683
0.058393
-0.184069
-0.084234
-0.124605
-0.061625
0.123392
-0.104015
0.065894
0.101210
-0.195483
0.119720
0.021190
0.020492
0.028121
-0.056363
0.088699
0.175237
0.044901
0.130312
0.093006
-0.109798
-0.026427
-0.065970
-0.083752
0.039485
0.164272
0.021309
-0.143179
-0.206333
-0.239718
-0.124728
0.112850
0.104117
0.051274
-0.011115
0.164054
0.044355
-0.107069
0.045953
-0.103994
-0.022412
-0.118790
-0.081316
0.123139
0.031688
0.047765
0.109480
0.094565
0.074536
0.165771
-0.040908
0.083153
-0.017294
0.108101
0.294491
0.081731
0.113306
0.115142
0.008009
0.033381
0.029576
-0.016946
-0.061497
-0.070600
-0.170312
-0.002725
0.070333
0.114153
0.091884
-0.127976
-0.003240
-0.021493
-0.098433
-0.014249
0.076587
-0.086789
0.021506
0.152209
-0.076474
0.002587
-0.122718
-0.000311
-0.086895
-0.023907
-0.087504
-0.110017
-0.171036
0.097085
-0.047075
-0.119423
-0.116971
-0.148270
0.089931
-0.031237
0.078521
0.242832
-0.028918
0.001710
-0.022872
-0.126392
0.025574
0.139967
-0.216446
-0.053903
0.042076
-0.060996
-0.040759
-0.043550
-0.040456
-0.080981
-0.024913
0.099970
-0.042574
-0.031677
-0.015870
0.019138
0.230438
-0.066291
-0.048436
0.083278
0.077971
0.057167
-0.102679
-0.103224
0.000721
-0.086577
-0.022733
-0.107604
-0.288215
0.078772
-0.015189
-0.001212
0.176553
0.286878
0.042844
-0.069636
-0.082516
-0.046176
-0.159090
-0.356889
-0.242476
-0.008065
0.092498
-0.009734
-0.102472
0.021893
0.074518
-0.349836
-0.109333
0.077695
0.148378
0.085038
0.044718
-0.061600
-0.003924
0.159784
-0.018522
-0.124592
-0.106155
-0.143081
-0.178607
0.012316
-0.276567
-0.051631
0.203718
0.073793
-0.029506
-0.033766
-0.078554
-0.108043
-0.091557
0.018275
-0.071672
0.008349
0.021232
0.052932
-0.001382
0.091005
0.296306
0.156560
-0.008914
-0.013378
0.059588
-0.066668
-0.048151
-0.030203
0.058841
0.188267
0.045960
0.061981
0.096836
-0.109823
0.161105
0.017511
-0.154034
-0.109237
-0.174364
-0.157976
-0.006460
-0.167604
0.009951
-0.009594
-0.121550
-0.092585
-0.119413
0.024893
0.050628
0.027610
-0.006489
-0.073143
0.119142
0.185899
0.021976
0.018301
-0.144641
0.054980
-0.140486
-0.324351
0.001833
0.125834
-0.091583
-0.038313
0.077633
0.066562
-0.242062
-0.065155
0.056957
0.120140
0.069660
0.085947
0.050495
0.169050
0.257600
-0.146715
-0.006371
0.003607
-0.136060
-0.094770
-0.046843
0.050164
-0.051856
-0.137647
-0.002216
0.031094
-0.058489
0.031707
-0.040441
-0.037076
-0.065510
0.094448
-0.094477
0.092241
0.164977
-0.035277
0.076162
0.146827
0.176200
0.051088
0.125941
0.037741
-0.105369
0.162480
0.017666
-0.015831
-0.044358
-0.117040
0.128969
0.116867
0.018342
0.062855
-0.154691
-0.245568
-0.009334
-0.062589
-0.089288
0.004105
0.215355
-0.102974
-0.064341
0.152709
-0.130242
-0.131837
0.127829
0.190776
0.039156
-0.012621
0.126001
0.138484
0.237309
-0.070182
-0.108568
0.302184
-0.009304
-0.012721
-0.117114
0.142083
-0.020284
0.053004
0.311460
0.216256
0.140400
-0.223691
-0.210320
-0.055153
-0.026490
-0.113863
0.080959
0.305036
0.011465
-0.084474
-0.060713
0.017350
-0.132321
0.020508
0.154036
-0.103484
-0.119779
-0.008799
-0.014055
-0.131883
-0.131061
-0.043421
-0.043092
-0.006041
-0.178019
-0.311067
0.031678
0.154382
0.080329
0.117399
-0.149087
-0.070660
-0.024183
0.005126
-0.011036
0.132724
0.003585
-0.193529
-0.026216
0.024494
-0.008515
-0.062122
0.023212
-0.001724
0.153421
0.168279
0.033988
0.030029
-0.099713
-0.076775
0.064789
-0.061401
-0.138565
0.102039
-0.020257
-0.155807
-0.011499
-0.126632
-0.046955
0.034533
0.070135
-0.150204
0.032690
-0.014790
-0.145435
-0.086027
-0.200179
-0.116566
0.124343
-0.090397
0.334050
0.186562
-0.126937
-0.081137
-0.060596
-0.088450
0.013189
0.066918
-0.146826
0.202249
0.227167
0.082062
0.102633
0.135947
-0.234200
0.029185
0.164312
-0.095502
0.066950
0.196376
0.126597
-0.050239
-0.128937
0.120588
-0.126222
0.002940
0.104431
-0.466521
0.036922
0.207984
-0.090194
0.040321
0.005347
0.026815
0.111409
-0.054842
-0.054887
0.004871
-0.284608
-0.249287
-0.070967
-0.054079
0.002738
-0.059117
-0.156069
-0.090636
-0.020854
-0.112804
-0.097379
0.149108
0.014884
0.012979
-0.039896
0.001527
0.006325
-0.023122
0.046806
0.167307
-0.026609
-0.181967
-0.261234
-0.009779
-0.098920
-0.121277
0.341870
0.016737
-0.063352
0.262212
-0.124982
-0.055620
0.029604
-0.086510
-0.179802
-0.043414
-0.073273
0.107608
0.000564
0.114128
0.024327
-0.052902
0.026323
0.097135
-0.109776
0.251466
0.080661
0.083175
-0.247264
-0.216993
0.063673
-0.312497
0.131243
0.197357
-0.069594
-0.017682
-0.022295
-0.119485
-0.070101
0.052672
-0.129490
-0.056579
0.134230
-0.017345
-0.076449
0.083169
-0.075866
-0.002223
0.090008
-0.095816
-0.289345
0.053220
0.021415
-0.094532
-0.011922
0.101869
0.074289
-0.004229
0.049232
-0.070478
-0.114030
-0.158246
-0.293661
-0.091948
-0.035760
-0.043735
-0.058098
-0.117321
-0.093205
-0.175336
0.037259
0.029393
-0.094933
0.148472
-0.036482
0.070053
0.047844
-0.208393
-0.070410
-0.054539
-0.053599
0.030899
0.040814
0.019898
-0.208416
0.030158
0.068297
-0.078802
0.069491
-0.149700
-0.069677
0.092318
0.272659
0.116368
-0.151667
-0.073817
-0.042295
0.037555
-0.096294
-0.023841
-0.101572
0.020961
0.147743
-0.056736
-0.050260
0.164524
-0.234349
-0.087764
0.166642
-0.000570
0.047870
0.102817
-0.113759
-0.016386
0.025371
-0.064478
-0.194011
-0.152150
-0.051616
-0.125751
-0.151097
-0.038937
-0.128204
-0.057198
0.126783
-0.082277
0.007131
0.023554
-0.117525
-0.007898
0.160449
-0.047206
-0.071707
0.057852
0.217628
0.065480
0.115344
0.008048
-0.035788
0.121593
-0.230919
-0.031112
0.150046
0.027577
0.009261
0.150652
-0.002969
0.190050
0.025407
0.012945
0.150917
0.074149
-0.129459
0.082987
0.139758
0.068055
-0.156698
0.044679
-0.004705
-0.220159
-0.084788
0.122344
-0.078785
0.006742
-0.132890
-0.146134
0.183642
-0.080297
0.111203
0.121943
0.189682
0.030485
0.129361
0.104874
-0.307157
0.164851
0.144581
-0.142506
-0.064103
-0.253031
-0.319818
-0.128341
0.004374
0.177293
0.083585
-0.167112
-0.052136
0.243278
-0.024895
-0.069632
-0.022629
-0.120618
0.091069
-0.052238
-0.112266
0.067179
-0.082672
-0.261745
-0.184535
-0.087025
-0.152241
0.029841
-0.143033
-0.054039
0.069557
-0.053224
0.026530
0.009324
0.092668
0.038105
0.076836
0.317646
0.157137
0.163766
-0.130112
-0.084762
-0.154720
0.023975
0.025722
0.073555
-0.121904
-0.016830
-0.029245
-0.098663
-0.053094
-0.038109
0.042922
-0.162568
-0.075173
0.067193
0.020754
0.051900
-0.173537
-0.025438
-0.160338
0.228671
0.026259
0.101176
-0.070847
-0.091133
0.047419
-0.091505
-0.020236
-0.260669
0.124881
0.214387
0.071482
-0.033590
-0.053510
-0.005098
0.093238
-0.032172
0.072939
0.020133
-0.166934
-0.006175
-0.035484
-0.058068
-0.024882
-0.072581
0.035826
-0.076535
-0.090769
0.028424
0.148322
-0.035696
-0.032259
0.151323
-0.106353
-0.137862
-0.130440
0.067360
0.133278
0.007780
-0.238072
-0.068604
0.047186
0.096702
0.128622
0.114432
0.016364
-0.023381
0.057366
0.091648
-0.015661
-0.030373
-0.112464
-0.088123
-0.023619
-0.177676
0.030409
-0.035679
-0.124732
0.001562
0.057647
-0.087970
-0.186886
-0.258843
-0.029227
-0.153311
0.019215
0.050826
-0.036202
-0.000197
0.047995
-0.079001
-0.145422
-0.038027
-0.086354
0.140846
-0.125614
-0.104212
-0.061422
0.227272
0.259415
0.055096
-0.067994
0.066066
0.052951
0.104859
-0.010037
0.021962
-0.158489
0.118997
-0.071781
0.007330
0.026740
-0.074419
-0.307612
-0.274863
-0.176149
0.019585
0.024817
0.096836
-0.205863
-0.173973
0.034357
0.310845
0.265159
0.064585
0.241205
0.145048
0.066470
0.051429
-0.008768
-0.091010
-0.142288
-0.097790
-0.016300
-0.217356
-0.149524
-0.188287
-0.164338
0.067307
0.077084
-0.029284
0.198801
0.229299
0.063067
0.020105
-0.056808
-0.012789
-0.126125
-0.091407
0.160877
0.010232
0.033496
0.033942
-0.078655
-0.131646
-0.023836
0.040350
-0.111551
0.003350
-0.002788
-0.100265
-0.065857
-0.036464
-0.139191
0.022990
-0.044127
0.013876
0.006834
-0.166439
-0.161439
-0.108823
-0.066417
-0.150096
-0.004487
-0.074431
0.039598
-0.156303
-0.058349
0.093146
-0.017240
-0.016853
-0.099921
-0.019507
-0.112845
-0.119816
0.099081
0.127994
0.027866
0.096102
0.073720
0.053455
-0.008051
-0.003664
-0.029203
0.119570
0.123268
0.042160
-0.007171
-0.042366
-0.045689
-0.113709
-0.104717
-0.100741
-0.061420
-0.091765
-0.154612
0.058215
-0.046444
-0.311048
-0.014973
-0.217402
-0.123877
0.167638
0.095066
0.164585
-0.168896
-0.224832
0.073886
-0.181927
-0.050892
-0.127184
0.216526
0.233284
-0.085785
0.062452
-0.156092
-0.042800
-0.010683
0.016582
0.249907
-0.236543
-0.150549
-0.042252
0.031540
-0.093371
-0.008811
0.116591
0.152379
0.086267
-0.007897
-0.133087
0.041050
-0.110523
0.054199
-0.132679
-0.067006
0.000731
-0.086119
0.066373
-0.004815
0.154546
-0.015789
0.053259
0.025057
-0.215191
-0.177472
0.019211
0.161758
0.067697
0.001817
0.087781
0.027414
0.054419
0.054379
0.064997
0.042835
0.074705
-0.110392
0.056895
-0.104403
0.101823
0.131241
0.060729
-0.064489
-0.046717
0.073466
0.085303
-0.073135
0.201163
0.190701
-0.135491
0.028543
-0.123541
0.011482
-0.178277
-0.137472
-0.003365
0.025546
-0.102572
0.111505
-0.145527
-0.178423
-0.144424
0.026961
-0.067111
-0.104500
0.103891
-0.040799
-0.080423
-0.018283
0.089166
0.231398
-0.187848
-0.245905
0.092565
0.233255
0.141443
0.127661
0.076907
0.186019
0.141526
-0.145393
-0.072867
0.105474
0.223680
0.187656
0.052202
-0.017064
-0.119198
-0.027955
-0.154661
-0.196947
-0.187365
0.328548
0.084778
0.252678
-0.182423
-0.105056
-0.046147
-0.043361
-0.107911
-0.070989
0.234339
0.153276
-0.071214
0.068797
0.038069
0.086595
-0.178997
-0.067373
0.036871
-0.089610
-0.228397
0.027669
-0.064742
-0.145804
-0.030078
-0.063536
-0.087740
-0.146258
0.004342
-0.009729
-0.217817
-0.120526
0.041432
0.111926
-0.125366
-0.021440
0.109553
0.099465
-0.026432
-0.060911
0.133548
0.048269
0.214967
-0.003716
-0.072006
0.029012
0.163201
-0.074094
-0.084127
-0.006487
-0.114735
-0.002568
-0.159118
-0.229132
0.069519
-0.057527
-0.102758
0.060013
-0.024729
-0.066818
-0.065891
-0.015207
-0.198732
0.011395
0.066227
-0.051975
-0.130254
-0.116755
-0.035732
-0.096934
-0.099661
-0.200297
-0.022427
0.002334
-0.074201
0.019886
-0.064827
0.016795
0.002398
0.112066
0.082899
0.069865
0.027518
0.031048
-0.021796
0.129450
0.045514
0.156589
0.123570
-0.029377
-0.114404
-0.074975
-0.005593
0.064741
0.217485
0.109847
0.183886
0.088124
-0.078820
-0.236052
-0.289922
-0.118153
-0.285150
0.025091
-0.029150
0.093844
-0.004032
-0.044986
-0.044946
0.001751
-0.142423
-0.067028
0.127738
0.104330
0.125674
0.077170
-0.027701
0.223971
0.117405
0.074141
0.021868
0.004375
0.015875
0.020808
-0.088870
-0.095162
-0.117787
-0.171373
-0.073062
-0.174904
0.207331
0.035311
-0.000733
-0.099357
-0.113244
-0.136996
0.064836
0.062136
-0.079936
-0.101578
-0.124054
0.032787
-0.134551
-0.148152
0.123071
0.186007
0.069835
0.139605
0.001479
-0.006383
0.130576
-0.104922
-0.135175
0.031425
0.120838
-0.017981
0.144372
0.022944
0.097102
0.120973
-0.073914
-0.018174
0.051466
-0.048325
-0.013830
-0.149002
-0.110211
-0.004892
-0.073310
0.062605
0.198500
-0.044298
-0.026298
0.043195
0.041048
-0.011979
-0.076314
-0.086667
0.199522
0.175262
0.030209
-0.094542
0.024876
-0.215783
0.123328
0.024949
0.079250
0.048727
-0.071487
-0.095553
0.162439
-0.055474
-0.045383
0.071294
0.127456
0.001687
-0.256628
0.055131
0.021863
-0.253641
-0.120551
-0.122323
0.105455
0.013169
-0.050098
0.447942
0.300800
0.009639
-0.361867
-0.080463
0.086389
0.021539
-0.036794
-0.106874
-0.153036
-0.178715
-0.090749
-0.059393
-0.036395
-0.085326
-0.069650
-0.238707
-0.015750
0.238304
0.053720
-0.003282
-0.100140
-0.033982
0.074597
0.111671
0.015798
0.147214
-0.085826
-0.084883
0.143765
-0.004510
0.016363
0.026095
-0.158596
-0.072078
0.044243
0.039063
-0.062336
0.159326
0.007046
-0.144976
0.038909
0.014069
-0.048163
-0.104140
-0.233707
-0.241345
-0.049539
-0.118355
-0.051143
0.142779
-0.056754
-0.072382
-0.261453
0.105141
-0.010735
-0.011250
0.188080
0.129499
0.019029
0.063045
0.050993
0.092354
0.130167
0.067770
0.253674
-0.066774
-0.070535
-0.159766
-0.034779
0.019466
-0.186295
0.093430
-0.012349
-0.015823
0.050105
0.051089
0.207343
-0.060274
-0.072525
-0.081047
0.140873
0.027014
0.048053
-0.004063
-0.025554
-0.207713
0.077126
-0.054930
-0.263332
-0.445642
-0.303736
-0.168042
0.036585
0.061226
-0.083880
0.004999
0.049205
-0.010821
-0.127022
-0.043675
0.039431
-0.002460
-0.026586
0.065804
0.010159
0.063173
-0.116192
-0.080270
-0.160708
0.012682
0.194736
0.207956
0.099581
0.086894
0.041738
0.040174
-0.138737
0.025584
0.081451
-0.099881
-0.131653
-0.326158
-0.151897
0.003031
-0.024197
-0.071447
-0.069661
-0.167380
-0.074516
-0.007170
0.060586
0.065727
0.115124
-0.028996
0.020958
-0.054077
0.055746
0.051291
-0.059802
-0.001365
-0.076396
0.077037
-0.056458
-0.085708
0.114910
-0.070478
-0.102573
-0.131439
0.005870
-0.047537
-0.055293
-0.047281
0.226350
0.055704
-0.026009
0.117017
-0.127079
-0.046248
-0.112333
0.129516
0.169806
-0.134003
-0.052180
0.098553
-0.000514
-0.081244
-0.016415
0.111934
0.137253
-0.010624
-0.032704
0.192377
0.068018
0.139476
-0.034502
0.029857
-0.050699
0.034609
-0.143705
0.007717
-0.028789
0.009862
0.111855
-0.008506
-0.112760
-0.002761
0.027580
0.103165
-0.035495
0.028246
-0.082401
-0.063247
0.015542
-0.029201
0.222382
-0.035413
-0.099280
-0.098799
-0.182437
-0.012354
0.190018
-0.007704
-0.168819
-0.135107
-0.053125
-0.146909
0.016551
-0.159743
-0.203608
0.208298
0.126623
0.296899
0.054552
-0.003736
0.081035
0.034737
-0.079003
0.118524
0.090171
0.013519
-0.113617
-0.192812
-0.007365
0.129349
-0.003314
-0.141101
-0.167136
-0.218730
-0.339288
-0.102297
0.031203
0.015817
-0.068923
0.135926
0.086392
-0.007335
-0.067735
0.011384
-0.033537
0.004283
-0.033862
0.084729
0.051386
0.091440
0.071163
-0.167179
-0.014827
0.030417
0.133099
-0.080351
-0.231257
-0.120952
-0.235768
-0.195834
0.193436
-0.073768
-0.089711
0.152020
0.078474
-0.020967
-0.129568
-0.074566
-0.088810
-0.115125
0.153123
0.061827
0.040101
0.049692
0.070688
-0.023317
-0.030666
-0.101179
0.144149
0.176164
0.005265
-0.094290
-0.136371
0.012885
0.010545
0.031411
0.289528
-0.081108
-0.210540
-0.117618
-0.193277
-0.084905
-0.014568
0.103304
0.205930
-0.063526
-0.047177
-0.099551
-0.003271
-0.044476
0.140931
0.218565
-0.066608
-0.147855
-0.005749
-0.103719
-0.097565
-0.034242
-0.011474
-0.128607
0.022204
-0.214005
-0.172254
0.032184
0.004508
-0.066482
0.043897
0.007131
-0.149473
-0.016801
0.129502
-0.071560
-0.108456
-0.030524
-0.028315
-0.097756
0.055222
-0.047712
-0.036047
-0.309711
-0.020194
-0.051517
-0.056837
-0.084199
-0.054417
0.051251
-0.115891
-0.013118
-0.236058
-0.094576
-0.080199
-0.139586
-0.215666
-0.056152
0.091877
0.120979
0.028447
-0.093886
-0.132899
0.005585
-0.028545
-0.063161
-0.090356
-0.111240
-0.060873
-0.113212
-0.015514
0.095863
0.091290
-0.088759
-0.095752
-0.038053
-0.050967
-0.019327
-0.012772
0.160160
0.029246
0.077988
-0.009982
-0.102344
0.088481
-0.027415
-0.044283
-0.025654
0.205935
0.111551
0.165800
0.012448
-0.050689
-0.148488
0.156302
0.253190
-0.029059
-0.227066
-0.228934
-0.114161
-0.034308
-0.045313
-0.053560
-0.073841
0.068952
0.010671
-0.053320
-0.036174
0.008182
-0.302064
-0.360007
0.021119
0.101338
-0.017490
0.020364
-0.132898
-0.126457
-0.084291
-0.101226
-0.035927
-0.068867
0.008403
-0.262744
-0.161554
0.062016
-0.116838
-0.014007
0.350306
0.216751
-0.035335
-0.046322
0.060185
-0.017698
0.042046
0.063120
0.074369
0.025572
0.068452
0.162399
-0.073070
-0.091423
-0.017522
-0.067499
-0.151637
-0.122325
-0.208693
-0.109419
-0.114656
-0.003826
-0.157980
-0.244399
0.090675
0.119042
0.047809
0.061590
0.072506
-0.080834
-0.047953
-0.022043
-0.139266
-0.107145
-0.046352
0.206422
0.125566
0.059488
0.041567
0.107119
-0.064487
-0.134147
-0.069757
-0.108655
-0.259001
0.032407
-0.061329
-0.124813
0.013041
0.150250
0.098828
-0.070541
-0.137287
-0.125426
0.041865
0.052175
0.044108
-0.181594
-0.104371
-0.005496
0.076605
-0.003486
-0.001649
-0.053009
-0.152222
-0.025876
-0.062250
0.061315
0.074207
-0.174438
-0.138094
-0.089634
0.037090
0.021708
0.043379
0.090538
0.144521
0.174038
0.191606
-0.053623
-0.011753
0.046802
0.123102
0.084858
-0.108383
-0.159013
-0.096833
-0.184731
0.006025
-0.045115
-0.038328
-0.049935
-0.064499
0.023417
0.118688
-0.077633
-0.097371
-0.038832
0.128019
0.237927
0.246758
0.132464
-0.033141
0.038537
0.304814
-0.176107
0.045050
-0.020371
-0.303537
-0.168241
0.062215
-0.012069
0.035049
-0.074962
-0.261934
-0.104675
-0.076671
-0.011819
-0.158551
-0.074292
0.079776
-0.171341
0.048467
0.112842
-0.046998
-0.111281
0.130643
-0.022032
-0.127317
0.016489
0.030936
-0.131166
0.319850
0.058004
-0.293843
0.096946
0.087502
0.071176
0.107611
0.064266
0.099514
0.014426
-0.061077
0.040794
0.010786
0.049676
0.045417
0.143618
-0.028323
-0.036586
0.026019
-0.070086
-0.037375
0.135888
0.082264
0.019597
-0.131915
-0.120887
-0.091129
0.090391
0.010372
0.101571
0.033094
0.127936
-0.044448
0.257387
-0.001857
-0.049916
0.161774
-0.062414
0.026604
-0.060299
-0.135163
-0.184436
-0.247081
-0.096922
0.094537
0.131280
0.279976
0.191055
-0.284537
-0.170737
-0.171289
0.160230
0.030579
0.003877
0.080119
0.046535
0.092413
0.012436
0.068662
-0.072383
-0.188065
-0.020200
0.036093
0.132786
0.013621
0.102618
-0.255142
-0.098899
-0.125997
-0.096245
-0.011666
0.037478
-0.075145
-0.007181
-0.099022
0.099661
-0.009853
-0.020021
0.195373
-0.038590
0.075013
0.060109
-0.136646
0.201499
0.053590
-0.049862
-0.064262
-0.031427
-0.064256
-0.067340
-0.045849
-0.176498
-0.281758
0.034038
-0.136063
-0.060365
0.003601
-0.012440
0.144916
0.028934
-0.077872
0.027498
0.027337
-0.078707
-0.000605
0.005606
-0.021415
-0.135663
-0.023892
-0.130796
-0.057698
0.008701
-0.069703
0.062907
-0.235671
-0.053163
-0.127292
-0.118096
-0.000910
-0.162089
-0.043818
0.033306
0.002456
-0.020778
0.036114
-0.076102
-0.136817
-0.136170
-0.107989
-0.067461
-0.132631
-0.010964
-0.062240
0.022061
-0.012399
0.004465
0.001088
-0.096169
0.098012
0.063274
0.026508
-0.005752
0.043888
-0.069521
-0.006982
0.023721
-0.194932
0.142779
0.008080
-0.076039
-0.108087
-0.090471
-0.027801
-0.231552
-0.175670
-0.063996
-0.076012
-0.056232
-0.133554
-0.012180
0.035287
-0.125784
-0.165047
0.083289
0.191830
-0.154387
0.013488
0.218329
0.042064
-0.141280
0.053559
-0.024613
-0.049537
0.211598
-0.122436
0.050949
-0.067814
-0.062248
0.090147
-0.035789
-0.032120
-0.047687
-0.078163
-0.190170
-0.013765
0.102471
0.026064
-0.041958
-0.183388
0.096287
-0.174193
-0.075146
-0.086812
-0.130704
-0.175852
-0.117194
0.034815
-0.016128
-0.145375
-0.087441
-0.133594
-0.212049
-0.082177
0.050645
0.209793
-0.056954
0.137295
0.107868
-0.083735
0.080641
-0.040926
-0.049642
-0.000171
-0.154452
-0.125961
-0.008150
-0.274837
-0.263115
-0.199142
-0.320246
-0.186567
-0.072458
0.096749
0.151957
-0.078115
0.174510
-0.004988
0.060219
0.162390
-0.095073
-0.047789
0.016422
-0.085281
0.052057
-0.153809
-0.116166
0.082722
-0.090918
0.033208
-0.110836
-0.106365
-0.095373
-0.049446
-0.142566
-0.361460
-0.175210
-0.111074
-0.157547
0.071633
0.030226
0.048470
0.082445
-0.053693
0.123813
0.108865
-0.025777
0.116669
-0.231693
-0.027320
0.070021
-0.026773
0.142687
-0.000891
0.087643
0.175774
0.021911
0.004333
0.008927
0.000540
-0.084252
0.067674
-0.007738
0.016937
0.019131
-0.015820
0.030695
-0.014887
-0.035492
0.062387
0.022574
-0.151301
-0.215829
0.008825
-0.033334
-0.027298
-0.078164
0.055474
-0.009922
-0.131821
-0.232973
0.057999
0.067522
-0.238603
0.085166
0.190124
-0.052044
0.164711
0.108446
0.083369
0.022269
0.037000
-0.060104
0.010237
0.156144
0.145749
0.221188
-0.025271
-0.045505
0.113786
-0.008371
-0.008302
-0.114706
-0.036086
0.060485
-0.070653
0.181256
0.100055
-0.109582
0.081669
0.029251
-0.105273
0.074723
-0.045896
-0.080338
0.032839
-0.089608
-0.146135
-0.021664
-0.197983
0.017756
-0.067894
0.011165
0.150055
0.022863
-0.290895
-0.099284
-0.005362
-0.153843
-0.087344
0.039592
-0.022430
-0.015417
0.023696
-0.042104
-0.038198
0.037558
0.039353
0.074958
-0.096005
-0.052040
0.050749
-0.058210
-0.146367
-0.121368
0.165271
-0.181267
0.033215
0.076975
0.008639
0.030383
-0.032066
-0.137217
0.122061
-0.201290
-0.201029
0.279163
-0.027548
0.000330
-0.131518
-0.078078
-0.190599
-0.127436
0.014178
-0.082431
-0.050082
-0.072589
0.146607
0.088150
-0.139541
0.030495
-0.026441
-0.135758
-0.178984
-0.069463
-0.019860
-0.016234
-0.165120
0.015852
-0.007577
-0.104203
-0.102117
-0.096654
-0.085522
-0.026189
0.000762
-0.026675
0.045337
-0.072842
-0.074007
-0.117740
-0.041270
0.060701
-0.139755
-0.105012
-0.118941
-0.133876
-0.120006
-0.155755
-0.075948
-0.027703
-0.088827
-0.019767
0.007200
-0.023257
-0.146874
-0.296668
0.106595
-0.193030
-0.229542
0.107355
0.052400
0.103606
-0.070786
0.032824
0.087663
-0.077822
-0.106384
-0.061627
-0.219246
-0.188302
-0.148987
-0.003484
-0.124258
-0.303307
0.008792
-0.081016
-0.150790
0.097027
-0.009805
-0.161232
-0.067492
-0.113250
-0.180228
-0.059940
0.058498
-0.014261
0.073716
-0.095764
0.008831
0.075280
-0.177242
-0.113208
-0.091054
-0.005978
-0.073978
-0.083846
-0.037287
-0.022785
-0.056337
-0.085965
-0.168020
-0.216304
-0.056182
-0.179361
-0.317836
-0.098079
-0.076914
0.000143
0.013493
-0.112864
0.099530
-0.027381
-0.161904
0.015064
-0.087595
0.033316
-0.134544
-0.062558
0.031875
-0.244939
0.216491
0.036482
-0.019405
-0.111005
-0.130884
0.040510
-0.114234
0.033790
0.189265
0.184390
0.002516
0.305461
0.028332
-0.115301
-0.027741
-0.042368
-0.178006
-0.249305
-0.034478
-0.097185
-0.102163
-0.065788
-0.155800
-0.009953
0.050599
-0.232031
-0.089606
0.131105
-0.036433
0.025563
-0.099953
-0.094970
-0.038012
-0.140771
-0.269481
0.115564
-0.155569
-0.145349
0.143928
-0.123229
0.016189
0.056913
-0.212333
-0.133364
-0.032226
-0.058212
-0.032947
-0.036152
-0.036867
0.059021
0.082528
-0.207121
-0.212935
-0.145373
-0.051004
-0.136936
0.059122
0.072234
0.120799
-0.016298
0.142575
0.065212
-0.213357
0.065022
-0.021773
-0.052587
0.039201
0.059877
0.311387
0.045127
-0.024746
0.045674
0.045118
-0.018954
0.232454
-0.058921
0.064909
0.021212
-0.091256
0.017106
0.002166
0.090618
0.005419
-0.154370
0.050675
-0.039623
-0.141705
0.088284
-0.054083
-0.059996
0.131783
-0.063918
-0.030332
-0.007164
-0.051925
-0.024780
0.283809
0.047591
-0.099282
0.206369
-0.046693
-0.193399
0.263833
-0.121432
0.082484
0.113482
-0.150949
0.012327
-0.036411
-0.031768
0.149690
0.041838
-0.097365
0.213709
-0.103967
-0.210832
0.112242
-0.003707
0.062636
0.094899
0.121068
0.082351
-0.204963
0.172262
-0.147900
-0.199138
-0.009102
-0.128681
-0.187406
0.205912
-0.207078
0.174691
-0.063101
-0.161999
-0.001731
0.114799
-0.005885
-0.096501
0.014580
-0.056760
0.146174
0.069704
-0.151249
0.149864
0.099445
0.029863
0.021283
0.107771
-0.028832
-0.047126
0.016973
-0.132281
-0.056528
-0.080012
-0.044147
-0.152497
-0.121567
0.025766
0.079550
-0.110441
-0.148301
0.080150
0.058515
-0.068772
-0.041195
-0.201573
-0.100421
0.009458
0.043769
-0.199271
-0.084711
0.007304
-0.193546
-0.186897
0.125939
0.196545
0.106359
0.017852
-0.103217
-0.109557
0.069606
0.183766
-0.172232
-0.071411
-0.120174
-0.036217
-0.174880
-0.172274
-0.068662
-0.191996
-0.093856
0.164719
0.220815
0.167170
-0.113660
0.250742
-0.021730
-0.044672
-0.065329
0.154129
-0.102921
-0.069537
0.178580
-0.059092
0.185373
-0.157876
-0.151192
0.128697
-0.260840
0.023612
0.082964
0.028881
0.063780
0.034078
0.029329
0.011369
-0.007964
0.060791
-0.027183
-0.115017
-0.105560
-0.092903
-0.010152
-0.109983
-0.012897
-0.297079
-0.065983
-0.057259
0.052752
0.092497
-0.025928
-0.009635
-0.071478
-0.053754
0.195708
0.034070
-0.045210
-0.154503
-0.068889
-0.065120
-0.039365
0.045117
-0.102207
-0.013041
-0.013687
0.107723
-0.172521
-0.013512
0.080812
0.340887
0.061185
-0.094737
0.099827
-0.144192
-0.037559
-0.243098
-0.104295
0.102225
-0.152462
0.097765
0.214665
-0.148656
0.201410
0.057206
-0.004343
0.033501
0.081211
-0.063142
0.239889
0.097210
0.163433
0.036633
-0.146302
-0.194445
-0.117637
-0.120027
0.012470
0.174213
0.116504
-0.034532
-0.055623
0.136663
0.084932
-0.049681
0.021498
0.062395
-0.098439
0.052256
-0.148983
-0.045289
0.011896
-0.302419
0.048232
-0.004516
0.080256
0.263901
-0.152926
0.265206
-0.173543
0.033245
-0.025848
-0.086969
0.080670
-0.020848
-0.060988
0.163802
-0.080018
0.006810
-0.069059
-0.095119
-0.009420
0.012626
0.309253
0.091411
-0.035688
0.128871
-0.129968
-0.035312
-0.041633
-0.057905
-0.036563
-0.022466
-0.006446
0.121419
0.099566
-0.042091
0.032177
0.035403
0.055413
0.039017
-0.084262
-0.073766
0.139647
-0.150555
-0.080851
0.031050
-0.099073
0.091354
-0.160362
0.070604
0.084184
0.030305
0.037280
0.100579
0.085639
0.216737
-0.015930
-0.109113
-0.026272
0.018798
-0.053878
-0.021105
0.192970
0.037746
-0.202619
0.182570
0.144364
-0.064416
0.145545
-0.118214
0.064163
0.006997
-0.234523
0.013462
-0.092401
0.141194
-0.102677
-0.099461
0.306082
-0.162325
0.178475
0.170671
-0.082641
0.137204
-0.041798
0.258005
-0.027234
0.026782
-0.186602
-0.077055
-0.070978
-0.008738
0.073204
-0.022012
0.202645
0.053580
0.027518
0.035572
-0.160997
-0.081575
0.240476
-0.021680
-0.057534
0.092113
-0.051166
-0.039994
-0.270613
-0.010870
-0.150509
0.148464
-0.074640
0.032206
-0.305569
0.028929
-0.070038
-0.301814
0.156716
-0.129805
-0.020141
-0.038524
0.045498
-0.134276
0.231960
0.035531
0.137656
-0.098763
-0.035371
0.020787
0.013972
-0.067735
-0.142035
-0.023261
-0.005720
0.100345
0.076841
0.061530
0.041491
-0.032133
0.050220
-0.076198
0.202648
-0.055727
0.027333
-0.029832
-0.101423
-0.102538
0.005048
0.041156
-0.155898
-0.100376
-0.064611
-0.003824
0.178032
-0.134301
-0.092135
-0.022062
-0.080965
0.089925
-0.103081
0.083803
0.047307
-0.004953
0.256958
-0.072706
0.058295
0.026314
-0.064374
-0.167100
0.091830
-0.217899
0.028601
-0.008658
0.105747
-0.015441
0.022182
0.016498
0.186403
-0.001612
0.182547
0.080184
0.045962
-0.065509
-0.189911
-0.041086
-0.103808
0.051272
-0.122506
0.018023
-0.089445
0.035570
0.007892
0.034156
-0.095365
-0.035691
0.041790
0.032277
0.036912
0.075143
0.241144
0.043534
0.043042
-0.090926
-0.027026
0.053791
-0.147517
0.208801
0.025288
0.009747
-0.006738
-0.050349
0.144108
-0.173667
-0.152578
0.062056
-0.249084
0.020467
0.038799
-0.111062
0.071294
0.064746
0.077289
0.142421
-0.126818
0.242139
-0.072956
0.128933
-0.109593
-0.074070
0.126692
-0.248102
0.242315
-0.087812
0.241301
-0.054679
-0.047810
-0.046449
-0.108820
-0.277200
0.042804
-0.245001
-0.259744
-0.123275
-0.117310
-0.075974
-0.188929
0.035368
0.050689
-0.188915
-0.141536
-0.171448
0.147805
-0.188555
0.051209
0.201988
0.016486
-0.034729
0.106392
-0.020015
0.041128
0.101959
0.024120
0.102749
0.124277
0.035788
-0.165214
0.184200
-0.027350
-0.115516
-0.018398
-0.199104
-0.090897
0.028637
-0.012091
-0.026145
0.140934
-0.153881
0.016893
-0.155213
-0.001306
0.037182
-0.133276
-0.127508
-0.185137
-0.136756
-0.100747
-0.049744
-0.029602
-0.039434
0.087676
-0.119945
-0.055805
-0.018952
0.053701
-0.111667
0.086521
-0.010340
-0.066665
0.043276
-0.209762
0.150353
0.024750
-0.123292
-0.112657
-0.027836
-0.012952
-0.103437
-0.008348
-0.180698
0.123895
0.062719
-0.006939
-0.247855
-0.160501
-0.067313
-0.142026
-0.042181
-0.108526
-0.048365
-0.066931
-0.007368
0.079385
0.003427
-0.094320
-0.034647
0.009524
0.119931
-0.018614
-0.093309
0.140299
-0.045201
0.001233
0.046050
0.155524
0.148379
-0.003095
0.037766
-0.037934
-0.036123
-0.110994
-0.003800
-0.199739
-0.042879
0.002716
-0.146617
-0.032227
-0.098499
0.108769
0.017325
-0.067436
0.088298
0.070070
0.173970
0.016390
0.003131
-0.114446
-0.097284
0.124287
0.076945
-0.055411
0.131640
-0.144030
-0.079195
-0.062923
0.032594
-0.011576
-0.028071
0.087251
0.131768
-0.091462
0.107632
0.116914
0.227811
0.092080
0.203861
-0.274799
-0.118012
-0.035951
-0.266646
-0.196497
0.122100
0.022550
0.050535
-0.171377
-0.113681
0.123080
-0.061023
-0.052222
0.076202
0.015900
0.190496
-0.089881
0.077507
-0.057094
-0.068803
0.039320
-0.091228
0.087119
-0.055539
-0.073307
-0.060551
-0.027157
-0.010493
-0.166492
0.155455
-0.054114
0.066729
-0.206773
0.013916
0.111257
-0.009149
0.070070
-0.204603
0.180277
0.065653
-0.009519
0.026384
0.076548
-0.028575
-0.118744
0.047987
-0.049474
-0.067570
-0.216849
0.043656
-0.084529
0.011539
0.157470
-0.133443
0.031439
0.046708
-0.102881
-0.088099
-0.072959
0.022783
-0.100029
0.038701
-0.121923
-0.184273
0.013195
-0.153363
-0.192578
-0.029258
-0.091934
0.034684
0.094763
0.000906
-0.057296
0.068874
0.123484
0.079935
0.101179
-0.146616
-0.017810
-0.168924
-0.133267
-0.074919
-0.130016
0.016248
-0.133317
-0.097378
0.071967
0.134060
0.115312
-0.018472
-0.254611
-0.064629
-0.061125
0.038070
-0.146978
-0.093843
0.076879
0.095698
-0.019849
0.072904
-0.015830
0.069557
0.160571
-0.044556
0.011602
-0.024644
-0.069930
-0.120820
-0.116278
-0.281020
0.038893
0.078914
-0.012066
-0.063470
0.015690
0.071042
-0.018616
-0.063201
0.028730
-0.031038
0.098206
0.084390
0.102490
0.018459
0.003961
-0.097621
-0.018270
0.050885
-0.163385
0.087783
0.101001
0.104204
0.025969
0.013064
-0.032387
-0.130454
-0.129148
-0.126699
-0.194375
-0.025381
0.054991
0.062784
0.061059
-0.002898
0.034302
0.013247
0.071257
0.060837
0.133272
-0.070724
-0.103420
-0.223104
0.080331
0.156041
-0.042178
0.139963
0.086352
0.086724
0.063726
-0.066425
-0.179776
0.169537
0.037050
0.192556
-0.000424
-0.125800
-0.115889
-0.054129
-0.097058
0.057766
0.006362
-0.175466
-0.275089
-0.013959
0.100857
0.092934
-0.003332
-0.112786
0.140934
-0.014916
-0.037418
-0.059234
-0.090375
0.042403
0.040406
-0.050080
0.038185
0.033632
0.234071
0.332876
0.056227
-0.223015
-0.008887
0.087097
0.065782
0.006953
-0.090267
-0.073676
-0.143267
-0.088751
-0.077151
-0.043466
-0.035728
-0.231420
-0.038056
-0.014693
-0.076561
0.006856
0.125347
0.091686
0.042693
0.120026
0.018936
-0.052174
-0.048185
0.087040
-0.100356
-0.095937
-0.000798
-0.148876
0.005804
-0.098672
-0.018022
-0.080678
-0.200947
0.093080
0.085728
-0.136040
0.121473
0.133481
-0.064119
0.096600
0.017131
0.075972
0.027231
0.016084
-0.263109
-0.139609
-0.037801
-0.093526
0.061707
-0.036699
-0.098935
-0.158975
-0.200148
-0.116876
-0.149619
0.028789
0.005496
0.213124
0.222720
-0.014559
-0.157858
-0.072949
-0.059788
-0.152404
-0.182367
-0.044270
0.113971
0.098879
-0.027664
-0.160305
-0.106385
0.014700
0.025782
-0.055700
-0.089799
-0.030783
0.080609
-0.139373
-0.155676
0.087849
0.080932
0.088146
0.018139
0.127320
-0.104324
-0.006185
-0.010821
-0.145367
-0.044336
0.078565
-0.090181
-0.149728
0.184326
0.125549
-0.027248
-0.037641
-0.062759
-0.049474
-0.233705
-0.256464
-0.145346
-0.155696
-0.246003
-0.021049
-0.034275
-0.086318
0.126048
-0.118301
-0.091197
-0.014683
0.283933
0.064159
0.070917
0.062474
-0.079233
-0.000716
-0.061703
-0.257836
-0.218861
0.198534
0.248175
0.056206
0.061068
-0.047707
0.021254
-0.028831
-0.179749
-0.094045
0.085496
-0.022107
-0.066056
-0.055505
-0.229599
-0.215643
-0.026121
0.199028
0.111806
-0.030682
0.090533
0.032226
-0.052185
-0.178814
-0.087731
0.059367
0.072668
-0.097989
-0.024615
-0.011538
0.014817
0.093328
0.242849
0.084086
-0.285992
-0.135474
-0.160718
0.148075
-0.137238
0.044120
0.065133
-0.021841
-0.081096
0.077858
-0.001501
-0.164421
-0.066744
0.044910
0.148270
-0.215045
0.118201
0.143071
-0.035378
0.086820
0.022208
0.059597
0.067736
-0.027379
0.139546
0.015138
0.106897
0.002752
0.036347
0.162863
0.013418
0.001207
0.019291
0.084919
-0.031446
-0.006539
0.134022
0.077541
0.113647
0.027647
-0.161962
-0.051805
0.211112
0.192815
0.003086
-0.052333
-0.223020
-0.098102
-0.198535
-0.081146
-0.045242
0.031995
-0.068216
-0.279613
-0.003391
0.134688
0.062105
-0.029511
0.105991
0.186874
0.064711
0.005702
0.004842
0.067147
0.213427
0.148367
0.034734
-0.018975
-0.149836
0.207552
0.071281
-0.112690
-0.006404
-0.077694
-0.017002
-0.039152
-0.105681
-0.002921
0.063105
0.256507
0.036766
-0.164526
0.043522
0.309607
-0.228051
0.024985
0.039041
-0.003088
-0.027889
0.045915
-0.090621
0.003975
-0.076689
0.041169
0.049587
-0.088557
0.121545
-0.014210
0.092341
-0.169855
0.041503
0.233911
-0.060075
0.081881
0.106981
0.101696
-0.009960
-0.047041
0.073957
0.096935
-0.017469
-0.153848
-0.086237
-0.058961
-0.020216
-0.002151
-0.080056
0.006670
0.056667
-0.061426
-0.031982
-0.074111
-0.105270
0.065533
0.019121
-0.014170
-0.086772
-0.073295
0.002223
-0.001294
0.120083
0.070260
0.153174
0.118147
0.065915
-0.010265
0.069848
-0.013529
-0.075438
-0.044752
0.001953
0.136920
0.248829
-0.143441
0.145432
0.150425
-0.081892
0.012939
0.018867
-0.075405
-0.043663
-0.236622
-0.018393
-0.071042
0.084065
0.252982
-0.116056
0.026474
0.023078
-0.045656
0.091656
0.068112
-0.176968
-0.053146
-0.043311
0.040435
-0.006242
-0.003663
-0.072848
-0.079824
-0.089412
0.170447
0.199517
0.003551
-0.059252
-0.007026
-0.000440
-0.017133
-0.042398
0.116619
-0.204545
-0.159099
-0.020269
0.058545
0.054742
0.000550
-0.042556
-0.061558
-0.104053
-0.032784
-0.040422
-0.030255
0.026227
-0.020140
0.016189
-0.105739
-0.124040
0.054365
0.158459
0.116480
0.188334
0.063839
-0.042518
-0.046234
0.251146
0.141595
-0.032789
0.030206
0.119684
0.006294
0.003673
-0.001872
0.081842
0.184263
0.193588
0.309163
-0.050748
-0.083085
0.133740
-0.034882
0.054852
-0.094532
0.040379
0.129571
0.110761
0.069288
0.090784
0.082501
0.016585
0.126026
0.078905
-0.024434
0.053408
0.060252
-0.060637
0.071585
-0.139193
0.004608
-0.034663
-0.081637
-0.208976
-0.220152
-0.285434
0.014686
-0.167803
0.002263
0.138561
0.136869
-0.117768
0.056615
0.156553
0.096035
-0.140342
-0.088079
-0.123523
0.046232
0.010339
-0.057542
0.004547
-0.046823
-0.160497
0.187846
0.266054
0.103322
-0.080224
-0.057223
-0.055272
-0.196563
-0.414981
-0.206245
0.157230
0.118939
0.162493
0.084457
0.202548
0.015960
0.044748
0.123604
0.089780
-0.068910
0.000569
-0.175220
-0.161598
-0.091630
-0.120828
-0.262518
-0.003603
0.095438
0.029242
0.143857
0.070102
0.229019
0.021388
-0.080397
0.210748
-0.052043
0.069829
-0.181574
-0.085068
0.029481
0.048025
0.126514
0.038521
-0.074029
0.024712
0.061925
-0.024861
0.072324
0.015828
0.096379
0.035880
-0.015569
-0.070446
0.096372
0.098843
-0.068845
-0.112891
-0.081756
0.097870
0.064815
0.087129
-0.059542
0.051854
-0.023480
0.025979
-0.084475
0.007208
0.000626
0.152269
-0.130746
-0.248409
-0.023246
0.007913
-0.097857
-0.045881
0.126519
0.083972
-0.025809
0.075359
0.158001
0.021789
-0.016477
-0.025392
0.022896
-0.093266
-0.250904
-0.076566
0.010564
-0.109502
-0.066572
-0.017519
0.026857
0.076595
-0.045844
-0.132273
-0.009407
0.053583
-0.010602
-0.000350
0.180115
-0.071437
-0.009064
0.096914
-0.050305
-0.115975
0.014654
-0.031848
-0.102136
-0.095896
-0.094083
-0.151294
-0.137052
-0.011923
-0.009114
0.116004
0.210736
0.055400
0.014204
0.045062
0.089663
0.073553
-0.085152
-0.249086
-0.164861
-0.031971
0.191376
0.050185
-0.004621
0.248958
0.385634
0.100319
0.001029
-0.098412
-0.046126
0.153882
0.004824
-0.094155
0.003535
-0.008754
-0.111896
0.083341
0.064891
0.003879
-0.122865
-0.019864
0.070086
-0.009936
-0.170081
0.062186
-0.091451
0.025570
-0.064324
-0.165662
0.073540
-0.070920
-0.051162
-0.055835
0.006586
0.039514
0.105413
0.085776
0.143180
-0.042330
0.015299
0.082606
-0.049411
0.164477
-0.057994
0.092466
-0.056200
-0.136288
0.040220
0.035910
0.051087
-0.313512
-0.171439
-0.020461
0.018851
-0.169469
0.137532
0.037298
0.030619
0.275923
0.062999
-0.024395
-0.011601
-0.112557
0.113392
-0.029712
-0.170575
0.011986
0.013113
-0.235326
-0.151907
-0.147918
0.005188
-0.059865
-0.107028
-0.302878
0.055446
0.096340
-0.017955
-0.035329
0.167164
-0.093397
0.087903
-0.022743
-0.019665
-0.028825
-0.077074
-0.143642
0.070119
-0.216482
0.073969
0.012097
-0.039941
-0.093043
-0.012269
-0.034137
-0.016776
0.012027
0.208723
0.066144
-0.062542
0.010212
0.185321
-0.065901
0.035093
-0.221190
-0.026711
-0.028908
-0.024130
-0.034931
0.030819
0.151758
-0.051623
-0.019646
0.065217
-0.065857
0.101789
-0.122230
0.030563
0.018425
0.198993
0.049592
0.028365
0.013276
0.028400
0.008263
0.087567
-0.036034
-0.049741
-0.027317
0.142106
-0.109550
-0.341744
0.133057
0.139368
0.063051
0.018682
0.157804
0.154625
-0.087077
-0.238831
-0.024911
0.060309
-0.126572
-0.086145
0.086889
-0.091410
-0.100126
-0.006222
-0.046467
-0.189406
0.148263
-0.078374
0.085384
0.126949
0.081368
0.008443
0.100501
-0.185147
-0.131873
0.059952
-0.059363
0.203799
0.070943
-0.159886
0.003801
-0.066039
-0.210107
-0.201505
-0.126292
0.219221
-0.040031
-0.135925
-0.066732
0.254110
-0.175274
-0.022992
-0.027489
0.170886
0.172611
0.109727
-0.038154
-0.216434
0.162327
0.054024
0.044843
-0.290464
0.191883
-0.090439
0.011357
0.167650
-0.111226
-0.074740
0.096797
-0.026286
-0.017302
0.013713
0.013384
-0.026455
-0.075688
0.182630
-0.020366
0.056135
0.003173
0.109207
0.028936
-0.061552
0.074579
-0.260475
-0.031352
0.012913
-0.123577
-0.077421
-0.004567
0.008154
-0.079683
0.152571
-0.078280
-0.039599
0.073342
0.064530
0.045448
-0.098689
-0.020491
-0.143094
-0.044875
0.067476
-0.137245
-0.250074
0.035577
0.083480
-0.237801
0.033747
-0.192116
0.101573
0.101614
-0.162062
-0.049459
0.059674
-0.013604
-0.077267
-0.065225
0.164979
0.081132
0.036220
-0.149231
0.267768
-0.062157
0.176772
-0.017390
0.011568
0.170063
0.060251
-0.073099
-0.066245
0.176382
0.001503
0.224028
-0.113431
0.144653
-0.016323
0.048541
0.027991
-0.087829
-0.122856
-0.164921
-0.030966
-0.015060
-0.019826
-0.192854
0.042757
0.085819
-0.032893
-0.056233
0.089919
0.011833
-0.175587
0.034016
-0.001023
-0.011277
-0.116749
0.010791
0.007198
0.005917
-0.073996
-0.128456
0.039728
-0.094503
-0.016635
-0.016691
-0.006839
-0.117453
-0.105938
0.180690
0.056481
-0.070082
0.266892
-0.028932
-0.163850
-0.003773
0.061209
-0.010206
0.025225
0.032960
-0.062625
-0.086417
0.087900
0.096261
-0.194510
-0.019748
0.129042
0.175899
0.034027
-0.012038
-0.066147
0.011821
0.109189
0.053679
-0.005420
-0.121794
-0.067907
-0.206865
-0.085968
-0.052946
-0.244561
-0.038576
-0.089951
0.096462
0.166416
0.085105
0.155076
-0.245501
-0.148807
-0.112911
-0.036502
-0.232093
-0.037020
-0.065857
0.068600
-0.055242
-0.163965
0.124024
0.006358
-0.022484
-0.009470
-0.185398
0.036143
-0.153136
-0.088456
-0.054892
-0.209718
-0.028033
-0.103546
-0.128551
0.080589
-0.093872
-0.026595
-0.022792
0.023436
0.169905
-0.023296
-0.109786
0.024517
0.052199
-0.114682
-0.006502
-0.051713
-0.041519
-0.059476
-0.007034
-0.021891
0.053175
-0.084695
-0.153335
0.050967
-0.025576
-0.114437
0.024702
0.098669
0.016550
-0.019580
-0.056429
-0.116990
-0.039894
0.077827
-0.036034
0.090332
0.114417
0.029909
-0.010713
0.177676
-0.061932
0.123694
0.127787
-0.006414
-0.091844
-0.213856
-0.004883
0.108515
0.194416
0.065701
0.160049
0.162994
0.030578
0.082774
0.050636
-0.087229
-0.055606
0.036028
-0.066477
-0.058546
0.037258
0.136331
-0.069861
0.038980
0.101433
0.122040
-0.164158
-0.039974
0.223409
0.249876
0.084506
0.125956
-0.224343
0.084221
-0.093154
0.120194
-0.152038
0.067865
-0.066754
-0.089704
0.073298
-0.074642
-0.052327
0.028435
-0.084458
-0.153029
-0.235032
-0.270359
0.229982
0.114156
-0.162032
0.013224
0.375508
-0.073546
-0.092996
-0.097002
-0.113487
0.024612
-0.144131
0.035314
-0.042921
-0.188214
0.007283
-0.004652
0.318645
0.179322
-0.195872
0.166420
-0.083182
-0.106015
0.106135
-0.184539
-0.241842
0.014123
0.058171
0.141863
0.086656
-0.158903
-0.109372
-0.068243
-0.130158
-0.098577
0.069916
0.042029
0.022231
-0.088599
-0.043640
-0.310112
-0.115831
0.042018
-0.013452
0.054945
-0.059129
0.128254
-0.341764
0.020663
0.046717
-0.183057
-0.124725
-0.082548
-0.169125
-0.146711
-0.147745
0.027512
0.115996
0.147564
-0.108588
0.130666
0.143607
0.156743
0.159273
-0.044368
-0.189729
-0.003272
0.100608
-0.276188
-0.067038
-0.004212
-0.091033
-0.121420
0.003950
-0.093611
0.001167
-0.013810
-0.063384
-0.181127
0.103399
0.082527
0.136793
-0.281275
-0.196939
-0.024853
-0.279195
-0.067269
-0.105914
-0.064873
0.015012
0.068077
-0.025366
0.090207
0.049863
-0.112247
-0.057065
-0.136382
0.056262
-0.137118
-0.044264
-0.128261
-0.184056
-0.160029
-0.134180
-0.155988
-0.051642
0.064612
0.062830
0.019570
0.144721
0.088200
0.133883
-0.026130
-0.022951
0.055604
-0.047088
-0.140259
-0.170382
-0.066570
-0.222986
-0.248877
-0.116253
0.157212
0.063182
-0.041690
0.024694
-0.104504
-0.053380
0.053610
0.061129
-0.088009
-0.079299
-0.031663
-0.067510
0.006669
0.165815
0.138707
-0.085672
-0.128404
-0.022092
0.064005
-0.141202
0.109788
0.166822
-0.154725
0.154572
-0.044431
-0.047383
-0.009865
-0.183269
-0.117644
-0.011619
-0.105810
-0.266172
-0.024445
0.008605
-0.032471
-0.052818
-0.075757
0.014672
-0.054324
-0.091677
0.131394
-0.109048
-0.033562
0.152714
-0.004535
-0.034059
0.280892
-0.043950
-0.037783
-0.023855
0.020965
-0.140021
-0.194979
-0.040489
0.073751
0.188405
-0.071582
0.052142
0.185742
0.018532
0.008532
-0.141711
0.007679
-0.092073
-0.021199
-0.111233
-0.154458
0.217560
0.134997
0.079238
-0.014673
-0.059371
-0.097742
0.187093
-0.091501
0.044423
0.096466
-0.010401
-0.033667
0.070026
0.174166
0.061582
0.122911
-0.038522
-0.017860
-0.005781
-0.105747
-0.103190
-0.044410
-0.062707
-0.002380
0.194713
-0.109190
-0.065621
0.027857
-0.020903
0.052523
0.185637
-0.040138
-0.005324
0.171076
-0.168897
-0.116681
0.041372
0.042780
0.038106
0.010256
0.036123
-0.068803
-0.114426
0.063527
-0.146509
-0.139689
-0.120603
0.005185
0.022581
0.003568
0.230186
0.365936
-0.180246
-0.200935
-0.095316
0.035145
-0.078485
-0.044233
0.129212
-0.152552
-0.241935
0.183538
-0.129799
-0.140879
-0.008053
-0.109302
0.099885
-0.145288
-0.088462
0.089887
0.004946
0.172437
0.099882
-0.008991
0.036834
0.035340
-0.017895
0.027362
-0.098298
-0.023133
-0.037692
0.022876
0.201806
0.076607
-0.045591
0.112779
-0.082715
-0.045422
-0.268750
-0.217582
-0.259711
0.046502
-0.050815
-0.155632
0.021534
0.080584
0.131384
-0.067904
-0.091439
-0.102389
-0.062794
0.034238
-0.073603
0.062124
0.148343
-0.042730
0.029815
0.004019
-0.094199
-0.052997
0.077090
-0.093627
-0.065051
0.104562
-0.037819
-0.060141
-0.051946
0.032814
-0.044457
-0.095959
0.044372
-0.095562
-0.037111
-0.042931
-0.123888
-0.026040
0.088208
-0.053963
-0.156683
-0.213873
0.151117
0.028694
-0.092725
0.003437
-0.130254
0.011377
-0.104662
-0.072719
0.066741
0.034383
0.022011
0.078362
-0.031599
-0.015410
0.029691
-0.042606
-0.055255
0.036894
0.063145
-0.118607
0.029287
0.171336
-0.109302
-0.087611
-0.075999
-0.045422
0.056893
0.092211
-0.034606
-0.047141
-0.129790
-0.113783
-0.200675
-0.076547
-0.108535
-0.200255
-0.142758
0.119845
0.170004
0.015246
-0.052301
0.017813
-0.253892
-0.056371
-0.186022
-0.085346
-0.062710
-0.219656
-0.148889
-0.008596
0.080430
0.029710
-0.104525
-0.046633
0.075540
-0.024512
-0.071778
0.086885
-0.111448
-0.128084
-0.090608
-0.151128
-0.054533
-0.035297
-0.013279
0.157209
-0.186004
-0.259566
0.040557
-0.154021
-0.172417
-0.166260
-0.087716
-0.063373
0.165760
-0.121128
-0.047235
0.135684
-0.018234
0.009281
-0.029208
-0.107691
-0.066103
-0.076931
0.007583
-0.118857
-0.039449
0.042909
-0.152330
-0.197226
0.120273
0.066241
0.094684
-0.050959
0.020363
0.022513
-0.047777
0.110944
-0.048893
0.041731
-0.044246
0.005248
-0.217243
-0.114170
0.054841
0.127165
-0.101400
-0.114993
0.130501
-0.092796
0.068287
-0.131946
-0.145177
-0.041022
-0.256389
-0.254709
-0.046606
-0.045181
0.034121
0.049823
-0.001134
0.089367
0.165402
-0.085064
-0.038248
-0.018656
-0.063272
-0.012733
-0.000238
-0.170485
-0.122444
-0.102436
0.101519
-0.106504
-0.018818
0.094246
0.164217
0.276960
0.037441
0.076744
0.101512
0.111372
0.004584
-0.080014
0.165192
0.126508
0.031497
0.020236
-0.078062
-0.052741
-0.165943
-0.049189
-0.058795
0.082909
0.285111
-0.015663
0.068376
0.274918
0.046383
0.036277
0.016356
0.077908
-0.011142
-0.104014
0.090373
-0.069196
0.018837
0.320421
0.172863
0.098749
0.106476
0.026394
0.181585
0.183325
-0.156281
0.006186
-0.067412
0.017298
-0.099490
-0.089611
-0.011071
-0.186191
-0.139929
-0.012590
-0.060358
-0.115437
0.026815
0.109450
0.100362
0.039726
-0.007678
-0.002485
-0.152049
-0.188728
-0.120902
-0.079900
-0.070890
-0.057803
-0.062872
-0.088322
-0.183543
0.066787
0.007585
-0.077508
0.069449
-0.122225
-0.178989
0.006763
-0.278883
-0.257048
0.063800
-0.015779
-0.021024
0.073668
-0.127619
-0.123213
0.204444
-0.003222
-0.176542
0.169375
-0.076181
-0.208126
-0.239097
-0.180198
-0.032615
0.027357
-0.105863
0.034561
0.067750
-0.095177
0.080065
0.054972
-0.035436
-0.077444
0.040738
-0.126840
-0.077979
0.123695
0.099887
-0.010447
0.160049
0.036939
0.083338
0.152132
0.055756
-0.014886
0.063986
-0.031855
0.081389
-0.132159
-0.088816
-0.009106
-0.014772
0.031611
0.065295
-0.011078
-0.020596
0.031335
0.146733
0.105745
0.123111
0.133722
0.130324
0.093456
0.008486
-0.048406
-0.287212
0.076305
-0.040463
-0.016745
0.166463
0.119214
0.050207
0.277428
0.101383
0.052954
0.020725
-0.076627
-0.032971
-0.366583
-0.187880
0.075307
0.098278
0.201792
0.219263
0.168228
0.089347
0.151499
0.143247
0.149713
0.047129
-0.011597
0.024440
-0.175789
0.008589
-0.110751
-0.049554
-0.055301
-0.259527
-0.106205
0.083259
-0.048672
-0.063918
-0.059208
0.083489
0.011433
-0.075334
0.001382
-0.029589
0.189406
-0.013407
-0.077261
0.122484
0.028957
0.169907
-0.016260
0.050267
-0.022020
0.094231
0.019307
-0.148841
-0.061703
0.241625
0.110260
-0.004507
0.142958
0.100263
-0.029825
-0.126753
-0.300664
0.033976
-0.126102
-0.110536
0.170627
0.027332
-0.004128
-0.014422
0.083526
0.174855
-0.154307
0.059163
0.030739
0.051643
0.086840
0.005824
0.092959
0.102361
0.016167
-0.042967
0.001741
0.026786
-0.063181
0.002528
-0.043988
-0.000066
-0.017051
0.090883
-0.060504
-0.176362
-0.192217
-0.102067
-0.157551
0.062326
-0.168466
-0.073775
-0.130532
-0.012647
0.023849
0.088456
0.025567
0.042335
-0.054682
0.081360
0.117408
0.051002
0.089943
-0.008802
-0.044887
-0.007309
0.087494
-0.003536
-0.189426
-0.101578
-0.010425
-0.038687
-0.071653
0.086268
0.085880
0.177544
0.043719
-0.052881
0.130536
0.169134
-0.029896
-0.008689
-0.066610
0.061355
0.124553
-0.061491
0.044391
0.064942
0.031123
0.046757
0.066142
-0.005101
0.002096
-0.004713
-0.069757
0.090245
0.144105
0.052695
-0.147505
0.018020
-0.172951
-0.121448
-0.011377
-0.018131
0.006121
-0.065239
0.091423
0.227907
0.086406
0.200930
0.030717
0.049948
0.137552
-0.103671
0.007808
-0.137834
0.126660
0.091211
0.053616
0.000268
-0.032868
0.071618
-0.096473
-0.050027
0.038306
0.183446
0.040142
-0.130080
-0.005141
-0.076025
-0.097008
-0.149056
-0.246354
-0.069396
-0.124412
-0.119279
0.149479
-0.140277
-0.133686
0.029286
0.095067
0.142833
0.098417
0.248654
0.175610
0.188238
0.206533
0.151675
0.120369
0.015548
-0.172229
-0.288416
-0.142719
-0.048927
0.046851
-0.199778
-0.114139
-0.084075
-0.105754
-0.016501
-0.110462
0.002221
-0.113616
0.095856
-0.049202
-0.122326
0.064168
-0.124073
-0.167834
0.033171
0.064162
0.006986
-0.037441
-0.036090
-0.153919
-0.086707
-0.124015
-0.201939
-0.091874
-0.028947
-0.058411
0.048596
-0.152327
-0.192024
-0.197365
0.072847
-0.122958
-0.239323
-0.046524
-0.013741
-0.023604
0.045463
-0.105560
0.019443
-0.221695
-0.054948
-0.161733
-0.271933
-0.312872
0.100970
-0.034228
-0.116563
-0.111696
0.149363
0.178522
-0.023672
0.043229
0.132518
0.118567
0.040384
-0.127981
-0.048212
0.086567
-0.153267
-0.155775
0.253808
0.215666
0.086732
-0.028466
-0.022570
0.067198
-0.313394
0.027089
0.080867
0.043416
-0.081507
-0.140117
0.008151
-0.033292
0.021475
-0.060594
-0.139745
-0.184301
0.007957
0.105707
0.070209
-0.008274
-0.087617
0.158452
-0.127454
-0.048670
-0.168306
0.105735
0.276724
0.110776
-0.003287
0.067077
0.060068
-0.073866
-0.286053
-0.050723
-0.161529
-0.230936
-0.176752
-0.143364
-0.152332
-0.156342
-0.047101
0.073012
0.137262
-0.081932
-0.004990
-0.006230
0.087392
-0.066153
-0.199067
0.012367
-0.021093
-0.084611
-0.028291
-0.086588
0.032207
0.010630
-0.052959
0.202901
0.033007
-0.087441
-0.011451
-0.109182
-0.066155
0.015685
0.065855
-0.065149
-0.042991
-0.231268
0.002659
0.078253
0.031986
0.053263
0.064363
-0.075797
0.053810
-0.079696
0.130543
-0.076303
-0.023290
-0.169003
0.087599
-0.072633
0.034195
0.112258
0.180464
-0.052444
0.061504
0.035575
-0.031082
-0.130205
-0.077053
-0.093335
-0.138399
-0.208338
-0.044440
-0.087413
-0.069104
0.191390
0.004575
-0.018842
0.119342
0.211739
0.035204
-0.040379
-0.232688
-0.162010
0.068487
0.092080
0.040544
0.130214
0.116778
0.059279
-0.149720
-0.368469
-0.200685
-0.002630
0.033245
0.063178
0.123720
0.082422
0.028186
-0.145449
-0.030611
0.016610
0.111991
0.141706
-0.025763
-0.115732
0.001661
-0.114915
-0.079818
-0.042151
-0.064873
0.113978
0.029092
-0.078547
0.050230
-0.035184
0.092386
-0.064695
-0.155343
-0.036222
-0.109054
-0.111048
-0.026499
-0.136443
-0.362202
-0.051689
-0.032744
-0.073434
0.023401
0.201460
0.039714
-0.201787
0.189496
0.025145
-0.181261
-0.039253
0.063533
0.185957
-0.041543
-0.097747
-0.119279
0.236420
0.053181
-0.117452
-0.080643
0.057120
0.075571
0.032085
0.011402
0.073953
0.057375
0.056232
-0.058680
0.039749
-0.118840
-0.231613
0.207145
0.048953
0.071552
0.102509
0.048530
0.102106
-0.151947
-0.035864
0.004934
0.023199
-0.100385
-0.183725
0.079480
-0.018143
0.064479
0.045064
0.074425
0.067710
0.080549
0.074925
0.073930
0.093013
0.279291
0.048475
-0.043715
0.074719
0.004742
-0.156668
-0.060660
0.001376
0.020561
-0.229986
0.021324
-0.073391
-0.072654
0.282124
-0.109755
-0.012209
0.023445
-0.043130
0.140531
0.058730
0.141853
0.099978
-0.093404
-0.135663
-0.215328
-0.273050
0.170516
-0.012436
-0.131635
0.123905
0.296314
0.341704
-0.116593
-0.027225
0.025585
-0.022192
0.000483
0.191853
-0.173166
0.004744
0.004307
0.026560
0.027620
0.006361
0.033710
-0.012974
-0.198453
0.100435
0.001883
0.052956
0.037563
-0.078099
-0.068953
0.033894
0.044952
-0.131062
0.104207
0.212951
0.154344
0.188468
0.012115
-0.075967
0.323844
0.192214
-0.121659
0.197459
0.201712
0.095872
0.021550
0.049576
0.038633
-0.065857
-0.355189
0.029466
0.025407
-0.177212
-0.077796
-0.026871
0.019362
0.007234
0.088000
-0.039904
-0.071757
0.127417
0.177527
0.103031
0.075479
-0.062237
-0.046400
-0.096415
-0.166715
-0.153385
-0.147648
-0.010581
0.054332
-0.059185
0.083453
0.016084
-0.002385
-0.136182
0.173857
0.174508
-0.036823
-0.101866
0.076697
-0.029932
0.038818
-0.063999
-0.142992
-0.048073
-0.078032
-0.392933
-0.337819
0.122263
0.128591
0.067913
0.045106
0.040355
0.094679
0.068395
0.014631
-0.012942
-0.104582
-0.110368
0.021273
-0.124409
-0.104303
0.005938
0.002215
0.141954
0.154583
0.138179
-0.123721
0.011903
-0.066827
-0.290743
-0.089218
-0.050379
-0.090977
-0.220240
-0.038852
-0.141920
-0.117047
-0.070279
-0.021058
-0.058850
0.075504
0.112979
-0.010732
0.161314
0.205766
0.081928
-0.108817
0.031348
0.120839
-0.065426
-0.091835
-0.143246
0.013447
0.042852
0.063720
0.033554
-0.054307
-0.056990
0.134174
0.162890
0.071574
-0.062231
-0.010835
0.023068
0.114584
0.122469
0.113141
0.056452
0.150926
-0.107186
0.036387
0.111571
0.095637
-0.025936
-0.027009
-0.098954
-0.299511
-0.255578
-0.056990
-0.233555
-0.076103
0.055256
-0.085756
0.031778
0.021266
-0.005054
0.119315
0.132103
0.205963
-0.180448
-0.193800
-0.082576
0.012163
-0.212514
-0.007097
-0.025418
-0.129492
-0.028489
-0.048761
-0.050821
-0.169603
-0.145314
-0.191606
0.009064
0.161383
0.100171
-0.030293
-0.065604
0.046441
-0.070411
-0.149464
0.078283
0.015927
-0.060461
-0.114323
-0.032184
-0.060213
-0.203194
0.015382
-0.097218
-0.060658
-0.001052
-0.020628
0.073620
-0.183083
0.072705
0.221592
-0.130716
-0.011410
0.041575
-0.132044
-0.154266
-0.034829
-0.207203
0.057320
0.097689
-0.069218
-0.030214
-0.082349
-0.006306
0.070111
0.081007
0.262163
0.217417
0.259391
-0.061997
-0.040732
0.114598
-0.052837
-0.000883
0.043031
-0.152938
0.071609
0.102813
-0.110204
-0.155283
-0.215026
-0.101911
-0.090911
-0.132786
0.159284
-0.027521
-0.030336
0.065458
-0.124160
0.054821
-0.156229
-0.074312
-0.132693
-0.139956
-0.111347
-0.202830
0.045787
0.017515
-0.097180
0.063543
0.109285
-0.034931
0.116499
-0.016170
0.152864
0.068115
-0.083935
-0.005952
0.043842
0.004417
0.067582
-0.180545
-0.081900
0.026315
-0.304489
-0.281408
-0.169994
-0.124044
0.124955
0.043471
0.084054
0.028948
-0.018452
0.084211
0.084880
0.214312
-0.085181
-0.033689
0.019220
-0.143702
0.002471
-0.097252
-0.269569
-0.053130
0.038785
-0.042748
0.000192
0.067988
-0.182780
0.027070
0.064766
0.013451
0.128004
0.262989
-0.009446
0.155862
-0.020116
0.087014
-0.045688
-0.025135
0.221019
0.132793
-0.049759
-0.108908
-0.149046
-0.157733
-0.025034
0.127771
-0.175050
-0.034340
-0.019903
-0.132295
-0.003975
0.086095
-0.022887
0.121601
-0.027503
-0.154997
-0.098830
-0.118837
-0.171776
-0.143630
-0.089242
-0.115824
-0.084204
0.020737
0.139253
-0.102954
-0.034687
0.327207
-0.086409
0.026410
0.034760
-0.006775
0.255146
0.039183
0.173220
0.201330
0.077685
0.029945
0.094490
-0.083588
0.171611
0.088415
-0.097634
0.208558
-0.100846
-0.039802
0.166593
-0.084407
0.071374
-0.078273
-0.130203
-0.109379
0.104707
-0.042937
0.086736
-0.012747
-0.048151
0.085358
0.076736
-0.010950
-0.299095
0.011958
0.015813
-0.204102
-0.076147
-0.180771
0.073162
0.092593
0.137836
-0.163320
0.112115
0.050642
-0.105242
-0.009191
-0.032505
-0.042582
-0.114187
-0.219100
0.235878
-0.245081
-0.270366
-0.049147
-0.116016
-0.252269
-0.114816
-0.177975
-0.035186
0.117814
-0.126343
-0.165877
-0.212774
-0.062420
0.115677
-0.078549
-0.011174
0.001211
0.115268
-0.020919
-0.182902
0.047993
-0.100254
0.059365
0.142743
-0.109007
-0.120083
-0.063153
0.114986
-0.080235
0.116986
-0.112578
-0.170382
0.181270
0.083964
0.086567
0.146659
-0.174249
-0.049390
-0.012623
-0.090857
0.123890
0.000378
-0.088942
0.084632
-0.092522
0.082760
0.268339
-0.125531
-0.119523
0.071942
0.001701
-0.136411
-0.095692
0.049875
-0.082287
-0.109427
0.151340
0.083635
0.037154
0.027621
0.128036
-0.026161
-0.124937
0.122969
-0.099481
-0.123711
-0.129002
-0.172006
-0.057911
-0.077052
-0.087944
0.094545
0.246046
0.151189
-0.009279
0.108460
0.250847
0.001587
-0.244292
-0.196344
0.029869
-0.052169
0.130723
0.048886
-0.026667
0.276180
0.089955
0.031450
0.054586
-0.028244
0.151116
0.019180
-0.047135
0.323770
0.161059
0.008419
-0.094161
0.006478
-0.032191
0.034117
0.109416
-0.119601
-0.052531
-0.007985
-0.080553
0.058267
0.012630
0.058854
-0.224606
-0.119367
0.060736
0.026763
0.035648
-0.000353
0.106084
-0.089530
-0.164527
0.068064
-0.167527
-0.047115
0.173826
0.095034
-0.044292
-0.346305
-0.135433
0.185248
-0.108606
-0.016389
0.151191
0.101544
0.185766
0.153738
-0.272681
-0.039909
-0.127513
-0.010096
0.263621
-0.174386
0.176852
0.291417
-0.006337
0.044688
0.133249
-0.018594
0.032888
0.052941
0.174203
0.172816
0.192414
0.154137
-0.031289
-0.161527
0.035740
0.120426
0.021302
0.093543
0.120947
0.035898
0.022343
-0.238834
-0.232360
-0.049411
0.239927
0.090836
0.030719
0.325602
0.226967
-0.039292
-0.042633
0.110513
0.115100
0.110702
0.041433
0.142162
0.154311
0.098634
0.053014
-0.020008
-0.137427
0.080384
-0.023433
-0.013522
0.007852
-0.045022
0.049643
0.044044
0.133361
0.013079
0.020705
-0.129475
-0.129679
-0.015799
-0.202775
-0.127031
0.019183
-0.061890
-0.179572
0.152241
0.046130
-0.072121
0.093689
-0.083842
-0.029014
-0.079616
0.150235
-0.054370
0.038555
-0.082459
0.040090
0.026360
-0.060557
-0.067861
-0.095690
-0.082345
-0.130460
0.003350
-0.138201
-0.069149
-0.017059
-0.085795
-0.161443
-0.037497
0.183021
0.181697
0.138384
0.047790
-0.157200
-0.137081
0.168319
0.144187
-0.087828
-0.050936
0.106608
-0.186220
0.012905
-0.279830
-0.102760
0.029759
-0.138249
-0.004448
-0.177881
-0.010551
0.072333
-0.009739
0.013457
0.225809
0.018526
0.119477
0.077905
0.029323
-0.069922
0.225601
-0.023891
-0.019830
0.160911
0.054722
-0.090563
-0.013221
-0.009762
0.023494
-0.127234
0.043215
0.359036
0.140467
0.072364
0.025662
0.085705
0.082397
0.012714
0.065754
-0.077722
0.127266
0.053881
-0.050216
0.070659
-0.182958
0.004935
-0.158765
-0.311295
0.140270
0.228386
-0.171111
0.003662
0.119315
-0.002983
-0.108075
0.098316
0.145710
-0.128588
-0.024007
0.140760
-0.037877
-0.063731
0.003538
0.024011
0.050330
0.066505
0.031915
-0.016187
0.036571
-0.143369
0.042347
0.109329
-0.087063
0.025672
0.095102
-0.216620
-0.335946
0.024247
0.013534
-0.052177
0.120203
0.230214
0.150215
-0.030116
0.140450
0.033261
-0.063406
-0.019600
0.004110
0.058969
0.015171
0.039786
0.098462
-0.100709
0.019901
-0.056220
-0.066390
-0.035194
0.043709
-0.029778
0.094258
-0.030765
-0.021797
0.083674
0.016024
-0.162230
0.027441
0.027830
0.127555
0.061262
-0.012937
0.026760
0.053880
-0.074020
-0.063944
-0.103499
0.109863
0.199434
-0.089792
-0.020411
-0.025066
0.016833
-0.074267
-0.041668
0.100338
0.032760
0.167838
-0.024771
-0.083735
0.129207
0.073393
-0.225306
-0.145341
-0.026000
-0.091886
-0.087643
-0.178793
-0.096944
-0.387144
-0.019520
0.104528
-0.002479
0.013162
0.100057
0.145988
0.024208
0.010529
-0.035175
-0.051469
0.026037
-0.253977
-0.068063
-0.198006
-0.108756
-0.087658
-0.144866
-0.055201
-0.142095
-0.243961
-0.007548
-0.028737
0.076473
0.083327
0.182475
-0.128490
0.093520
0.178111
-0.060449
-0.197389
-0.275571
-0.339782
0.128242
0.109752
-0.040452
-0.073738
0.065807
-0.053012
0.036441
-0.057900
0.154278
0.065177
0.052249
0.142024
-0.157596
-0.070920
0.116253
-0.100319
-0.134422
0.060175
-0.085593
-0.102158
0.005310
0.016602
-0.070039
-0.006153
0.108807
0.016286
0.153619
0.144355
-0.087206
-0.192851
0.097267
0.198282
-0.147582
-0.096345
0.025577
-0.077693
-0.080395
0.161099
-0.062302
-0.116897
0.192127
-0.085043
-0.115592
0.023543
-0.095508
-0.030025
0.050405
-0.085241
0.022849
-0.053104
-0.117256
0.098980
-0.071144
0.000141
0.070535
0.098683
0.270751
-0.015675
-0.009200
0.008597
0.265340
-0.111261
0.035614
-0.030136
-0.151506
0.000208
0.019943
0.100908
-0.097764
0.006961
-0.002583
0.052382
-0.137368
-0.096534
0.057434
0.055107
0.019433
0.020771
0.304771
0.066026
0.048664
0.076216
0.098579
0.227771
0.062724
-0.036148
0.092670
0.024193
-0.021825
-0.126314
0.087541
-0.107320
-0.018839
0.080162
-0.011261
0.013268
-0.093771
-0.133192
-0.192052
-0.147615
-0.148535
0.025616
0.123151
0.145279
0.017125
0.217274
0.285108
-0.041104
0.089404
-0.188611
-0.115636
0.185521
0.122176
-0.057699
-0.133102
-0.044972
-0.383135
0.154339
-0.161321
0.173565
0.053155
-0.096739
-0.015486
0.223685
0.011310
-0.054369
0.020309
0.010283
-0.040154
-0.073692
-0.159695
-0.123799
0.140291
0.010977
-0.066690
0.028072
-0.047611
-0.202684
-0.112767
-0.054678
-0.036258
-0.147290
0.047846
0.152150
-0.032515
-0.090160
0.077638
0.088693
0.080817
-0.029522
-0.059596
0.020617
0.035073
-0.155266
-0.176594
-0.099144
-0.011510
-0.090024
0.096870
0.015067
0.062401
0.094926
-0.002456
0.081690
0.010955
-0.139799
-0.011630
0.054821
-0.074709
-0.075501
0.150526
0.140858
0.004467
0.066135
0.065569
-0.100442
0.054352
-0.188014
0.082823
0.002487
0.095608
0.132640
0.162212
0.046836
0.000202
0.022423
0.067120
0.080606
-0.007670
-0.048166
0.052529
0.154726
-0.064083
-0.089711
0.000923
0.225740
-0.164986
-0.006539
-0.414595
-0.262282
-0.031730
-0.017876
0.057159
-0.033901
-0.019588
-0.239367
-0.032093
0.082312
0.034600
-0.039403
-0.069196
-0.102586
-0.303585
-0.044299
0.083400
-0.139034
-0.236232
-0.280794
-0.080397
-0.085306
0.102882
0.015890
-0.064562
0.217878
0.134897
0.077233
0.008702
-0.030830
0.049787
0.073826
0.038054
0.126073
0.108951
-0.061070
-0.119926
-0.155755
0.018559
-0.103456
0.037660
-0.073966
0.081393
0.107395
0.130375
-0.069829
-0.030125
-0.090252
-0.069493
-0.064108
-0.046683
0.090446
0.113335
0.021024
-0.034945
-0.067168
0.053098
-0.061932
0.053148
0.146314
-0.048169
0.083092
0.069979
-0.017887
0.157131
0.089734
-0.230619
-0.024787
-0.012398
0.000720
0.108902
0.245175
-0.234556
-0.270110
-0.030428
-0.201054
-0.248061
-0.054141
0.089303
-0.015521
-0.088208
0.049478
0.034576
0.112397
-0.137780
-0.137538
0.025168
-0.016340
-0.143266
-0.047601
0.004984
-0.082583
-0.067590
0.012637
-0.005757
-0.008949
-0.209718
-0.078120
-0.151284
0.053151
-0.001686
0.106410
-0.058584
-0.073203
-0.037729
0.062668
0.029287
0.000086
-0.132484
-0.143593
0.000387
-0.011142
0.165838
0.099254
0.108442
0.052547
-0.028487
-0.016420
-0.126446
-0.205292
-0.048673
-0.078514
-0.059456
-0.039567
-0.133365
-0.046501
0.072958
0.231163
0.192070
0.079035
-0.062742
-0.072279
0.075983
0.049791
-0.101675
-0.028098
0.026792
-0.018835
0.041649
0.023116
-0.022752
0.021296
0.098021
0.102492
0.052450
0.128859
0.018306
-0.084220
-0.054731
-0.130834
-0.007338
-0.092530
-0.026923
-0.116443
0.065411
0.183035
0.048604
-0.080075
0.045471
0.027520
0.052899
-0.086921
-0.021719
-0.115048
-0.017296
-0.005707
-0.028963
-0.004344
-0.172726
0.033485
-0.016550
0.195230
0.214057
0.000111
0.296490
0.315367
-0.049641
-0.079619
-0.058724
-0.265069
-0.047984
-0.142422
-0.091727
0.008198
0.096495
0.019927
0.056945
0.087596
-0.024950
0.052816
-0.110475
-0.105609
0.218729
0.089036
-0.159372
-0.257931
0.042469
0.022748
0.264655
0.108419
0.007633
0.079154
0.101462
-0.160275
0.084691
0.086253
-0.042868
-0.170133
-0.025067
0.078100
-0.052674
-0.111437
0.166927
0.084091
-0.103547
0.006325
0.173228
0.246374
0.167136
0.022858
0.069186
0.125776
-0.166573
-0.212059
-0.028201
0.088634
-0.057592
0.029949
-0.040270
-0.131339
-0.031642
-0.041893
-0.156362
-0.202696
0.093263
-0.041712
0.059572
-0.254849
-0.200941
0.030215
-0.038324
0.121734
-0.049422
0.024888
-0.015206
-0.104449
-0.008116
-0.017590
-0.088141
0.120595
-0.241087
0.083062
-0.034767
-0.167771
-0.042259
-0.039683
0.285260
0.215391
-0.036939
0.115123
0.092350
0.088495
0.097005
-0.044179
-0.044551
0.018516
-0.061379
-0.041103
0.030994
0.128716
0.119784
0.017446
-0.043631
-0.054288
-0.083629
-0.138689
0.158356
-0.187164
0.084866
0.120090
0.045560
0.023964
0.036975
-0.092968
-0.129468
-0.071987
0.077736
-0.068212
0.085898
-0.013861
-0.228415
-0.196471
-0.107381
-0.036098
-0.204809
-0.200178
0.081975
-0.075077
-0.035855
0.031820
0.106060
0.043821
-0.036664
0.080907
-0.068457
-0.222388
-0.002304
-0.140086
0.054521
0.223031
0.091685
-0.153909
-0.068064
-0.093837
-0.109967
-0.006391
0.081835
0.094916
0.097136
0.132756
0.137519
0.170122
0.075887
0.047264
0.018639
0.119118
0.166216
-0.013850
0.043889
-0.026666
0.073925
0.169019
0.236926
0.071312
-0.061611
0.057315
0.116527
-0.087228
0.005269
0.170420
0.108901
0.032155
0.096054
0.073160
-0.032605
-0.155918
-0.077819
0.031680
0.014126
-0.040825
-0.081226
0.143710
0.167388
0.125601
-0.121366
0.003609
-0.083534
-0.057907
0.175642
0.134790
0.062807
-0.009304
-0.154297
0.080691
0.146014
-0.085812
0.039479
-0.050651
-0.074947
0.005010
0.028223
0.183163
0.149945
0.215354
-0.002416
0.022922
-0.042140
-0.151951
0.130555
0.096137
-0.012640
0.004386
0.066917
0.137751
-0.143190
-0.003127
0.090577
0.100163
-0.081589
-0.005588
0.097911
-0.056000
-0.084945
-0.135757
-0.028275
0.223218
0.004283
0.035900
0.162249
0.030555
-0.025595
-0.064579
0.057890
-0.075240
0.051420
0.031212
0.107179
0.153467
0.077719
-0.020237
-0.054193
-0.000692
0.162779
-0.091398
0.092060
0.030872
-0.102547
-0.206378
-0.171641
-0.210563
0.082247
0.059918
-0.016627
0.115137
0.015889
0.273562
-0.123729
-0.044197
0.131242
0.095030
0.008020
-0.074047
-0.080188
0.026938
0.181057
-0.078661
-0.148717
0.013903
-0.127270
-0.035034
-0.057423
-0.066756
-0.017281
0.180970
-0.047582
-0.007456
0.127930
0.098252
0.058577
-0.010689
0.100703
-0.140793
-0.132417
0.005230
-0.043542
-0.116130
-0.104017
0.033950
0.037242
-0.004443
0.055716
0.136636
0.008752
0.079500
0.076784
0.018736
-0.060447
-0.185282
0.042651
0.017421
-0.015323
0.088706
-0.054786
-0.085230
0.101393
-0.070950
-0.022990
0.103882
0.125639
0.314536
-0.206028
-0.402033
-0.199639
-0.141321
-0.150920
-0.266348
-0.029239
0.005113
0.099195
0.049256
0.049805
-0.046778
0.051298
-0.030579
-0.114710
0.110956
-0.054191
0.087074
-0.115369
-0.131318
0.024560
0.135883
0.039262
-0.062021
-0.040963
-0.062835
0.110744
0.091236
0.013280
0.129403
0.118997
-0.098422
0.139956
0.180198
0.111147
0.075705
0.096111
-0.069938
0.077004
-0.362667
0.050169
0.134687
-0.055989
-0.062094
-0.169441
-0.041573
-0.040673
-0.094991
0.088068
-0.007324
0.056514
0.003590
0.056241
0.032640
0.106311
0.079471
-0.020423
-0.092225
-0.214504
-0.053822
-0.112244
-0.087896
0.022599
0.194912
0.169906
0.189305
-0.121726
-0.212133
0.036211
0.204944
0.104306
0.009010
-0.132554
-0.289435
-0.109551
0.211897
0.210541
0.012568
-0.120509
0.098250
0.114053
-0.030750
-0.199745
0.031768
0.007776
-0.183748
-0.004436
0.001514
-0.090038
0.074414
-0.035528
0.135167
0.134562
-0.131169
-0.301811
-0.164555
-0.105401
-0.261815
-0.105446
0.045119
0.019527
0.170450
0.145880
0.211138
-0.145207
0.006693
0.128333
0.143213
-0.223252
-0.150599
-0.127020
-0.049937
-0.091692
0.121353
-0.059854
-0.100329
0.150467
-0.024507
0.022468
0.019938
0.192104
0.234219
0.213876
0.017796
-0.001140
0.024820
-0.094560
-0.023931
-0.006743
0.098769
-0.030191
0.159028
-0.123259
-0.089695
-0.024443
0.047250
0.098363
0.076307
-0.075490
-0.047394
-0.206658
0.004979
-0.023935
0.030187
-0.231257
-0.439493
-0.160418
0.180627
0.167873
0.029953
0.246207
0.121873
0.166987
0.078268
-0.181171
0.012701
0.278960
0.208888
0.023693
-0.076765
-0.078244
-0.003303
-0.039458
-0.046646
-0.049765
0.110132
0.072326
0.107267
-0.102131
-0.140789
0.085486
-0.087195
-0.150218
-0.005457
-0.055567
-0.053898
-0.016421
-0.133645
0.153816
0.068369
-0.475105
-0.172684
-0.134719
0.067902
-0.006376
0.010177
-0.059337
-0.037278
-0.137195
0.070935
0.023885
-0.115651
-0.122248
0.004413
-0.082061
-0.136455
0.015787
-0.227816
0.209027
-0.157094
-0.208162
0.106866
-0.036485
-0.151753
0.111575
0.098283
0.226912
0.056558
-0.156420
-0.137370
0.078560
0.132306
0.058686
0.021768
0.083466
-0.040463
-0.094146
-0.064951
-0.213499
-0.025185
0.026363
-0.190438
-0.074140
0.164695
-0.072752
-0.076318
-0.001580
-0.123276
-0.096777
-0.027043
0.049024
0.082791
0.037137
-0.036990
-0.177356
-0.022338
0.016789
-0.029433
0.040852
-0.102331
-0.126499
0.080730
-0.067346
0.075721
-0.026954
-0.023294
0.031232
0.062541
0.056418
-0.029646
0.190868
0.226967
-0.189204
-0.126165
-0.068613
-0.220514
-0.022578
-0.211163
0.120628
-0.133307
-0.141741
0.118682
-0.042779
-0.085557
0.108234
0.310620
0.072373
-0.318346
-0.226929
-0.074188
-0.173083
-0.161028
-0.118884
0.078394
0.011175
0.076537
0.067639
0.040964
0.075928
-0.006901
-0.022785
-0.064927
0.046399
0.003327
-0.047922
0.094966
-0.009759
-0.139651
0.140389
0.114542
0.054044
0.093876
-0.026059
0.044534
0.071564
0.111097
0.134927
0.150794
0.019541
0.002194
-0.093952
-0.013012
0.095150
0.050311
0.186539
0.191968
-0.036503
-0.052153
0.111366
-0.080613
-0.021309
0.073161
0.163069
-0.037366
-0.083271
0.014811
0.036160
-0.019707
0.033878
0.009013
0.111836
-0.027843
0.031681
-0.169192
-0.056408
-0.191947
-0.055468
-0.092666
0.078315
-0.083874
0.116672
0.023282
0.081297
0.054576
0.122103
-0.003615
0.007190
0.195731
0.247197
-0.092186
-0.121000
0.041004
0.076760
0.005155
0.183624
-0.151705
-0.179214
-0.046296
0.068502
0.000810
-0.013595
0.040482
-0.178299
-0.123517
0.065160
0.234947
0.070482
0.092457
0.143021
-0.084436
-0.099425
-0.012780
0.127708
0.136981
0.218659
0.070930
-0.052170
-0.152943
0.096996
0.028954
0.015850
-0.061835
-0.023742
-0.275734
-0.082015
0.061823
-0.091792
-0.074522
-0.246048
-0.240972
-0.186849
-0.028131
-0.089175
-0.072261
-0.014159
-0.095984
-0.180050
0.086724
0.139740
0.031863
-0.100858
-0.077971
-0.040323
-0.038536
0.036247
0.238399
-0.042857
-0.101304
-0.040482
0.138712
-0.059903
-0.183242
-0.083254
-0.185043
-0.007017
-0.184044
-0.128390
-0.131814
0.020022
0.058105
-0.048422
0.067292
-0.021061
0.041004
-0.051584
-0.074174
-0.063390
-0.173305
0.038194
-0.079168
-0.082993
-0.001992
-0.015998
-0.042211
-0.072505
-0.161408
0.114779
-0.075328
-0.049365
0.120672
0.081023
0.394339
-0.009187
0.129498
0.175324
-0.006000
0.050041
-0.031906
-0.125871
-0.028365
-0.034565
0.102305
-0.132518
-0.033776
0.074419
-0.038498
-0.081102
0.011336
-0.065027
-0.096966
-0.030397
-0.172227
0.031784
-0.067402
-0.055905
0.015999
0.086529
0.009268
0.083010
-0.153340
0.007402
-0.010305
-0.248199
-0.043477
0.017499
0.057543
0.068611
0.081341
-0.026809
-0.134737
0.123730
-0.120547
-0.137767
0.061439
-0.207793
-0.066609
-0.042325
-0.196132
-0.085565
0.110015
0.041404
-0.019821
-0.074506
0.226686
0.108431
0.129721
0.139486
-0.033172
-0.148488
0.009602
-0.317295
-0.311922
-0.069964
0.054290
-0.052811
-0.045830
0.026744
0.132967
-0.040417
-0.249941
0.200781
0.208720
-0.023570
0.072756
0.269146
-0.006081
0.046528
-0.254994
0.018024
-0.264018
-0.160648
-0.045316
-0.007643
-0.100662
-0.307333
0.303998
-0.128844
-0.151624
0.130660
-0.129490
-0.130162
-0.090403
0.041466
0.089255
0.047193
0.069154
0.127131
0.174232
0.033063
0.042782
0.132635
0.014351
-0.113605
-0.030710
0.119155
-0.150744
-0.047373
0.064737
-0.050085
-0.182832
-0.062576
0.193831
-0.027851
-0.124632
0.219724
0.104819
-0.044535
-0.102303
0.031610
-0.054889
-0.156218
-0.101632
-0.059119
-0.075178
-0.145801
-0.214028
-0.071043
-0.117168
-0.108758
0.059345
0.324078
-0.030260
-0.008942
0.178614
0.088538
-0.084506
-0.107860
0.137391
-0.071385
-0.169814
-0.047764
0.173237
0.014414
-0.167663
-0.054394
0.040311
-0.035527
-0.094298
-0.166065
-0.079332
-0.132254
0.008569
0.167467
0.007931
0.154422
-0.009295
0.042416
-0.093075
0.061832
0.129359
-0.157158
0.074490
0.111670
0.095102
-0.075758
-0.046418
-0.042801
0.045250
-0.008869
-0.045454
-0.112271
-0.105109
-0.185161
0.108289
0.228699
0.049495
0.126289
0.279851
0.368909
0.154134
0.004638
-0.079615
-0.003260
-0.000835
-0.223086
0.121784
-0.050729
-0.108158
-0.041608
-0.126320
0.142647
0.021563
-0.041838
-0.060244
0.005847
-0.054580
-0.159047
0.221592
-0.111555
0.121193
0.071759
0.076336
-0.243397
-0.135146
0.020340
0.055905
0.086721
0.001060
0.022540
-0.060934
0.226726
0.005260
0.048168
0.246374
0.032310
-0.032837
-0.012897
-0.003777
-0.093797
-0.066754
0.078810
-0.139941
-0.118461
-0.039514
-0.043804
-0.106876
-0.179564
0.080476
0.035500
-0.103193
0.182410
-0.018111
0.154667
0.046226
0.000871
0.117208
-0.016462
-0.111608
0.031228
-0.082813
-0.136604
0.079201
-0.244875
0.057812
-0.054049
-0.118082
-0.031491
-0.025619
-0.008721
0.096370
-0.125672
0.005718
-0.000258
-0.052843
-0.284087
-0.065740
0.255074
-0.101368
-0.275922
0.060036
0.010053
-0.129884
0.022711
0.109235
0.003321
-0.125241
0.217047
0.094934
-0.024422
-0.040919
-0.144180
-0.136058
-0.020505
-0.101491
-0.121823
0.163608
-0.163206
-0.063313
0.169453
0.162242
-0.164803
0.069989
0.163489
-0.054250
-0.069738
-0.157057
-0.057774
0.111471
-0.081700
-0.178163
0.104561
-0.075664
0.184033
0.201240
0.064052
0.288460
0.087574
-0.066901
-0.097342
0.194854
-0.066769
0.028421
-0.008186
-0.108612
0.094973
0.035742
-0.051553
0.015028
0.083420
-0.145840
-0.043609
0.022124
0.055218
0.019243
-0.052260
0.047109
-0.070574
0.177493
-0.050911
-0.107510
0.030040
0.011389
-0.229816
0.001958
0.107668
0.007878
-0.125924
-0.178649
0.210170
0.237356
-0.130625
-0.067206
-0.023727
-0.053216
0.013830
-0.020578
-0.020812
-0.159297
0.081397
-0.125916
-0.044066
-0.184526
-0.034445
0.012542
-0.039009
0.037153
-0.081915
0.118707
0.074838
0.021756
0.139527
0.187999
-0.005385
0.129828
-0.116328
0.113468
0.057934
-0.163288
0.008006
0.074645
0.053268
0.178812
0.059861
0.001262
-0.112298
-0.099202
-0.132311
0.056990
0.131662
-0.043522
0.081435
0.096374
-0.097384
-0.041112
-0.019092
-0.020156
-0.011626
0.149106
-0.077047
-0.176338
0.109477
-0.083102
-0.106226
0.051166
-0.068299
0.025096
-0.105912
-0.031670
-0.099572
-0.031872
-0.190323
0.067355
0.035483
-0.092263
0.286476
0.149177
-0.001869
0.221320
-0.054078
-0.130119
-0.112095
-0.080777
-0.127321
-0.107114
-0.106061
0.060217
0.280970
-0.228519
-0.165210
-0.038956
-0.137967
-0.404561
-0.123035
-0.006158
-0.009977
0.048317
0.138119
-0.035453
0.082429
-0.097814
-0.085310
0.026186
0.050504
0.039328
-0.010645
-0.042121
0.041585
0.159836
0.072044
0.091339
-0.072135
0.072906
0.160698
0.171031
-0.194599
0.040654
0.141208
-0.060864
-0.084671
-0.095883
0.045893
-0.048424
0.142134
-0.089783
-0.049006
0.037791
0.110188
-0.190326
-0.027835
0.003327
0.130788
0.167533
-0.011469
0.001912
-0.166312
-0.045686
0.060997
0.074337
0.002543
0.078819
0.157481
0.049042
-0.207242
0.247388
0.089777
-0.104445
0.027421
-0.132856
-0.366800
-0.091753
0.067736
-0.056110
0.032073
0.097205
0.159716
0.153008
-0.100023
-0.301883
-0.127598
-0.184250
0.059196
-0.176753
0.103498
0.205546
0.072951
0.090063
0.143311
-0.105410
0.050382
0.012459
-0.074463
0.023393
0.158385
0.050849
0.218736
0.046667
0.055832
0.175669
0.079402
0.142298
0.002205
0.164360
-0.044366
-0.083919
-0.094781
-0.020694
-0.125143
-0.100729
-0.049561
-0.005589
-0.050262
-0.182347
0.030359
0.014384
-0.075621
0.027137
0.095543
-0.033545
-0.098626
0.072758
0.017376
-0.262559
-0.056404
0.059299
-0.092677
-0.137509
0.271447
-0.042716
-0.097436
-0.069154
-0.025109
-0.123231
0.110455
0.034708
-0.069072
0.014364
-0.292404
-0.041071
0.009821
-0.045861
0.117239
0.072236
-0.055354
0.016884
0.202764
0.108876
-0.028079
0.079884
-0.129349
0.120191
0.089223
-0.079890
-0.067692
0.029260
0.022153
-0.040649
-0.013287
-0.145532
0.260626
0.008719
0.196141
0.070649
-0.226976
0.009815
0.152569
0.075167
-0.116329
-0.117859
-0.095762
-0.058225
-0.044539
-0.003031
-0.098361
0.169504
0.220786
0.095356
0.030783
0.107862
0.135956
-0.035363
0.155148
0.130825
-0.007587
0.098542
-0.026231
-0.180366
0.036313
-0.013106
0.056448
0.108786
0.005687
-0.150200
-0.095973
0.092935
-0.053439
-0.130440
0.042008
-0.144050
0.020175
0.234687
0.027755
0.022051
0.117604
0.016528
-0.036959
0.113533
-0.050857
-0.432549
-0.016538
-0.092682
-0.166711
0.145947
0.027012
0.092352
0.095783
0.045556
0.024811
0.129164
0.032823
0.053495
-0.009266
0.012829
0.083325
-0.015305
0.015386
-0.430339
-0.068037
0.057045
0.159099
0.180063
0.001269
0.168789
0.106672
-0.074255
0.014699
0.039016
0.117814
0.190795
0.201556
-0.076062
-0.061293
-0.021817
0.163479
0.401827
0.065462
-0.095720
0.100141
-0.200384
-0.064290
0.134934
-0.144276
-0.103387
0.070744
0.006125
-0.082937
-0.015600
-0.013713
-0.045690
0.066412
-0.258296
-0.013852
-0.091668
-0.054438
-0.164637
-0.224496
-0.063630
0.011333
0.139475
-0.154889
0.083622
-0.017297
-0.155160
0.046394
-0.058221
0.013352
-0.023083
-0.165815
0.019156
0.042986
-0.224525
-0.026705
-0.214433
0.015246
-0.202050
0.124351
0.161425
-0.133622
0.014714
-0.053464
-0.046621
-0.118195
-0.143605
0.106187
-0.142479
-0.017520
0.012175
0.014483
0.017594
-0.021675
-0.065291
0.007897
0.007570
0.110130
0.107654
-0.050216
0.054085
0.022688
0.100349
0.033353
-0.200875
0.033009
0.213684
0.158513
0.095704
0.107435
-0.139746
0.040692
0.001267
-0.263356
-0.231459
-0.015175
-0.013824
-0.178920
-0.090535
0.169567
-0.106633
-0.088881
0.049066
-0.037520
0.167352
0.082936
-0.088200
-0.002612
0.059065
0.076685
-0.136638
-0.056198
0.175952
0.296396
-0.031499
-0.025181
-0.098048
-0.132464
0.034193
0.044504
-0.014356
0.059218
-0.027725
0.112064
-0.033682
-0.062373
0.006995
-0.064177
-0.227579
-0.114066
0.163703
-0.021447
-0.039571
-0.038704
0.119880
0.163773
0.150735
0.170416
0.034644
0.156419
-0.041951
0.112089
-0.095003
-0.116307
-0.032739
-0.017771
-0.131426
0.011567
0.048797
0.145680
-0.024755
-0.004015
0.101897
-0.078676
0.094800
-0.012984
0.055059
0.045410
0.207465
-0.032883
0.090875
-0.014978
-0.128342
-0.127145
-0.093915
-0.025230
0.034201
-0.011935
-0.166942
0.110752
-0.003225
-0.234134
0.090574
-0.066867
-0.089507
-0.004170
0.006199
-0.083736
0.096196
0.035441
0.212580
-0.025044
-0.031824
0.278904
0.046328
0.076778
0.079753
0.129033
0.012866
-0.131998
0.155559
0.015428
0.086987
0.048070
0.133196
0.012814
-0.122700
-0.090181
-0.150631
-0.017202
-0.027722
-0.160562
-0.050494
-0.073373
-0.253221
-0.043598
0.062167
-0.202645
0.056307
0.093796
-0.080938
0.068284
-0.027457
-0.010226
0.003350
-0.071506
0.110295
0.028548
-0.047970
0.023704
0.169114
-0.142373
-0.061754
0.073236
-0.186681
-0.116201
-0.173206
-0.096455
-0.140433
0.042004
0.005120
0.260195
0.046435
-0.242699
-0.038616
-0.020147
-0.185727
0.038493
-0.052446
-0.003264
-0.181837
0.075485
0.055066
0.010148
-0.052705
0.037101
-0.062866
0.004644
-0.107996
-0.113328
0.030808
-0.130050
0.089948
0.048020
-0.192952
0.029375
-0.044224
-0.033904
0.009693
0.037383
-0.020818
-0.064391
0.030220
0.108740
0.101074
0.213284
-0.239038
0.252440
-0.032071
-0.166453
-0.116743
0.038552
-0.223991
-0.055001
0.078953
0.046440
-0.096945
0.123122
0.044944
-0.084666
0.059086
0.022040
-0.075137
-0.058357
-0.402949
0.095093
-0.169864
-0.138953
0.145577
0.144022
0.033015
-0.022962
-0.321366
-0.068959
-0.033168
-0.236856
-0.034381
-0.011897
-0.134221
-0.000572
0.110757
-0.194067
-0.018276
-0.016937
0.039004
-0.093793
0.021237
0.095177
0.096822
0.063578
0.089635
-0.095903
0.010949
-0.025478
-0.150180
-0.156316
0.063328
-0.178112
-0.228386
-0.066517
-0.108782
0.044557
-0.164979
-0.120986
0.115957
-0.161044
-0.085084
0.127684
-0.005865
-0.154370
-0.053523
-0.039798
-0.122584
-0.149864
-0.037640
-0.105416
0.016080
0.032464
-0.011584
-0.113140
-0.032993
0.067131
-0.109958
0.017735
0.035606
-0.035843
0.035420
0.020628
-0.035388
-0.062575
-0.094324
-0.207308
0.052842
0.098484
0.070090
-0.169389
-0.235880
-0.014031
-0.058374
-0.126573
0.066338
0.103493
0.049437
0.067646
0.146089
-0.042236
0.127597
-0.127740
-0.265419
0.078373
-0.092607
-0.225397
-0.070134
-0.024980
-0.173433
-0.152828
-0.098517
-0.091450
-0.199669
0.067282
0.075130
-0.080701
0.004208
-0.113839
-0.032528
-0.018354
-0.191395
-0.273417
0.151042
0.010661
0.046423
-0.107821
-0.038935
0.056614
-0.044600
-0.158797
-0.173745
0.006269
0.081602
0.160124
0.145327
-0.013490
-0.195566
0.062305
-0.005940
-0.169940
0.101660
-0.184108
-0.204391
-0.147754
0.096691
0.112301
-0.067828
-0.044432
-0.060766
0.011861
0.071774
0.010316
0.060071
0.119428
0.049649
-0.029662
0.060524
0.186903
0.068926
0.221992
0.124446
-0.070455
-0.064950
-0.002103
0.064335
0.290510
-0.068090
0.005253
0.155652
-0.176690
0.108539
0.091228
0.044063
0.014780
-0.117340
-0.037942
-0.139175
-0.065459
0.180911
-0.003171
0.174807
0.011175
0.119754
-0.141175
0.078806
-0.027202
-0.116076
0.037546
-0.036775
0.026369
-0.055719
-0.004159
0.304245
-0.212584
-0.047345
-0.014210
0.021603
-0.056381
0.144458
-0.083702
0.190767
-0.091857
-0.242829
-0.032891
-0.089970
-0.096124
-0.070172
-0.020881
0.103373
0.081780
-0.020308
0.016443
-0.069972
-0.053243
-0.005865
-0.089746
-0.084674
-0.036290
0.079226
-0.141791
-0.054108
-0.114463
-0.048160
-0.147508
0.119507
-0.019672
-0.060151
0.196895
-0.082334
0.146977
0.033008
0.015086
0.028032
-0.060268
0.159754
0.015852
0.039604
-0.168406
0.087908
0.059089
-0.002095
-0.014009
-0.049383
0.002649
-0.091208
0.149750
0.104013
0.001675
0.098937
-0.114393
0.041725
-0.072388
-0.084608
-0.253960
-0.093206
-0.036605
-0.088159
-0.022411
0.078347
0.022390
-0.030673
-0.115755
-0.027408
0.072855
-0.039847
0.017831
-0.088155
-0.067237
0.081208
-0.137794
-0.027941
0.122619
0.195998
0.270329
0.111080
-0.018311
-0.223382
-0.161555
-0.058729
-0.320851
-0.118768
0.142383
0.010168
-0.077433
0.023414
-0.044271
-0.046489
-0.036860
-0.115099
-0.040585
-0.033225
-0.003415
-0.285324
-0.063814
-0.224159
-0.199787
-0.060875
-0.006866
-0.100311
0.022515
0.062458
0.079066
0.083398
0.119899
0.045935
-0.032873
-0.102143
-0.083679
-0.054441
-0.079547
-0.137235
0.239585
0.226630
0.009978
-0.211736
-0.186959
-0.087629
0.168888
0.124544
-0.030825
0.314188
0.215737
0.024016
-0.056244
0.054558
0.092349
-0.029622
0.037341
0.072417
0.005269
-0.159660
0.021385
-0.000798
0.045068
-0.005175
-0.161666
-0.068272
0.099647
0.018648
-0.123275
0.187415
0.062500
0.070346
0.110012
-0.221503
-0.063336
-0.114890
-0.040499
-0.258757
-0.186883
0.080954
0.173228
0.024147
-0.025928
0.130663
-0.210552
-0.289933
-0.321287
0.001013
-0.016489
0.040790
0.095814
0.013632
0.022861
-0.189222
0.350785
0.342730
-0.158353
0.007326
-0.096021
0.073036
-0.039080
0.016991
-0.003760
-0.016311
-0.297086
0.052236
0.032281
-0.138848
-0.093027
-0.114904
-0.039383
-0.109649
0.280904
-0.034226
-0.127181
0.025610
-0.021818
-0.115581
0.037667
0.142243
0.035658
-0.086579
-0.146899
0.005520
0.045063
-0.055778
0.065302
0.047465
-0.128271
0.085951
-0.193927
-0.075365
0.009115
-0.060554
0.069873
0.016315
0.163105
0.111752
-0.132095
-0.118554
-0.164271
-0.138581
-0.042575
-0.003704
-0.027604
0.032138
-0.081264
0.062314
0.066176
0.116171
0.089706
0.059057
-0.069235
-0.050143
0.214279
0.107932
-0.139119
0.286197
0.152933
-0.007224
-0.066902
-0.102464
0.094023
-0.033210
-0.079282
0.057632
0.017026
-0.169114
-0.095240
-0.029357
-0.062259
0.016584
-0.187352
-0.027321
-0.024090
0.003214
0.141564
0.153781
-0.029263
0.135475
-0.077283
0.071819
-0.095238
-0.112730
0.111510
-0.105028
-0.035591
-0.041138
-0.132185
0.125061
-0.029659
-0.064313
0.020197
0.063713
-0.084119
-0.044854
-0.030924
-0.227631
0.087443
-0.086575
-0.144315
0.136637
-0.151513
-0.117846
0.124494
0.032167
0.015995
-0.069534
-0.172673
-0.055775
-0.061621
0.016438
0.151269
-0.101627
-0.058730
-0.055045
-0.033607
-0.074751
-0.004148
-0.040254
-0.240700
-0.155015
0.042160
-0.035526
-0.028222
0.015191
0.096759
0.062836
-0.006598
0.110651
-0.105279
-0.021745
-0.040066
-0.069541
-0.190829
0.211440
0.077070
-0.040548
-0.099797
-0.036699
-0.013802
0.141226
-0.120973
-0.069081
0.021661
-0.044889
-0.162377
-0.070458
0.048878
-0.042195
-0.112852
-0.088950
0.146887
-0.174265
-0.012130
0.016470
0.051143
-0.053728
0.099671
-0.070267
-0.104946
-0.120564
-0.161657
-0.171578
-0.212616
-0.221757
-0.046159
-0.110011
-0.015422
0.042941
0.070321
-0.024973
-0.109185
-0.080176
-0.045370
-0.127236
0.074856
-0.003823
-0.055551
0.131555
-0.019446
-0.095974
0.088369
0.163556
0.037276
-0.014840
0.259702
-0.010408
0.021652
0.017028
-0.047542
-0.065069
0.099663
-0.232002
-0.213145
0.235299
0.238747
0.199086
-0.102041
-0.082982
0.048989
-0.175839
-0.135810
-0.038900
-0.144061
-0.038502
-0.108158
0.071683
0.089924
0.079201
0.011529
0.089069
-0.239095
-0.033800
-0.008230
0.073798
0.048352
-0.121886
-0.090334
0.084322
0.163240
0.062475
-0.010782
-0.053724
-0.027048
-0.207233
-0.190521
-0.115232
-0.001750
-0.027857
-0.020542
-0.055586
-0.013706
-0.084695
0.208030
0.079189
-0.081670
-0.035442
-0.123218
-0.116068
0.028422
-0.050043
0.086285
-0.044996
-0.023716
-0.026687
0.186631
0.009749
-0.075222
-0.011360
0.044619
-0.008188
-0.002635
-0.095291
-0.200478
-0.094266
-0.167926
-0.051704
-0.215481
-0.030743
-0.017045
-0.029565
-0.111614
-0.067587
0.019232
0.042732
0.171898
-0.059547
-0.146351
-0.032553
0.063587
-0.011840
0.020861
-0.119121
-0.107584
-0.080433
0.068907
-0.000529
-0.038728
0.035998
0.021323
0.002697
-0.103014
-0.107018
-0.054840
-0.078380
-0.135279
0.118245
-0.035708
-0.122964
-0.166364
0.156528
0.149512
-0.106941
0.058933
-0.143334
-0.150120
-0.125819
0.036680
-0.138749
0.186259
0.104987
0.024151
-0.136377
-0.074395
-0.060683
-0.113568
0.055805
-0.085429
0.007442
0.030940
0.032415
0.227082
-0.007625
-0.179600
-0.029103
-0.188568
-0.201982
-0.089746
-0.021195
-0.066538
0.118125
0.013153
-0.140706
-0.095498
-0.083366
-0.246019
0.062324
-0.039048
-0.124910
-0.159868
-0.310229
0.002884
-0.045069
0.057085
-0.009531
0.128180
0.252376
0.168755
0.011711
-0.000672
0.086677
0.057262
-0.071425
-0.209885
0.125910
0.086194
-0.002916
0.030296
-0.039984
-0.040709
0.117353
-0.075367
-0.034347
0.146497
-0.006701
-0.048760
0.082933
-0.035747
-0.040465
0.116327
0.106088
-0.003430
-0.137767
-0.044599
-0.215273
0.068948
-0.066799
-0.121828
0.041211
0.050376
0.067789
0.027345
-0.045348
-0.035627
0.136682
-0.243532
-0.000041
0.306047
0.258802
0.018506
0.134816
-0.029273
0.144097
-0.082892
-0.100523
-0.054949
-0.138730
-0.170160
0.000268
0.275356
-0.036519
0.060607
0.033472
0.075858
-0.078450
-0.079385
0.006153
0.013922
0.142343
0.167000
-0.080458
0.250208
-0.091042
0.040307
0.297289
0.120054
0.024319
-0.065282
-0.140065
-0.017594
-0.055968
0.116933
-0.040127
0.149131
0.145684
0.010657
-0.136391
0.073176
0.001153
-0.125069
0.005539
-0.029196
-0.080321
-0.047878
0.013581
-0.238932
-0.328501
-0.129425
0.080337
-0.011273
-0.012070
0.145338
-0.018607
-0.071236
0.219569
-0.037230
-0.028300
-0.050404
-0.121767
-0.051880
0.079832
-0.179147
-0.199949
0.165270
-0.081487
0.022876
-0.127057
-0.106328
-0.051906
-0.210162
-0.109759
0.128552
-0.178061
-0.269273
0.155024
-0.146236
-0.069945
0.146024
-0.128665
-0.060372
-0.016456
0.034795
-0.041566
-0.008287
0.096693
-0.033247
-0.114208
-0.136490
-0.146440
-0.012380
-0.006626
-0.068480
-0.014837
-0.145800
0.035623
0.180047
-0.079663
-0.091663
0.042538
-0.044798
-0.208905
-0.216424
-0.011608
-0.084551
-0.032090
0.169296
0.047308
0.039500
0.113489
0.027765
-0.226356
0.060841
-0.010531
-0.082811
-0.006779
0.187387
0.172872
-0.245286
-0.120222
0.001634
0.042379
-0.118455
-0.079605
0.256415
0.300099
0.076380
0.112771
0.258178
0.182395
-0.013469
0.082454
-0.040699
-0.120175
-0.084164
0.036174
0.155046
0.039986
-0.015833
0.006596
-0.088939
0.115864
0.238053
-0.169017
-0.137263
0.029212
0.128457
-0.052123
-0.073901
-0.137108
-0.202140
-0.024793
-0.171187
-0.123947
-0.023669
-0.079357
-0.103965
-0.015955
0.072621
-0.002087
0.084012
0.032966
-0.112652
-0.018011
-0.095818
-0.095067
-0.095141
-0.040761
0.174070
-0.070132
-0.143653
-0.006488
0.024662
0.086911
0.099305
0.143198
0.133537
-0.048120
-0.076614
0.089261
0.179591
-0.238104
-0.199599
0.250557
-0.069660
0.010168
-0.085116
0.227910
-0.040701
-0.129753
-0.076013
0.009743
-0.186938
0.078690
-0.057403
-0.095510
0.055885
0.046086
0.039218
-0.047230
-0.109609
-0.035667
-0.098611
-0.061047
0.007697
0.108790
-0.173789
-0.164039
0.264939
0.070149
-0.231245
0.158365
-0.135172
-0.124893
0.139449
0.207423
-0.055860
0.045165
0.096330
-0.036576
-0.113836
0.134395
-0.182442
-0.034558
-0.086329
-0.109675
-0.089699
0.031602
0.056646
0.104001
0.040091
0.050695
0.129509
0.124186
0.084925
0.027822
-0.023168
-0.162934
-0.094983
0.070521
-0.153931
-0.122442
-0.017429
-0.110042
-0.071216
0.043487
0.051062
0.032731
-0.089883
0.047848
0.354702
0.149005
-0.079136
0.063729
0.100750
0.041183
0.072341
0.115901
-0.111685
-0.002516
0.094194
0.039050
-0.034661
-0.015950
0.185542
0.044519
0.146207
0.178843
-0.117971
-0.048924
0.066154
-0.106163
0.035783
0.026045
-0.070381
-0.109863
-0.215950
0.152236
-0.110954
-0.074658
0.056310
-0.087706
0.005559
-0.086977
0.094859
-0.054016
-0.253187
-0.039017
0.136573
-0.347783
-0.095294
0.055547
-0.086823
-0.014546
-0.049769
-0.237688
-0.016849
0.025493
-0.078023
-0.137463
0.086874
0.113678
0.075344
0.068748
0.140837
0.168505
-0.072684
0.049099
-0.184524
-0.103471
0.017661
0.114633
0.169447
-0.201758
0.072914
0.323578
-0.055534
-0.157497
0.241957
0.040365
0.052023
-0.137087
0.057574
-0.096166
-0.056012
-0.012479
0.139160
0.209509
-0.041559
0.001713
-0.221838
0.156068
0.175274
0.010785
-0.269111
-0.185442
0.001954
0.164474
0.035602
-0.161654
-0.054611
0.085161
0.065943
-0.008062
0.113383
0.104205
-0.200497
-0.127704
-0.012890
-0.120305
0.095012
0.078170
0.133558
-0.050317
0.231418
-0.125905
-0.088971
-0.060209
-0.135936
-0.109059
-0.054609
-0.011441
-0.090285
0.010389
0.058522
-0.028641
-0.272356
-0.167695
-0.112195
0.053140
-0.027523
-0.079250
0.066715
0.092579
0.116685
0.183644
0.043884
-0.009074
0.142627
0.169332
-0.258157
-0.048050
-0.055071
0.137732
0.218030
0.087596
0.146065
0.141444
0.142262
-0.141120
-0.135551
-0.042767
0.170360
0.093932
-0.246106
-0.034651
0.075198
0.059963
-0.018640
0.061197
-0.137672
-0.124172
-0.136232
0.302032
0.011481
-0.099805
0.070070
0.071831
-0.044122
-0.181488
-0.143387
0.078858
0.003793
-0.236401
-0.101126
0.018768
0.026857
-0.107216
0.061747
0.057294
-0.017062
0.109135
-0.144033
-0.088901
0.068744
0.207852
-0.047218
0.143188
-0.139707
-0.069317
0.263170
0.219681
-0.104500
0.020074
0.095485
-0.039415
-0.078159
0.028645
0.180504
-0.036501
0.006549
-0.025297
0.262644
-0.064800
-0.071420
-0.014718
-0.005692
-0.016747
-0.001897
-0.087205
-0.033804
-0.054858
-0.161285
-0.076709
-0.065818
-0.052449
0.066744
0.044269
0.238296
-0.005844
-0.047366
0.063555
-0.019012
0.126837
0.100386
0.070473
0.014904
-0.020210
0.146740
-0.061549
-0.190696
-0.077002
0.111715
-0.143793
-0.194497
0.217103
0.179547
-0.110901
0.064249
0.154777
-0.154090
-0.011973
0.064245
-0.046560
-0.062207
0.109399
0.040808
0.078019
0.022828
-0.029470
0.055711
-0.010764
0.070435
-0.031454
-0.080160
-0.110648
-0.172381
-0.025783
0.038904
-0.101927
-0.098491
-0.085475
0.152375
0.007631
0.041237
0.063309
0.058576
0.015408
0.071250
0.061105
-0.128169
-0.026826
-0.043444
0.065484
0.078255
0.106995
-0.023734
0.013311
-0.062246
0.109435
-0.111228
0.064119
0.084118
0.048925
-0.024859
0.004562
-0.074304
-0.024997
0.046653
-0.014774
0.130592
0.135573
-0.082639
-0.148541
-0.134798
-0.106241
-0.171445
-0.195816
-0.061596
-0.205325
-0.066127
0.039441
-0.019319
0.106627
-0.058237
-0.034024
-0.054861
0.237948
-0.067017
-0.149800
0.246099
0.171012
-0.154995
0.140569
-0.108558
-0.000311
0.204037
0.418294
0.048600
-0.135499
0.103008
0.092081
0.060175
0.007672
-0.029120
-0.137187
0.025052
0.142674
-0.050718
-0.040653
0.017370
0.044510
0.004724
-0.097247
0.067091
-0.011478
0.186785
-0.095230
0.063002
0.089868
-0.129575
0.078078
0.176594
-0.035001
-0.165945
0.021634
0.152043
-0.223590
-0.159706
-0.017440
-0.205895
0.016973
-0.040630
0.017906
-0.044333
0.119544
-0.091118
-0.135957
0.011141
-0.094464
-0.034946
-0.025955
0.017389
0.097499
0.012021
0.013221
0.118828
-0.299037
0.002941
0.010903
-0.235747
0.011230
-0.122692
-0.089292
-0.057394
0.010938
0.017812
-0.051898
-0.020752
-0.330867
-0.076234
0.120121
-0.171872
-0.116268
0.040959
0.181522
-0.002680
-0.099901
0.154820
0.013935
0.049136
0.112512
-0.045559
-0.109573
-0.000691
-0.003350
-0.081038
0.109035
-0.021507
0.135879
0.166099
0.069821
-0.076202
