-0.158397
0.024413
-0.063083
-0.055254
0.046387
0.055558
-0.323876
0.036205
-0.058825
-0.057812
-0.376764
-0.075919
-0.072543
0.016216
-0.044138
0.007000
0.032222
0.027574
-0.024748
-0.456609
0.041615
0.007342
-0.003767
-0.010153
-0.051227
0.029738
-0.048858
-0.226912
-0.008600
-0.056155
-0.020838
-0.029690
0.132010
-0.042605
0.112795
-0.039632
-0.242831
0.127921
0.149782
0.049346
0.038514
-0.032633
-0.031225
-0.028528
-0.023024
0.005347
-0.043901
-0.005961
-0.063086
-0.010711
-0.035124
0.031467
-0.066283
0.006820
-0.088638
0.016066
-0.247577
0.021956
0.034122
-0.032692
-0.035055
-0.056899
-0.059494
-0.431096
-0.045006
-0.001625
-0.065766
-0.031850
0.007341
-0.212634
0.040399
0.038096
-0.174529
0.050669
0.033257
-0.010780
0.000856
0.032208
-0.008665
-0.063284
-0.056589
0.009507
0.029498
0.056067
0.002724
0.091144
-0.025295
-0.161244
-0.042834
-0.076444
-0.007852
-0.047730
-0.043098
-0.012052
0.006558
0.102360
-0.048425
0.015128
0.044642
0.041612
0.039276
0.032227
-0.039384
-0.142922
-0.287436
-0.362721
-0.061336
-0.291890
0.006777
0.025338
-0.017714
-0.044769
-0.005540
-0.051023
0.027286
-0.066289
-0.160350
-0.026750
0.103570
-0.017635
-0.026949
0.035441
-0.030963
0.013362
-0.064991
0.013667
-0.056109
0.050598
-0.070368
0.012146
-0.031068
-0.002376
-0.009950
0.008421
-0.053773
-0.045979
-0.030052
-0.226821
-0.097718
-0.046554
0.021701
-0.321862
-0.022401
-0.003003
-0.018086
-0.007188
-0.252968
-0.007881
0.029496
-0.165439
-0.061050
0.011147
0.012823
-0.027118
0.007469
0.025209
-0.028084
0.001800
0.020832
-0.456521
-0.063353
-0.065263
-0.001167
-0.275393
-0.038437
-0.060175
-0.047879
-0.053420
-0.063473
-0.029468
0.023274
0.053354
-0.025192
-0.068084
-0.073230
-0.006446
0.012404
-0.023674
-0.011215
0.107335
-0.042000
-0.060768
0.039725
-0.043785
0.029767
-0.273856
-0.246744
-0.205786
0.052588
0.106946
0.053193
0.045881
-0.019550
-0.470970
0.042061
0.028729
0.009024
-0.021353
-0.347469
0.028415
-0.019512
-0.025865
-0.031570
-0.092047
0.033649
0.050244
0.041585
-0.041216
0.017366
-0.042424
0.001739
-0.057561
0.023711
-0.018336
-0.019288
0.028346
0.008190
-0.376061
-0.019490
0.009364
0.020060
0.017582
-0.023269
-0.061050
-0.026475
0.003084
-0.018197
-0.065805
-0.017832
-0.260505
-0.060916
-0.048984
-0.001050
0.007667
-0.033430
-0.052958
-0.034482
-0.064694
0.013428
-0.035284
-0.075575
-0.059631
-0.041329
0.040238
0.000535
-0.002019
-0.080301
-0.052730
-0.342021
0.045289
-0.013724
-0.112077
-0.013274
-0.005988
-0.020390
-0.310182
-0.248339
-0.082229
0.027719
0.034407
-0.045377
-0.006335
0.113286
-0.007105
0.005150
-0.046120
-0.260187
-0.027349
0.017774
-0.052349
0.015158
0.030078
0.045015
0.000453
0.057684
-0.098311
0.026446
-0.035967
0.058360
-0.019080
-0.030267
0.017491
-0.060272
-0.105628
-0.035984
0.027856
-0.046998
-0.043251
0.056958
0.018283
0.085469
-0.025689
-0.234272
0.083461
0.077949
0.029384
-0.034649
0.023180
0.010011
-0.019083
-0.032891
-0.030564
-0.040635
0.032686
0.026867
0.023359
0.048268
0.009268
0.048264
-0.065975
-0.056204
-0.026870
-0.181260
0.049774
-0.011485
0.018930
0.003451
-0.023388
0.005144
-0.380495
-0.013001
0.048393
0.023422
0.047727
-0.031967
-0.295015
0.013860
0.019480
-0.132106
-0.032535
-0.014037
-0.036442
0.004479
0.017860
-0.048621
0.097912
0.032154
-0.035348
-0.070057
-0.053070
0.025278
0.089726
-0.019879
0.083102
-0.006797
0.100332
0.024138
-0.011485
0.055474
0.037625
-0.024796
0.036467
-0.035092
-0.055285
-0.017338
-0.021957
0.007387
0.053899
0.041228
0.080820
-0.247479
-0.316549
0.015402
-0.186621
-0.026932
0.049774
-0.002729
-0.020020
-0.006586
-0.003648
0.001446
-0.059498
-0.334608
-0.041350
0.106534
0.047376
0.054381
0.028644
-0.028821
0.027862
-0.034417
0.025774
-0.000051
-0.010367
-0.304950
-0.023973
-0.021685
-0.031634
0.046863
0.035390
0.041201
-0.002492
-0.050957
0.078509
-0.213717
0.000005
0.104795
-0.255913
0.037895
-0.016971
0.051656
0.013875
-0.148828
-0.065879
-0.027395
0.001764
0.015352
0.038028
-0.050149
-0.013534
-0.052186
0.004439
-0.007086
-0.019978
-0.056141
-0.373258
0.017189
-0.015743
-0.046927
0.064690
-0.067967
0.020698
0.055932
-0.064033
-0.064919
-0.055392
-0.015855
-0.031657
0.004561
0.059369
-0.000161
-0.008169
-0.023535
-0.015349
0.016628
0.068618
0.015587
0.034626
0.055582
0.049869
0.023335
-0.219989
-0.147112
-0.200138
-0.014797
0.103624
0.009297
0.054918
-0.044275
-0.375275
-0.051766
-0.024660
-0.064954
0.106370
-0.324600
-0.032910
-0.024818
-0.016771
-0.047240
0.084415
-0.005101
-0.032064
0.044591
-0.050244
-0.005562
0.006983
-0.007243
-0.034759
0.054169
-0.026887
-0.025786
0.009150
0.035990
-0.393854
-0.056530
0.033955
0.013989
-0.062679
-0.067036
-0.021240
-0.054871
-0.028008
0.000902
-0.040059
-0.052829
-0.149502
-0.044733
0.041951
-0.041764
0.053379
0.052782
-0.024610
-0.067713
-0.001557
0.031142
0.021381
-0.030948
-0.004673
-0.036446
0.052968
-0.058752
0.044435
0.031444
0.030824
-0.481234
0.015374
-0.001052
0.049933
-0.020221
0.018887
0.041223
-0.102202
-0.360685
-0.070024
0.040323
0.032679
0.030463
-0.053449
0.140653
0.057633
0.024451
-0.015199
-0.198578
-0.050311
-0.067903
-0.009418
-0.011762
0.038044
0.019339
-0.034410
-0.040376
-0.165188
-0.010134
0.001631
0.037254
0.063001
-0.055285
-0.038635
-0.085138
0.124308
-0.057652
-0.001502
-0.049500
0.023636
-0.302548
0.057630
0.087706
0.068044
0.061723
0.076645
-0.294564
0.038263
0.005374
0.046015
-0.028357
0.052354
-0.057774
0.058214
-0.017063
-0.040628
-0.035182
-0.014247
0.044239
-0.070114
0.050073
0.019808
-0.078619
-0.015663
0.081794
0.023708
-0.064539
0.003025
0.013355
-0.056155
-0.032219
-0.353722
0.050387
-0.039911
-0.001745
-0.002100
0.042954
-0.262371
0.051989
-0.062588
-0.153751
-0.017777
-0.046933
-0.018403
0.055167
-0.032750
-0.033360
-0.177922
-0.011098
-0.051905
-0.038232
-0.035124
-0.021903
0.031321
0.019161
0.065752
-0.034338
0.094730
0.034918
0.015858
0.014525
-0.040841
0.010052
-0.398740
0.046994
-0.030538
-0.044015
-0.005453
-0.030242
0.011495
0.056258
0.078378
0.059527
-0.249376
0.035994
0.094156
0.001862
0.043444
0.047119
-0.051035
0.043615
-0.027552
-0.058451
0.002457
-0.241746
0.047811
0.120557
0.028082
-0.030709
0.042639
-0.028097
0.059955
-0.063606
0.059655
-0.076370
-0.005568
-0.303996
-0.005459
0.013230
-0.058049
0.004159
-0.004249
-0.064131
0.039646
-0.045831
0.084508
-0.188421
-0.013577
0.105407
-0.257111
0.052582
-0.008186
0.046754
-0.003350
-0.426192
-0.031618
0.003446
-0.059428
-0.032713
-0.042167
0.042704
0.012577
0.018934
-0.026767
0.052795
0.019273
-0.041979
-0.663293
0.023715
-0.048534
0.025131
0.067192
0.005878
0.012999
0.028737
-0.023395
0.010823
0.007733
0.017878
-0.051922
-0.005447
0.005065
0.037723
0.024702
-0.051972
0.014890
0.055526
0.051516
0.004946
0.013304
0.024621
0.002629
-0.002570
-0.171026
0.118003
-0.133462
0.012836
-0.149921
-0.003738
-0.056076
0.053130
-0.381056
-0.006956
-0.055308
0.003205
0.081385
0.073608
-0.047151
0.008247
0.023600
-0.012502
0.019641
-0.034819
0.013696
0.011754
-0.012675
0.030602
-0.024592
-0.053917
-0.019626
-0.036120
0.020694
-0.023586
-0.053421
0.066523
-0.114867
-0.058654
-0.026096
-0.030919
-0.010665
0.030603
0.043057
-0.060742
-0.030094
0.013392
0.002335
-0.019781
0.114227
-0.026742
0.032130
0.029085
0.035122
-0.033389
0.005263
0.053494
0.009821
-0.024345
0.023975
0.026630
-0.017662
0.043137
0.035476
0.032688
-0.036073
0.012242
0.014061
-0.223577
0.002159
0.056418
-0.089152
-0.027303
0.053946
0.012111
0.061202
-0.270184
-0.035544
0.043383
0.055376
0.005764
0.034235
0.123010
0.060626
0.025870
-0.064514
-0.400030
0.034654
-0.003642
-0.013483
-0.008838
-0.011759
-0.023780
-0.067370
0.006761
-0.262241
0.054841
-0.065276
-0.057428
0.042409
-0.064669
-0.021880
-0.231451
-0.163157
-0.023745
0.018882
-0.052707
0.003069
0.010125
0.010323
-0.292408
-0.062922
-0.244547
-0.118915
-0.127261
-0.043378
0.040324
0.021456
0.018899
0.018279
-0.042930
0.053529
-0.050390
-0.001671
-0.063865
0.003121
0.026456
-0.043681
-0.005255
0.029184
0.010949
0.024008
0.105116
-0.040127
-0.048490
0.029731
-0.019813
-0.012817
-0.014111
0.061739
0.005112
-0.055533
-0.005324
0.042654
0.051700
0.088389
0.013863
-0.005186
-0.151725
0.003404
0.052265
0.054583
0.039568
-0.019423
-0.040549
0.092500
0.022640
0.019849
0.058680
-0.010441
-0.063320
-0.381158
-0.071951
-0.341693
-0.043895
-0.124215
-0.043055
-0.006466
0.059442
-0.037472
-0.014347
-0.120003
0.005767
-0.057665
-0.051850
-0.033435
0.033517
-0.058463
0.004257
0.059325
0.048650
-0.207913
-0.023247
0.068931
0.039325
-0.050414
0.036316
0.014177
0.002040
0.015540
-0.007231
0.009673
-0.269121
0.028971
0.009336
0.012880
0.048974
0.024726
-0.019863
-0.010619
0.001547
0.019793
0.032941
0.009059
0.057748
-0.050215
-0.026569
0.034638
-0.023877
0.036118
0.023764
-0.029696
0.050514
0.023452
-0.167978
0.062633
0.112519
-0.134183
0.009670
0.051371
-0.035231
0.054404
0.021227
0.046685
-0.049964
0.098951
-0.030379
0.049579
-0.023941
-0.048619
0.024570
-0.023924
-0.021023
0.043662
-0.018128
-0.246898
-0.003749
-0.059570
-0.025505
-0.309750
-0.055883
-0.032321
-0.054465
0.001475
-0.068043
-0.018945
0.008861
0.006254
0.002751
-0.007138
-0.039703
-0.064914
-0.001180
0.045938
-0.059117
0.005559
-0.002092
0.056390
0.018899
-0.008068
0.056562
-0.213961
0.073644
-0.253017
-0.018859
-0.200804
-0.017811
-0.004792
-0.055071
-0.197947
0.039670
-0.038322
-0.062315
0.092288
0.058189
0.022824
-0.001138
0.009125
0.027798
0.064219
-0.059975
-0.029968
-0.031891
-0.041117
0.045650
-0.063053
-0.028797
-0.058787
-0.042956
-0.029527
0.009405
-0.052190
-0.030284
0.034220
-0.037578
-0.014970
-0.041715
0.011696
-0.030972
0.048903
-0.060261
0.036208
-0.049817
0.031007
-0.055997
-0.060408
-0.054734
-0.055647
-0.014285
0.017794
0.039505
-0.019023
0.035889
-0.017351
0.053164
-0.043794
-0.025907
-0.039160
-0.027695
-0.012034
-0.008071
-0.009976
-0.088216
0.000664
0.046140
-0.014869
-0.001043
-0.068439
-0.088089
-0.035586
-0.036583
0.094372
-0.293873
-0.194823
-0.007247
-0.028426
0.005016
-0.019370
-0.100396
0.032763
-0.012987
0.049211
0.042874
0.041866
0.024294
-0.014154
0.018454
0.031638
-0.001760
-0.012060
-0.044226
0.073195
-0.029493
-0.019045
-0.047355
0.010454
0.037205
0.016274
-0.337077
-0.087214
-0.019047
-0.003599
-0.063143
0.050319
-0.297591
-0.019783
0.103179
-0.021065
0.115907
0.067321
0.114984
0.054919
0.001182
-0.032255
-0.023840
-0.003443
-0.005577
0.004152
0.060770
0.021363
-0.017988
-0.036899
0.051871
0.051255
0.040377
-0.008132
-0.012239
0.036268
-0.428524
0.039652
0.058422
-0.028354
0.027686
0.050239
-0.041951
-0.443929
-0.046362
0.045027
-0.024724
-0.008102
-0.049961
-0.171656
0.001045
0.058169
0.131133
-0.017483
0.001971
-0.046797
0.066285
0.035416
0.022792
-0.122399
0.003304
-0.020662
0.066464
-0.001022
0.007166
0.067349
0.058280
0.027729
-0.034710
0.106200
-0.004183
-0.037747
-0.017623
-0.027950
0.051562
0.070949
0.005262
-0.060290
-0.009492
-0.022258
-0.020979
0.008022
-0.012886
-0.161767
-0.252226
-0.099200
-0.042679
-0.186325
0.038388
-0.054834
-0.010800
0.017066
-0.058807
0.022853
-0.058409
-0.012703
-0.238930
0.048396
0.114915
0.023548
0.044416
-0.009277
0.028971
-0.000701
0.053077
-0.014011
-0.000732
-0.028810
-0.178144
0.021907
0.019424
0.030650
-0.043524
0.048448
0.044232
-0.018101
0.003289
-0.124991
-0.280603
0.006372
-0.226843
-0.218574
-0.002091
0.035166
0.032266
0.041029
-0.452214
-0.038650
0.011048
-0.389553
0.008233
0.030057
0.027712
-0.004198
-0.046845
-0.023102
0.009811
-0.040632
-0.029231
-0.506183
-0.014301
-0.012944
-0.002689
-0.079536
-0.002321
-0.027926
0.031330
-0.044870
0.055693
0.038601
0.055949
0.011506
-0.057690
-0.033736
0.039649
-0.008499
-0.036079
-0.013978
-0.020638
0.074930
0.035895
-0.029393
0.018208
0.021668
0.062377
-0.224922
0.043659
0.116686
-0.032662
0.112238
0.044981
0.001379
-0.020546
-0.465070
0.005455
-0.010908
0.051185
0.083586
-0.570392
0.039784
-0.015665
-0.017203
-0.022917
-0.293411
0.024026
0.013437
-0.018011
-0.027514
-0.039918
-0.004562
-0.054835
0.046244
-0.031296
-0.009404
-0.009710
-0.039900
-0.028793
-0.201272
0.001483
0.005293
-0.047202
-0.029773
0.030171
0.041007
0.032674
-0.030905
-0.001077
0.067008
-0.036742
0.128596
0.057172
-0.019362
-0.038343
0.029071
0.026537
0.015011
-0.037403
-0.039346
0.043390
-0.020714
0.029568
-0.029796
0.019055
0.030021
0.011910
-0.043122
-0.056439
0.060150
-0.526511
0.039853
0.026477
-0.013250
-0.019091
0.006687
-0.059309
-0.269124
-0.255593
-0.099711
0.002819
0.028629
-0.022885
0.030081
0.109667
0.021952
-0.040007
0.019911
-0.380984
0.006047
-0.064570
0.063214
-0.046914
0.010506
-0.017970
0.041181
-0.011274
-0.268789
0.010361
-0.050143
0.001964
-0.114226
0.051053
0.049246
-0.021730
0.100275
-0.032725
0.054434
-0.046703
-0.055351
-0.033262
0.021325
-0.146337
0.033627
-0.252467
-0.038860
-0.253216
-0.041913
-0.010636
-0.029311
0.022742
-0.003865
-0.065486
0.049325
0.032421
0.019279
-0.061552
-0.022477
-0.033533
0.031860
-0.015308
-0.055537
-0.150416
0.032059
0.123259
0.031512
-0.051188
0.052903
0.050707
0.012584
-0.013037
-0.212898
-0.045747
0.030709
0.065211
0.012841
-0.010388
-0.268715
0.056048
0.051933
0.111139
0.060052
0.052758
-0.025382
-0.038161
0.032252
0.029414
0.072080
-0.015083
0.001451
0.063737
-0.054862
-0.019754
-0.212359
-0.057251
0.035127
0.044945
0.082028
-0.015082
-0.052730
0.028436
-0.044475
-0.033528
-0.290735
0.051895
-0.050904
0.057318
-0.054110
-0.009428
-0.011044
0.027834
0.005177
-0.036239
-0.188480
0.004728
0.091234
0.005472
0.016394
-0.041862
0.003208
-0.022465
0.006173
-0.032865
-0.057870
-0.273576
0.028873
-0.129088
-0.062652
0.007455
-0.055371
0.026758
-0.033868
0.031020
-0.015378
-0.081760
-0.033333
0.068128
0.038397
-0.009372
-0.011370
-0.054612
-0.034334
0.050768
-0.021870
0.003158
0.054951
-0.094903
-0.041529
0.091106
-0.146449
0.028411
0.025857
-0.065850
-0.039139
-0.104449
-0.028920
-0.025695
0.104314
0.016684
-0.057555
-0.003575
-0.011041
-0.009179
0.025989
-0.011121
0.039541
-0.006403
-0.360583
0.018134
-0.010355
-0.043260
-0.136315
-0.041723
0.002760
-0.012558
-0.024677
0.037452
-0.030126
0.004899
0.019904
0.051420
0.006221
-0.007757
0.041713
-0.000159
0.048372
0.035962
0.055128
-0.001157
-0.045560
0.029959
-0.048148
-0.036206
0.074356
0.095246
0.098172
-0.027677
-0.344287
0.055573
-0.028822
0.055708
-0.003621
-0.032090
0.010426
0.010411
0.068920
0.025963
-0.047947
0.016443
0.006937
0.058065
-0.062551
-0.055138
0.039178
0.047080
-0.003623
-0.059509
-0.047991
-0.018147
0.063747
0.034826
0.004307
0.053458
-0.038420
-0.016379
-0.210274
0.035499
-0.066382
0.043147
-0.010937
-0.008650
0.022693
-0.040563
0.064622
-0.024947
0.030162
0.018708
0.111893
0.047393
0.058539
-0.004275
0.050510
-0.048815
-0.043762
0.021210
-0.069087
-0.020343
-0.011941
0.042543
-0.032377
-0.069286
0.066056
-0.049644
-0.044356
0.029988
-0.038670
0.015366
-0.038326
0.013926
-0.078256
-0.066190
0.041325
-0.059159
0.062403
-0.427080
-0.267359
-0.015853
-0.064194
-0.041953
0.024088
-0.284256
0.050062
-0.004201
-0.020444
-0.172651
0.037675
-0.027870
0.016769
0.009476
-0.051105
-0.059815
0.035471
-0.008389
-0.565616
-0.018327
0.000060
0.054652
0.003187
-0.063918
0.034545
-0.149354
-0.330234
0.039547
0.042735
0.048161
0.062406
0.060501
0.000136
-0.642886
0.023429
0.035130
-0.068841
-0.074188
-0.049701
0.025269
-0.051323
0.018913
-0.029904
0.054275
-0.020202
0.049595
0.033320
-0.038447
-0.032363
0.063448
0.034500
-0.038369
-0.067445
-0.093846
-0.033504
-0.104786
-0.062704
0.036629
0.045093
-0.036897
-0.034813
-0.059107
-0.362166
0.049905
-0.012548
0.002155
-0.055466
0.051538
-0.382747
-0.035071
0.036443
-0.323747
-0.016790
0.004196
0.034765
-0.068407
0.040997
-0.039713
0.124442
0.052523
-0.051182
-0.185494
0.010316
-0.023120
-0.470779
-0.026871
0.091618
-0.050915
-0.483091
-0.061008
0.050022
0.013043
0.042973
-0.005301
-0.480384
-0.050066
-0.019347
0.000092
-0.008669
0.005627
0.013256
0.034215
0.057735
0.040253
-0.086072
0.012577
-0.227925
0.033689
-0.049805
-0.002480
0.030738
0.046149
-0.022639
-0.016087
-0.041655
-0.366405
0.050634
-0.297549
-0.030877
0.017820
-0.001282
0.051178
-0.049207
0.032023
-0.060468
0.053679
-0.018302
-0.179018
-0.004232
-0.012375
0.053204
0.016108
-0.009604
0.042680
0.014933
-0.026427
0.007623
-0.256418
-0.031710
0.033630
-0.325194
-0.045444
0.011800
-0.046243
0.042003
0.057741
-0.026678
-0.014421
0.092315
0.031052
-0.053157
-0.040672
-0.006062
0.016210
-0.043197
-0.030985
0.029378
-0.061363
0.037963
0.038361
-0.033409
0.023319
0.056269
0.051754
-0.047739
-0.001175
-0.036784
0.003049
0.041185
-0.086609
-0.052412
0.013977
0.006252
0.002929
-0.043708
0.028932
0.033470
0.025946
0.079376
-0.018521
-0.066739
0.018161
-0.017804
0.010139
0.081487
-0.643482
0.100629
0.010138
-0.454325
-0.016638
-0.026431
-0.053283
0.088757
-0.002322
-0.007916
0.049695
0.011790
-0.002826
0.012639
0.026906
0.044965
-0.018526
0.098668
-0.024450
-0.056369
0.036389
0.011740
0.054357
0.026326
0.014597
0.017923
-0.007605
-0.047355
0.026698
0.014831
0.034270
-0.296382
-0.017738
-0.037377
0.038978
-0.065746
0.046192
-0.038614
-0.093847
0.008832
0.049848
0.020586
0.057311
0.122705
0.009645
-0.039069
-0.040824
-0.007144
-0.028413
-0.015004
-0.003873
0.005457
0.044042
0.025743
0.003018
-0.010099
-0.047957
-0.004446
0.044663
0.041570
-0.020389
-0.025709
0.046862
-0.064517
-0.079725
-0.083138
-0.046811
0.032338
-0.046537
-0.487117
-0.525175
-0.146951
0.053488
-0.005888
-0.040595
-0.021876
-0.215962
0.009133
-0.036820
0.039459
-0.243867
0.002534
0.018677
-0.008052
0.001679
-0.031432
-0.058780
-0.061714
0.010107
-0.086843
0.009746
-0.025629
-0.018804
-0.015908
-0.027878
0.042388
-0.024693
0.138546
0.018524
-0.011823
0.042660
0.012416
0.037909
-0.014471
0.071680
0.020169
-0.093106
0.037529
-0.332975
0.041652
0.041258
-0.003907
0.003772
-0.017566
-0.042628
-0.025635
-0.072344
-0.036918
-0.046386
-0.051182
-0.046544
0.019354
-0.031643
-0.053359
-0.027115
0.013850
0.075593
-0.001530
0.030854
-0.013638
0.017088
-0.024106
-0.039672
-0.361167
-0.047079
-0.047260
-0.006463
-0.034648
-0.019927
-0.364031
-0.034891
-0.048326
0.111064
0.057551
0.021284
0.007656
-0.042574
-0.030437
0.019192
0.012704
0.044357
-0.034885
0.040555
0.060662
0.011302
-0.298365
-0.015279
0.026959
-0.019982
0.112075
0.008135
0.033864
-0.015267
-0.055067
0.051501
-0.263117
0.021788
-0.044132
0.003538
0.036696
-0.030495
0.055896
-0.066640
-0.271074
-0.464739
-0.308533
-0.047101
0.118569
-0.065321
-0.019802
-0.063717
0.024522
0.023107
-0.023232
-0.022728
0.041472
-0.322966
-0.012295
-0.218379
0.050880
-0.050071
0.048583
-0.030465
0.061778
-0.064539
-0.050707
0.023592
-0.043044
0.094086
-0.041430
-0.000005
-0.056283
0.009274
-0.066327
0.020446
0.025411
-0.017050
0.062497
0.019563
-0.011463
-0.326143
0.086121
-0.026982
0.025194
0.023277
0.032215
0.092587
0.011713
0.028028
0.112237
-0.014966
0.043108
-0.025668
0.022559
-0.002113
-0.058057
0.035865
0.027964
-0.046846
-0.439162
0.000120
0.054165
-0.034321
-0.177177
0.056488
-0.009243
-0.016928
0.035145
-0.003208
0.005774
-0.034410
0.047261
0.007086
0.038585
0.016244
-0.013553
0.004890
-0.048815
0.038343
0.084280
0.059289
0.000293
-0.051341
0.053767
0.002677
0.084440
-0.232408
0.110679
0.056024
-0.276947
-0.064605
0.022648
-0.038942
-0.152491
-0.048456
0.054199
0.021917
0.099339
-0.384814
-0.043809
0.047701
0.009721
-0.037509
-0.255272
-0.053590
-0.044123
0.026945
-0.023110
0.018985
-0.051483
0.024082
0.036897
-0.019389
-0.012979
-0.025645
-0.010962
-0.038013
-0.340627
-0.042989
-0.038148
0.023069
0.033219
0.001575
0.001302
0.021885
0.049581
-0.041862
0.011614
-0.016562
0.090561
-0.038150
0.054843
0.046714
-0.027589
-0.013312
0.027518
-0.015176
-0.000608
-0.014929
0.014920
-0.056502
0.054118
-0.067382
0.045391
-0.051949
-0.043398
0.001080
0.052531
-0.494876
0.026066
-0.049657
-0.071330
-0.042099
0.058540
-0.045789
-0.316219
-0.413276
-0.113030
-0.025563
0.018922
0.013823
-0.008072
-0.266600
-0.003657
0.027547
-0.018334
-0.469478
-0.005611
0.013182
-0.055276
0.008528
-0.041216
-0.022693
-0.000325
0.012531
-0.277744
0.002414
-0.027083
0.053432
-0.006579
0.046520
0.064387
-0.309616
0.122412
-0.051725
-0.024709
0.049022
-0.037629
0.081621
-0.048243
0.087650
-0.039966
0.060704
0.066483
0.082706
-0.047990
0.034096
0.049630
0.022550
-0.056538
0.017160
0.007332
0.042971
-0.044035
0.001174
-0.024640
0.004888
-0.021599
0.029650
0.025850
-0.008152
-0.046079
-0.183569
0.004429
-0.033273
-0.057432
-0.023753
-0.008154
-0.067083
-0.344643
0.007160
-0.030064
-0.006180
-0.027426
-0.002693
-0.418184
0.032792
-0.031287
0.112827
0.054793
0.062029
0.000167
0.050093
0.001527
-0.030408
-0.354907
0.029966
-0.054722
0.098192
-0.023314
-0.034143
-0.214127
-0.048727
-0.319143
-0.014763
0.066210
0.001050
0.035624
-0.010828
0.018462
0.029242
0.047622
-0.045407
-0.004652
-0.042178
0.023081
-0.014648
-0.032873
-0.066826
-0.259349
-0.233129
-0.162690
-0.018714
0.081793
-0.058439
-0.012350
-0.008027
0.008747
0.040338
0.003593
-0.056015
-0.050887
-0.421230
-0.006086
0.093936
-0.005716
0.011344
0.067203
-0.042470
0.053103
0.016224
-0.054802
-0.048219
-0.020534
0.110430
-0.038230
-0.001825
-0.028101
0.030646
0.041974
0.024356
0.039771
0.050817
-0.213113
-0.218392
-0.032635
-0.190631
-0.221135
0.038096
0.014303
-0.040554
-0.049023
-0.135030
0.057684
-0.008657
0.075050
-0.024383
-0.037329
0.053863
0.048918
-0.045803
-0.004166
-0.027451
-0.044562
-0.025951
-0.420302
-0.028350
0.051536
-0.041902
-0.335530
0.011978
0.011404
0.044705
-0.045837
0.028757
-0.029489
0.006575
0.017715
0.027630
-0.011570
0.057420
-0.054440
-0.010682
0.017356
0.014293
0.089522
0.026522
-0.047407
0.046781
0.023531
0.007864
0.108385
0.090258
0.117668
-0.047410
-0.100776
-0.001257
0.038300
-0.054985
-0.332548
0.045259
0.057131
0.018902
0.069855
-0.238272
-0.039729
0.012354
-0.017483
-0.019989
-0.556474
0.053511
0.031432
-0.068968
0.015627
-0.045722
-0.020850
0.015223
0.033572
-0.003210
0.054478
-0.024556
-0.006197
0.010784
-0.186418
-0.012088
-0.000261
-0.016444
-0.062831
-0.014878
-0.010207
0.024164
0.061826
-0.041266
-0.052205
0.018317
0.163359
0.058451
-0.045385
0.045163
-0.018355
-0.017360
-0.042175
-0.062409
-0.047116
-0.011125
0.008421
-0.048436
0.047665
-0.028431
-0.031128
0.026904
-0.010203
-0.095712
0.036875
-0.452865
-0.045430
0.009414
-0.011203
-0.049713
-0.046734
-0.029055
-0.296734
-0.503797
-0.016542
0.068679
-0.025749
-0.073142
0.052632
0.130987
-0.042673
-0.008952
-0.024775
-0.444727
-0.050944
-0.021486
-0.007852
-0.023083
-0.032001
0.022788
0.015874
0.037576
-0.381832
-0.061840
0.037564
0.030581
0.003944
-0.028849
-0.016515
-0.090379
0.136391
-0.004840
0.046387
-0.064719
0.025591
0.060209
-0.007894
0.096159
0.037189
0.045199
0.065481
-0.227798
-0.035383
-0.026447
0.031174
-0.062657
-0.012404
-0.059801
0.053958
-0.038748
0.009919
-0.053400
-0.036015
0.032874
-0.030975
-0.064805
0.010667
-0.096416
0.007873
-0.161669
0.030969
-0.055612
-0.006161
-0.026069
-0.051351
-0.030289
-0.367085
0.013115
0.008678
-0.020036
-0.062054
0.037026
0.116258
-0.040431
-0.002453
-0.142100
-0.001635
-0.027067
-0.055867
0.052823
-0.065461
-0.013878
-0.338096
-0.020395
0.023386
-0.091009
-0.019398
-0.039186
-0.306500
0.036331
-0.525052
-0.039768
0.020992
-0.037409
-0.047809
-0.001837
-0.029188
-0.004614
-0.160603
0.000481
-0.018579
-0.010994
-0.054194
0.047346
-0.038014
-0.002293
-0.189877
0.042816
-0.318638
0.003999
0.113218
0.044540
0.015586
0.034953
-0.066636
-0.041156
-0.061371
-0.023271
0.031186
0.093679
-0.042258
0.107426
0.036262
-0.031439
-0.061046
-0.033884
-0.056485
-0.008396
-0.027671
-0.113089
-0.040366
0.115318
0.047048
0.012014
0.028611
-0.053176
0.023700
-0.009981
-0.053140
0.031901
-0.533731
-0.224460
0.021335
-0.214555
0.117634
-0.050155
-0.027602
-0.036399
0.041889
0.089720
-0.062171
-0.028744
-0.270369
0.002659
-0.032349
-0.049367
0.001919
-0.036416
0.022115
-0.018339
0.036942
-0.063120
0.066647
-0.029107
0.000049
0.044819
-0.266154
-0.047027
-0.010936
0.000512
0.009742
-0.008898
-0.048600
0.036557
0.001898
-0.018939
-0.005791
0.001031
-0.033348
0.008377
-0.054245
-0.040082
-0.111104
-0.052630
-0.067171
-0.041025
-0.031208
-0.012390
-0.492310
0.106306
-0.328122
0.051293
-0.206306
-0.000975
0.041288
0.049520
-0.308968
-0.019230
0.007119
0.011088
-0.326155
-0.025681
0.006683
-0.059001
-0.039077
-0.007890
0.069399
-0.034405
-0.016563
0.031923
0.029794
-0.023848
0.013043
-0.013525
-0.050885
-0.045908
0.000371
-0.032370
-0.020490
0.037240
0.136593
0.052322
-0.011005
-0.062393
0.010401
-0.046365
-0.013171
-0.045428
-0.053044
-0.000013
-0.002722
-0.011337
-0.350442
0.022201
0.042411
-0.055695
0.028050
0.006290
0.045392
-0.000358
-0.041901
-0.038689
-0.003294
-0.048646
0.008367
0.008190
0.018896
-0.020759
0.035085
-0.012882
-0.049707
-0.167503
-0.033117
0.008659
-0.118899
0.004758
-0.034059
-0.117804
0.059968
-0.351941
0.056938
0.048660
0.010874
0.009653
0.011813
0.204378
0.019746
-0.043668
0.001222
-0.371615
-0.013576
-0.043291
0.027915
-0.059509
0.025058
-0.043150
-0.019214
-0.000104
-0.044622
0.004594
0.053427
-0.015229
-0.036231
0.037437
0.050001
0.099860
0.084408
-0.030560
-0.046414
-0.006401
-0.039358
-0.017895
-0.037083
0.042093
0.049884
-0.226059
-0.296888
-0.451338
0.052336
-0.056249
0.006454
0.025960
-0.009077
-0.036068
-0.031379
-0.017830
0.024886
-0.026040
0.046139
-0.031896
-0.033710
0.012922
-0.012513
-0.063756
0.051830
0.056545
-0.029782
0.030249
0.025598
-0.005958
-0.051042
-0.064349
-0.509846
0.032603
0.015261
-0.010549
0.032617
0.016754
0.078429
-0.007271
0.019127
0.044942
-0.027073
0.007343
-0.031096
0.024718
-0.021103
-0.097113
0.090879
0.029102
0.007823
-0.143682
-0.022276
-0.038975
-0.262931
0.043552
-0.332079
-0.012085
0.070150
0.053827
-0.047302
-0.022094
-0.057953
0.008658
-0.405787
0.004834
0.008592
0.020230
0.015477
-0.044486
-0.044602
0.050005
-0.419818
-0.172878
-0.272486
-0.033180
0.074386
0.045918
0.005710
-0.048562
-0.022208
-0.031358
-0.030168
-0.060532
-0.002643
0.104248
-0.043342
-0.210778
-0.004780
-0.022409
0.012630
-0.068344
-0.025351
-0.042367
-0.020679
-0.069254
0.009844
0.084687
0.012736
-0.012827
0.034789
-0.043898
-0.028000
-0.016324
0.015895
-0.050128
-0.435322
0.078784
-0.037398
-0.161971
0.096605
0.016619
0.017641
-0.036692
-0.030528
0.061667
-0.045580
-0.056525
0.067838
0.025143
-0.052018
-0.037334
-0.067227
0.040697
0.010332
0.033755
0.030034
-0.010095
0.056938
-0.012869
-0.067134
-0.069840
-0.314595
0.053093
0.020071
0.002033
0.022506
-0.064706
0.045377
-0.038304
-0.049049
0.045175
0.039169
0.017870
-0.051786
-0.026927
-0.055098
-0.046858
-0.480384
0.010150
0.042178
0.031282
-0.019943
-0.016517
0.049072
0.100212
0.082036
-0.026772
-0.461560
-0.006529
0.043444
0.022093
0.098007
0.036818
0.052537
-0.040203
-0.380733
-0.196869
-0.009873
0.023111
0.057277
-0.068400
-0.448901
-0.038912
-0.009440
0.041049
0.023523
-0.005105
-0.060095
0.043417
0.040849
0.046844
-0.024344
-0.011211
-0.025122
0.011865
0.085017
0.050438
0.019576
0.007541
0.021607
-0.030022
0.045547
-0.140222
-0.063889
-0.043974
-0.003360
-0.054409
-0.239944
-0.000647
0.028166
-0.041043
-0.040625
-0.009676
0.020222
-0.024169
-0.030964
-0.066266
0.017406
0.025414
-0.055264
-0.013938
0.021407
-0.020666
-0.001864
-0.027696
-0.016318
0.042244
0.028411
-0.008803
-0.086736
-0.055550
-0.027972
-0.022813
0.038228
0.020257
-0.101966
0.005318
-0.029840
0.053365
-0.010570
-0.217737
-0.026923
-0.001770
-0.008249
0.043094
0.009496
-0.028500
0.014965
-0.028302
-0.032957
-0.019331
0.015939
0.053756
0.066444
-0.041087
-0.052252
-0.037972
0.011430
-0.023818
-0.007208
0.010815
-0.112511
0.056959
-0.037195
0.001339
0.005433
-0.316045
-0.027159
-0.234708
-0.038529
-0.383264
-0.377865
-0.383940
0.003319
-0.038383
0.015573
0.042083
0.000520
-0.049078
0.017635
0.035888
0.017053
0.031635
-0.048874
-0.001772
-0.019893
-0.001520
-0.000461
0.054141
0.026520
0.074525
0.005395
-0.007601
0.055852
-0.031440
-0.044008
-0.036721
0.075158
-0.004309
0.001594
0.007344
-0.027572
-0.069803
0.081246
-0.063347
-0.049972
-0.438880
-0.005520
0.004002
0.065238
-0.017446
-0.032093
-0.036991
0.106816
0.007772
-0.015504
-0.112365
-0.051377
0.042803
-0.150723
0.017516
0.043105
-0.017216
-0.226032
-0.036174
0.057458
0.021261
-0.045196
0.053758
-0.317420
0.030582
-0.005604
-0.059494
-0.016714
0.030008
0.025319
0.001337
0.091042
-0.567995
-0.176444
0.010774
-0.461126
-0.020328
0.009379
-0.060615
0.014999
0.036012
-0.023153
0.023039
0.000868
-0.072101
0.036377
-0.236212
0.023308
0.045543
-0.007061
0.021290
-0.022491
-0.024892
-0.049394
-0.079273
-0.021027
-0.051049
0.030628
-0.043977
-0.027216
0.055270
0.027416
-0.015349
-0.022022
0.045518
0.087794
0.093804
-0.001743
-0.248789
0.095856
0.022328
0.040499
-0.022228
-0.017292
0.071775
0.034383
-0.001945
0.112857
-0.024270
0.031770
-0.020175
-0.055312
0.019805
-0.039710
0.051992
-0.021868
0.054449
0.118636
0.010651
0.024751
0.038788
-0.209384
0.061047
-0.073009
-0.002730
0.054864
-0.005618
0.038904
0.050499
0.005529
0.037038
0.048787
-0.015729
-0.046394
-0.014905
-0.020081
0.030970
-0.433990
-0.009208
0.049269
-0.008612
-0.055702
-0.011161
0.110319
-0.438522
-0.156754
0.026240
-0.169236
0.018362
-0.039115
-0.051423
0.105674
0.005221
0.017677
-0.022411
0.079982
-0.295632
0.052025
0.031456
-0.000432
-0.031983
0.100701
-0.038674
0.030023
0.018419
-0.043043
-0.024677
-0.023317
0.046305
0.008760
-0.002930
0.039112
-0.027768
0.058458
0.011598
-0.409021
0.014187
-0.006919
0.016302
-0.007166
-0.065307
-0.047972
-0.080949
-0.010557
0.035486
-0.055329
-0.015538
-0.272360
0.025227
0.036633
-0.000284
0.030261
0.053178
0.030437
0.011310
0.040817
0.001215
-0.001779
0.039829
0.021840
0.042662
0.016706
-0.022968
0.060729
-0.037249
-0.029051
0.081382
-0.062015
-0.019554
-0.090374
-0.017458
-0.016054
-0.086047
-0.152819
-0.136790
0.093183
0.035878
-0.012030
0.045859
-0.033396
-0.340627
0.005479
0.039650
-0.031083
0.050057
0.024677
0.003963
0.018381
-0.036386
-0.029834
0.012361
0.013984
0.046087
0.152410
0.013277
-0.029415
-0.031926
0.031198
0.003616
-0.037647
0.139937
-0.034381
0.051192
0.005692
-0.048366
0.001156
0.051695
-0.014142
0.089835
0.008000
-0.374194
-0.720749
-0.062161
0.026341
-0.006559
0.041930
0.025883
-0.042358
0.066158
-0.021909
0.024650
0.021817
0.050172
-0.049333
0.014924
0.051125
0.065481
0.020145
0.055545
-0.021031
-0.064666
-0.071463
0.047869
0.016116
-0.017891
0.052866
0.023956
-0.528178
0.053997
0.035650
-0.069440
-0.036418
0.051945
0.047288
-0.021169
-0.045040
-0.195287
0.015860
-0.043327
-0.067063
0.047393
-0.002460
-0.045447
0.105164
-0.041392
0.033396
-0.094033
-0.019013
0.048390
-0.372422
-0.031466
-0.451398
-0.007624
-0.436960
-0.032956
0.000066
-0.001676
-0.004728
-0.021812
-0.414848
-0.013963
0.026372
-0.035018
-0.040514
-0.012941
-0.049029
-0.049685
-0.483353
-0.282196
-0.272347
0.025589
-0.166594
0.001757
-0.049548
-0.031752
0.020424
0.016905
0.015555
0.041369
-0.050935
0.100614
0.033600
-0.211596
-0.020370
-0.006671
-0.001022
0.030268
0.017778
-0.067218
0.039612
0.126273
0.034437
-0.350767
-0.029729
-0.060024
-0.037273
0.035760
0.035597
-0.001597
-0.038211
-0.025188
-0.369654
0.094918
0.017761
-0.247460
-0.141628
-0.045924
0.032986
0.000641
-0.012650
0.086256
0.047983
0.013841
-0.436385
0.019125
-0.031566
-0.012179
-0.060233
0.006040
-0.040734
0.017635
-0.009982
0.053489
0.053371
0.008509
-0.020995
-0.024725
0.098479
0.014974
0.039964
0.055768
0.016514
-0.015729
-0.001476
0.034444
-0.036874
0.032710
0.046851
0.022881
0.027478
0.041292
-0.049399
0.045706
-0.355191
-0.050938
-0.008763
0.001817
0.018354
-0.005086
0.100008
-0.310638
-0.332518
-0.056533
-0.309257
0.034846
-0.009841
0.028495
0.130346
0.002677
-0.019709
-0.029126
-0.385951
0.041034
0.040966
0.024892
0.013493
-0.001886
-0.519790
0.042750
-0.027899
0.011722
-0.003192
-0.063703
0.016337
0.012193
-0.047441
-0.001701
0.005739
0.021304
-0.056947
-0.015164
0.140354
-0.012765
-0.015481
0.046027
-0.020312
-0.000851
-0.042349
-0.058593
-0.053416
0.031044
-0.008576
0.002010
-0.391786
0.048956
-0.012280
-0.016401
-0.061549
-0.024340
0.051267
-0.028717
0.022437
-0.046937
-0.061922
0.041054
-0.059045
0.076298
-0.036935
0.001908
0.038241
-0.093863
-0.026930
-0.346343
0.039235
0.019962
-0.058400
0.046789
-0.037308
0.070041
0.102113
0.012424
0.096157
-0.039339
-0.009558
0.023148
-0.042902
0.148690
0.050883
-0.054688
-0.001395
-0.290173
-0.016265
-0.041851
-0.008029
0.012504
0.053679
0.026528
-0.041827
0.016896
-0.052112
-0.036797
-0.029714
-0.010624
0.029434
-0.041362
0.012286
0.132175
-0.302871
-0.025201
0.039575
0.044919
-0.066671
0.074741
0.042950
-0.052564
-0.024088
0.054068
-0.505713
-0.228189
-0.020491
-0.038984
-0.048558
-0.003053
-0.030559
0.022065
-0.015411
0.029005
-0.061201
0.056130
-0.042457
-0.011554
0.032643
-0.050068
0.031763
-0.016030
0.055298
-0.173650
-0.026703
-0.033420
-0.012469
0.042291
-0.003359
-0.045171
-0.226213
0.048525
-0.044222
0.040456
0.022516
-0.002269
-0.284240
-0.059540
-0.020603
0.114453
0.025291
-0.032428
-0.021809
0.043668
0.020182
0.013659
0.097023
0.041515
-0.025075
-0.071516
0.010398
-0.042985
0.017135
-0.052063
-0.303686
0.027186
-0.263051
-0.030029
0.004416
0.009822
-0.023411
0.051886
-0.372561
-0.027896
-0.002253
-0.048936
-0.045755
-0.034163
-0.052043
-0.020264
0.056388
0.031747
-0.313038
0.036538
-0.244731
0.009085
-0.041979
0.052320
-0.004454
-0.048894
-0.008311
0.044177
-0.042638
0.088786
-0.012381
0.110603
-0.043110
0.026024
-0.045959
-0.039441
-0.036337
-0.031514
0.040704
-0.067456
0.050319
-0.311002
0.011861
0.056055
-0.002770
0.026853
0.041808
-0.031908
-0.053231
0.047071
-0.204627
-0.040840
0.031819
0.064792
0.073784
0.023836
-0.057273
0.006278
-0.042420
-0.273337
-0.007985
-0.014980
-0.423152
-0.029006
-0.041336
0.016740
-0.052583
-0.040570
-0.022008
-0.053537
0.031630
-0.030080
-0.278831
-0.030304
-0.024187
-0.004676
0.069020
0.015998
0.055847
0.048188
-0.002024
-0.022488
-0.012571
-0.020084
-0.008821
0.026874
0.054381
0.052561
0.008375
0.029721
0.038981
0.003123
0.056019
0.052089
-0.011355
0.004539
-0.003218
0.042201
-0.336937
0.094259
-0.305784
0.025517
0.105820
-0.046022
0.032345
0.009414
0.075701
-0.036122
-0.041829
0.040096
-0.311964
-0.261065
0.054063
0.021916
0.006676
-0.045103
-0.258534
0.048716
0.016944
0.017693
-0.028530
0.052493
-0.045282
-0.036454
-0.002075
-0.044628
-0.035312
0.052686
-0.007177
0.051248
0.102919
0.027400
0.020129
0.037076
-0.023533
-0.026898
-0.016891
-0.026657
-0.009766
0.048782
0.030285
0.035298
0.120633
0.021284
-0.033992
0.031244
0.030237
-0.053629
-0.029404
0.024884
0.046101
-0.039889
-0.043492
0.030442
0.040542
-0.010112
-0.067957
-0.017808
0.058537
0.002379
-0.015125
-0.379688
-0.010242
-0.042917
0.124169
-0.021446
0.013286
0.051204
0.076466
0.030258
0.131377
0.000747
0.005763
0.033522
-0.012182
-0.260174
-0.035816
0.040822
0.007902
-0.461198
-0.090353
-0.038279
-0.054018
0.019486
-0.082205
0.046754
0.053326
-0.019697
-0.223407
-0.046222
0.007640
-0.056045
-0.019001
-0.054968
-0.010324
0.134362
0.039461
-0.024529
0.043576
-0.015625
0.031309
0.093914
0.029315
-0.257476
0.025007
-0.683135
-0.240593
-0.113442
-0.015512
-0.044671
-0.010862
-0.048180
-0.037301
0.006091
-0.008838
-0.039392
0.047701
0.030762
-0.063805
0.007612
0.037295
0.011124
0.033366
-0.005052
-0.004205
0.097357
-0.006703
0.030312
0.024955
0.050960
-0.013617
-0.030043
-0.524014
-0.011057
-0.031921
-0.061416
-0.068102
-0.067069
-0.542168
-0.061228
0.022168
0.133383
-0.069828
-0.023405
-0.047696
0.005851
-0.021052
-0.050748
0.140432
-0.012108
-0.011208
-0.117355
0.010090
-0.025806
0.090811
0.049161
-0.313171
0.005586
0.075814
0.026391
-0.074344
-0.023362
-0.030513
-0.055670
-0.152029
0.019363
0.005593
-0.047083
0.016135
0.034403
0.011990
0.002728
-0.316446
-0.499771
-0.269149
0.002985
0.120243
-0.063855
0.011915
-0.029908
-0.041235
0.025253
-0.043557
-0.025284
0.052440
0.089736
-0.003756
-0.320312
-0.004324
-0.051252
-0.062750
-0.067156
-0.051164
0.009004
0.053113
-0.059501
0.038050
-0.241028
-0.032649
-0.008287
-0.015112
0.001654
-0.066614
-0.007224
0.050636
-0.063029
-0.325213
0.043743
-0.002475
0.115500
0.086168
0.054350
0.050751
0.010399
-0.033961
-0.306379
0.003941
0.019699
-0.512568
0.003016
0.001936
0.034583
-0.031736
0.055457
0.020319
0.016488
0.042753
-0.048282
-0.241422
0.006173
0.034292
0.026202
-0.253641
-0.005801
-0.000252
0.012458
0.046335
-0.011683
0.039492
0.007061
-0.062225
-0.064591
-0.018293
0.018674
0.038769
0.001620
-0.058612
0.053665
-0.315703
-0.013543
-0.000457
0.014996
-0.023601
-0.037033
-0.453556
-0.444659
-0.598470
-0.014286
-0.145672
-0.061702
-0.044877
-0.003474
-0.357715
-0.029423
-0.070460
0.052362
0.065376
-0.423727
-0.039229
0.001438
0.051917
-0.021216
0.134631
-0.047066
0.000765
0.045254
-0.010659
-0.000719
0.051769
-0.009646
-0.047434
-0.045154
0.024084
-0.066054
-0.024103
-0.013102
-0.046662
0.020540
0.000770
0.038411
-0.032110
-0.020399
-0.024205
0.051172
0.044122
0.039005
0.020489
0.000465
-0.488876
-0.043626
-0.054523
-0.002482
-0.062071
-0.010214
0.017583
-0.055488
0.057451
-0.013627
-0.085971
-0.005121
0.025951
0.035009
0.008858
0.056199
-0.044973
-0.031422
0.005270
-0.586604
-0.016222
0.051200
-0.104490
0.030666
-0.002500
-0.028252
0.096865
-0.279148
0.091427
-0.027088
-0.032325
0.057384
-0.048084
0.122357
0.014346
-0.008173
0.005879
-0.189751
0.030969
-0.047508
-0.063175
0.015364
-0.071781
-0.052715
0.041428
-0.055343
0.007700
0.044659
0.058081
-0.041802
0.021863
-0.019826
0.045821
-0.294474
-0.288632
0.030529
-0.007322
-0.036467
0.008445
-0.186454
0.036510
0.131415
-0.054162
-0.186056
-0.002712
0.061883
-0.043093
0.055441
0.022566
-0.044500
-0.025158
-0.050768
-0.053615
0.045342
0.019419
-0.018822
-0.005596
-0.057129
0.004778
0.052700
-0.039293
-0.051935
-0.052668
-0.005470
-0.038728
-0.033214
0.040513
0.002223
-0.002536
0.011139
-0.717513
-0.043620
-0.001640
-0.039150
0.033780
0.031427
0.119622
-0.062858
-0.008774
0.112418
-0.045644
-0.043541
-0.003248
0.017294
0.009563
-0.002756
-0.267757
-0.016149
0.034087
-0.033679
-0.058058
-0.045778
-0.326887
-0.025328
-0.331617
0.026785
0.064358
-0.013144
0.031186
0.011759
0.049208
-0.022769
0.008151
0.003232
-0.070605
-0.048583
0.028554
0.031870
0.026064
0.065847
-0.432635
0.070283
-0.090534
0.028127
-0.283952
0.003783
-0.042184
0.006485
-0.029709
0.000094
0.055749
0.033251
-0.047023
-0.089089
-0.019610
0.127349
0.056576
-0.022578
-0.030294
-0.027103
0.012930
0.008609
-0.038623
-0.032728
-0.008120
-0.252751
-0.050115
0.012492
0.019726
0.030807
0.012289
-0.037545
-0.033328
0.053122
-0.472534
-0.187219
0.041399
0.069173
0.054388
0.009970
0.028222
-0.035236
-0.056087
-0.311662
0.051667
0.051542
-0.663512
0.032831
-0.056223
0.010171
-0.017277
-0.023660
-0.008543
-0.024891
-0.001258
0.061085
-0.237657
-0.033003
-0.023847
-0.044839
-0.341900
-0.011529
0.031973
0.054919
0.002136
-0.018070
-0.023635
-0.010602
0.009247
0.023576
0.020659
0.063899
0.006943
-0.037814
0.018332
-0.024762
0.054244
-0.045015
0.054514
-0.030234
0.018293
0.028159
-0.406230
0.120464
-0.661783
-0.009779
-0.068912
0.018092
-0.032547
0.003471
-0.295886
0.040798
-0.025485
-0.056922
-0.245594
0.056917
0.020378
0.023078
-0.002130
0.008380
-0.544903
0.012556
-0.064049
0.002637
0.031789
0.046889
0.006786
-0.022738
-0.058230
0.005878
0.049737
0.033073
0.047699
-0.034386
0.141399
0.032736
0.030854
0.029790
-0.007330
0.021028
0.042388
-0.001352
-0.018739
0.019665
-0.041656
0.009704
-0.307335
0.022367
0.036947
-0.022639
0.008354
0.031486
-0.038695
0.010196
-0.077200
-0.052166
-0.054068
0.032480
0.040737
-0.032376
-0.015828
-0.055467
0.030477
-0.035672
0.002985
-0.477593
0.006125
-0.030825
0.057828
0.039375
-0.000892
0.038083
0.124293
-0.522546
-0.079814
-0.005807
-0.027418
0.028034
0.007732
-0.302923
-0.036848
-0.021278
0.006386
-0.646120
-0.011977
0.024243
0.037097
-0.048579
-0.023578
0.041378
0.035040
-0.001483
-0.547796
0.005949
0.042128
-0.044050
-0.034094
-0.005585
0.026135
-0.467593
0.104967
-0.024812
0.053115
-0.053090
-0.054281
0.115338
0.010287
-0.050193
0.003084
-0.188355
0.095587
-0.214245
-0.018634
0.003789
-0.044193
0.006256
-0.057840
0.009896
-0.051164
-0.000070
0.029350
-0.039812
0.013134
-0.039428
-0.025610
0.016650
0.010934
0.009382
0.028950
-0.323719
0.054053
0.041720
-0.006256
-0.010395
-0.066348
0.018270
-0.233840
0.036683
-0.017282
-0.063110
0.048536
0.015857
0.087629
0.054117
0.020554
-0.311062
-0.011848
0.017871
-0.053130
0.040057
-0.066149
0.006357
-0.149465
0.006891
0.001461
-0.277043
0.004170
-0.038828
-0.335992
0.002710
-0.109343
-0.066796
-0.141836
-0.000074
-0.021259
-0.021331
0.002546
0.054025
-0.206557
-0.007680
0.012063
-0.039154
-0.011456
0.056802
0.035544
0.012283
-0.025367
-0.235527
-0.349448
-0.057021
0.112037
0.015544
0.031912
0.004326
0.012174
-0.013660
-0.041935
0.003888
0.021446
-0.182891
-0.017642
-0.329619
-0.018990
0.012369
-0.013458
-0.039477
-0.017747
0.000972
-0.037244
0.038903
0.022448
0.105847
-0.004283
-0.040422
0.024107
-0.018999
-0.022660
0.042667
-0.000310
-0.039228
-0.233517
-0.134040
0.025519
-0.553751
0.122148
-0.057158
0.018853
-0.041074
-0.041130
0.116039
-0.055136
0.031763
0.147249
0.007073
0.026118
-0.049668
0.050250
0.019225
0.031803
-0.041430
0.008219
0.012584
0.080224
0.026627
0.018967
-0.005261
-0.256797
-0.002735
0.016965
-0.006905
0.013919
-0.014065
0.005909
-0.054265
0.033791
-0.050887
-0.001915
0.046641
-0.015200
-0.000809
0.030520
0.043256
0.068376
-0.022278
0.055431
-0.055546
0.038217
-0.003512
-0.283287
-0.314359
-0.178115
0.043709
-0.161303
-0.008587
0.050471
-0.007706
-0.259882
-0.055220
-0.002807
-0.005398
0.089174
-0.384071
0.012604
-0.058552
-0.011084
-0.045403
0.140852
0.008709
-0.064448
-0.005075
-0.028289
0.006296
-0.064083
-0.020580
0.039884
-0.003468
-0.035483
0.012380
-0.046334
-0.010400
-0.317713
-0.049697
-0.037040
0.010731
0.021101
0.035184
0.043919
-0.028887
0.030827
0.024121
0.011447
0.029959
-0.370631
-0.031622
0.046608
0.053131
-0.046794
-0.030367
0.021656
0.007290
-0.029377
-0.003781
0.001815
-0.038170
0.026234
-0.056621
0.031900
-0.056225
0.058600
-0.022797
0.028640
-0.073982
-0.006591
-0.110440
-0.096276
0.058637
-0.008242
0.018939
-0.521026
0.033853
0.120931
0.021436
0.027615
-0.025836
-0.034924
-0.388485
0.049671
-0.027585
-0.027884
-0.421895
-0.055580
0.022398
-0.013400
-0.033331
-0.106088
0.026614
-0.021838
-0.066020
-0.350831
-0.016292
-0.009876
-0.029747
0.046484
0.037247
-0.042952
0.159148
0.134244
0.041719
0.038793
0.003960
0.030943
0.105272
0.034317
-0.232930
-0.042814
-0.527359
-0.475184
0.091353
0.010636
-0.046843
-0.006045
-0.073217
-0.043004
-0.012987
0.011266
-0.012582
-0.010775
0.033975
0.005250
0.044601
-0.031339
0.020556
-0.045795
0.058351
0.041695
-0.354921
-0.006197
-0.009588
-0.018863
0.018682
0.000962
0.045684
-0.650338
0.026180
-0.017975
-0.037429
-0.003802
-0.042356
-0.315516
0.007485
-0.021050
0.134396
0.058555
-0.035323
0.032080
0.021567
0.015655
-0.004104
-0.084413
0.026238
0.042370
-0.140018
0.052490
0.022353
0.067340
-0.023620
-0.636432
-0.007844
-0.465731
-0.004714
0.005840
0.038776
-0.029196
0.016373
0.053406
0.043311
-0.072892
-0.023922
-0.007741
0.019579
0.025318
-0.010820
-0.606040
-0.565519
-0.281358
0.005226
0.111824
-0.044577
-0.058175
0.051526
0.044010
0.019784
0.044347
-0.038099
0.063444
0.124971
-0.016890
-0.295210
0.047927
0.013440
0.020487
-0.030902
-0.009474
-0.027524
-0.023223
-0.020104
0.041289
0.068882
0.003673
0.053024
0.029579
-0.047339
0.004209
0.047200
0.038578
0.020512
-0.548794
0.098712
-0.003686
-0.399316
0.116742
0.048322
-0.022248
0.009165
-0.017581
0.090113
-0.031916
-0.039589
-0.315433
-0.053271
0.040772
0.022162
0.006497
0.040302
0.023967
-0.012547
-0.010342
0.044937
0.084124
0.000740
0.032583
0.048572
-0.412161
0.019744
0.018986
-0.002454
-0.030124
0.023863
0.013280
-0.050755
0.053947
0.016973
0.001690
0.021284
0.013663
-0.000586
0.041737
-0.016611
-0.538671
-0.057666
-0.001815
0.010200
-0.061938
-0.030873
-0.022956
-0.321104
-0.408827
0.053616
0.016552
-0.052468
-0.039287
-0.048354
-0.152033
0.019183
0.004707
-0.044467
-0.316727
-0.465480
0.026172
0.010098
-0.035412
-0.050403
-0.243131
0.014975
0.014930
-0.054866
0.015373
0.001223
-0.036947
0.000234
-0.020828
-0.054236
-0.012461
0.033318
-0.022126
0.020161
0.110965
0.023413
-0.062087
0.018089
0.003240
0.012912
-0.033815
-0.043884
-0.031333
0.048926
-0.007121
0.009937
-0.536457
0.038732
0.030206
-0.037893
0.001845
-0.053114
-0.057564
-0.000247
-0.059968
0.022518
-0.019086
-0.060095
0.063718
-0.007274
0.040682
-0.026380
0.028352
0.049682
-0.007154
-0.356613
-0.039665
0.021948
-0.027616
0.018351
0.016576
-0.063075
-0.345592
0.089446
-0.138925
0.033109
-0.032946
-0.013665
-0.044685
-0.238626
-0.056428
-0.053057
0.015779
0.083887
-0.031292
-0.044734
-0.053699
0.003332
-0.081804
-0.052392
-0.029479
0.013065
0.146956
0.037662
0.035431
0.014874
0.034114
-0.038163
-0.010297
0.014379
-0.225380
0.014773
-0.019267
-0.039080
-0.048542
-0.418421
0.068384
-0.360542
-0.049599
-0.375919
-0.319050
0.121570
-0.032447
0.046894
0.011385
0.028605
-0.008801
0.031660
0.021400
-0.033555
-0.002272
-0.022657
-0.009511
0.038487
-0.025427
-0.066628
-0.006221
0.012357
0.015719
-0.456787
-0.001986
-0.033113
-0.027045
-0.049614
0.040111
0.042348
-0.064282
0.050797
0.013790
0.063552
-0.017501
-0.036428
0.126439
-0.047081
0.052413
-0.251376
0.032358
-0.033439
-0.016274
0.023023
0.040413
-0.031200
0.121539
0.031552
0.035245
-0.103179
0.015395
-0.045485
0.078537
-0.022008
0.062863
-0.047805
-0.375494
-0.067278
-0.063095
-0.041288
-0.005289
-0.055222
0.087525
0.031507
-0.015293
0.033954
0.012119
-0.018015
0.028851
0.002945
-0.264947
-0.309120
0.063133
-0.000067
-0.464732
-0.021771
-0.010920
-0.022517
-0.021573
0.028134
0.005585
0.000374
0.020145
-0.370459
-0.011837
-0.417258
-0.019196
-0.046948
-0.046779
-0.034484
0.047627
0.032942
-0.005211
-0.034623
0.022478
-0.060643
-0.019497
0.048213
0.052218
0.035718
-0.008985
0.017531
0.036868
0.009564
-0.352911
-0.124296
-0.056802
-0.110505
-0.401278
0.053821
0.016264
-0.011257
-0.049745
-0.300896
-0.051894
-0.030875
-0.310698
0.038716
-0.008629
0.030075
-0.030825
-0.024355
0.042989
-0.016404
0.052363
-0.033663
0.106886
-0.008430
0.024482
0.048905
-0.133125
-0.036253
-0.011865
0.019956
-0.012625
-0.019277
0.023716
0.031687
-0.031125
0.044769
-0.056458
0.031613
-0.048076
-0.050001
0.018813
0.052793
-0.329659
0.014832
-0.029536
-0.061021
0.008529
-0.012308
-0.272072
-0.214012
0.148511
0.025527
0.109899
0.033026
-0.061839
-0.000558
-0.341947
0.023603
-0.039971
0.025061
-0.367635
-0.270162
-0.016482
-0.029642
-0.048999
-0.017819
0.086073
0.039073
-0.055009
-0.022478
-0.065868
0.048382
-0.036015
-0.054076
0.024114
0.012458
-0.027822
-0.040487
0.004634
-0.010135
-0.189508
-0.019960
-0.019912
-0.052305
0.029174
-0.042591
0.005776
-0.061488
-0.025981
0.035250
0.009375
0.049471
-0.161193
0.016642
0.037338
0.046692
0.009636
-0.034742
-0.013327
0.017645
0.059361
-0.001583
0.011791
-0.038346
-0.057006
-0.006609
0.055614
0.035612
0.053861
-0.011669
-0.005198
0.082876
0.012018
0.018223
-0.015306
0.014214
-0.058529
0.047771
-0.393340
-0.051357
-0.285471
-0.079296
-0.030366
0.009124
-0.031028
-0.245539
-0.056164
-0.062761
0.050103
0.019890
0.015638
0.029038
-0.052375
-0.006059
-0.041359
-0.021808
-0.038937
-0.034142
-0.120238
-0.032546
-0.044349
-0.027996
-0.046030
-0.002682
0.032676
-0.267460
-0.197932
-0.064773
0.049154
-0.025478
0.000055
-0.316443
-0.032747
0.058495
0.033581
0.113245
0.104556
0.079597
-0.058772
-0.061916
-0.029980
-0.050137
0.037071
-0.020647
0.052336
0.051575
-0.030181
0.032706
-0.008660
-0.014217
0.040155
-0.017851
0.027141
-0.060723
0.039868
-0.699347
-0.016833
-0.048239
0.037357
0.015568
-0.000706
0.036197
-0.308580
-0.004187
-0.004033
-0.043915
0.054878
-0.070241
-0.074021
-0.007672
0.041782
-0.269104
-0.046553
-0.030695
-0.024334
0.040036
0.038438
0.023343
-0.403554
0.046685
0.004343
-0.028198
-0.037298
-0.002282
0.109019
-0.033225
-0.237450
-0.046900
0.048297
-0.049555
0.001556
-0.056047
0.017774
-0.064861
0.083925
0.034490
-0.041381
0.034828
-0.055843
-0.016295
-0.028666
-0.005196
0.119828
-0.402576
-0.237573
-0.037225
-0.275606
0.053862
-0.004766
-0.039928
-0.044656
-0.025688
-0.067849
0.005692
-0.049868
0.078404
-0.054211
-0.107901
-0.021414
-0.036123
0.002456
0.025187
0.016991
-0.037798
-0.043851
-0.008449
-0.005296
-0.054947
-0.029372
-0.058581
0.009584
-0.059248
0.018966
-0.017814
-0.064475
-0.061637
-0.353180
-0.385482
0.052581
-0.507389
0.024393
0.051615
-0.077580
0.037503
0.050172
0.084541
0.037097
-0.012845
-0.096299
-0.021183
-0.063468
-0.031850
-0.045385
-0.018283
0.025105
0.030506
-0.016082
0.046123
0.073725
-0.010703
-0.039933
-0.057387
-0.208864
0.042278
0.015370
0.011251
-0.055013
-0.034075
0.046024
-0.023783
-0.034902
0.027142
0.014253
-0.018782
0.041501
-0.052270
0.043223
-0.050861
-0.331059
0.013117
0.013164
0.029800
0.008856
-0.067912
-0.398885
0.096371
0.050255
0.051695
0.051117
0.050504
0.016110
0.026804
-0.350215
-0.066709
-0.014997
-0.067345
-0.258873
-0.420572
0.045596
-0.010726
-0.032010
-0.049125
0.111469
0.054851
0.020327
0.038297
-0.010536
-0.057258
-0.002443
0.039699
0.029584
-0.016397
0.005607
-0.031952
0.037421
-0.011555
-0.122011
-0.055956
0.011202
-0.011560
-0.061123
0.026010
0.006608
-0.075914
-0.068506
-0.069381
0.019657
-0.036737
-0.114940
-0.048936
0.045832
0.053396
0.035735
0.020148
0.027453
0.005495
-0.006141
-0.064062
0.036877
0.004637
-0.014636
0.007235
0.025107
0.032388
0.001864
-0.020967
0.008085
0.039771
-0.040187
-0.009193
-0.100991
-0.047056
0.010107
-0.033880
-0.639300
0.028880
-0.119222
-0.067512
-0.034180
-0.036637
-0.040133
-0.135957
0.032055
-0.066998
0.047470
-0.050607
0.035782
0.023798
-0.052856
0.044292
-0.072727
-0.002541
-0.008339
-0.054761
-0.084278
0.065791
0.029806
-0.056752
-0.078620
-0.048669
0.027924
-0.150935
0.106025
-0.005004
-0.050496
-0.021720
-0.069979
-0.239470
-0.036420
-0.562120
-0.000872
-0.184048
-0.246181
0.080887
-0.072489
-0.036028
-0.041851
-0.054068
-0.021616
0.003829
0.036078
-0.070186
-0.021669
-0.018920
-0.045513
-0.038382
-0.024518
-0.057434
0.046891
0.025608
0.012080
-0.018665
-0.077897
0.023659
-0.027805
-0.047267
0.010755
0.015979
0.048814
-0.061507
-0.030992
0.028825
-0.065121
-0.051784
0.094761
-0.023214
-0.067969
-0.002039
-0.069752
0.020456
-0.039065
-0.047788
0.016572
-0.004756
-0.188903
-0.068696
0.028542
-0.172482
0.060451
-0.031210
-0.327893
0.036597
-0.441833
-0.063436
-0.452675
0.032950
-0.046283
-0.008282
0.027997
-0.062116
0.052489
-0.057720
-0.057355
-0.057777
-0.022904
0.011187
0.018701
0.054983
-0.208280
-0.229131
-0.133013
-0.055820
-0.252832
0.038996
0.019386
-0.051464
0.000695
-0.051249
0.055611
0.043863
0.006299
0.061804
0.029722
-0.329376
-0.059552
-0.059882
0.029160
-0.020054
-0.065696
0.033283
-0.064091
-0.133791
0.042528
0.090798
0.001884
0.014223
-0.009397
0.028471
-0.000577
0.058246
-0.057341
-0.054028
-0.070064
-0.062623
0.008281
-0.208939
0.063673
-0.049745
-0.023677
-0.016771
-0.029874
-0.019989
-0.059727
-0.055674
0.005013
0.048282
0.027779
0.028114
0.001174
0.006126
0.030516
-0.061002
-0.065852
-0.051716
0.107245
-0.031343
0.049702
-0.041556
-0.266731
-0.046482
-0.022317
-0.047818
0.037315
0.045226
0.042369
0.022238
-0.022462
0.033983
0.005837
-0.058055
-0.052911
0.030290
0.027092
-0.028156
-0.340161
0.011261
-0.010066
0.041633
0.066113
0.037205
0.063831
0.090248
0.076379
-0.027709
-0.508989
-0.045420
0.027953
0.045418
0.110897
-0.006131
-0.005578
-0.050462
-0.235514
0.059915
0.026527
-0.009473
-0.054633
-0.038308
-0.233119
-0.049911
-0.027900
0.025389
-0.020148
-0.007254
-0.057417
-0.041615
-0.017310
-0.018360
0.038129
0.059470
0.000651
-0.034448
-0.259627
0.003621
-0.061418
-0.030935
-0.067770
-0.047310
-0.001051
-0.023809
0.051726
-0.004425
-0.049797
-0.047697
0.156345
-0.055229
-0.015129
-0.057715
-0.071305
0.042531
0.058287
0.027022
-0.034219
-0.033549
0.000140
-0.028835
-0.064087
-0.032578
-0.004035
0.011379
0.044674
-0.016665
-0.018396
0.063295
-0.039984
-0.077092
0.035924
-0.033073
-0.011703
-0.124596
-0.167353
0.003160
-0.062993
-0.011881
-0.039829
-0.005495
-0.029226
-0.059866
0.053711
0.053376
0.000574
-0.084017
-0.007010
-0.052584
-0.054947
0.051094
-0.048835
-0.066708
0.031191
-0.011857
-0.193042
-0.031608
0.033867
-0.006011
-0.056077
0.051218
-0.000721
-0.208496
-0.268073
0.011014
0.046996
-0.049098
-0.004432
-0.588083
-0.001120
-0.253573
0.034079
-0.193435
0.078390
-0.259305
0.041330
-0.010392
0.042594
-0.048184
0.015018
-0.010167
0.047058
0.047831
-0.058334
-0.050217
-0.052854
0.042833
-0.013313
0.031221
-0.057119
0.023463
-0.044128
-0.337650
0.037569
-0.055703
0.014323
0.010477
0.027603
-0.017422
0.015619
0.000154
-0.009614
-0.000079
-0.067873
0.040315
-0.363897
-0.013422
0.004024
-0.820472
0.008003
0.040309
-0.024955
-0.009502
0.019745
0.017578
-0.351730
-0.056834
-0.063751
-0.147412
0.003478
-0.024256
0.076787
-0.064102
0.043613
0.032925
0.096176
-0.048551
0.059938
0.038242
-0.043946
-0.026974
-0.062374
0.049763
0.006857
0.008536
0.052748
-0.033874
-0.024925
-0.052900
0.121726
-0.747775
-0.019979
0.022995
-0.278828
0.037622
-0.031444
-0.047705
0.022341
0.000260
0.049065
-0.065336
0.055074
-0.502912
-0.034390
-0.478959
-0.052722
-0.022260
-0.055598
-0.015497
-0.008170
0.055440
0.033727
-0.012794
0.017045
-0.179974
-0.054955
0.009306
0.040710
-0.028653
0.010695
0.021080
0.018598
0.026666
0.089860
0.034746
0.005371
-0.385596
-0.232140
-0.016126
-0.012350
-0.064501
0.039566
0.121337
-0.022089
-0.036258
0.137785
0.000892
0.045274
-0.054283
0.054696
0.034198
-0.006308
0.053748
0.048260
-0.055862
0.065042
-0.032664
-0.020534
0.008946
-0.357474
-0.049423
0.003684
-0.069264
-0.045990
0.032999
0.019218
0.008680
0.009953
-0.007982
0.027740
0.017804
0.037846
0.053539
0.019143
0.002012
-0.607837
-0.006142
0.041197
0.031240
0.017133
0.017388
-0.284882
-0.442793
0.133055
-0.059641
-0.287551
0.000957
-0.029636
0.036970
-0.102707
0.011417
-0.015550
0.016669
0.062394
-0.634174
0.044245
-0.044199
-0.043681
-0.047998
0.105845
0.038791
0.020193
-0.056655
-0.066596
0.035264
-0.009645
0.040437
-0.042319
0.035173
0.042443
-0.051812
0.038551
0.021344
-0.625017
-0.057647
-0.024930
-0.038452
0.023764
0.018658
-0.021890
0.001734
0.021125
0.033364
0.055627
0.045406
-0.239674
-0.068850
-0.027344
-0.007685
-0.043498
-0.065797
-0.021844
0.041841
-0.069587
-0.056767
0.027234
-0.035998
0.045639
0.035127
0.012158
-0.064050
0.035579
0.045048
-0.033162
0.111116
-0.020632
-0.026311
-0.015747
-0.061559
-0.065632
0.004859
-0.687031
0.079193
-0.246091
0.002684
0.023654
0.036661
-0.002397
-0.111240
0.012407
-0.034219
0.048204
-0.202176
-0.019797
0.022171
-0.073955
-0.033401
-0.039055
-0.054480
-0.041741
-0.078592
-0.227639
-0.026484
0.055384
0.029309
-0.039031
-0.008460
0.015631
-0.329938
-0.141935
0.058028
-0.064663
-0.049768
-0.032738
-0.147941
0.035958
-0.194959
-0.014074
-0.333552
-0.086104
0.139804
0.046471
-0.028022
0.038408
-0.039311
-0.031278
-0.040322
-0.006305
0.001875
0.037691
0.041182
0.054918
-0.021958
0.039575
-0.014040
0.040412
0.010218
-0.006945
-0.377452
-0.086111
0.040103
-0.061121
-0.066018
0.054378
-0.041296
-0.338302
0.040850
0.042445
0.023208
-0.004795
0.051250
-0.300994
0.025986
0.019810
-0.285149
-0.008281
-0.080550
-0.010164
-0.033024
0.030401
-0.005831
-0.403954
-0.005160
-0.065011
-0.192166
-0.018871
-0.036200
0.029822
0.005674
-0.600327
-0.059104
-0.378861
0.022944
0.032723
0.005639
-0.006911
0.011427
0.106875
0.039138
-0.052189
0.037436
-0.044337
0.063761
0.049969
0.050478
-0.214383
0.105762
-0.103086
0.032168
-0.627926
0.019294
0.003811
0.056132
0.042692
-0.043939
0.029933
-0.015361
0.037421
0.140408
-0.008133
-0.198996
0.043664
0.057474
-0.052731
-0.000224
-0.034896
-0.028233
-0.057712
-0.142636
0.036704
-0.139036
0.038371
-0.030509
0.055961
0.037413
0.051794
0.026582
-0.044155
0.050571
-0.718711
-0.196150
-0.070506
0.082130
-0.231842
0.035717
-0.013184
0.024360
0.037705
-0.355735
-0.053367
-0.032681
-0.656558
-0.058121
-0.060842
0.032431
0.025076
-0.018766
-0.062560
-0.012883
-0.025285
-0.016329
0.094751
0.031654
-0.022207
0.025082
-0.595769
0.026987
-0.005954
-0.058066
-0.039948
-0.032224
0.034256
0.015818
0.049305
-0.026385
-0.065108
0.012540
-0.038298
-0.007634
-0.033977
-0.053323
-0.581325
0.040229
0.002458
-0.038188
-0.053979
-0.028005
-0.295876
0.154680
-0.080450
-0.053508
-0.265299
-0.018006
-0.059792
-0.043787
0.170404
0.018123
-0.036815
0.000329
-0.585463
0.094734
0.043026
0.028145
-0.019800
-0.065170
-0.426588
-0.018950
0.010806
0.015349
0.019550
0.000888
0.031710
0.029626
-0.061658
0.001422
0.017547
0.020633
-0.018641
0.034888
0.134994
-0.017097
0.055458
-0.043867
-0.067886
0.005672
0.007014
0.042375
-0.055564
0.006093
-0.009023
-0.013208
-0.467637
0.049935
0.044007
0.046890
-0.046320
-0.044325
0.007702
0.000856
-0.079051
-0.037425
0.001589
-0.030457
0.011529
0.014317
-0.044493
0.007669
-0.034266
-0.082536
0.046401
-0.153356
-0.027288
-0.023628
-0.068516
-0.058610
-0.074731
0.045413
0.104549
0.061372
-0.232257
0.043582
0.014415
0.001612
-0.061766
-0.258359
-0.019683
0.016152
0.001141
-0.400497
0.033458
0.026141
0.027318
-0.020018
-0.076436
0.022827
-0.051392
-0.031532
-0.557548
-0.037142
-0.022847
0.015373
0.008535
0.024686
0.065863
-0.284157
0.119339
0.000709
-0.037100
-0.016531
0.056195
0.019338
-0.050892
-0.354463
-0.018211
0.001531
0.081898
-0.191688
0.035083
0.038737
0.035571
-0.058904
0.053248
0.014875
-0.046460
0.005211
-0.025541
-0.005290
0.029371
-0.038684
-0.043913
0.021678
-0.055318
-0.058544
-0.027182
-0.321262
0.023487
-0.037504
-0.056153
0.036986
-0.008471
-0.070643
0.010061
-0.057315
-0.004057
0.047912
-0.041400
0.007509
-0.179049
0.032171
-0.021103
-0.381269
0.007736
-0.011666
-0.014276
-0.010015
-0.049645
-0.070285
-0.449544
-0.009569
0.024300
-0.221211
-0.032211
0.044669
0.047688
0.058230
-0.613938
0.024702
-0.217577
-0.037620
-0.007366
0.055841
-0.063867
-0.056985
0.064468
0.001888
-0.070887
0.047501
0.050791
-0.044852
0.045657
0.051708
0.103317
-0.003472
0.046257
-0.043496
-0.086552
0.009831
-0.044959
0.023403
0.004714
0.041991
0.002155
0.021892
-0.009380
0.086669
0.034562
-0.306489
0.008855
-0.043570
0.044228
0.002577
0.055124
0.050095
-0.017701
-0.036843
-0.052104
0.084693
-0.018517
0.014058
0.022136
-0.056389
0.022373
0.018213
0.044013
0.042291
-0.236402
-0.213929
-0.044049
-0.374724
0.115223
0.028624
0.021795
0.012763
0.020784
0.085841
-0.038806
-0.055245
-0.090757
0.003925
-0.030512
-0.027213
0.017407
-0.012728
-0.000293
-0.021151
0.022050
-0.036432
0.088377
-0.026182
0.047587
-0.023011
-0.177271
-0.033848
-0.013383
-0.050023
0.040733
0.052266
0.067279
0.013068
0.032987
-0.013585
0.006855
-0.019003
-0.008700
-0.026665
0.001080
-0.049412
-0.643215
-0.014034
-0.009510
-0.056984
0.031225
-0.065789
-0.037542
0.054603
-0.062351
-0.044029
-0.360857
0.014151
0.005151
0.045308
-0.140803
0.029955
-0.066234
0.025905
-0.299434
0.062905
0.000002
-0.036963
0.001531
-0.033729
0.067367
0.014871
-0.039824
0.041093
-0.060813
0.030215
-0.039502
-0.065374
-0.022160
0.053790
0.017517
0.023896
-0.065113
-0.009352
-0.310552
-0.023346
-0.004031
0.037614
-0.042055
-0.007849
0.032498
0.025974
0.027870
0.000136
0.005998
-0.041814
-0.216920
-0.042962
0.049148
0.003764
-0.037935
-0.056669
0.019121
-0.010981
-0.036893
-0.066674
0.047231
-0.043596
-0.044636
-0.000317
-0.040831
-0.048855
0.019201
-0.009171
-0.002458
0.068097
-0.024904
0.003630
-0.007695
-0.009159
0.047775
-0.054329
-0.276950
0.095275
-0.248128
-0.031126
-0.036165
0.015428
-0.007745
-0.490090
-0.065330
0.012038
-0.001467
0.099079
-0.012669
0.000055
-0.056060
-0.054822
-0.071174
0.016191
-0.021267
-0.018715
0.170256
0.040314
0.044424
-0.039485
-0.017521
-0.061363
0.040983
-0.468104
-0.427924
-0.016485
-0.038329
-0.052580
-0.028915
-0.755263
0.036585
-0.066691
-0.010146
-0.258049
0.066628
0.106103
-0.070621
0.051083
-0.027417
-0.018724
0.023291
0.045817
0.017580
0.028912
0.023366
0.025336
-0.031176
0.011757
-0.019764
-0.014231
-0.020334
-0.003364
0.012688
-0.199433
-0.030173
-0.065848
-0.025900
0.053511
-0.036042
-0.059279
0.085983
-0.001715
-0.023732
-0.043747
0.029526
-0.000987
-0.313299
-0.026020
-0.024846
-0.042513
-0.014344
-0.033252
0.031983
-0.024064
-0.015973
-0.001994
-0.411098
0.049580
-0.029026
-0.067702
-0.015309
-0.060708
0.105123
0.003237
-0.240931
0.051964
0.071045
0.052708
-0.057972
0.025204
0.017831
0.025731
0.101182
-0.018333
0.043109
-0.013709
-0.048603
-0.018845
-0.042457
0.029129
0.094691
-0.510597
-0.050276
0.010736
-0.462850
0.013484
0.015246
0.007430
-0.017721
-0.055110
-0.041172
0.030828
-0.060225
-0.410010
0.022841
-0.400479
-0.001992
0.046085
0.005556
0.022416
-0.009348
0.012705
-0.026446
-0.027327
-0.055129
-0.798546
0.024301
-0.012321
-0.000092
-0.065796
0.040164
-0.041597
0.008035
-0.043769
0.123216
-0.229252
0.002571
-0.288643
-0.286348
-0.010809
-0.021335
0.054048
-0.006244
-0.498398
0.021462
0.034988
-0.251765
0.036976
-0.010539
0.053027
-0.027038
-0.052493
-0.015029
-0.046652
0.016927
-0.043254
-0.389994
-0.042613
-0.059378
-0.041122
-0.581448
-0.013713
-0.028111
0.049190
-0.040668
-0.033374
-0.023936
-0.044932
-0.066410
-0.000090
-0.023514
0.031182
-0.007568
0.054835
0.052847
-0.009524
-0.526992
0.023614
-0.006107
-0.026185
-0.061728
-0.038283
-0.106290
-0.306872
-0.057502
0.045830
0.086790
-0.022884
0.018852
0.003016
-0.385360
0.033011
0.011154
0.038787
0.007712
-0.233395
-0.021051
0.010009
-0.043565
0.025054
-0.018517
0.046508
0.042933
0.043338
-0.073410
0.043833
0.029801
0.044031
-0.012655
-0.027540
-0.044445
-0.019378
-0.038205
0.005588
-0.729119
-0.020094
0.030668
0.049724
-0.004194
-0.016565
-0.040866
0.091538
-0.016321
-0.058036
-0.003351
0.040781
-0.125104
-0.019638
-0.011493
-0.038265
-0.053896
0.021611
0.008947
-0.018279
0.048836
0.054141
0.025274
-0.044364
0.047465
-0.101271
0.051197
-0.009291
-0.041963
-0.029548
-0.037664
-0.004853
0.030203
-0.041614
-0.094312
-0.002485
-0.021721
0.006749
-0.184046
0.078304
-0.198206
-0.043677
0.034935
-0.035393
-0.062395
0.097187
0.024639
-0.032529
0.031477
0.019978
-0.007139
-0.013570
-0.000874
0.055007
-0.072353
0.037299
0.025164
0.019396
0.085607
-0.048133
-0.051678
-0.007447
0.028558
-0.052482
-0.042620
-0.010207
-0.247071
0.033695
0.029446
0.048643
0.014675
-0.451438
0.047308
-0.325576
-0.056718
-0.395109
-0.395820
0.053938
-0.050861
0.009780
0.046278
0.035320
0.051358
-0.006659
-0.067578
0.018376
0.008488
0.056258
0.032775
-0.054624
0.038723
0.042312
-0.010627
0.012616
-0.040569
0.102974
0.010734
0.030697
0.022263
0.045888
-0.011014
-0.017827
-0.000706
-0.050866
0.041905
-0.020636
0.027452
-0.056504
-0.323491
0.024950
0.008212
0.059326
0.005640
0.037148
-0.018616
-0.030255
-0.032204
0.006740
0.088667
0.043111
-0.020928
-0.069648
-0.002700
-0.049075
0.014388
-0.042197
-0.448275
0.013373
0.082099
0.026460
-0.043652
-0.010095
-0.047724
-0.024879
0.038627
-0.003648
0.016725
-0.027241
0.020450
-0.007321
-0.016944
-0.020888
0.073820
-0.320181
-0.207674
0.040581
-0.449917
-0.020065
0.010709
-0.030870
0.017606
0.012696
0.039852
-0.034158
0.035565
0.095920
-0.042274
-0.474773
-0.000186
-0.048050
-0.040175
-0.059586
0.039313
-0.019723
0.021641
-0.067189
0.010295
-0.203577
-0.051857
0.022240
0.055672
0.015624
-0.012220
-0.027868
0.010582
0.052490
0.054158
0.020937
-0.005530
0.097569
-0.343807
-0.001451
0.057136
0.002837
0.031802
-0.264897
0.036766
0.025059
-0.236724
0.055949
-0.005541
0.018112
0.042191
-0.041569
-0.056932
-0.038468
-0.039667
-0.012349
0.035956
-0.013927
0.023263
-0.030390
-0.314622
-0.037284
0.034393
-0.052621
0.024901
-0.023214
0.047795
0.023113
0.027242
-0.029867
-0.018605
0.010230
0.046884
-0.056012
-0.006629
-0.019508
-0.376644
-0.038874
0.023419
0.029240
-0.053555
-0.000921
0.030819
0.092248
0.104175
0.049364
-0.251835
-0.051187
-0.055630
0.021762
0.128113
0.048203
-0.017483
0.000736
-0.307230
0.050310
-0.039652
0.041390
-0.015361
-0.062946
-0.420631
-0.001554
-0.046099
-0.020132
-0.024263
0.038556
-0.004970
-0.031391
-0.040071
-0.028624
-0.051584
-0.020517
-0.002270
0.012039
-0.027917
0.043618
0.045586
-0.015541
0.019097
0.010557
0.013913
-0.054924
-0.027642
0.003837
-0.036262
0.026674
0.089187
-0.046695
0.035088
-0.000020
-0.004939
0.042346
-0.002687
0.026506
-0.012949
-0.030016
-0.029305
-0.045013
-0.046519
-0.010543
-0.052828
0.049002
-0.020868
-0.086257
-0.057794
0.006046
-0.052516
0.010480
-0.083840
-0.036860
0.049074
-0.063163
0.055318
0.090150
-0.099723
0.049680
0.019048
-0.036873
0.056808
-0.426556
-0.041680
-0.001582
-0.010795
0.080677
-0.021585
-0.047956
0.027228
0.049373
-0.042556
-0.028247
-0.042229
0.042664
0.111032
0.026807
0.052544
-0.046943
-0.009921
0.015617
-0.044429
-0.259338
-0.522743
-0.058640
-0.023505
0.043644
0.063788
-0.552178
0.035411
0.084219
0.028948
0.056884
-0.316282
0.137605
0.015678
-0.006155
-0.042052
0.063341
-0.053394
0.018181
0.045202
0.041964
-0.021070
0.026546
-0.052006
0.049571
-0.049726
0.054929
-0.021783
-0.039133
-0.045553
-0.461039
0.007682
0.016996
-0.060084
-0.040612
-0.040354
0.009009
-0.243751
-0.047638
-0.036511
-0.007204
-0.022323
-0.066495
0.081990
-0.068223
-0.044560
-0.165710
-0.023139
0.048904
0.047719
-0.033154
-0.058246
0.016016
0.106737
-0.041889
0.050916
-0.023692
0.051695
-0.009298
0.056226
-0.035776
-0.054665
0.032683
-0.199740
0.006211
0.039650
-0.044390
-0.006138
0.025010
0.060451
-0.044617
0.026481
-0.038998
0.014316
-0.029200
0.027787
0.005475
-0.264596
-0.465553
-0.060808
0.002296
-0.558764
-0.022974
0.025301
-0.003796
0.007086
0.015074
-0.035225
-0.005387
-0.021044
0.087749
-0.058205
-0.187346
-0.023081
-0.021483
-0.060999
0.023819
-0.009254
0.034102
0.017550
-0.053081
0.011397
-0.566407
-0.049861
0.051659
0.024649
0.054125
0.045886
0.023759
-0.018287
-0.057842
-0.271234
-0.012278
0.012766
-0.225130
-0.331357
0.025939
-0.047005
0.022909
0.017479
-0.260732
-0.016800
-0.045256
-0.373467
0.020745
-0.027171
0.039100
-0.013161
-0.014603
-0.063788
-0.049751
0.030803
-0.046424
0.093318
0.007809
0.023872
-0.039922
-0.252820
0.002668
0.051622
-0.065934
0.010256
0.037199
0.056269
-0.056920
-0.047951
0.052683
0.015704
0.039760
-0.062836
0.040323
-0.067783
-0.061281
-0.348132
-0.056440
-0.037317
-0.047855
0.008704
-0.067013
0.095241
0.094198
-0.135594
-0.052316
-0.079554
-0.009295
-0.032426
0.040536
0.088567
-0.067659
-0.036961
-0.064939
-0.440360
-0.245681
-0.058121
-0.054544
-0.059646
0.012001
-0.191805
0.025403
0.049558
0.011220
0.013500
-0.059027
-0.024573
-0.048099
-0.039875
-0.003929
0.003685
0.033075
-0.061026
-0.057199
0.146409
0.031569
0.040878
0.023013
0.007569
0.040227
0.039733
-0.076576
-0.038710
-0.002198
0.002508
-0.015880
-0.072566
0.047540
0.057777
-0.032858
-0.012232
0.024978
-0.030304
0.044106
-0.063115
-0.040370
0.010290
0.007560
-0.049535
-0.086431
0.053153
-0.013133
-0.001239
-0.003646
-0.049024
0.023522
-0.042630
0.049373
0.069917
-0.007201
0.058862
0.033235
-0.218314
0.084604
-0.244918
0.013124
-0.063958
-0.068055
-0.000565
-0.318223
-0.001269
0.006431
-0.025396
0.087402
-0.077142
-0.026976
0.007943
-0.035289
0.001502
-0.026604
0.015263
0.020112
0.102388
0.034363
-0.053054
-0.038743
-0.029573
-0.048659
0.022905
-0.715004
-0.713893
0.047115
0.019430
-0.011318
0.009600
-0.736227
0.032393
-0.443583
-0.014043
-0.493955
-0.332387
0.094714
0.033158
-0.030804
0.062333
-0.002484
0.037243
-0.063526
-0.058024
0.024376
0.001284
-0.009856
-0.056602
0.036817
-0.007359
0.029067
-0.024934
-0.026352
-0.010986
-0.234517
-0.038539
0.023599
0.007485
0.027168
0.002908
-0.059246
0.086605
0.016535
0.051586
-0.043959
-0.015159
-0.011864
0.086985
-0.056330
-0.050500
-0.748087
0.026124
-0.003407
-0.030320
-0.063572
0.034852
-0.035594
0.056025
-0.041084
0.037584
-0.161726
-0.057149
0.032778
0.064362
-0.055720
0.036248
-0.018179
-0.233667
-0.027132
0.047811
0.034474
-0.064234
0.009365
0.063896
0.032256
0.017669
-0.010107
0.037025
0.046171
0.041530
0.042791
0.088412
-0.774792
0.073119
-0.030262
-0.469283
-0.050040
-0.061521
-0.012871
0.005649
-0.052075
-0.051842
-0.013025
0.027096
-0.580862
0.022539
-0.481791
-0.044977
-0.038028
-0.016376
-0.017412
0.013907
0.020316
0.005115
-0.033287
0.015323
-0.680298
-0.083109
0.039717
-0.052138
0.050068
-0.017176
-0.051728
-0.056863
-0.029052
0.086221
-0.201072
0.044135
-0.365068
-0.348044
0.030874
-0.023176
-0.023297
-0.001375
-0.199740
-0.024522
0.019712
0.081076
-0.038741
-0.010725
0.017509
-0.047605
-0.043496
0.010649
-0.050059
-0.035647
0.053514
0.059304
0.049202
0.017510
-0.008530
-0.719537
0.014501
0.043695
0.043250
0.012328
-0.020653
0.053559
-0.025601
0.000184
0.047827
-0.071525
0.013622
0.046885
-0.028677
0.032278
0.016549
-0.396988
0.004060
0.010633
-0.040166
-0.068334
-0.006455
0.023918
-0.369067
-0.166076
0.043842
-0.198063
0.016206
-0.044383
0.047748
-0.148082
0.033999
-0.030248
-0.055501
0.045119
-0.462478
-0.057691
0.050348
0.019861
0.048452
0.075244
0.041928
0.052141
0.012467
0.006312
0.047805
-0.010537
0.034754
-0.023198
0.018437
-0.025506
-0.007182
-0.003047
-0.015423
-0.851609
-0.013513
0.001642
0.047321
0.038589
-0.003777
-0.041742
0.000675
0.008635
-0.048808
-0.051085
-0.016625
-0.162472
0.036884
-0.066580
-0.017076
0.021736
-0.054671
0.038193
-0.046754
0.006835
0.033302
-0.052334
-0.011346
0.029310
-0.096225
0.005798
0.022018
0.044959
-0.083838
-0.046094
0.079811
-0.002289
-0.065158
-0.021981
-0.005518
0.043234
-0.030357
-0.478258
0.058210
-0.172267
0.011038
-0.003447
-0.029824
-0.014619
-0.326171
-0.025186
-0.036460
0.006828
-0.106982
0.012392
-0.045869
0.019643
-0.024063
-0.074070
-0.068228
0.014263
0.050571
-0.234855
-0.035002
-0.043949
0.039024
0.002351
-0.034194
-0.059717
-0.506203
-0.274418
0.027238
-0.009107
-0.056979
-0.010884
-0.308415
0.035044
-0.644149
-0.027135
-0.464855
0.034196
0.022221
-0.021732
0.008037
-0.014994
0.022011
-0.015143
0.003574
0.034144
-0.001701
-0.033078
0.047968
0.052045
0.002008
0.039428
-0.051375
-0.027842
-0.027302
-0.065691
0.108846
-0.098377
-0.026417
-0.055122
0.034689
-0.055578
0.012739
0.093828
0.050369
0.050692
0.014340
-0.030675
-0.004569
0.006107
-0.042352
0.025557
-0.434108
-0.046384
-0.047230
-0.009388
0.040102
-0.010945
-0.030574
-0.290169
0.022772
-0.018136
-0.050874
0.052019
0.064910
0.049666
-0.069982
-0.491108
-0.059744
-0.449211
-0.042927
0.034732
-0.009821
-0.052208
-0.056259
0.111822
0.017942
0.042550
-0.025352
-0.060366
0.054811
0.006847
-0.029424
0.114045
-0.214945
0.047941
0.018744
-0.648524
0.033718
-0.035033
0.040096
-0.054375
-0.017999
0.030635
-0.041104
0.021738
-0.291819
0.016309
-0.463356
0.038164
0.015852
-0.058651
-0.038614
-0.034006
-0.019966
0.056726
0.051055
-0.022527
-0.268689
-0.016349
-0.023272
0.001525
-0.068585
0.032544
0.004911
-0.004824
-0.019531
0.120212
-0.213655
-0.035177
0.083103
-0.145693
0.030381
0.020878
0.005471
0.049990
-0.069679
-0.057370
0.013106
0.059191
-0.002992
0.052992
-0.016225
-0.008232
-0.031923
-0.012893
0.048837
0.013395
-0.047871
-0.272546
0.004911
0.018954
-0.038922
-0.401322
-0.022830
0.002926
-0.002584
0.009669
-0.006674
-0.019087
-0.070084
-0.049212
0.041657
0.007665
-0.041350
0.005602
-0.041518
0.046368
-0.022035
-0.420617
0.028836
-0.035510
0.050827
0.041151
0.049653
-0.341796
-0.223298
-0.544977
0.028882
-0.119075
0.031043
0.008720
0.023032
-0.223561
0.055124
-0.045551
-0.037440
0.100987
0.049741
-0.007492
0.025762
0.029255
-0.048155
0.089510
-0.002258
-0.011128
-0.055475
-0.054118
-0.042610
0.029436
0.014650
-0.006799
-0.019381
0.032970
-0.008323
-0.041473
0.012845
-0.505271
0.036889
0.026232
0.008630
0.028013
0.005246
0.015918
0.020925
0.004347
-0.022775
-0.007280
-0.002686
-0.418140
-0.024853
-0.005722
0.016721
-0.042740
0.015963
-0.035236
-0.043427
-0.036912
-0.037964
-0.027363
-0.024691
0.008667
-0.061807
-0.059565
-0.035046
0.031416
0.101548
-0.051275
0.080129
0.056011
0.041922
-0.051328
-0.021726
-0.062523
0.021640
0.103323
0.053738
-0.093068
0.016262
-0.009307
-0.006012
-0.038067
0.106322
0.061948
0.013658
-0.051787
-0.574709
0.008259
0.009177
0.041002
-0.031447
0.011043
-0.066885
-0.011174
0.022922
-0.469649
0.035955
-0.057786
0.049083
-0.042778
0.054832
0.039659
0.096062
-0.258296
0.041458
-0.058116
0.040906
0.027183
-0.043902
0.036534
-0.516461
-0.002177
-0.573182
0.082687
0.066416
0.018278
0.033752
0.051426
-0.067155
-0.004621
0.046954
0.046504
-0.017847
-0.060582
0.021273
-0.029619
0.004301
-0.042623
0.043779
0.048073
-0.110035
-0.032692
0.049313
0.019792
-0.058470
-0.053275
0.030656
-0.042984
-0.085734
0.058702
0.022023
-0.026739
-0.021245
-0.006967
0.046215
-0.297552
0.006099
0.020112
-0.461700
-0.038845
-0.028602
-0.027909
0.038979
0.013492
-0.083195
-0.403952
0.030113
-0.047539
-0.229593
0.034113
0.050041
0.033249
-0.043445
-0.454410
0.004625
-0.108355
-0.029516
-0.013342
-0.020360
0.046951
-0.054960
0.084561
-0.050594
-0.062957
-0.042106
0.023371
0.032975
0.036981
0.033458
0.101954
0.077347
0.069331
-0.030018
-0.515738
-0.025122
0.021868
-0.048296
0.023406
0.015263
0.019605
0.012181
-0.043496
-0.166370
-0.056546
-0.246638
0.015314
0.010270
-0.004732
0.020358
-0.060810
-0.012617
-0.030078
-0.084438
-0.050516
-0.043250
-0.046128
-0.049138
0.026213
0.056066
-0.039054
-0.042155
0.017581
-0.046412
-0.049365
-0.056562
-0.067384
0.081354
-0.342686
-0.052412
0.046660
0.019216
-0.003901
-0.348961
0.059936
-0.062338
-0.303359
-0.004803
-0.060882
-0.037980
-0.054623
0.014800
0.028433
0.047536
-0.020833
-0.010152
-0.250618
-0.063074
-0.008074
-0.056682
-0.471901
-0.025423
0.034600
0.036597
0.042150
0.009575
-0.058662
0.002999
0.001377
0.006899
-0.002864
-0.026186
-0.038067
0.019981
-0.041972
0.028449
-0.409618
0.021578
0.018422
-0.042207
0.054140
-0.060643
-0.392908
0.107127
-0.132275
-0.022372
-0.213655
-0.061762
-0.059239
-0.035200
-0.108796
-0.038424
0.029296
-0.049871
-0.263307
0.094996
-0.018178
-0.004568
0.002223
-0.047433
-0.256912
-0.021591
-0.048685
0.047308
-0.044074
0.028290
0.026733
0.046175
-0.006041
0.032516
-0.025068
-0.040190
0.060638
-0.047989
-0.097364
0.052728
0.011108
-0.036875
0.032737
-0.004351
-0.012941
-0.068192
-0.014641
0.050508
0.006667
-0.026665
-0.530198
-0.053709
0.001411
0.026741
0.042230
0.039036
0.020323
0.013945
-0.025901
-0.052918
-0.062034
-0.027168
-0.005189
-0.010072
-0.038463
0.012485
0.024663
0.014882
0.002476
0.077626
0.010358
-0.037729
-0.012454
-0.039560
-0.077438
-0.109410
0.121734
0.059836
-0.055385
-0.075386
-0.000128
0.001805
-0.001987
-0.315423
-0.035791
0.019955
-0.026941
-0.168879
0.044404
-0.008085
-0.020801
0.032548
-0.016813
-0.056246
0.023083
-0.075521
-0.146922
-0.066708
0.014948
0.049469
-0.041937
0.008355
0.055121
-0.069606
0.123203
-0.036414
-0.051448
-0.003964
0.035701
-0.300557
-0.013049
-0.312801
-0.047138
-0.405131
-0.112659
-0.277571
0.009955
-0.016767
0.018671
0.047369
0.061854
0.021734
0.055067
0.013757
-0.061061
-0.054408
0.049295
-0.008708
0.058561
0.041354
-0.062089
-0.061821
-0.012745
0.088182
-0.096135
-0.065528
0.034364
-0.028041
0.021909
-0.025033
0.088222
-0.015584
-0.067857
0.026940
-0.016791
-0.027618
-0.368241
-0.021717
-0.012183
-0.247067
0.021448
0.006089
0.001623
-0.019797
-0.016125
-0.069394
-0.180182
0.034414
-0.010295
-0.179805
0.046069
-0.040722
-0.039627
-0.029686
-0.206395
-0.048545
-0.146277
-0.035781
-0.033491
0.036404
0.027564
0.008159
0.078671
-0.050338
0.014124
0.026744
0.039779
0.018826
-0.007261
0.051372
0.107894
-0.294683
-0.152223
-0.055688
-0.296713
0.053623
0.032217
-0.030113
0.044626
-0.023084
-0.003615
0.033712
0.029681
-0.262055
0.022349
-0.674495
-0.040209
0.035044
0.010993
0.001869
0.040194
-0.036406
0.045236
-0.004473
-0.038172
0.095964
0.001725
0.056639
0.020794
0.046931
0.039086
0.036827
0.005437
-0.007341
0.124251
0.099082
-0.024934
-0.264918
-0.013591
-0.036787
0.026663
-0.054299
-0.054106
0.060612
0.023200
0.025808
0.105087
-0.011840
0.015192
-0.030532
0.053725
-0.016733
-0.016290
-0.017680
0.035845
0.010627
-0.106484
-0.045648
-0.008479
0.012338
-0.398102
0.035251
0.059598
-0.084652
0.052460
-0.004521
0.012790
0.010486
-0.022310
0.008008
0.006198
-0.025775
0.023699
-0.008910
0.051352
-0.052185
-0.447408
-0.044235
0.008294
0.042480
0.047756
0.001885
0.133619
-0.301690
0.084880
-0.022134
-0.364428
-0.029904
-0.039048
-0.019354
0.072626
0.041659
-0.026301
-0.005118
0.067410
0.037870
0.065505
-0.031438
-0.022895
-0.057651
-0.197633
-0.039465
0.046095
0.014689
-0.011998
-0.028267
0.051246
-0.039059
0.038914
-0.065903
0.011048
-0.022476
-0.066361
-0.014207
-0.224206
-0.030321
0.027955
0.033703
-0.008972
0.032337
-0.045066
-0.080734
0.029053
-0.034831
-0.061234
-0.007280
-0.354086
-0.029689
0.025733
-0.005357
0.010326
0.030053
-0.044344
-0.041716
-0.053592
0.033693
-0.049806
-0.050139
0.035165
0.034580
0.014862
-0.053305
-0.033083
-0.100252
-0.007683
0.068232
0.000993
-0.008458
-0.040186
-0.026341
0.025143
-0.025241
0.058956
0.045142
-0.273100
-0.027389
0.042899
-0.027884
-0.049899
0.143504
-0.051783
-0.045493
-0.019457
-0.410728
0.038756
-0.009559
-0.023789
0.046445
0.000179
-0.029673
-0.023621
0.021308
-0.212459
-0.045348
-0.003391
-0.060531
-0.046834
0.040126
0.055879
0.011794
-0.043356
0.040317
0.005180
-0.062629
-0.028760
-0.483024
-0.001899
-0.286574
-0.054014
-0.195198
0.052664
-0.061510
-0.012867
-0.016580
0.018388
-0.036905
-0.048242
-0.044250
-0.064560
-0.013692
-0.002129
0.032363
0.054162
-0.044064
-0.030181
0.020314
-0.039625
0.041873
0.015176
-0.444524
0.039339
0.001237
0.011235
-0.035136
-0.064703
-0.061033
-0.362815
-0.040086
0.010273
0.062464
0.011316
0.026503
-0.350727
-0.003734
-0.010996
-0.602389
0.034498
-0.003137
0.033356
-0.001433
0.003649
0.013184
-0.261623
0.043116
0.043140
-0.219388
0.004827
-0.042694
0.103300
0.007411
-0.258466
0.031765
0.101420
0.001070
0.039595
0.020753
0.009415
-0.072123
0.035581
0.000489
0.002115
-0.011701
-0.025422
-0.024453
0.004758
0.040434
0.142373
-0.310202
0.038483
0.048498
-0.294009
0.002865
0.025377
0.013479
0.039606
-0.004964
-0.005527
0.053829
0.028541
-0.202036
0.044397
-0.504667
-0.035491
-0.024702
0.042652
-0.051042
0.032926
-0.014005
0.050382
-0.043508
0.028587
0.053421
0.054819
-0.011282
0.043528
-0.023679
-0.024556
-0.022050
-0.018687
-0.011048
-0.303691
0.047926
-0.022470
0.012107
-0.354885
0.040723
-0.018387
-0.023047
0.005848
0.086527
0.005048
0.044184
0.087485
-0.044897
-0.043646
0.011506
-0.039990
-0.045446
-0.067587
0.025685
0.017775
0.003657
0.090104
-0.011511
-0.055228
0.002414
-0.205870
-0.069218
-0.026500
0.014093
-0.054110
-0.064009
0.009838
-0.024545
0.036458
0.019854
-0.061418
-0.053314
-0.014722
0.012626
-0.007840
0.036095
-0.445371
0.045913
-0.045263
0.030120
-0.009638
-0.004214
-0.114966
0.075656
0.144156
-0.001343
-0.458199
-0.008356
0.031189
-0.009185
0.096375
-0.044696
0.008786
0.010711
-0.416833
-0.350532
-0.033444
0.050714
0.005205
0.035972
-0.184449
-0.021070
-0.002270
-0.058140
-0.019086
-0.005803
0.028197
-0.006317
0.043151
0.028080
0.039511
-0.064752
-0.009036
-0.053868
-0.253724
-0.049769
-0.036921
-0.052637
0.046897
-0.018867
0.048352
0.065917
-0.023809
-0.012423
-0.004869
0.026023
-0.231776
-0.026883
0.033845
-0.043803
-0.034283
0.022526
0.063553
0.050406
-0.022964
-0.041238
0.039937
-0.039960
0.019736
0.015814
-0.012970
0.043649
-0.057228
0.072865
0.008128
0.090904
-0.010166
0.026640
-0.023809
-0.004205
0.037079
-0.038570
-0.295582
-0.507926
0.108214
-0.035966
-0.064308
-0.051609
-0.036993
-0.279013
-0.065112
-0.040822
0.047804
-0.176494
0.025729
-0.035487
-0.060632
0.048386
-0.012700
0.029198
0.055427
0.042968
-0.305247
0.019667
-0.058811
0.011705
0.000250
-0.028538
0.011719
-0.229857
-0.280709
-0.074676
0.036573
0.026171
-0.073463
0.122368
-0.103166
-0.166883
-0.051109
-0.169810
-0.352422
0.110318
0.010863
-0.066089
-0.013555
-0.062619
-0.047425
-0.003030
0.011685
-0.051186
0.003312
-0.001307
-0.058839
-0.066098
0.037590
-0.043949
0.009892
-0.103943
-0.056580
-0.295436
-0.041483
-0.070572
0.003733
0.017146
-0.034720
-0.079688
-0.354468
-0.034726
0.032537
-0.063442
0.037226
0.048518
0.051516
0.039612
-0.055938
-0.451791
-0.039509
-0.022458
-0.012717
0.036849
0.027174
-0.102651
0.112953
0.015677
0.011544
-0.237265
-0.053770
0.044525
-0.599244
0.011291
0.007823
-0.047996
-0.374786
0.022654
-0.073185
-0.003796
0.047251
-0.057910
-0.038890
-0.035264
-0.002424
0.033451
-0.045140
0.012596
-0.042636
-0.037792
0.038356
0.092226
-0.155574
-0.003966
-0.206987
-0.029867
-0.015047
-0.010966
-0.060839
-0.000466
0.034811
-0.011885
0.055773
-0.175672
-0.050744
0.094984
0.049178
0.012535
-0.058213
-0.040954
0.049181
-0.032706
-0.010990
-0.052071
0.013442
-0.038358
-0.038506
-0.016789
0.031312
-0.045099
0.046940
0.039686
-0.013366
0.030527
-0.323487
0.039796
0.044037
0.061579
-0.179552
0.001559
0.030276
-0.059199
-0.033514
0.038763
-0.038151
0.009125
-0.207216
0.018865
-0.025105
-0.066323
0.049093
-0.043212
-0.009632
-0.059111
-0.025760
-0.020709
0.056107
-0.000242
-0.021150
-0.032677
0.076640
-0.021007
-0.022551
-0.036242
-0.065525
-0.035809
0.007156
-0.044425
-0.062472
-0.000146
-0.079796
0.034501
0.051972
0.047985
-0.015105
-0.055129
0.079157
0.029083
0.008058
-0.033548
-0.013268
0.013015
-0.277568
-0.078346
-0.428662
0.011817
-0.147393
0.048316
0.014448
-0.037714
0.110397
-0.003322
0.044753
-0.032621
-0.236646
0.067589
-0.024038
-0.007628
-0.027147
-0.008296
-0.167659
0.024574
-0.063866
-0.007920
-0.034575
0.043696
0.010388
-0.041163
-0.045229
-0.022907
0.035945
0.034942
-0.004033
0.047498
0.089759
0.034537
-0.034906
0.009078
0.010814
-0.049101
0.043025
-0.171545
-0.027011
0.048450
-0.035166
0.049253
-0.272897
-0.032933
-0.065467
0.044937
-0.057229
0.012029
0.050945
-0.063826
-0.026559
-0.024826
-0.004604
-0.025317
0.019009
-0.001557
0.016326
-0.018897
-0.043101
-0.001730
-0.040464
-0.216279
-0.038134
0.030875
-0.060817
0.046851
-0.015741
-0.082620
-0.050719
-0.385928
-0.128427
0.023289
0.004949
0.018482
-0.046330
0.079090
-0.011273
-0.008654
0.005476
0.107009
0.012636
-0.007243
-0.010335
-0.014027
0.039579
-0.000696
0.003444
-0.005094
0.067418
0.051000
0.007553
-0.008639
0.013127
0.010390
-0.044236
-0.497554
-0.318989
0.026085
0.042903
0.042151
-0.045046
-0.367145
-0.054417
-0.432438
-0.032509
0.092550
-0.521860
-0.386509
0.029193
-0.033104
0.014605
0.009476
0.053309
-0.065243
-0.048199
0.000277
0.020777
0.047020
0.029051
-0.012429
0.034856
0.041560
-0.034494
-0.028783
0.002920
0.134399
-0.063732
-0.024248
-0.010764
-0.018325
-0.024715
0.019773
0.076600
-0.054526
0.037833
0.014015
-0.021204
-0.001593
-0.044546
-0.010975
0.048714
0.033555
0.029756
-0.000144
0.053469
0.025678
-0.021948
-0.086556
-0.329854
-0.065978
-0.009380
-0.073046
0.023736
-0.048976
-0.488476
-0.036554
0.083188
-0.068269
-0.341227
-0.047528
0.024199
0.046051
-0.052492
-0.016311
-0.223370
0.032832
0.024040
-0.021760
-0.044821
-0.014430
0.043127
0.010876
-0.439781
0.074741
0.046256
-0.067891
-0.302324
-0.057645
0.035942
-0.037899
-0.013775
0.007540
0.044755
-0.020238
0.049745
-0.045044
-0.066908
-0.217673
-0.011355
0.005743
-0.010881
-0.002723
0.053246
0.018629
-0.014819
0.017042
-0.068029
-0.136101
0.018816
-0.016590
0.011027
0.052058
-0.042928
-0.025450
-0.031181
-0.015683
0.110161
0.120321
-0.056234
-0.327611
-0.259584
-0.004532
-0.029776
0.046138
-0.056396
-0.358122
0.060858
-0.017831
-0.206292
-0.042399
-0.038227
0.043567
0.000391
-0.062922
-0.032196
-0.020024
-0.047549
0.026671
-0.590707
-0.026339
-0.059731
-0.018786
-0.156097
0.048182
-0.037178
0.036729
0.036678
-0.029514
0.044573
0.003366
-0.054645
0.037833
0.032369
-0.060686
-0.040266
0.043000
0.016818
-0.056684
0.056804
-0.000124
0.034261
-0.048423
0.022613
0.050907
0.119123
-0.133926
-0.051079
-0.050209
-0.164621
0.050780
0.046759
0.014104
0.148481
-0.038729
0.001162
-0.039336
0.036517
0.054824
0.034709
-0.025434
0.034037
0.000123
-0.248034
-0.052889
0.015590
0.002655
0.010310
-0.046912
-0.054852
-0.046866
-0.045850
-0.000754
0.007531
0.049843
-0.025509
0.002516
-0.037455
0.050527
-0.011268
-0.020555
0.017441
0.042678
0.048014
-0.048812
0.005030
-0.003235
0.027590
-0.017581
-0.008569
-0.004252
-0.023536
0.028987
0.049257
-0.022492
-0.039720
-0.024922
-0.037917
-0.000207
-0.019837
0.063657
0.045135
0.014157
0.036147
-0.052092
0.049803
-0.001668
-0.008691
-0.518611
-0.042835
-0.012215
-0.100947
-0.012066
-0.057547
-0.112914
0.103774
-0.391454
-0.119059
-0.008132
-0.021807
0.021308
-0.039060
-0.420435
0.004615
-0.036895
0.022570
-0.026835
-0.048941
-0.033128
-0.011010
-0.042527
-0.027871
-0.074221
-0.065217
0.020209
-0.100862
-0.054482
0.014972
-0.016815
-0.027026
0.035510
0.037019
-0.228484
-0.506054
-0.040079
0.020672
-0.043583
0.010532
0.075412
-0.004794
-0.228390
-0.015274
0.127203
0.015644
-0.280969
-0.024593
0.039746
-0.057487
-0.052385
0.051298
-0.043794
-0.051518
-0.058963
-0.001483
-0.038538
-0.028428
0.000512
-0.039058
-0.006730
-0.039189
-0.025083
-0.054286
-0.121335
0.013215
-0.017053
0.033711
0.043659
-0.066562
-0.004086
0.071033
0.001237
-0.047651
-0.060374
-0.055116
0.030119
0.142054
0.008383
-0.052288
-0.232200
-0.024080
-0.044316
-0.048407
-0.038263
-0.051460
-0.023954
-0.437202
0.014281
-0.026967
0.030244
0.028893
0.030265
-0.188692
0.050972
0.025229
0.048079
-0.576490
0.027263
0.020626
-0.053674
0.035358
0.004613
-0.200340
0.034269
0.035048
-0.015808
-0.020900
-0.042589
-0.002397
0.047792
-0.432577
0.093677
0.080896
-0.068073
0.076790
-0.035143
-0.016822
0.048850
0.016047
0.043451
-0.062218
0.046629
-0.067674
-0.067263
-0.042004
-0.384978
-0.026549
0.014051
0.039687
-0.048059
0.051722
0.022770
0.021442
-0.134300
0.036056
0.102650
-0.030136
0.041573
-0.019001
-0.039550
0.033523
0.003223
-0.042893
-0.008205
-0.234560
-0.131594
0.006336
-0.487051
-0.447545
0.000220
0.031669
0.051754
0.027780
-0.183286
-0.045042
-0.042975
-0.317495
0.022137
-0.048983
-0.027880
0.000546
-0.013440
-0.034180
0.012647
0.004981
0.034227
-0.392126
-0.063770
-0.064710
-0.071618
0.100317
0.039296
0.016667
-0.064945
0.051844
-0.020017
0.050098
-0.039448
0.040507
-0.041905
-0.033757
-0.059480
-0.016763
0.053146
0.045479
-0.029357
-0.517181
-0.047150
-0.002139
0.015444
-0.024034
-0.059964
-0.292499
-0.181561
-0.160587
-0.046678
0.152148
-0.042438
0.023408
-0.014767
-0.466697
0.033495
-0.026480
-0.065780
0.042747
0.093983
-0.034958
0.049751
0.011768
0.051217
0.108252
0.033342
0.050492
0.035272
-0.035495
-0.055480
0.000506
-0.037405
0.008322
-0.048820
-0.061791
-0.000287
-0.003722
0.014481
-0.132310
-0.020950
0.031732
0.044076
0.023808
-0.026009
0.034695
-0.014971
0.011478
-0.024639
-0.026495
0.008455
-0.220781
-0.051948
0.041762
-0.051211
-0.006923
0.028689
0.022330
-0.010368
-0.001091
-0.041119
-0.057014
-0.013959
-0.057378
0.025528
0.048374
0.052074
-0.035414
-0.087442
-0.039649
-0.573920
0.039308
-0.040904
-0.064768
0.053484
0.022469
-0.125337
0.057394
-0.250541
0.072708
0.003870
0.043780
-0.026134
-0.011645
-0.143478
-0.032415
0.014470
-0.068167
0.093772
0.056558
0.037809
0.046723
-0.019447
0.026616
-0.038938
0.028212
-0.050190
0.129823
0.038563
0.020945
0.060203
-0.028872
0.026823
0.028534
-0.466289
-0.353853
-0.055389
-0.024516
0.027691
0.001413
-0.317792
-0.031376
-0.477299
0.053385
-0.094352
-0.315643
-0.246076
0.025237
-0.045863
-0.010894
0.019753
0.002085
-0.054676
0.000097
-0.042608
0.056974
0.026562
0.031705
-0.004903
0.015779
-0.062013
-0.000361
-0.026824
0.034617
0.111562
-0.081171
0.034508
0.012654
-0.038053
-0.001782
0.023323
0.098872
0.047526
0.033703
-0.041669
-0.001762
0.000591
0.129395
0.046834
-0.054250
-0.226435
0.003422
-0.031312
-0.046511
-0.063817
-0.023338
-0.034839
-0.289223
0.011486
0.019801
0.071086
-0.048193
-0.050771
-0.308873
0.002048
-0.220855
0.026093
-0.486773
-0.027594
-0.018936
-0.005948
-0.015106
-0.030955
0.063953
-0.067863
0.034116
-0.044697
0.016974
-0.043713
-0.009437
0.027702
-0.383074
0.091865
0.090080
-0.009418
-0.303698
0.058308
0.023415
0.019093
-0.019416
0.022573
-0.036339
0.050185
0.046343
-0.289095
0.036697
-0.338871
-0.045783
0.053497
-0.009202
0.038118
0.048860
-0.025700
-0.033024
-0.019514
-0.009380
-0.331550
0.053595
0.038686
0.006722
0.028463
0.032848
-0.027425
-0.012518
0.001966
0.090077
-0.190297
-0.037340
-0.224483
-0.398823
-0.052079
-0.031580
0.024626
-0.053230
-0.565880
-0.040978
-0.003795
-0.445713
0.046854
0.012786
-0.059270
0.025248
-0.058445
-0.037663
-0.008555
-0.029728
0.045863
-0.566059
-0.023080
0.008859
0.052586
0.024870
-0.018053
-0.044978
0.036535
0.011132
-0.000425
0.032878
0.020206
-0.000621
-0.020116
-0.040009
-0.020901
-0.005213
0.018080
0.002440
-0.050902
-0.360041
0.006870
0.018394
-0.026508
-0.064274
-0.026726
-0.206377
-0.390758
-0.400430
-0.036808
0.149422
-0.019422
0.036388
-0.013839
-0.380591
0.001655
-0.038042
0.008815
0.114438
0.092699
-0.060073
0.015691
0.040127
0.051163
0.115454
-0.031774
0.024109
0.055717
0.040990
0.014831
0.035838
0.017710
0.004304
0.044336
-0.037235
0.029040
-0.035101
0.022887
-0.073748
0.053774
-0.014964
-0.061586
-0.058392
-0.028557
0.004673
0.023371
-0.068473
-0.041144
0.013813
0.027326
-0.242130
-0.011560
-0.028706
0.050373
-0.013776
-0.033252
0.039535
-0.000768
-0.011847
0.003943
-0.071590
-0.053656
0.026147
0.020459
-0.067395
-0.025210
0.030690
0.067756
0.042418
-0.369403
-0.063727
-0.027003
-0.069675
0.008842
-0.026610
-0.040983
0.102576
0.048936
0.026985
-0.074605
-0.027253
-0.066648
-0.021102
-0.305677
0.001542
0.012163
-0.067483
0.109013
0.049097
-0.035401
-0.015472
0.045776
0.009200
0.023775
-0.006455
-0.068149
0.124086
0.046422
-0.020991
-0.027040
-0.059848
0.036615
-0.015990
-0.266433
-0.639329
-0.064552
0.018827
-0.002074
-0.047983
-0.122723
0.030082
-0.389391
0.036799
0.057519
-0.411642
0.116411
-0.060155
-0.054730
-0.000805
-0.070133
0.021243
0.035438
-0.018277
-0.002439
-0.065633
0.046860
0.054153
-0.004408
-0.056130
-0.018393
-0.061681
0.008678
0.013441
-0.086317
-0.065598
-0.055005
0.000263
-0.011557
0.005742
-0.055063
0.036296
0.054619
-0.039912
-0.040263
-0.060093
-0.055326
0.104392
0.044059
-0.054559
0.093867
-0.020249
-0.044466
-0.001333
0.018931
0.047200
0.029825
-0.292410
0.027659
0.052734
0.039040
0.007662
-0.031157
-0.339600
0.030663
-0.114968
0.033392
-0.573776
-0.021563
-0.010195
-0.045527
-0.046992
-0.002544
-0.194612
0.002774
-0.012249
-0.062285
0.022469
-0.063722
-0.060122
-0.048055
-0.389097
0.058872
0.082374
0.032974
-0.207583
-0.012432
-0.065214
-0.027028
0.042397
-0.038302
0.026741
0.019085
-0.061741
0.110442
-0.033893
-0.092601
-0.053592
0.026795
0.017381
-0.046923
0.030294
0.002414
0.024737
-0.032015
-0.016155
-0.218392
0.044514
0.035741
-0.061191
0.009247
-0.027196
0.002063
-0.040341
-0.015246
-0.212295
-0.123323
-0.040854
-0.246023
-0.595901
-0.066260
0.038922
0.045921
0.003541
-0.569490
-0.060669
0.046201
-0.448437
-0.041043
-0.000999
-0.025357
-0.047545
-0.013035
-0.049118
0.055130
-0.046577
-0.061410
-0.321017
0.023331
0.008803
-0.046162
0.061122
0.020084
-0.015571
0.056788
0.006923
-0.046418
0.041074
0.036703
0.026907
-0.019517
-0.051013
-0.017582
0.017176
-0.034961
0.011066
-0.021719
-0.293776
-0.011972
-0.004631
-0.038898
-0.051325
-0.057495
-0.204299
0.070221
-0.211117
-0.040412
0.075270
-0.060427
-0.066342
-0.012618
-0.282208
-0.041385
-0.078643
-0.008338
-0.262959
0.092595
0.019881
-0.011535
-0.008373
-0.028597
-0.059970
0.015715
0.026129
0.024123
0.034803
-0.048045
0.051244
-0.015989
-0.050619
0.042444
-0.003606
-0.046078
0.049384
-0.044639
-0.403060
0.035120
0.052827
-0.045931
0.003085
-0.026547
0.014883
-0.027879
0.015719
-0.045007
0.029081
-0.008011
0.119118
0.050600
-0.035753
-0.004237
-0.064513
0.025339
0.049016
-0.041823
0.058702
-0.034475
-0.035282
-0.055147
0.053804
-0.033314
-0.061633
-0.047783
-0.022754
-0.016204
-0.044484
-0.483816
-0.000111
-0.077848
-0.058652
0.054382
-0.045632
0.038110
0.037800
-0.344909
-0.067914
-0.066436
-0.013560
-0.063858
-0.020835
-0.303594
0.034775
-0.051840
-0.008627
0.094866
-0.021130
0.012798
-0.040085
-0.016662
0.008371
-0.007000
0.008652
-0.062609
-0.270213
0.001425
0.030351
-0.009541
-0.023999
-0.040834
0.030477
-0.115275
-0.280222
-0.039287
-0.039804
-0.039234
0.033025
-0.236935
-0.104504
-0.290810
0.046828
0.112567
-0.066288
-0.132224
0.008512
-0.008279
0.032665
0.026108
-0.000478
-0.025043
0.036694
0.001749
-0.004339
0.055788
0.050116
-0.065878
0.008356
0.009920
-0.065676
-0.107602
-0.035998
-0.206719
-0.025668
-0.046472
0.035239
-0.042311
0.052720
-0.034657
-0.126753
-0.001674
0.009854
-0.036189
0.026713
0.045125
-0.180257
-0.028623
-0.056348
-0.460038
0.009317
-0.042057
-0.056988
-0.026290
-0.025670
-0.004933
-0.562818
-0.046395
0.054839
0.004394
-0.049445
0.054069
0.079657
0.035577
0.094132
-0.017379
-0.492752
-0.044027
-0.024289
-0.037366
0.055136
-0.033833
0.086039
0.048616
-0.038783
0.031120
-0.008976
-0.075509
0.040695
-0.038808
-0.225409
0.078321
-0.030312
-0.026533
-0.383487
0.060344
-0.063562
-0.034137
-0.042083
0.042668
0.053389
-0.030848
-0.017401
-0.295802
0.016010
-0.270611
-0.033649
0.030920
-0.035806
-0.043670
-0.026127
-0.003614
-0.015702
-0.148765
-0.038469
-0.472112
-0.042656
0.038542
0.017214
-0.015812
0.025240
0.060608
-0.003215
0.016592
0.081111
-0.207257
0.023766
-0.333124
-0.463426
0.044891
0.020545
0.043434
-0.010090
-0.686818
0.041849
-0.036592
-0.591415
-0.056946
-0.030097
0.015319
0.052216
0.001273
-0.024891
-0.048888
-0.064392
0.004510
-0.433878
-0.024832
-0.009927
-0.058512
0.096198
0.053724
0.031310
0.009914
0.064006
-0.001154
-0.023043
-0.055672
-0.028244
0.042036
0.045664
-0.045750
0.016213
-0.019922
-0.003152
-0.014332
-0.193970
-0.024752
-0.008543
-0.020009
-0.051532
0.025331
0.086737
-0.489590
-0.274406
0.037251
0.113725
-0.024089
0.022481
-0.003313
-0.345122
-0.027061
0.017677
0.040029
-0.221567
0.031760
-0.047540
-0.025406
-0.018069
-0.061497
0.110595
-0.052401
-0.016468
-0.025685
0.007614
0.000525
0.035691
0.030929
-0.069819
-0.007450
-0.056332
-0.066038
0.031463
-0.000132
0.122555
-0.011696
0.004211
0.001009
0.002162
-0.028638
-0.045118
0.060930
-0.037923
0.044776
-0.047856
0.006217
-0.514006
-0.010845
0.048467
0.010929
-0.055518
-0.026960
0.053570
-0.045243
-0.049436
0.043646
-0.065312
0.048376
-0.044253
0.043649
0.014079
-0.001170
-0.039357
-0.021895
-0.068129
-0.394581
-0.012933
-0.015840
-0.033598
-0.034322
-0.023147
-0.071377
0.103164
0.013726
-0.094545
0.038451
-0.051044
-0.057356
-0.018078
-0.089371
-0.025900
-0.053447
0.048361
0.003435
-0.031698
0.066811
-0.013097
-0.042295
0.061305
0.003645
0.007816
-0.059433
0.054855
0.056050
0.041781
0.047044
-0.071853
-0.066760
0.029196
0.107189
-0.191445
0.044821
-0.063878
-0.051184
-0.045598
0.067364
0.028176
-0.441456
-0.008931
0.077467
0.013781
-0.269216
0.020671
0.036660
-0.016733
0.019609
-0.040023
-0.005642
-0.024001
0.013041
0.013790
0.031619
-0.001253
-0.033961
0.049778
0.047227
0.050593
0.027024
-0.056360
-0.379519
0.003357
0.047204
-0.004722
0.003400
-0.019372
0.025095
-0.155482
-0.019551
0.007145
-0.028621
-0.055630
-0.039621
0.060146
0.010670
0.039817
0.072294
0.064180
-0.022492
-0.046485
-0.008846
0.039024
0.007641
-0.272689
-0.018419
-0.063880
-0.073968
-0.033044
0.015074
-0.321146
0.030990
0.055849
-0.020467
-0.375683
-0.053539
-0.005184
0.018807
0.013361
0.024916
-0.479715
0.018130
0.042696
-0.041012
-0.039077
-0.066709
0.057864
-0.022316
-0.420816
0.068267
0.077082
-0.049517
0.128656
-0.028549
0.043481
0.011571
-0.061850
-0.036005
0.006890
-0.051326
-0.045075
0.109652
-0.053036
-0.250754
-0.029646
0.012101
0.024043
0.011060
-0.052556
0.050402
-0.030774
-0.034823
-0.005683
0.093138
-0.057515
-0.003308
-0.049583
0.036763
0.004347
0.004468
0.011384
0.036098
-0.320035
0.086603
-0.004838
-0.352655
-0.263520
-0.047398
-0.051763
-0.040127
0.008540
-0.258207
0.030799
0.038951
-0.394607
-0.026485
0.021132
-0.036669
0.053444
-0.034737
-0.041681
0.010843
-0.007141
-0.058538
-0.307101
-0.005652
0.011993
0.050349
0.104362
-0.021289
0.057659
-0.010457
-0.025575
-0.034885
-0.010915
-0.061962
0.058970
-0.030703
-0.023674
0.036678
0.013831
0.039406
0.018222
0.046139
-0.345298
-0.028820
-0.006128
0.039591
-0.056084
-0.009133
0.054748
0.118873
0.106447
0.037741
-0.079694
0.038301
0.019639
-0.046674
-0.300703
0.038690
-0.019546
-0.039203
-0.290585
0.056855
-0.038075
0.057490
0.033482
0.025777
-0.230000
-0.004664
-0.004404
0.009549
0.012633
0.024835
0.044936
-0.031619
0.012556
-0.005995
-0.018082
-0.027135
-0.005818
-0.002824
0.060298
0.037930
-0.014925
-0.001960
-0.058223
-0.047908
-0.031543
-0.032572
0.002607
0.053952
0.023498
-0.044315
0.100833
0.034195
-0.041791
-0.046192
0.028348
-0.054803
-0.002303
0.019367
0.046505
0.022381
0.015886
-0.045808
-0.060474
-0.061668
0.026067
-0.009571
0.001119
-0.021237
0.031287
-0.410601
-0.060715
-0.091674
-0.105985
0.004887
-0.045468
-0.039167
-0.336579
-0.226899
-0.173130
0.010078
-0.035320
-0.035566
-0.007136
-0.043207
0.036925
0.005508
0.017968
0.070048
-0.023760
-0.016281
0.019640
-0.022386
0.027040
-0.030607
0.034807
0.011909
-0.304175
0.018997
0.021212
-0.019702
0.023623
0.021359
0.037926
-0.183731
-0.199663
-0.059426
-0.065608
0.031856
0.025357
-0.169332
-0.065863
-0.417676
-0.039521
0.124411
-0.388763
-0.223666
0.043250
0.034720
-0.012105
0.020599
0.027250
0.044282
-0.033925
-0.032316
-0.063989
0.033820
-0.010010
-0.037495
-0.039833
-0.000651
-0.001421
-0.025961
0.002269
-0.397959
-0.046706
-0.034424
0.008409
0.019033
-0.046836
-0.005573
-0.356444
-0.008336
0.038882
0.014895
0.022590
-0.044574
-0.448944
0.051798
-0.046342
-0.128690
0.046018
0.006349
0.010667
-0.014497
-0.031912
-0.055910
-0.554579
0.048636
0.016180
-0.102619
-0.020651
0.044688
0.051329
0.037882
0.109870
0.005028
-0.426071
-0.000232
-0.070581
0.021167
0.010896
-0.055232
0.056615
-0.049186
0.022368
-0.059526
-0.009097
-0.039824
-0.062633
-0.003133
-0.326224
0.074196
0.085626
-0.062057
-0.238206
0.005033
-0.043992
-0.031265
0.026597
0.032053
-0.067123
-0.004122
0.004912
-0.190998
0.022378
-0.350976
-0.012744
0.005366
0.017054
0.055233
0.049976
-0.015389
-0.029835
-0.032506
-0.063931
-0.483364
0.056266
-0.035377
0.013578
-0.004909
-0.009417
0.027008
0.053758
0.042031
0.047145
0.078345
-0.002484
-0.615741
-0.426516
0.044536
0.043009
0.028648
-0.020873
-0.401626
0.007563
-0.042915
-0.251574
-0.029606
-0.034481
-0.018328
0.009036
-0.031107
-0.066456
0.042134
-0.051758
-0.034632
-0.144373
-0.019780
-0.011544
-0.004520
0.071471
-0.040417
-0.009997
0.000235
-0.066411
-0.009508
-0.032597
-0.074612
-0.068545
-0.021303
-0.045344
0.007479
0.034883
0.015271
-0.011118
-0.045558
0.085780
0.033985
0.028119
0.047114
-0.007237
0.019816
0.120174
-0.326162
0.144095
0.034217
-0.355545
-0.055563
-0.026556
0.018679
0.108973
0.035113
0.049071
-0.066063
-0.418655
-0.313190
-0.003996
0.017081
-0.008423
0.038115
-0.318213
0.029661
-0.019772
0.013627
-0.037008
0.022618
-0.010330
-0.006240
-0.029278
-0.040174
-0.029934
-0.036841
-0.022506
0.007724
-0.310944
-0.044725
-0.001947
-0.057718
0.009970
-0.004534
-0.033518
-0.059186
-0.015269
-0.040308
0.020175
0.050485
0.081110
0.019227
0.036643
-0.003066
0.002090
0.007399
-0.065662
0.037379
0.008925
-0.063142
0.009423
0.035307
-0.060207
0.079339
-0.066741
0.005935
0.013856
-0.030898
-0.032718
-0.535891
-0.046139
-0.117300
0.005957
-0.025575
-0.068619
0.042513
-0.196122
-0.625104
-0.153614
-0.018392
0.016366
-0.021600
0.026569
-0.283817
-0.032088
0.021193
-0.042918
0.067862
0.020753
-0.054557
-0.033502
0.020613
0.047192
-0.014432
-0.065430
-0.022223
-0.331741
0.030488
0.008508
-0.031351
-0.042695
-0.021204
-0.023553
-0.189757
0.083939
0.014534
0.017718
0.051270
0.046831
0.049894
-0.048079
-0.326668
0.042640
0.096935
0.058348
-0.321204
0.013955
0.017955
0.021563
0.047363
0.002231
-0.043420
-0.011340
-0.054680
-0.054468
0.034775
-0.002609
0.042403
-0.020907
-0.011001
0.018732
0.030720
0.029255
0.101988
0.012088
-0.042044
0.044686
0.018873
-0.052805
-0.009136
-0.116197
-0.054475
-0.049046
-0.054498
0.017685
-0.052336
-0.360897
0.015177
0.038715
0.091040
-0.027439
0.003500
0.026347
-0.062699
-0.003973
0.030980
-0.411775
0.040121
-0.013373
-0.143805
-0.050156
0.043400
-0.149083
0.014403
0.093355
0.049570
-0.292210
-0.028685
-0.016902
0.045969
-0.035009
0.018981
-0.147344
-0.037944
-0.001300
0.010076
0.012496
0.009471
0.001261
-0.047540
-0.304202
0.060149
-0.037320
-0.048276
0.114999
0.030708
0.052530
0.029908
-0.044043
0.028444
-0.026628
-0.039943
-0.066336
-0.264321
-0.005411
-0.311786
-0.037137
0.031162
-0.006422
0.010835
0.030895
-0.058906
0.019460
0.084732
-0.006706
-0.286642
-0.037042
0.012473
-0.037662
-0.025468
-0.057948
0.042798
0.046810
-0.036327
0.093671
-0.246197
-0.025849
-0.287375
-0.004246
-0.057338
0.021816
-0.036782
-0.046876
-0.223474
0.030413
-0.045139
-0.289568
-0.041354
0.034026
0.033776
0.040623
0.018174
0.052248
-0.038723
0.031555
0.011977
-0.277047
-0.014953
-0.017660
-0.017259
0.096270
-0.001541
0.013078
-0.004508
-0.037227
0.046376
0.050046
-0.079186
0.016027
0.040529
0.039891
0.030991
-0.054848
0.035004
-0.067090
-0.037312
-0.197113
-0.016809
-0.023230
0.055441
-0.049998
0.013570
0.146545
-0.427048
-0.019728
0.043571
-0.267595
0.003979
-0.008143
0.008241
-0.261393
0.046697
0.012794
-0.042479
-0.271478
0.094696
-0.029213
0.020629
0.019245
-0.002276
0.066400
-0.053975
-0.026126
-0.036335
0.009779
-0.043330
-0.059941
0.006329
-0.018316
-0.034156
-0.014564
-0.015865
0.030899
-0.065883
-0.355538
0.009545
0.030733
0.036136
-0.022466
-0.041698
0.005919
0.050864
-0.067296
0.013261
-0.057801
-0.046695
-0.164377
0.033594
0.040922
0.014601
-0.054202
0.054376
0.047364
-0.002242
-0.002178
0.049863
-0.055884
-0.057488
0.038026
-0.019178
-0.002710
0.049283
0.030560
-0.013679
-0.021034
-0.550817
0.041690
-0.030007
-0.036188
0.041885
-0.046207
-0.156360
-0.167782
-0.320726
-0.251364
-0.019238
-0.009769
-0.046565
0.051219
-0.303761
-0.018048
0.024408
-0.003870
-0.125135
0.043979
0.010625
-0.053736
0.049313
-0.059182
0.040461
0.045377
-0.048422
-0.342219
-0.000224
0.048843
-0.017396
-0.048141
-0.063829
-0.060184
-0.284322
-0.245050
-0.005425
-0.000455
0.045770
0.024596
0.096961
0.001533
-0.230372
-0.008690
0.076511
0.047252
-0.031541
0.044249
0.043291
-0.001365
0.051811
0.030878
-0.040571
-0.063504
0.002600
0.054822
-0.055886
-0.033374
0.041287
-0.062739
-0.065706
-0.064973
-0.059979
-0.009656
-0.428892
-0.079711
0.024053
-0.036654
-0.038209
-0.028955
-0.055165
-0.405262
-0.006076
0.051795
-0.019832
0.036267
-0.070133
0.048574
-0.060113
0.047908
-0.297402
0.038240
-0.054562
-0.058068
-0.049193
0.012077
-0.056485
0.037102
-0.023201
0.028073
-0.114275
-0.051676
0.012752
-0.475095
-0.035781
0.084738
-0.050169
-0.811964
0.018527
0.038621
-0.050130
0.052269
0.020989
-0.379692
-0.038909
0.041361
-0.038937
0.008184
0.061173
-0.057047
-0.060054
0.062327
0.061677
-0.234714
0.024544
-0.236615
-0.054177
-0.010652
-0.040063
-0.007284
-0.035032
0.049264
0.040196
-0.058777
0.106421
-0.066408
0.043037
-0.067196
-0.009082
-0.004583
0.019788
0.014747
-0.026585
-0.046895
-0.057896
-0.029194
-0.275804
0.027075
0.025477
0.045866
-0.032449
0.028624
0.013672
0.040317
0.009742
-0.476202
-0.172418
-0.014894
-0.352506
0.108838
-0.042242
0.007730
-0.031080
-0.020582
0.097488
-0.053000
0.048521
-0.346747
-0.009260
-0.002288
-0.004715
0.040983
-0.039336
-0.003076
0.030418
-0.008461
-0.014638
0.117122
0.038029
0.055409
0.027194
0.115864
-0.037093
-0.056145
-0.015331
0.046840
-0.007450
-0.017781
-0.018431
0.012821
-0.053678
-0.062561
-0.026692
0.008605
0.039483
0.003980
-0.062803
0.081127
-0.013117
-0.018548
0.038610
-0.046498
-0.000571
-0.193036
-0.306899
-0.493238
0.039899
-0.286068
-0.067711
-0.064287
-0.029361
0.096619
-0.050916
-0.027314
0.001098
-0.853935
0.031211
0.034415
-0.018416
-0.049287
-0.018783
0.129827
-0.032738
-0.042549
0.037738
-0.031360
0.055050
0.010481
0.032945
-0.023885
0.034789
-0.009229
-0.046406
-0.051366
-0.038040
0.083906
-0.061868
-0.054174
0.049851
0.043967
-0.033862
-0.009460
-0.156089
-0.061105
0.034209
0.042340
0.001480
-0.337592
-0.052586
-0.005293
-0.022070
0.038803
0.014094
0.038067
-0.056102
0.046487
-0.040610
0.034555
0.014844
-0.013461
-0.043150
-0.000714
0.004612
-0.000593
-0.025800
0.013031
-0.210426
0.003055
0.004156
0.003288
0.010325
0.007639
0.005021
-0.403998
-0.615228
-0.110122
-0.033205
-0.003972
-0.013874
-0.036348
-0.112697
-0.024596
-0.026338
0.014240
-0.029404
0.026674
-0.036593
-0.015566
-0.011361
-0.071531
-0.054697
-0.035611
-0.042317
-0.312536
-0.002754
-0.045499
-0.039814
-0.015301
-0.063017
-0.022280
0.095493
-0.093509
-0.073597
-0.062032
0.031945
-0.031384
0.072178
0.004378
-0.467101
0.024733
0.043679
-0.564015
-0.507144
-0.048399
-0.019845
0.017620
0.033221
0.000902
0.014875
0.044913
-0.007406
0.029769
0.051994
-0.042662
0.005057
-0.004687
-0.050530
-0.059597
-0.069318
-0.032606
0.059797
-0.030941
-0.022084
0.051112
0.042621
-0.056572
0.024660
-0.406974
-0.039325
0.011168
-0.049233
0.054859
-0.018442
0.057251
-0.013955
0.001361
-0.166754
0.025454
-0.071549
0.005964
-0.002046
0.041364
-0.036632
0.107878
0.004704
0.052121
-0.194459
-0.049993
0.018004
-0.894910
-0.066157
0.069449
0.012930
-0.582391
0.034800
0.050832
-0.031180
-0.065926
-0.054650
-0.829960
0.005125
0.012817
0.003240
-0.002109
0.022531
-0.014833
-0.034313
-0.327358
0.011371
-0.300137
0.031771
0.071626
0.005072
-0.004936
-0.033949
-0.003224
0.004020
0.015992
0.023492
-0.035364
0.093047
-0.021076
-0.537754
-0.013541
0.006868
0.026645
-0.048387
-0.020083
-0.004254
0.023833
-0.063561
-0.004189
0.063354
-0.058958
0.006403
-0.051310
-0.021970
0.032588
-0.059324
-0.038449
-0.054476
-0.103176
-0.134734
0.034617
-0.348397
0.090883
-0.043047
-0.006914
-0.046768
0.051754
0.082373
0.013197
-0.031999
0.047983
0.009725
0.020244
-0.037283
0.055799
-0.001446
0.024420
-0.039416
-0.038852
-0.047288
0.104110
-0.065353
-0.018944
-0.029319
0.034131
0.050827
0.005754
0.003177
-0.024517
-0.002655
-0.031229
-0.014527
-0.020677
0.005745
-0.039569
-0.033320
-0.032065
0.021489
0.062663
0.051883
0.015375
0.052910
0.050777
-0.005332
-0.026422
-0.029886
0.075946
-0.445692
-0.060330
-0.043267
-0.778125
-0.031945
0.023411
-0.064868
0.138951
-0.066069
-0.042606
-0.006916
-0.409107
0.039514
0.034403
0.010580
-0.008287
0.042098
0.062242
-0.064669
-0.036643
-0.060331
0.012814
0.051022
0.044306
0.033685
-0.017425
-0.007070
0.015067
0.042758
0.049917
0.039997
0.070993
0.027342
-0.041953
0.026943
-0.010670
0.029513
0.033507
-0.046448
-0.031698
-0.014898
-0.052138
0.039856
-0.131704
-0.017195
0.038972
-0.036306
-0.006034
-0.062643
-0.031038
-0.024873
-0.002753
-0.056256
0.033349
0.027531
-0.025751
-0.048336
0.002008
0.002038
-0.017789
-0.104303
0.003518
0.075479
-0.060477
-0.047917
-0.160143
-0.083267
-0.006668
-0.004510
-0.270601
