

================================================================
== Vitis HLS Report for 'linear_2_Pipeline_VITIS_LOOP_83_1'
================================================================
* Date:           Sat Sep 13 23:17:10 2025

* Version:        2022.2 (Build 3670227 on Oct 13 2022)
* Project:        CNN_GTSRB
* Solution:       solution1 (Vivado IP Flow Target)
* Product family: zynquplus
* Target device:  xczu5eg-sfvc784-1-e


================================================================
== Performance Estimates
================================================================
+ Timing: 
    * Summary: 
    +--------+----------+----------+------------+
    |  Clock |  Target  | Estimated| Uncertainty|
    +--------+----------+----------+------------+
    |ap_clk  |  10.00 ns|  7.300 ns|     2.70 ns|
    +--------+----------+----------+------------+

+ Latency: 
    * Summary: 
    +---------+---------+-----------+-----------+------+------+---------+
    |  Latency (cycles) |   Latency (absolute)  |   Interval  | Pipeline|
    |   min   |   max   |    min    |    max    |  min |  max |   Type  |
    +---------+---------+-----------+-----------+------+------+---------+
    |     3134|     3134|  31.340 us|  31.340 us|  3134|  3134|       no|
    +---------+---------+-----------+-----------+------+------+---------+

    + Detail: 
        * Instance: 
        N/A

        * Loop: 
        +-------------------+---------+---------+----------+-----------+-----------+------+----------+
        |                   |  Latency (cycles) | Iteration|  Initiation Interval  | Trip |          |
        |     Loop Name     |   min   |   max   |  Latency |  achieved |   target  | Count| Pipelined|
        +-------------------+---------+---------+----------+-----------+-----------+------+----------+
        |- VITIS_LOOP_83_1  |     3132|     3132|       339|         65|          1|    43|       yes|
        +-------------------+---------+---------+----------+-----------+-----------+------+----------+

============================================================
+ Verbose Summary: Synthesis Manager
============================================================
InlineROM: 1
ExposeGlobal: 0
============================================================
+ Verbose Summary: CDFG Model
============================================================
IsTopModel: 0
ResetActiveHigh: 1
IsCombinational: 0
IsDatapathOnly: 0
HasWiredReturn: 1
HasMFsm: 2
HasVarLatency: 1
IsPipeline: 0
IsRtlPipelined: 0
IsInstanceOverlapped: 0
IsDontTouch: 0
HasImplIP: 0
IsGatedGlobalClock: 0

+ Individual pipeline summary: 
  * Pipeline-0: initiation interval (II) = 65, depth = 339


============================================================
+ Verbose Summary: Schedule
============================================================
* Number of FSM states : 339
* Pipeline : 1
  Pipeline-0 : II = 65, D = 339, States = { 1 2 3 4 5 6 7 8 9 10 11 12 13 14 15 16 17 18 19 20 21 22 23 24 25 26 27 28 29 30 31 32 33 34 35 36 37 38 39 40 41 42 43 44 45 46 47 48 49 50 51 52 53 54 55 56 57 58 59 60 61 62 63 64 65 66 67 68 69 70 71 72 73 74 75 76 77 78 79 80 81 82 83 84 85 86 87 88 89 90 91 92 93 94 95 96 97 98 99 100 101 102 103 104 105 106 107 108 109 110 111 112 113 114 115 116 117 118 119 120 121 122 123 124 125 126 127 128 129 130 131 132 133 134 135 136 137 138 139 140 141 142 143 144 145 146 147 148 149 150 151 152 153 154 155 156 157 158 159 160 161 162 163 164 165 166 167 168 169 170 171 172 173 174 175 176 177 178 179 180 181 182 183 184 185 186 187 188 189 190 191 192 193 194 195 196 197 198 199 200 201 202 203 204 205 206 207 208 209 210 211 212 213 214 215 216 217 218 219 220 221 222 223 224 225 226 227 228 229 230 231 232 233 234 235 236 237 238 239 240 241 242 243 244 245 246 247 248 249 250 251 252 253 254 255 256 257 258 259 260 261 262 263 264 265 266 267 268 269 270 271 272 273 274 275 276 277 278 279 280 281 282 283 284 285 286 287 288 289 290 291 292 293 294 295 296 297 298 299 300 301 302 303 304 305 306 307 308 309 310 311 312 313 314 315 316 317 318 319 320 321 322 323 324 325 326 327 328 329 330 331 332 333 334 335 336 337 338 339 }
* Dataflow Pipeline: 0

* FSM state transitions: 
1 --> 2 
2 --> 3 
3 --> 4 
4 --> 5 
5 --> 6 
6 --> 7 
7 --> 8 
8 --> 9 
9 --> 10 
10 --> 11 
11 --> 12 
12 --> 13 
13 --> 14 
14 --> 15 
15 --> 16 
16 --> 17 
17 --> 18 
18 --> 19 
19 --> 20 
20 --> 21 
21 --> 22 
22 --> 23 
23 --> 24 
24 --> 25 
25 --> 26 
26 --> 27 
27 --> 28 
28 --> 29 
29 --> 30 
30 --> 31 
31 --> 32 
32 --> 33 
33 --> 34 
34 --> 35 
35 --> 36 
36 --> 37 
37 --> 38 
38 --> 39 
39 --> 40 
40 --> 41 
41 --> 42 
42 --> 43 
43 --> 44 
44 --> 45 
45 --> 46 
46 --> 47 
47 --> 48 
48 --> 49 
49 --> 50 
50 --> 51 
51 --> 52 
52 --> 53 
53 --> 54 
54 --> 55 
55 --> 56 
56 --> 57 
57 --> 58 
58 --> 59 
59 --> 60 
60 --> 61 
61 --> 62 
62 --> 63 
63 --> 64 
64 --> 65 
65 --> 66 
66 --> 67 
67 --> 68 
68 --> 69 
69 --> 70 
70 --> 71 
71 --> 72 
72 --> 73 
73 --> 74 
74 --> 75 
75 --> 76 
76 --> 77 
77 --> 78 
78 --> 79 
79 --> 80 
80 --> 81 
81 --> 82 
82 --> 83 
83 --> 84 
84 --> 85 
85 --> 86 
86 --> 87 
87 --> 88 
88 --> 89 
89 --> 90 
90 --> 91 
91 --> 92 
92 --> 93 
93 --> 94 
94 --> 95 
95 --> 96 
96 --> 97 
97 --> 98 
98 --> 99 
99 --> 100 
100 --> 101 
101 --> 102 
102 --> 103 
103 --> 104 
104 --> 105 
105 --> 106 
106 --> 107 
107 --> 108 
108 --> 109 
109 --> 110 
110 --> 111 
111 --> 112 
112 --> 113 
113 --> 114 
114 --> 115 
115 --> 116 
116 --> 117 
117 --> 118 
118 --> 119 
119 --> 120 
120 --> 121 
121 --> 122 
122 --> 123 
123 --> 124 
124 --> 125 
125 --> 126 
126 --> 127 
127 --> 128 
128 --> 129 
129 --> 130 
130 --> 131 
131 --> 132 
132 --> 133 
133 --> 134 
134 --> 135 
135 --> 136 
136 --> 137 
137 --> 138 
138 --> 139 
139 --> 140 
140 --> 141 
141 --> 142 
142 --> 143 
143 --> 144 
144 --> 145 
145 --> 146 
146 --> 147 
147 --> 148 
148 --> 149 
149 --> 150 
150 --> 151 
151 --> 152 
152 --> 153 
153 --> 154 
154 --> 155 
155 --> 156 
156 --> 157 
157 --> 158 
158 --> 159 
159 --> 160 
160 --> 161 
161 --> 162 
162 --> 163 
163 --> 164 
164 --> 165 
165 --> 166 
166 --> 167 
167 --> 168 
168 --> 169 
169 --> 170 
170 --> 171 
171 --> 172 
172 --> 173 
173 --> 174 
174 --> 175 
175 --> 176 
176 --> 177 
177 --> 178 
178 --> 179 
179 --> 180 
180 --> 181 
181 --> 182 
182 --> 183 
183 --> 184 
184 --> 185 
185 --> 186 
186 --> 187 
187 --> 188 
188 --> 189 
189 --> 190 
190 --> 191 
191 --> 192 
192 --> 193 
193 --> 194 
194 --> 195 
195 --> 196 
196 --> 197 
197 --> 198 
198 --> 199 
199 --> 200 
200 --> 201 
201 --> 202 
202 --> 203 
203 --> 204 
204 --> 205 
205 --> 206 
206 --> 207 
207 --> 208 
208 --> 209 
209 --> 210 
210 --> 211 
211 --> 212 
212 --> 213 
213 --> 214 
214 --> 215 
215 --> 216 
216 --> 217 
217 --> 218 
218 --> 219 
219 --> 220 
220 --> 221 
221 --> 222 
222 --> 223 
223 --> 224 
224 --> 225 
225 --> 226 
226 --> 227 
227 --> 228 
228 --> 229 
229 --> 230 
230 --> 231 
231 --> 232 
232 --> 233 
233 --> 234 
234 --> 235 
235 --> 236 
236 --> 237 
237 --> 238 
238 --> 239 
239 --> 240 
240 --> 241 
241 --> 242 
242 --> 243 
243 --> 244 
244 --> 245 
245 --> 246 
246 --> 247 
247 --> 248 
248 --> 249 
249 --> 250 
250 --> 251 
251 --> 252 
252 --> 253 
253 --> 254 
254 --> 255 
255 --> 256 
256 --> 257 
257 --> 258 
258 --> 259 
259 --> 260 
260 --> 261 
261 --> 262 
262 --> 263 
263 --> 264 
264 --> 265 
265 --> 266 
266 --> 267 
267 --> 268 
268 --> 269 
269 --> 270 
270 --> 271 
271 --> 272 
272 --> 273 
273 --> 274 
274 --> 275 
275 --> 276 
276 --> 277 
277 --> 278 
278 --> 279 
279 --> 280 
280 --> 281 
281 --> 282 
282 --> 283 
283 --> 284 
284 --> 285 
285 --> 286 
286 --> 287 
287 --> 288 
288 --> 289 
289 --> 290 
290 --> 291 
291 --> 292 
292 --> 293 
293 --> 294 
294 --> 295 
295 --> 296 
296 --> 297 
297 --> 298 
298 --> 299 
299 --> 300 
300 --> 301 
301 --> 302 
302 --> 303 
303 --> 304 
304 --> 305 
305 --> 306 
306 --> 307 
307 --> 308 
308 --> 309 
309 --> 310 
310 --> 311 
311 --> 312 
312 --> 313 
313 --> 314 
314 --> 315 
315 --> 316 
316 --> 317 
317 --> 318 
318 --> 319 
319 --> 320 
320 --> 321 
321 --> 322 
322 --> 323 
323 --> 324 
324 --> 325 
325 --> 326 
326 --> 327 
327 --> 328 
328 --> 329 
329 --> 330 
330 --> 331 
331 --> 332 
332 --> 333 
333 --> 334 
334 --> 335 
335 --> 336 
336 --> 337 
337 --> 338 
338 --> 339 
339 --> 

* FSM state operations: 

State 1 <SV = 0> <Delay = 1.44>
ST_1 : Operation 342 [1/1] (0.00ns)   --->   "%wbase = alloca i32 1"   --->   Operation 342 'alloca' 'wbase' <Predicate = true> <Delay = 0.00>
ST_1 : Operation 343 [1/1] (0.00ns)   --->   "%W_read = read i64 @_ssdm_op_Read.ap_auto.i64, i64 %W"   --->   Operation 343 'read' 'W_read' <Predicate = true> <Delay = 0.00>
ST_1 : Operation 344 [1/1] (0.00ns)   --->   "%sext_ln83_read = read i62 @_ssdm_op_Read.ap_auto.i62, i62 %sext_ln83"   --->   Operation 344 'read' 'sext_ln83_read' <Predicate = true> <Delay = 0.00>
ST_1 : Operation 345 [1/1] (0.00ns)   --->   "%sext_ln83_1_read = read i62 @_ssdm_op_Read.ap_auto.i62, i62 %sext_ln83_1"   --->   Operation 345 'read' 'sext_ln83_1_read' <Predicate = true> <Delay = 0.00>
ST_1 : Operation 346 [1/1] (0.00ns)   --->   "%sext_ln83_cast = sext i62 %sext_ln83_read"   --->   Operation 346 'sext' 'sext_ln83_cast' <Predicate = true> <Delay = 0.00>
ST_1 : Operation 347 [1/1] (0.00ns)   --->   "%sext_ln83_1_cast = sext i62 %sext_ln83_1_read"   --->   Operation 347 'sext' 'sext_ln83_1_cast' <Predicate = true> <Delay = 0.00>
ST_1 : Operation 348 [1/1] (0.00ns)   --->   "%specmemcore_ln0 = specmemcore void @_ssdm_op_SpecMemCore, i32 %fc1_out, i64 666, i64 22, i64 18446744073709551615"   --->   Operation 348 'specmemcore' 'specmemcore_ln0' <Predicate = true> <Delay = 0.00>
ST_1 : Operation 349 [1/1] (0.00ns)   --->   "%specinterface_ln0 = specinterface void @_ssdm_op_SpecInterface, i32 %gmem4, void @empty_25, i32 0, i32 0, void @empty_27, i32 0, i32 2752, void @empty_31, void @empty_30, void @empty_27, i32 16, i32 16, i32 16, i32 16, void @empty_27, void @empty_27, i32 4294967295, i32 0"   --->   Operation 349 'specinterface' 'specinterface_ln0' <Predicate = true> <Delay = 0.00>
ST_1 : Operation 350 [1/1] (0.00ns)   --->   "%specinterface_ln0 = specinterface void @_ssdm_op_SpecInterface, i32 %gmem5, void @empty_25, i32 0, i32 0, void @empty_27, i32 0, i32 2700, void @empty, void @empty_30, void @empty_27, i32 16, i32 16, i32 16, i32 16, void @empty_27, void @empty_27, i32 4294967295, i32 0"   --->   Operation 350 'specinterface' 'specinterface_ln0' <Predicate = true> <Delay = 0.00>
ST_1 : Operation 351 [1/1] (0.48ns)   --->   "%store_ln0 = store i6 0, i6 %wbase"   --->   Operation 351 'store' 'store_ln0' <Predicate = true> <Delay = 0.48>
ST_1 : Operation 352 [1/1] (0.00ns)   --->   "%br_ln0 = br void %VITIS_LOOP_86_2"   --->   Operation 352 'br' 'br_ln0' <Predicate = true> <Delay = 0.00>
ST_1 : Operation 353 [1/1] (0.00ns)   --->   "%j = load i6 %wbase" [src/gtsrb_cnn.cpp:83]   --->   Operation 353 'load' 'j' <Predicate = true> <Delay = 0.00>
ST_1 : Operation 354 [1/1] (0.87ns)   --->   "%icmp_ln83 = icmp_eq  i6 %j, i6 43" [src/gtsrb_cnn.cpp:83]   --->   Operation 354 'icmp' 'icmp_ln83' <Predicate = true> <Delay = 0.87> <CoreInst = "Cmp">   --->   Core 9 'Cmp' <Latency = 0> <II = 1> <Delay = 0.87> <FuncUnit> <Opcode : 'icmp'> <InPorts = 2> <OutPorts = 1>
ST_1 : Operation 355 [1/1] (0.00ns)   --->   "%br_ln83 = br i1 %icmp_ln83, void %VITIS_LOOP_86_2.split, void %for.end16.exitStub" [src/gtsrb_cnn.cpp:83]   --->   Operation 355 'br' 'br_ln83' <Predicate = true> <Delay = 0.00>
ST_1 : Operation 356 [1/1] (0.00ns)   --->   "%j_cast = zext i6 %j" [src/gtsrb_cnn.cpp:83]   --->   Operation 356 'zext' 'j_cast' <Predicate = (!icmp_ln83)> <Delay = 0.00>
ST_1 : Operation 357 [1/1] (1.44ns)   --->   "%add_ln84 = add i63 %j_cast, i63 %sext_ln83_cast" [src/gtsrb_cnn.cpp:84]   --->   Operation 357 'add' 'add_ln84' <Predicate = (!icmp_ln83)> <Delay = 1.44> <CoreInst = "Adder">   --->   Core 1 'Adder' <Latency = 0> <II = 1> <Delay = 1.44> <FuncUnit> <Opcode : 'add' 'sub'> <InPorts = 2> <OutPorts = 1>
ST_1 : Operation 358 [1/1] (0.00ns)   --->   "%sext_ln84 = sext i63 %add_ln84" [src/gtsrb_cnn.cpp:84]   --->   Operation 358 'sext' 'sext_ln84' <Predicate = (!icmp_ln83)> <Delay = 0.00>
ST_1 : Operation 359 [1/1] (0.00ns)   --->   "%gmem4_addr = getelementptr i32 %gmem4, i64 %sext_ln84" [src/gtsrb_cnn.cpp:84]   --->   Operation 359 'getelementptr' 'gmem4_addr' <Predicate = (!icmp_ln83)> <Delay = 0.00>
ST_1 : Operation 360 [2/2] (1.35ns)   --->   "%fc1_out_load = load i32 0" [src/gtsrb_cnn.cpp:87]   --->   Operation 360 'load' 'fc1_out_load' <Predicate = (!icmp_ln83)> <Delay = 1.35> <CoreInst = "RAM_2P_BRAM">   --->   Core 94 'RAM_2P_BRAM' <Latency = 1> <II = 1> <Delay = 1.35> <Storage> <Opcode : 'load' 'store'> <Ports = 2> <Width = 32> <Depth = 64> <RAM>
ST_1 : Operation 361 [2/2] (1.35ns)   --->   "%fc1_out_load_1 = load i32 1" [src/gtsrb_cnn.cpp:87]   --->   Operation 361 'load' 'fc1_out_load_1' <Predicate = (!icmp_ln83)> <Delay = 1.35> <CoreInst = "RAM_2P_BRAM">   --->   Core 94 'RAM_2P_BRAM' <Latency = 1> <II = 1> <Delay = 1.35> <Storage> <Opcode : 'load' 'store'> <Ports = 2> <Width = 32> <Depth = 64> <RAM>

State 2 <SV = 1> <Delay = 7.30>
ST_2 : Operation 362 [7/7] (7.30ns)   --->   "%gmem4_load_req = readreq i1 @_ssdm_op_ReadReq.m_axi.i32P1A, i32 %gmem4_addr, i32 1" [src/gtsrb_cnn.cpp:84]   --->   Operation 362 'readreq' 'gmem4_load_req' <Predicate = (!icmp_ln83)> <Delay = 7.30> <CoreInst = "m_axi">   --->   Core 121 'm_axi' <Latency = 0> <II = 1> <Delay = 1.00> <Adapter> <Opcode : 'read' 'write' 'readreq' 'writereq' 'writeresp'>
ST_2 : Operation 363 [1/2] (1.35ns)   --->   "%fc1_out_load = load i32 0" [src/gtsrb_cnn.cpp:87]   --->   Operation 363 'load' 'fc1_out_load' <Predicate = (!icmp_ln83)> <Delay = 1.35> <CoreInst = "RAM_2P_BRAM">   --->   Core 94 'RAM_2P_BRAM' <Latency = 1> <II = 1> <Delay = 1.35> <Storage> <Opcode : 'load' 'store'> <Ports = 2> <Width = 32> <Depth = 64> <RAM>
ST_2 : Operation 364 [1/1] (0.00ns)   --->   "%shl_ln = bitconcatenate i8 @_ssdm_op_BitConcatenate.i8.i6.i2, i6 %j, i2 0" [src/gtsrb_cnn.cpp:87]   --->   Operation 364 'bitconcatenate' 'shl_ln' <Predicate = (!icmp_ln83)> <Delay = 0.00>
ST_2 : Operation 365 [1/1] (0.00ns)   --->   "%zext_ln87_6 = zext i8 %shl_ln" [src/gtsrb_cnn.cpp:87]   --->   Operation 365 'zext' 'zext_ln87_6' <Predicate = (!icmp_ln83)> <Delay = 0.00>
ST_2 : Operation 366 [1/1] (1.47ns)   --->   "%add_ln87 = add i64 %zext_ln87_6, i64 %W_read" [src/gtsrb_cnn.cpp:87]   --->   Operation 366 'add' 'add_ln87' <Predicate = (!icmp_ln83)> <Delay = 1.47> <CoreInst = "Adder">   --->   Core 1 'Adder' <Latency = 0> <II = 1> <Delay = 1.47> <FuncUnit> <Opcode : 'add' 'sub'> <InPorts = 2> <OutPorts = 1>
ST_2 : Operation 367 [1/1] (0.00ns)   --->   "%trunc_ln = partselect i62 @_ssdm_op_PartSelect.i62.i64.i32.i32, i64 %add_ln87, i32 2, i32 63" [src/gtsrb_cnn.cpp:87]   --->   Operation 367 'partselect' 'trunc_ln' <Predicate = (!icmp_ln83)> <Delay = 0.00>
ST_2 : Operation 368 [1/1] (0.00ns)   --->   "%sext_ln87 = sext i62 %trunc_ln" [src/gtsrb_cnn.cpp:87]   --->   Operation 368 'sext' 'sext_ln87' <Predicate = (!icmp_ln83)> <Delay = 0.00>
ST_2 : Operation 369 [1/1] (0.00ns)   --->   "%gmem4_addr_1 = getelementptr i32 %gmem4, i64 %sext_ln87" [src/gtsrb_cnn.cpp:87]   --->   Operation 369 'getelementptr' 'gmem4_addr_1' <Predicate = (!icmp_ln83)> <Delay = 0.00>
ST_2 : Operation 370 [1/2] (1.35ns)   --->   "%fc1_out_load_1 = load i32 1" [src/gtsrb_cnn.cpp:87]   --->   Operation 370 'load' 'fc1_out_load_1' <Predicate = (!icmp_ln83)> <Delay = 1.35> <CoreInst = "RAM_2P_BRAM">   --->   Core 94 'RAM_2P_BRAM' <Latency = 1> <II = 1> <Delay = 1.35> <Storage> <Opcode : 'load' 'store'> <Ports = 2> <Width = 32> <Depth = 64> <RAM>
ST_2 : Operation 371 [2/2] (1.35ns)   --->   "%fc1_out_load_2 = load i32 2" [src/gtsrb_cnn.cpp:87]   --->   Operation 371 'load' 'fc1_out_load_2' <Predicate = (!icmp_ln83)> <Delay = 1.35> <CoreInst = "RAM_2P_BRAM">   --->   Core 94 'RAM_2P_BRAM' <Latency = 1> <II = 1> <Delay = 1.35> <Storage> <Opcode : 'load' 'store'> <Ports = 2> <Width = 32> <Depth = 64> <RAM>
ST_2 : Operation 372 [2/2] (1.35ns)   --->   "%fc1_out_load_3 = load i32 3" [src/gtsrb_cnn.cpp:87]   --->   Operation 372 'load' 'fc1_out_load_3' <Predicate = (!icmp_ln83)> <Delay = 1.35> <CoreInst = "RAM_2P_BRAM">   --->   Core 94 'RAM_2P_BRAM' <Latency = 1> <II = 1> <Delay = 1.35> <Storage> <Opcode : 'load' 'store'> <Ports = 2> <Width = 32> <Depth = 64> <RAM>

State 3 <SV = 2> <Delay = 7.30>
ST_3 : Operation 373 [6/7] (7.30ns)   --->   "%gmem4_load_req = readreq i1 @_ssdm_op_ReadReq.m_axi.i32P1A, i32 %gmem4_addr, i32 1" [src/gtsrb_cnn.cpp:84]   --->   Operation 373 'readreq' 'gmem4_load_req' <Predicate = (!icmp_ln83)> <Delay = 7.30> <CoreInst = "m_axi">   --->   Core 121 'm_axi' <Latency = 0> <II = 1> <Delay = 1.00> <Adapter> <Opcode : 'read' 'write' 'readreq' 'writereq' 'writeresp'>
ST_3 : Operation 374 [1/1] (0.00ns)   --->   "%zext_ln87_5 = zext i6 %j" [src/gtsrb_cnn.cpp:87]   --->   Operation 374 'zext' 'zext_ln87_5' <Predicate = (!icmp_ln83)> <Delay = 0.00>
ST_3 : Operation 375 [7/7] (7.30ns)   --->   "%gmem4_load_1_req = readreq i1 @_ssdm_op_ReadReq.m_axi.i32P1A, i32 %gmem4_addr_1, i32 1" [src/gtsrb_cnn.cpp:87]   --->   Operation 375 'readreq' 'gmem4_load_1_req' <Predicate = (!icmp_ln83)> <Delay = 7.30> <CoreInst = "m_axi">   --->   Core 121 'm_axi' <Latency = 0> <II = 1> <Delay = 1.00> <Adapter> <Opcode : 'read' 'write' 'readreq' 'writereq' 'writeresp'>
ST_3 : Operation 376 [1/1] (0.89ns)   --->   "%add_ln87_1 = add i7 %zext_ln87_5, i7 43" [src/gtsrb_cnn.cpp:87]   --->   Operation 376 'add' 'add_ln87_1' <Predicate = (!icmp_ln83)> <Delay = 0.89> <CoreInst = "Adder">   --->   Core 1 'Adder' <Latency = 0> <II = 1> <Delay = 0.89> <FuncUnit> <Opcode : 'add' 'sub'> <InPorts = 2> <OutPorts = 1>
ST_3 : Operation 377 [1/1] (0.00ns)   --->   "%shl_ln87_1 = bitconcatenate i9 @_ssdm_op_BitConcatenate.i9.i7.i2, i7 %add_ln87_1, i2 0" [src/gtsrb_cnn.cpp:87]   --->   Operation 377 'bitconcatenate' 'shl_ln87_1' <Predicate = (!icmp_ln83)> <Delay = 0.00>
ST_3 : Operation 378 [1/1] (0.00ns)   --->   "%zext_ln87_7 = zext i9 %shl_ln87_1" [src/gtsrb_cnn.cpp:87]   --->   Operation 378 'zext' 'zext_ln87_7' <Predicate = (!icmp_ln83)> <Delay = 0.00>
ST_3 : Operation 379 [1/1] (1.47ns)   --->   "%add_ln87_2 = add i64 %zext_ln87_7, i64 %W_read" [src/gtsrb_cnn.cpp:87]   --->   Operation 379 'add' 'add_ln87_2' <Predicate = (!icmp_ln83)> <Delay = 1.47> <CoreInst = "Adder">   --->   Core 1 'Adder' <Latency = 0> <II = 1> <Delay = 1.47> <FuncUnit> <Opcode : 'add' 'sub'> <InPorts = 2> <OutPorts = 1>
ST_3 : Operation 380 [1/1] (0.00ns)   --->   "%trunc_ln87_1 = partselect i62 @_ssdm_op_PartSelect.i62.i64.i32.i32, i64 %add_ln87_2, i32 2, i32 63" [src/gtsrb_cnn.cpp:87]   --->   Operation 380 'partselect' 'trunc_ln87_1' <Predicate = (!icmp_ln83)> <Delay = 0.00>
ST_3 : Operation 381 [1/1] (0.00ns)   --->   "%sext_ln87_1 = sext i62 %trunc_ln87_1" [src/gtsrb_cnn.cpp:87]   --->   Operation 381 'sext' 'sext_ln87_1' <Predicate = (!icmp_ln83)> <Delay = 0.00>
ST_3 : Operation 382 [1/1] (0.00ns)   --->   "%gmem4_addr_2 = getelementptr i32 %gmem4, i64 %sext_ln87_1" [src/gtsrb_cnn.cpp:87]   --->   Operation 382 'getelementptr' 'gmem4_addr_2' <Predicate = (!icmp_ln83)> <Delay = 0.00>
ST_3 : Operation 383 [1/2] (1.35ns)   --->   "%fc1_out_load_2 = load i32 2" [src/gtsrb_cnn.cpp:87]   --->   Operation 383 'load' 'fc1_out_load_2' <Predicate = (!icmp_ln83)> <Delay = 1.35> <CoreInst = "RAM_2P_BRAM">   --->   Core 94 'RAM_2P_BRAM' <Latency = 1> <II = 1> <Delay = 1.35> <Storage> <Opcode : 'load' 'store'> <Ports = 2> <Width = 32> <Depth = 64> <RAM>
ST_3 : Operation 384 [1/2] (1.35ns)   --->   "%fc1_out_load_3 = load i32 3" [src/gtsrb_cnn.cpp:87]   --->   Operation 384 'load' 'fc1_out_load_3' <Predicate = (!icmp_ln83)> <Delay = 1.35> <CoreInst = "RAM_2P_BRAM">   --->   Core 94 'RAM_2P_BRAM' <Latency = 1> <II = 1> <Delay = 1.35> <Storage> <Opcode : 'load' 'store'> <Ports = 2> <Width = 32> <Depth = 64> <RAM>
ST_3 : Operation 385 [2/2] (1.35ns)   --->   "%fc1_out_load_4 = load i32 4" [src/gtsrb_cnn.cpp:87]   --->   Operation 385 'load' 'fc1_out_load_4' <Predicate = (!icmp_ln83)> <Delay = 1.35> <CoreInst = "RAM_2P_BRAM">   --->   Core 94 'RAM_2P_BRAM' <Latency = 1> <II = 1> <Delay = 1.35> <Storage> <Opcode : 'load' 'store'> <Ports = 2> <Width = 32> <Depth = 64> <RAM>
ST_3 : Operation 386 [2/2] (1.35ns)   --->   "%fc1_out_load_5 = load i32 5" [src/gtsrb_cnn.cpp:87]   --->   Operation 386 'load' 'fc1_out_load_5' <Predicate = (!icmp_ln83)> <Delay = 1.35> <CoreInst = "RAM_2P_BRAM">   --->   Core 94 'RAM_2P_BRAM' <Latency = 1> <II = 1> <Delay = 1.35> <Storage> <Opcode : 'load' 'store'> <Ports = 2> <Width = 32> <Depth = 64> <RAM>

State 4 <SV = 3> <Delay = 7.30>
ST_4 : Operation 387 [5/7] (7.30ns)   --->   "%gmem4_load_req = readreq i1 @_ssdm_op_ReadReq.m_axi.i32P1A, i32 %gmem4_addr, i32 1" [src/gtsrb_cnn.cpp:84]   --->   Operation 387 'readreq' 'gmem4_load_req' <Predicate = (!icmp_ln83)> <Delay = 7.30> <CoreInst = "m_axi">   --->   Core 121 'm_axi' <Latency = 0> <II = 1> <Delay = 1.00> <Adapter> <Opcode : 'read' 'write' 'readreq' 'writereq' 'writeresp'>
ST_4 : Operation 388 [1/1] (0.00ns)   --->   "%zext_ln87_2 = zext i6 %j" [src/gtsrb_cnn.cpp:87]   --->   Operation 388 'zext' 'zext_ln87_2' <Predicate = (!icmp_ln83)> <Delay = 0.00>
ST_4 : Operation 389 [6/7] (7.30ns)   --->   "%gmem4_load_1_req = readreq i1 @_ssdm_op_ReadReq.m_axi.i32P1A, i32 %gmem4_addr_1, i32 1" [src/gtsrb_cnn.cpp:87]   --->   Operation 389 'readreq' 'gmem4_load_1_req' <Predicate = (!icmp_ln83)> <Delay = 7.30> <CoreInst = "m_axi">   --->   Core 121 'm_axi' <Latency = 0> <II = 1> <Delay = 1.00> <Adapter> <Opcode : 'read' 'write' 'readreq' 'writereq' 'writeresp'>
ST_4 : Operation 390 [7/7] (7.30ns)   --->   "%gmem4_load_2_req = readreq i1 @_ssdm_op_ReadReq.m_axi.i32P1A, i32 %gmem4_addr_2, i32 1" [src/gtsrb_cnn.cpp:87]   --->   Operation 390 'readreq' 'gmem4_load_2_req' <Predicate = (!icmp_ln83)> <Delay = 7.30> <CoreInst = "m_axi">   --->   Core 121 'm_axi' <Latency = 0> <II = 1> <Delay = 1.00> <Adapter> <Opcode : 'read' 'write' 'readreq' 'writereq' 'writeresp'>
ST_4 : Operation 391 [1/1] (0.90ns)   --->   "%add_ln87_3 = add i8 %zext_ln87_2, i8 86" [src/gtsrb_cnn.cpp:87]   --->   Operation 391 'add' 'add_ln87_3' <Predicate = (!icmp_ln83)> <Delay = 0.90> <CoreInst = "Adder">   --->   Core 1 'Adder' <Latency = 0> <II = 1> <Delay = 0.90> <FuncUnit> <Opcode : 'add' 'sub'> <InPorts = 2> <OutPorts = 1>
ST_4 : Operation 392 [1/1] (0.00ns)   --->   "%shl_ln87_2 = bitconcatenate i10 @_ssdm_op_BitConcatenate.i10.i8.i2, i8 %add_ln87_3, i2 0" [src/gtsrb_cnn.cpp:87]   --->   Operation 392 'bitconcatenate' 'shl_ln87_2' <Predicate = (!icmp_ln83)> <Delay = 0.00>
ST_4 : Operation 393 [1/1] (0.00ns)   --->   "%zext_ln87_8 = zext i10 %shl_ln87_2" [src/gtsrb_cnn.cpp:87]   --->   Operation 393 'zext' 'zext_ln87_8' <Predicate = (!icmp_ln83)> <Delay = 0.00>
ST_4 : Operation 394 [1/1] (1.47ns)   --->   "%add_ln87_4 = add i64 %zext_ln87_8, i64 %W_read" [src/gtsrb_cnn.cpp:87]   --->   Operation 394 'add' 'add_ln87_4' <Predicate = (!icmp_ln83)> <Delay = 1.47> <CoreInst = "Adder">   --->   Core 1 'Adder' <Latency = 0> <II = 1> <Delay = 1.47> <FuncUnit> <Opcode : 'add' 'sub'> <InPorts = 2> <OutPorts = 1>
ST_4 : Operation 395 [1/1] (0.00ns)   --->   "%trunc_ln87_2 = partselect i62 @_ssdm_op_PartSelect.i62.i64.i32.i32, i64 %add_ln87_4, i32 2, i32 63" [src/gtsrb_cnn.cpp:87]   --->   Operation 395 'partselect' 'trunc_ln87_2' <Predicate = (!icmp_ln83)> <Delay = 0.00>
ST_4 : Operation 396 [1/1] (0.00ns)   --->   "%sext_ln87_2 = sext i62 %trunc_ln87_2" [src/gtsrb_cnn.cpp:87]   --->   Operation 396 'sext' 'sext_ln87_2' <Predicate = (!icmp_ln83)> <Delay = 0.00>
ST_4 : Operation 397 [1/1] (0.00ns)   --->   "%gmem4_addr_3 = getelementptr i32 %gmem4, i64 %sext_ln87_2" [src/gtsrb_cnn.cpp:87]   --->   Operation 397 'getelementptr' 'gmem4_addr_3' <Predicate = (!icmp_ln83)> <Delay = 0.00>
ST_4 : Operation 398 [1/2] (1.35ns)   --->   "%fc1_out_load_4 = load i32 4" [src/gtsrb_cnn.cpp:87]   --->   Operation 398 'load' 'fc1_out_load_4' <Predicate = (!icmp_ln83)> <Delay = 1.35> <CoreInst = "RAM_2P_BRAM">   --->   Core 94 'RAM_2P_BRAM' <Latency = 1> <II = 1> <Delay = 1.35> <Storage> <Opcode : 'load' 'store'> <Ports = 2> <Width = 32> <Depth = 64> <RAM>
ST_4 : Operation 399 [1/2] (1.35ns)   --->   "%fc1_out_load_5 = load i32 5" [src/gtsrb_cnn.cpp:87]   --->   Operation 399 'load' 'fc1_out_load_5' <Predicate = (!icmp_ln83)> <Delay = 1.35> <CoreInst = "RAM_2P_BRAM">   --->   Core 94 'RAM_2P_BRAM' <Latency = 1> <II = 1> <Delay = 1.35> <Storage> <Opcode : 'load' 'store'> <Ports = 2> <Width = 32> <Depth = 64> <RAM>
ST_4 : Operation 400 [2/2] (1.35ns)   --->   "%fc1_out_load_6 = load i32 6" [src/gtsrb_cnn.cpp:87]   --->   Operation 400 'load' 'fc1_out_load_6' <Predicate = (!icmp_ln83)> <Delay = 1.35> <CoreInst = "RAM_2P_BRAM">   --->   Core 94 'RAM_2P_BRAM' <Latency = 1> <II = 1> <Delay = 1.35> <Storage> <Opcode : 'load' 'store'> <Ports = 2> <Width = 32> <Depth = 64> <RAM>
ST_4 : Operation 401 [2/2] (1.35ns)   --->   "%fc1_out_load_7 = load i32 7" [src/gtsrb_cnn.cpp:87]   --->   Operation 401 'load' 'fc1_out_load_7' <Predicate = (!icmp_ln83)> <Delay = 1.35> <CoreInst = "RAM_2P_BRAM">   --->   Core 94 'RAM_2P_BRAM' <Latency = 1> <II = 1> <Delay = 1.35> <Storage> <Opcode : 'load' 'store'> <Ports = 2> <Width = 32> <Depth = 64> <RAM>

State 5 <SV = 4> <Delay = 7.30>
ST_5 : Operation 402 [4/7] (7.30ns)   --->   "%gmem4_load_req = readreq i1 @_ssdm_op_ReadReq.m_axi.i32P1A, i32 %gmem4_addr, i32 1" [src/gtsrb_cnn.cpp:84]   --->   Operation 402 'readreq' 'gmem4_load_req' <Predicate = (!icmp_ln83)> <Delay = 7.30> <CoreInst = "m_axi">   --->   Core 121 'm_axi' <Latency = 0> <II = 1> <Delay = 1.00> <Adapter> <Opcode : 'read' 'write' 'readreq' 'writereq' 'writeresp'>
ST_5 : Operation 403 [5/7] (7.30ns)   --->   "%gmem4_load_1_req = readreq i1 @_ssdm_op_ReadReq.m_axi.i32P1A, i32 %gmem4_addr_1, i32 1" [src/gtsrb_cnn.cpp:87]   --->   Operation 403 'readreq' 'gmem4_load_1_req' <Predicate = (!icmp_ln83)> <Delay = 7.30> <CoreInst = "m_axi">   --->   Core 121 'm_axi' <Latency = 0> <II = 1> <Delay = 1.00> <Adapter> <Opcode : 'read' 'write' 'readreq' 'writereq' 'writeresp'>
ST_5 : Operation 404 [6/7] (7.30ns)   --->   "%gmem4_load_2_req = readreq i1 @_ssdm_op_ReadReq.m_axi.i32P1A, i32 %gmem4_addr_2, i32 1" [src/gtsrb_cnn.cpp:87]   --->   Operation 404 'readreq' 'gmem4_load_2_req' <Predicate = (!icmp_ln83)> <Delay = 7.30> <CoreInst = "m_axi">   --->   Core 121 'm_axi' <Latency = 0> <II = 1> <Delay = 1.00> <Adapter> <Opcode : 'read' 'write' 'readreq' 'writereq' 'writeresp'>
ST_5 : Operation 405 [7/7] (7.30ns)   --->   "%gmem4_load_3_req = readreq i1 @_ssdm_op_ReadReq.m_axi.i32P1A, i32 %gmem4_addr_3, i32 1" [src/gtsrb_cnn.cpp:87]   --->   Operation 405 'readreq' 'gmem4_load_3_req' <Predicate = (!icmp_ln83)> <Delay = 7.30> <CoreInst = "m_axi">   --->   Core 121 'm_axi' <Latency = 0> <II = 1> <Delay = 1.00> <Adapter> <Opcode : 'read' 'write' 'readreq' 'writereq' 'writeresp'>
ST_5 : Operation 406 [1/1] (0.90ns)   --->   "%add_ln87_5 = add i8 %zext_ln87_2, i8 129" [src/gtsrb_cnn.cpp:87]   --->   Operation 406 'add' 'add_ln87_5' <Predicate = (!icmp_ln83)> <Delay = 0.90> <CoreInst = "Adder">   --->   Core 1 'Adder' <Latency = 0> <II = 1> <Delay = 0.90> <FuncUnit> <Opcode : 'add' 'sub'> <InPorts = 2> <OutPorts = 1>
ST_5 : Operation 407 [1/1] (0.00ns)   --->   "%shl_ln87_3 = bitconcatenate i10 @_ssdm_op_BitConcatenate.i10.i8.i2, i8 %add_ln87_5, i2 0" [src/gtsrb_cnn.cpp:87]   --->   Operation 407 'bitconcatenate' 'shl_ln87_3' <Predicate = (!icmp_ln83)> <Delay = 0.00>
ST_5 : Operation 408 [1/1] (0.00ns)   --->   "%zext_ln87_9 = zext i10 %shl_ln87_3" [src/gtsrb_cnn.cpp:87]   --->   Operation 408 'zext' 'zext_ln87_9' <Predicate = (!icmp_ln83)> <Delay = 0.00>
ST_5 : Operation 409 [1/1] (1.47ns)   --->   "%add_ln87_6 = add i64 %zext_ln87_9, i64 %W_read" [src/gtsrb_cnn.cpp:87]   --->   Operation 409 'add' 'add_ln87_6' <Predicate = (!icmp_ln83)> <Delay = 1.47> <CoreInst = "Adder">   --->   Core 1 'Adder' <Latency = 0> <II = 1> <Delay = 1.47> <FuncUnit> <Opcode : 'add' 'sub'> <InPorts = 2> <OutPorts = 1>
ST_5 : Operation 410 [1/1] (0.00ns)   --->   "%trunc_ln87_3 = partselect i62 @_ssdm_op_PartSelect.i62.i64.i32.i32, i64 %add_ln87_6, i32 2, i32 63" [src/gtsrb_cnn.cpp:87]   --->   Operation 410 'partselect' 'trunc_ln87_3' <Predicate = (!icmp_ln83)> <Delay = 0.00>
ST_5 : Operation 411 [1/1] (0.00ns)   --->   "%sext_ln87_3 = sext i62 %trunc_ln87_3" [src/gtsrb_cnn.cpp:87]   --->   Operation 411 'sext' 'sext_ln87_3' <Predicate = (!icmp_ln83)> <Delay = 0.00>
ST_5 : Operation 412 [1/1] (0.00ns)   --->   "%gmem4_addr_4 = getelementptr i32 %gmem4, i64 %sext_ln87_3" [src/gtsrb_cnn.cpp:87]   --->   Operation 412 'getelementptr' 'gmem4_addr_4' <Predicate = (!icmp_ln83)> <Delay = 0.00>
ST_5 : Operation 413 [1/2] (1.35ns)   --->   "%fc1_out_load_6 = load i32 6" [src/gtsrb_cnn.cpp:87]   --->   Operation 413 'load' 'fc1_out_load_6' <Predicate = (!icmp_ln83)> <Delay = 1.35> <CoreInst = "RAM_2P_BRAM">   --->   Core 94 'RAM_2P_BRAM' <Latency = 1> <II = 1> <Delay = 1.35> <Storage> <Opcode : 'load' 'store'> <Ports = 2> <Width = 32> <Depth = 64> <RAM>
ST_5 : Operation 414 [1/2] (1.35ns)   --->   "%fc1_out_load_7 = load i32 7" [src/gtsrb_cnn.cpp:87]   --->   Operation 414 'load' 'fc1_out_load_7' <Predicate = (!icmp_ln83)> <Delay = 1.35> <CoreInst = "RAM_2P_BRAM">   --->   Core 94 'RAM_2P_BRAM' <Latency = 1> <II = 1> <Delay = 1.35> <Storage> <Opcode : 'load' 'store'> <Ports = 2> <Width = 32> <Depth = 64> <RAM>
ST_5 : Operation 415 [2/2] (1.35ns)   --->   "%fc1_out_load_8 = load i32 8" [src/gtsrb_cnn.cpp:87]   --->   Operation 415 'load' 'fc1_out_load_8' <Predicate = (!icmp_ln83)> <Delay = 1.35> <CoreInst = "RAM_2P_BRAM">   --->   Core 94 'RAM_2P_BRAM' <Latency = 1> <II = 1> <Delay = 1.35> <Storage> <Opcode : 'load' 'store'> <Ports = 2> <Width = 32> <Depth = 64> <RAM>
ST_5 : Operation 416 [2/2] (1.35ns)   --->   "%fc1_out_load_9 = load i32 9" [src/gtsrb_cnn.cpp:87]   --->   Operation 416 'load' 'fc1_out_load_9' <Predicate = (!icmp_ln83)> <Delay = 1.35> <CoreInst = "RAM_2P_BRAM">   --->   Core 94 'RAM_2P_BRAM' <Latency = 1> <II = 1> <Delay = 1.35> <Storage> <Opcode : 'load' 'store'> <Ports = 2> <Width = 32> <Depth = 64> <RAM>

State 6 <SV = 5> <Delay = 7.30>
ST_6 : Operation 417 [3/7] (7.30ns)   --->   "%gmem4_load_req = readreq i1 @_ssdm_op_ReadReq.m_axi.i32P1A, i32 %gmem4_addr, i32 1" [src/gtsrb_cnn.cpp:84]   --->   Operation 417 'readreq' 'gmem4_load_req' <Predicate = (!icmp_ln83)> <Delay = 7.30> <CoreInst = "m_axi">   --->   Core 121 'm_axi' <Latency = 0> <II = 1> <Delay = 1.00> <Adapter> <Opcode : 'read' 'write' 'readreq' 'writereq' 'writeresp'>
ST_6 : Operation 418 [4/7] (7.30ns)   --->   "%gmem4_load_1_req = readreq i1 @_ssdm_op_ReadReq.m_axi.i32P1A, i32 %gmem4_addr_1, i32 1" [src/gtsrb_cnn.cpp:87]   --->   Operation 418 'readreq' 'gmem4_load_1_req' <Predicate = (!icmp_ln83)> <Delay = 7.30> <CoreInst = "m_axi">   --->   Core 121 'm_axi' <Latency = 0> <II = 1> <Delay = 1.00> <Adapter> <Opcode : 'read' 'write' 'readreq' 'writereq' 'writeresp'>
ST_6 : Operation 419 [5/7] (7.30ns)   --->   "%gmem4_load_2_req = readreq i1 @_ssdm_op_ReadReq.m_axi.i32P1A, i32 %gmem4_addr_2, i32 1" [src/gtsrb_cnn.cpp:87]   --->   Operation 419 'readreq' 'gmem4_load_2_req' <Predicate = (!icmp_ln83)> <Delay = 7.30> <CoreInst = "m_axi">   --->   Core 121 'm_axi' <Latency = 0> <II = 1> <Delay = 1.00> <Adapter> <Opcode : 'read' 'write' 'readreq' 'writereq' 'writeresp'>
ST_6 : Operation 420 [6/7] (7.30ns)   --->   "%gmem4_load_3_req = readreq i1 @_ssdm_op_ReadReq.m_axi.i32P1A, i32 %gmem4_addr_3, i32 1" [src/gtsrb_cnn.cpp:87]   --->   Operation 420 'readreq' 'gmem4_load_3_req' <Predicate = (!icmp_ln83)> <Delay = 7.30> <CoreInst = "m_axi">   --->   Core 121 'm_axi' <Latency = 0> <II = 1> <Delay = 1.00> <Adapter> <Opcode : 'read' 'write' 'readreq' 'writereq' 'writeresp'>
ST_6 : Operation 421 [7/7] (7.30ns)   --->   "%gmem4_load_4_req = readreq i1 @_ssdm_op_ReadReq.m_axi.i32P1A, i32 %gmem4_addr_4, i32 1" [src/gtsrb_cnn.cpp:87]   --->   Operation 421 'readreq' 'gmem4_load_4_req' <Predicate = (!icmp_ln83)> <Delay = 7.30> <CoreInst = "m_axi">   --->   Core 121 'm_axi' <Latency = 0> <II = 1> <Delay = 1.00> <Adapter> <Opcode : 'read' 'write' 'readreq' 'writereq' 'writeresp'>
ST_6 : Operation 422 [1/1] (0.90ns)   --->   "%add_ln87_7 = add i8 %zext_ln87_2, i8 172" [src/gtsrb_cnn.cpp:87]   --->   Operation 422 'add' 'add_ln87_7' <Predicate = (!icmp_ln83)> <Delay = 0.90> <CoreInst = "Adder">   --->   Core 1 'Adder' <Latency = 0> <II = 1> <Delay = 0.90> <FuncUnit> <Opcode : 'add' 'sub'> <InPorts = 2> <OutPorts = 1>
ST_6 : Operation 423 [1/1] (0.00ns)   --->   "%shl_ln87_4 = bitconcatenate i10 @_ssdm_op_BitConcatenate.i10.i8.i2, i8 %add_ln87_7, i2 0" [src/gtsrb_cnn.cpp:87]   --->   Operation 423 'bitconcatenate' 'shl_ln87_4' <Predicate = (!icmp_ln83)> <Delay = 0.00>
ST_6 : Operation 424 [1/1] (0.00ns)   --->   "%zext_ln87_10 = zext i10 %shl_ln87_4" [src/gtsrb_cnn.cpp:87]   --->   Operation 424 'zext' 'zext_ln87_10' <Predicate = (!icmp_ln83)> <Delay = 0.00>
ST_6 : Operation 425 [1/1] (1.47ns)   --->   "%add_ln87_8 = add i64 %zext_ln87_10, i64 %W_read" [src/gtsrb_cnn.cpp:87]   --->   Operation 425 'add' 'add_ln87_8' <Predicate = (!icmp_ln83)> <Delay = 1.47> <CoreInst = "Adder">   --->   Core 1 'Adder' <Latency = 0> <II = 1> <Delay = 1.47> <FuncUnit> <Opcode : 'add' 'sub'> <InPorts = 2> <OutPorts = 1>
ST_6 : Operation 426 [1/1] (0.00ns)   --->   "%trunc_ln87_4 = partselect i62 @_ssdm_op_PartSelect.i62.i64.i32.i32, i64 %add_ln87_8, i32 2, i32 63" [src/gtsrb_cnn.cpp:87]   --->   Operation 426 'partselect' 'trunc_ln87_4' <Predicate = (!icmp_ln83)> <Delay = 0.00>
ST_6 : Operation 427 [1/1] (0.00ns)   --->   "%sext_ln87_4 = sext i62 %trunc_ln87_4" [src/gtsrb_cnn.cpp:87]   --->   Operation 427 'sext' 'sext_ln87_4' <Predicate = (!icmp_ln83)> <Delay = 0.00>
ST_6 : Operation 428 [1/1] (0.00ns)   --->   "%gmem4_addr_5 = getelementptr i32 %gmem4, i64 %sext_ln87_4" [src/gtsrb_cnn.cpp:87]   --->   Operation 428 'getelementptr' 'gmem4_addr_5' <Predicate = (!icmp_ln83)> <Delay = 0.00>
ST_6 : Operation 429 [1/2] (1.35ns)   --->   "%fc1_out_load_8 = load i32 8" [src/gtsrb_cnn.cpp:87]   --->   Operation 429 'load' 'fc1_out_load_8' <Predicate = (!icmp_ln83)> <Delay = 1.35> <CoreInst = "RAM_2P_BRAM">   --->   Core 94 'RAM_2P_BRAM' <Latency = 1> <II = 1> <Delay = 1.35> <Storage> <Opcode : 'load' 'store'> <Ports = 2> <Width = 32> <Depth = 64> <RAM>
ST_6 : Operation 430 [1/2] (1.35ns)   --->   "%fc1_out_load_9 = load i32 9" [src/gtsrb_cnn.cpp:87]   --->   Operation 430 'load' 'fc1_out_load_9' <Predicate = (!icmp_ln83)> <Delay = 1.35> <CoreInst = "RAM_2P_BRAM">   --->   Core 94 'RAM_2P_BRAM' <Latency = 1> <II = 1> <Delay = 1.35> <Storage> <Opcode : 'load' 'store'> <Ports = 2> <Width = 32> <Depth = 64> <RAM>
ST_6 : Operation 431 [2/2] (1.35ns)   --->   "%fc1_out_load_10 = load i32 10" [src/gtsrb_cnn.cpp:87]   --->   Operation 431 'load' 'fc1_out_load_10' <Predicate = (!icmp_ln83)> <Delay = 1.35> <CoreInst = "RAM_2P_BRAM">   --->   Core 94 'RAM_2P_BRAM' <Latency = 1> <II = 1> <Delay = 1.35> <Storage> <Opcode : 'load' 'store'> <Ports = 2> <Width = 32> <Depth = 64> <RAM>
ST_6 : Operation 432 [2/2] (1.35ns)   --->   "%fc1_out_load_11 = load i32 11" [src/gtsrb_cnn.cpp:87]   --->   Operation 432 'load' 'fc1_out_load_11' <Predicate = (!icmp_ln83)> <Delay = 1.35> <CoreInst = "RAM_2P_BRAM">   --->   Core 94 'RAM_2P_BRAM' <Latency = 1> <II = 1> <Delay = 1.35> <Storage> <Opcode : 'load' 'store'> <Ports = 2> <Width = 32> <Depth = 64> <RAM>

State 7 <SV = 6> <Delay = 7.30>
ST_7 : Operation 433 [2/7] (7.30ns)   --->   "%gmem4_load_req = readreq i1 @_ssdm_op_ReadReq.m_axi.i32P1A, i32 %gmem4_addr, i32 1" [src/gtsrb_cnn.cpp:84]   --->   Operation 433 'readreq' 'gmem4_load_req' <Predicate = (!icmp_ln83)> <Delay = 7.30> <CoreInst = "m_axi">   --->   Core 121 'm_axi' <Latency = 0> <II = 1> <Delay = 1.00> <Adapter> <Opcode : 'read' 'write' 'readreq' 'writereq' 'writeresp'>
ST_7 : Operation 434 [1/1] (0.00ns)   --->   "%zext_ln87_3 = zext i6 %j" [src/gtsrb_cnn.cpp:87]   --->   Operation 434 'zext' 'zext_ln87_3' <Predicate = (!icmp_ln83)> <Delay = 0.00>
ST_7 : Operation 435 [3/7] (7.30ns)   --->   "%gmem4_load_1_req = readreq i1 @_ssdm_op_ReadReq.m_axi.i32P1A, i32 %gmem4_addr_1, i32 1" [src/gtsrb_cnn.cpp:87]   --->   Operation 435 'readreq' 'gmem4_load_1_req' <Predicate = (!icmp_ln83)> <Delay = 7.30> <CoreInst = "m_axi">   --->   Core 121 'm_axi' <Latency = 0> <II = 1> <Delay = 1.00> <Adapter> <Opcode : 'read' 'write' 'readreq' 'writereq' 'writeresp'>
ST_7 : Operation 436 [4/7] (7.30ns)   --->   "%gmem4_load_2_req = readreq i1 @_ssdm_op_ReadReq.m_axi.i32P1A, i32 %gmem4_addr_2, i32 1" [src/gtsrb_cnn.cpp:87]   --->   Operation 436 'readreq' 'gmem4_load_2_req' <Predicate = (!icmp_ln83)> <Delay = 7.30> <CoreInst = "m_axi">   --->   Core 121 'm_axi' <Latency = 0> <II = 1> <Delay = 1.00> <Adapter> <Opcode : 'read' 'write' 'readreq' 'writereq' 'writeresp'>
ST_7 : Operation 437 [5/7] (7.30ns)   --->   "%gmem4_load_3_req = readreq i1 @_ssdm_op_ReadReq.m_axi.i32P1A, i32 %gmem4_addr_3, i32 1" [src/gtsrb_cnn.cpp:87]   --->   Operation 437 'readreq' 'gmem4_load_3_req' <Predicate = (!icmp_ln83)> <Delay = 7.30> <CoreInst = "m_axi">   --->   Core 121 'm_axi' <Latency = 0> <II = 1> <Delay = 1.00> <Adapter> <Opcode : 'read' 'write' 'readreq' 'writereq' 'writeresp'>
ST_7 : Operation 438 [6/7] (7.30ns)   --->   "%gmem4_load_4_req = readreq i1 @_ssdm_op_ReadReq.m_axi.i32P1A, i32 %gmem4_addr_4, i32 1" [src/gtsrb_cnn.cpp:87]   --->   Operation 438 'readreq' 'gmem4_load_4_req' <Predicate = (!icmp_ln83)> <Delay = 7.30> <CoreInst = "m_axi">   --->   Core 121 'm_axi' <Latency = 0> <II = 1> <Delay = 1.00> <Adapter> <Opcode : 'read' 'write' 'readreq' 'writereq' 'writeresp'>
ST_7 : Operation 439 [7/7] (7.30ns)   --->   "%gmem4_load_5_req = readreq i1 @_ssdm_op_ReadReq.m_axi.i32P1A, i32 %gmem4_addr_5, i32 1" [src/gtsrb_cnn.cpp:87]   --->   Operation 439 'readreq' 'gmem4_load_5_req' <Predicate = (!icmp_ln83)> <Delay = 7.30> <CoreInst = "m_axi">   --->   Core 121 'm_axi' <Latency = 0> <II = 1> <Delay = 1.00> <Adapter> <Opcode : 'read' 'write' 'readreq' 'writereq' 'writeresp'>
ST_7 : Operation 440 [1/1] (0.92ns)   --->   "%add_ln87_9 = add i9 %zext_ln87_3, i9 215" [src/gtsrb_cnn.cpp:87]   --->   Operation 440 'add' 'add_ln87_9' <Predicate = (!icmp_ln83)> <Delay = 0.92> <CoreInst = "Adder">   --->   Core 1 'Adder' <Latency = 0> <II = 1> <Delay = 0.92> <FuncUnit> <Opcode : 'add' 'sub'> <InPorts = 2> <OutPorts = 1>
ST_7 : Operation 441 [1/1] (0.00ns)   --->   "%shl_ln87_5 = bitconcatenate i11 @_ssdm_op_BitConcatenate.i11.i9.i2, i9 %add_ln87_9, i2 0" [src/gtsrb_cnn.cpp:87]   --->   Operation 441 'bitconcatenate' 'shl_ln87_5' <Predicate = (!icmp_ln83)> <Delay = 0.00>
ST_7 : Operation 442 [1/1] (0.00ns)   --->   "%zext_ln87_11 = zext i11 %shl_ln87_5" [src/gtsrb_cnn.cpp:87]   --->   Operation 442 'zext' 'zext_ln87_11' <Predicate = (!icmp_ln83)> <Delay = 0.00>
ST_7 : Operation 443 [1/1] (1.47ns)   --->   "%add_ln87_10 = add i64 %zext_ln87_11, i64 %W_read" [src/gtsrb_cnn.cpp:87]   --->   Operation 443 'add' 'add_ln87_10' <Predicate = (!icmp_ln83)> <Delay = 1.47> <CoreInst = "Adder">   --->   Core 1 'Adder' <Latency = 0> <II = 1> <Delay = 1.47> <FuncUnit> <Opcode : 'add' 'sub'> <InPorts = 2> <OutPorts = 1>
ST_7 : Operation 444 [1/1] (0.00ns)   --->   "%trunc_ln87_5 = partselect i62 @_ssdm_op_PartSelect.i62.i64.i32.i32, i64 %add_ln87_10, i32 2, i32 63" [src/gtsrb_cnn.cpp:87]   --->   Operation 444 'partselect' 'trunc_ln87_5' <Predicate = (!icmp_ln83)> <Delay = 0.00>
ST_7 : Operation 445 [1/1] (0.00ns)   --->   "%sext_ln87_5 = sext i62 %trunc_ln87_5" [src/gtsrb_cnn.cpp:87]   --->   Operation 445 'sext' 'sext_ln87_5' <Predicate = (!icmp_ln83)> <Delay = 0.00>
ST_7 : Operation 446 [1/1] (0.00ns)   --->   "%gmem4_addr_6 = getelementptr i32 %gmem4, i64 %sext_ln87_5" [src/gtsrb_cnn.cpp:87]   --->   Operation 446 'getelementptr' 'gmem4_addr_6' <Predicate = (!icmp_ln83)> <Delay = 0.00>
ST_7 : Operation 447 [1/2] (1.35ns)   --->   "%fc1_out_load_10 = load i32 10" [src/gtsrb_cnn.cpp:87]   --->   Operation 447 'load' 'fc1_out_load_10' <Predicate = (!icmp_ln83)> <Delay = 1.35> <CoreInst = "RAM_2P_BRAM">   --->   Core 94 'RAM_2P_BRAM' <Latency = 1> <II = 1> <Delay = 1.35> <Storage> <Opcode : 'load' 'store'> <Ports = 2> <Width = 32> <Depth = 64> <RAM>
ST_7 : Operation 448 [1/2] (1.35ns)   --->   "%fc1_out_load_11 = load i32 11" [src/gtsrb_cnn.cpp:87]   --->   Operation 448 'load' 'fc1_out_load_11' <Predicate = (!icmp_ln83)> <Delay = 1.35> <CoreInst = "RAM_2P_BRAM">   --->   Core 94 'RAM_2P_BRAM' <Latency = 1> <II = 1> <Delay = 1.35> <Storage> <Opcode : 'load' 'store'> <Ports = 2> <Width = 32> <Depth = 64> <RAM>
ST_7 : Operation 449 [2/2] (1.35ns)   --->   "%fc1_out_load_12 = load i32 12" [src/gtsrb_cnn.cpp:87]   --->   Operation 449 'load' 'fc1_out_load_12' <Predicate = (!icmp_ln83)> <Delay = 1.35> <CoreInst = "RAM_2P_BRAM">   --->   Core 94 'RAM_2P_BRAM' <Latency = 1> <II = 1> <Delay = 1.35> <Storage> <Opcode : 'load' 'store'> <Ports = 2> <Width = 32> <Depth = 64> <RAM>
ST_7 : Operation 450 [2/2] (1.35ns)   --->   "%fc1_out_load_13 = load i32 13" [src/gtsrb_cnn.cpp:87]   --->   Operation 450 'load' 'fc1_out_load_13' <Predicate = (!icmp_ln83)> <Delay = 1.35> <CoreInst = "RAM_2P_BRAM">   --->   Core 94 'RAM_2P_BRAM' <Latency = 1> <II = 1> <Delay = 1.35> <Storage> <Opcode : 'load' 'store'> <Ports = 2> <Width = 32> <Depth = 64> <RAM>

State 8 <SV = 7> <Delay = 7.30>
ST_8 : Operation 451 [1/7] (7.30ns)   --->   "%gmem4_load_req = readreq i1 @_ssdm_op_ReadReq.m_axi.i32P1A, i32 %gmem4_addr, i32 1" [src/gtsrb_cnn.cpp:84]   --->   Operation 451 'readreq' 'gmem4_load_req' <Predicate = (!icmp_ln83)> <Delay = 7.30> <CoreInst = "m_axi">   --->   Core 121 'm_axi' <Latency = 0> <II = 1> <Delay = 1.00> <Adapter> <Opcode : 'read' 'write' 'readreq' 'writereq' 'writeresp'>
ST_8 : Operation 452 [2/7] (7.30ns)   --->   "%gmem4_load_1_req = readreq i1 @_ssdm_op_ReadReq.m_axi.i32P1A, i32 %gmem4_addr_1, i32 1" [src/gtsrb_cnn.cpp:87]   --->   Operation 452 'readreq' 'gmem4_load_1_req' <Predicate = (!icmp_ln83)> <Delay = 7.30> <CoreInst = "m_axi">   --->   Core 121 'm_axi' <Latency = 0> <II = 1> <Delay = 1.00> <Adapter> <Opcode : 'read' 'write' 'readreq' 'writereq' 'writeresp'>
ST_8 : Operation 453 [3/7] (7.30ns)   --->   "%gmem4_load_2_req = readreq i1 @_ssdm_op_ReadReq.m_axi.i32P1A, i32 %gmem4_addr_2, i32 1" [src/gtsrb_cnn.cpp:87]   --->   Operation 453 'readreq' 'gmem4_load_2_req' <Predicate = (!icmp_ln83)> <Delay = 7.30> <CoreInst = "m_axi">   --->   Core 121 'm_axi' <Latency = 0> <II = 1> <Delay = 1.00> <Adapter> <Opcode : 'read' 'write' 'readreq' 'writereq' 'writeresp'>
ST_8 : Operation 454 [4/7] (7.30ns)   --->   "%gmem4_load_3_req = readreq i1 @_ssdm_op_ReadReq.m_axi.i32P1A, i32 %gmem4_addr_3, i32 1" [src/gtsrb_cnn.cpp:87]   --->   Operation 454 'readreq' 'gmem4_load_3_req' <Predicate = (!icmp_ln83)> <Delay = 7.30> <CoreInst = "m_axi">   --->   Core 121 'm_axi' <Latency = 0> <II = 1> <Delay = 1.00> <Adapter> <Opcode : 'read' 'write' 'readreq' 'writereq' 'writeresp'>
ST_8 : Operation 455 [5/7] (7.30ns)   --->   "%gmem4_load_4_req = readreq i1 @_ssdm_op_ReadReq.m_axi.i32P1A, i32 %gmem4_addr_4, i32 1" [src/gtsrb_cnn.cpp:87]   --->   Operation 455 'readreq' 'gmem4_load_4_req' <Predicate = (!icmp_ln83)> <Delay = 7.30> <CoreInst = "m_axi">   --->   Core 121 'm_axi' <Latency = 0> <II = 1> <Delay = 1.00> <Adapter> <Opcode : 'read' 'write' 'readreq' 'writereq' 'writeresp'>
ST_8 : Operation 456 [6/7] (7.30ns)   --->   "%gmem4_load_5_req = readreq i1 @_ssdm_op_ReadReq.m_axi.i32P1A, i32 %gmem4_addr_5, i32 1" [src/gtsrb_cnn.cpp:87]   --->   Operation 456 'readreq' 'gmem4_load_5_req' <Predicate = (!icmp_ln83)> <Delay = 7.30> <CoreInst = "m_axi">   --->   Core 121 'm_axi' <Latency = 0> <II = 1> <Delay = 1.00> <Adapter> <Opcode : 'read' 'write' 'readreq' 'writereq' 'writeresp'>
ST_8 : Operation 457 [7/7] (7.30ns)   --->   "%gmem4_load_6_req = readreq i1 @_ssdm_op_ReadReq.m_axi.i32P1A, i32 %gmem4_addr_6, i32 1" [src/gtsrb_cnn.cpp:87]   --->   Operation 457 'readreq' 'gmem4_load_6_req' <Predicate = (!icmp_ln83)> <Delay = 7.30> <CoreInst = "m_axi">   --->   Core 121 'm_axi' <Latency = 0> <II = 1> <Delay = 1.00> <Adapter> <Opcode : 'read' 'write' 'readreq' 'writereq' 'writeresp'>
ST_8 : Operation 458 [1/1] (0.92ns)   --->   "%add_ln87_11 = add i9 %zext_ln87_3, i9 258" [src/gtsrb_cnn.cpp:87]   --->   Operation 458 'add' 'add_ln87_11' <Predicate = (!icmp_ln83)> <Delay = 0.92> <CoreInst = "Adder">   --->   Core 1 'Adder' <Latency = 0> <II = 1> <Delay = 0.92> <FuncUnit> <Opcode : 'add' 'sub'> <InPorts = 2> <OutPorts = 1>
ST_8 : Operation 459 [1/1] (0.00ns)   --->   "%shl_ln87_6 = bitconcatenate i11 @_ssdm_op_BitConcatenate.i11.i9.i2, i9 %add_ln87_11, i2 0" [src/gtsrb_cnn.cpp:87]   --->   Operation 459 'bitconcatenate' 'shl_ln87_6' <Predicate = (!icmp_ln83)> <Delay = 0.00>
ST_8 : Operation 460 [1/1] (0.00ns)   --->   "%zext_ln87_12 = zext i11 %shl_ln87_6" [src/gtsrb_cnn.cpp:87]   --->   Operation 460 'zext' 'zext_ln87_12' <Predicate = (!icmp_ln83)> <Delay = 0.00>
ST_8 : Operation 461 [1/1] (1.47ns)   --->   "%add_ln87_12 = add i64 %zext_ln87_12, i64 %W_read" [src/gtsrb_cnn.cpp:87]   --->   Operation 461 'add' 'add_ln87_12' <Predicate = (!icmp_ln83)> <Delay = 1.47> <CoreInst = "Adder">   --->   Core 1 'Adder' <Latency = 0> <II = 1> <Delay = 1.47> <FuncUnit> <Opcode : 'add' 'sub'> <InPorts = 2> <OutPorts = 1>
ST_8 : Operation 462 [1/1] (0.00ns)   --->   "%trunc_ln87_6 = partselect i62 @_ssdm_op_PartSelect.i62.i64.i32.i32, i64 %add_ln87_12, i32 2, i32 63" [src/gtsrb_cnn.cpp:87]   --->   Operation 462 'partselect' 'trunc_ln87_6' <Predicate = (!icmp_ln83)> <Delay = 0.00>
ST_8 : Operation 463 [1/1] (0.00ns)   --->   "%sext_ln87_6 = sext i62 %trunc_ln87_6" [src/gtsrb_cnn.cpp:87]   --->   Operation 463 'sext' 'sext_ln87_6' <Predicate = (!icmp_ln83)> <Delay = 0.00>
ST_8 : Operation 464 [1/1] (0.00ns)   --->   "%gmem4_addr_7 = getelementptr i32 %gmem4, i64 %sext_ln87_6" [src/gtsrb_cnn.cpp:87]   --->   Operation 464 'getelementptr' 'gmem4_addr_7' <Predicate = (!icmp_ln83)> <Delay = 0.00>
ST_8 : Operation 465 [1/2] (1.35ns)   --->   "%fc1_out_load_12 = load i32 12" [src/gtsrb_cnn.cpp:87]   --->   Operation 465 'load' 'fc1_out_load_12' <Predicate = (!icmp_ln83)> <Delay = 1.35> <CoreInst = "RAM_2P_BRAM">   --->   Core 94 'RAM_2P_BRAM' <Latency = 1> <II = 1> <Delay = 1.35> <Storage> <Opcode : 'load' 'store'> <Ports = 2> <Width = 32> <Depth = 64> <RAM>
ST_8 : Operation 466 [1/2] (1.35ns)   --->   "%fc1_out_load_13 = load i32 13" [src/gtsrb_cnn.cpp:87]   --->   Operation 466 'load' 'fc1_out_load_13' <Predicate = (!icmp_ln83)> <Delay = 1.35> <CoreInst = "RAM_2P_BRAM">   --->   Core 94 'RAM_2P_BRAM' <Latency = 1> <II = 1> <Delay = 1.35> <Storage> <Opcode : 'load' 'store'> <Ports = 2> <Width = 32> <Depth = 64> <RAM>
ST_8 : Operation 467 [2/2] (1.35ns)   --->   "%fc1_out_load_14 = load i32 14" [src/gtsrb_cnn.cpp:87]   --->   Operation 467 'load' 'fc1_out_load_14' <Predicate = (!icmp_ln83)> <Delay = 1.35> <CoreInst = "RAM_2P_BRAM">   --->   Core 94 'RAM_2P_BRAM' <Latency = 1> <II = 1> <Delay = 1.35> <Storage> <Opcode : 'load' 'store'> <Ports = 2> <Width = 32> <Depth = 64> <RAM>
ST_8 : Operation 468 [2/2] (1.35ns)   --->   "%fc1_out_load_15 = load i32 15" [src/gtsrb_cnn.cpp:87]   --->   Operation 468 'load' 'fc1_out_load_15' <Predicate = (!icmp_ln83)> <Delay = 1.35> <CoreInst = "RAM_2P_BRAM">   --->   Core 94 'RAM_2P_BRAM' <Latency = 1> <II = 1> <Delay = 1.35> <Storage> <Opcode : 'load' 'store'> <Ports = 2> <Width = 32> <Depth = 64> <RAM>

State 9 <SV = 8> <Delay = 7.30>
ST_9 : Operation 469 [1/1] (7.30ns)   --->   "%gmem4_addr_read = read i32 @_ssdm_op_Read.m_axi.i32P1A, i32 %gmem4_addr" [src/gtsrb_cnn.cpp:84]   --->   Operation 469 'read' 'gmem4_addr_read' <Predicate = (!icmp_ln83)> <Delay = 7.30> <CoreInst = "m_axi">   --->   Core 121 'm_axi' <Latency = 0> <II = 1> <Delay = 1.00> <Adapter> <Opcode : 'read' 'write' 'readreq' 'writereq' 'writeresp'>
ST_9 : Operation 470 [1/7] (7.30ns)   --->   "%gmem4_load_1_req = readreq i1 @_ssdm_op_ReadReq.m_axi.i32P1A, i32 %gmem4_addr_1, i32 1" [src/gtsrb_cnn.cpp:87]   --->   Operation 470 'readreq' 'gmem4_load_1_req' <Predicate = (!icmp_ln83)> <Delay = 7.30> <CoreInst = "m_axi">   --->   Core 121 'm_axi' <Latency = 0> <II = 1> <Delay = 1.00> <Adapter> <Opcode : 'read' 'write' 'readreq' 'writereq' 'writeresp'>
ST_9 : Operation 471 [2/7] (7.30ns)   --->   "%gmem4_load_2_req = readreq i1 @_ssdm_op_ReadReq.m_axi.i32P1A, i32 %gmem4_addr_2, i32 1" [src/gtsrb_cnn.cpp:87]   --->   Operation 471 'readreq' 'gmem4_load_2_req' <Predicate = (!icmp_ln83)> <Delay = 7.30> <CoreInst = "m_axi">   --->   Core 121 'm_axi' <Latency = 0> <II = 1> <Delay = 1.00> <Adapter> <Opcode : 'read' 'write' 'readreq' 'writereq' 'writeresp'>
ST_9 : Operation 472 [3/7] (7.30ns)   --->   "%gmem4_load_3_req = readreq i1 @_ssdm_op_ReadReq.m_axi.i32P1A, i32 %gmem4_addr_3, i32 1" [src/gtsrb_cnn.cpp:87]   --->   Operation 472 'readreq' 'gmem4_load_3_req' <Predicate = (!icmp_ln83)> <Delay = 7.30> <CoreInst = "m_axi">   --->   Core 121 'm_axi' <Latency = 0> <II = 1> <Delay = 1.00> <Adapter> <Opcode : 'read' 'write' 'readreq' 'writereq' 'writeresp'>
ST_9 : Operation 473 [4/7] (7.30ns)   --->   "%gmem4_load_4_req = readreq i1 @_ssdm_op_ReadReq.m_axi.i32P1A, i32 %gmem4_addr_4, i32 1" [src/gtsrb_cnn.cpp:87]   --->   Operation 473 'readreq' 'gmem4_load_4_req' <Predicate = (!icmp_ln83)> <Delay = 7.30> <CoreInst = "m_axi">   --->   Core 121 'm_axi' <Latency = 0> <II = 1> <Delay = 1.00> <Adapter> <Opcode : 'read' 'write' 'readreq' 'writereq' 'writeresp'>
ST_9 : Operation 474 [5/7] (7.30ns)   --->   "%gmem4_load_5_req = readreq i1 @_ssdm_op_ReadReq.m_axi.i32P1A, i32 %gmem4_addr_5, i32 1" [src/gtsrb_cnn.cpp:87]   --->   Operation 474 'readreq' 'gmem4_load_5_req' <Predicate = (!icmp_ln83)> <Delay = 7.30> <CoreInst = "m_axi">   --->   Core 121 'm_axi' <Latency = 0> <II = 1> <Delay = 1.00> <Adapter> <Opcode : 'read' 'write' 'readreq' 'writereq' 'writeresp'>
ST_9 : Operation 475 [6/7] (7.30ns)   --->   "%gmem4_load_6_req = readreq i1 @_ssdm_op_ReadReq.m_axi.i32P1A, i32 %gmem4_addr_6, i32 1" [src/gtsrb_cnn.cpp:87]   --->   Operation 475 'readreq' 'gmem4_load_6_req' <Predicate = (!icmp_ln83)> <Delay = 7.30> <CoreInst = "m_axi">   --->   Core 121 'm_axi' <Latency = 0> <II = 1> <Delay = 1.00> <Adapter> <Opcode : 'read' 'write' 'readreq' 'writereq' 'writeresp'>
ST_9 : Operation 476 [7/7] (7.30ns)   --->   "%gmem4_load_7_req = readreq i1 @_ssdm_op_ReadReq.m_axi.i32P1A, i32 %gmem4_addr_7, i32 1" [src/gtsrb_cnn.cpp:87]   --->   Operation 476 'readreq' 'gmem4_load_7_req' <Predicate = (!icmp_ln83)> <Delay = 7.30> <CoreInst = "m_axi">   --->   Core 121 'm_axi' <Latency = 0> <II = 1> <Delay = 1.00> <Adapter> <Opcode : 'read' 'write' 'readreq' 'writereq' 'writeresp'>
ST_9 : Operation 477 [1/1] (0.92ns)   --->   "%add_ln87_13 = add i9 %zext_ln87_3, i9 301" [src/gtsrb_cnn.cpp:87]   --->   Operation 477 'add' 'add_ln87_13' <Predicate = (!icmp_ln83)> <Delay = 0.92> <CoreInst = "Adder">   --->   Core 1 'Adder' <Latency = 0> <II = 1> <Delay = 0.92> <FuncUnit> <Opcode : 'add' 'sub'> <InPorts = 2> <OutPorts = 1>
ST_9 : Operation 478 [1/1] (0.00ns)   --->   "%shl_ln87_7 = bitconcatenate i11 @_ssdm_op_BitConcatenate.i11.i9.i2, i9 %add_ln87_13, i2 0" [src/gtsrb_cnn.cpp:87]   --->   Operation 478 'bitconcatenate' 'shl_ln87_7' <Predicate = (!icmp_ln83)> <Delay = 0.00>
ST_9 : Operation 479 [1/1] (0.00ns)   --->   "%zext_ln87_13 = zext i11 %shl_ln87_7" [src/gtsrb_cnn.cpp:87]   --->   Operation 479 'zext' 'zext_ln87_13' <Predicate = (!icmp_ln83)> <Delay = 0.00>
ST_9 : Operation 480 [1/1] (1.47ns)   --->   "%add_ln87_14 = add i64 %zext_ln87_13, i64 %W_read" [src/gtsrb_cnn.cpp:87]   --->   Operation 480 'add' 'add_ln87_14' <Predicate = (!icmp_ln83)> <Delay = 1.47> <CoreInst = "Adder">   --->   Core 1 'Adder' <Latency = 0> <II = 1> <Delay = 1.47> <FuncUnit> <Opcode : 'add' 'sub'> <InPorts = 2> <OutPorts = 1>
ST_9 : Operation 481 [1/1] (0.00ns)   --->   "%trunc_ln87_7 = partselect i62 @_ssdm_op_PartSelect.i62.i64.i32.i32, i64 %add_ln87_14, i32 2, i32 63" [src/gtsrb_cnn.cpp:87]   --->   Operation 481 'partselect' 'trunc_ln87_7' <Predicate = (!icmp_ln83)> <Delay = 0.00>
ST_9 : Operation 482 [1/1] (0.00ns)   --->   "%sext_ln87_7 = sext i62 %trunc_ln87_7" [src/gtsrb_cnn.cpp:87]   --->   Operation 482 'sext' 'sext_ln87_7' <Predicate = (!icmp_ln83)> <Delay = 0.00>
ST_9 : Operation 483 [1/1] (0.00ns)   --->   "%gmem4_addr_8 = getelementptr i32 %gmem4, i64 %sext_ln87_7" [src/gtsrb_cnn.cpp:87]   --->   Operation 483 'getelementptr' 'gmem4_addr_8' <Predicate = (!icmp_ln83)> <Delay = 0.00>
ST_9 : Operation 484 [1/2] (1.35ns)   --->   "%fc1_out_load_14 = load i32 14" [src/gtsrb_cnn.cpp:87]   --->   Operation 484 'load' 'fc1_out_load_14' <Predicate = (!icmp_ln83)> <Delay = 1.35> <CoreInst = "RAM_2P_BRAM">   --->   Core 94 'RAM_2P_BRAM' <Latency = 1> <II = 1> <Delay = 1.35> <Storage> <Opcode : 'load' 'store'> <Ports = 2> <Width = 32> <Depth = 64> <RAM>
ST_9 : Operation 485 [1/2] (1.35ns)   --->   "%fc1_out_load_15 = load i32 15" [src/gtsrb_cnn.cpp:87]   --->   Operation 485 'load' 'fc1_out_load_15' <Predicate = (!icmp_ln83)> <Delay = 1.35> <CoreInst = "RAM_2P_BRAM">   --->   Core 94 'RAM_2P_BRAM' <Latency = 1> <II = 1> <Delay = 1.35> <Storage> <Opcode : 'load' 'store'> <Ports = 2> <Width = 32> <Depth = 64> <RAM>
ST_9 : Operation 486 [2/2] (1.35ns)   --->   "%fc1_out_load_16 = load i32 16" [src/gtsrb_cnn.cpp:87]   --->   Operation 486 'load' 'fc1_out_load_16' <Predicate = (!icmp_ln83)> <Delay = 1.35> <CoreInst = "RAM_2P_BRAM">   --->   Core 94 'RAM_2P_BRAM' <Latency = 1> <II = 1> <Delay = 1.35> <Storage> <Opcode : 'load' 'store'> <Ports = 2> <Width = 32> <Depth = 64> <RAM>
ST_9 : Operation 487 [2/2] (1.35ns)   --->   "%fc1_out_load_17 = load i32 17" [src/gtsrb_cnn.cpp:87]   --->   Operation 487 'load' 'fc1_out_load_17' <Predicate = (!icmp_ln83)> <Delay = 1.35> <CoreInst = "RAM_2P_BRAM">   --->   Core 94 'RAM_2P_BRAM' <Latency = 1> <II = 1> <Delay = 1.35> <Storage> <Opcode : 'load' 'store'> <Ports = 2> <Width = 32> <Depth = 64> <RAM>

State 10 <SV = 9> <Delay = 7.30>
ST_10 : Operation 488 [1/1] (7.30ns)   --->   "%gmem4_addr_1_read = read i32 @_ssdm_op_Read.m_axi.i32P1A, i32 %gmem4_addr_1" [src/gtsrb_cnn.cpp:87]   --->   Operation 488 'read' 'gmem4_addr_1_read' <Predicate = (!icmp_ln83)> <Delay = 7.30> <CoreInst = "m_axi">   --->   Core 121 'm_axi' <Latency = 0> <II = 1> <Delay = 1.00> <Adapter> <Opcode : 'read' 'write' 'readreq' 'writereq' 'writeresp'>
ST_10 : Operation 489 [1/7] (7.30ns)   --->   "%gmem4_load_2_req = readreq i1 @_ssdm_op_ReadReq.m_axi.i32P1A, i32 %gmem4_addr_2, i32 1" [src/gtsrb_cnn.cpp:87]   --->   Operation 489 'readreq' 'gmem4_load_2_req' <Predicate = (!icmp_ln83)> <Delay = 7.30> <CoreInst = "m_axi">   --->   Core 121 'm_axi' <Latency = 0> <II = 1> <Delay = 1.00> <Adapter> <Opcode : 'read' 'write' 'readreq' 'writereq' 'writeresp'>
ST_10 : Operation 490 [2/7] (7.30ns)   --->   "%gmem4_load_3_req = readreq i1 @_ssdm_op_ReadReq.m_axi.i32P1A, i32 %gmem4_addr_3, i32 1" [src/gtsrb_cnn.cpp:87]   --->   Operation 490 'readreq' 'gmem4_load_3_req' <Predicate = (!icmp_ln83)> <Delay = 7.30> <CoreInst = "m_axi">   --->   Core 121 'm_axi' <Latency = 0> <II = 1> <Delay = 1.00> <Adapter> <Opcode : 'read' 'write' 'readreq' 'writereq' 'writeresp'>
ST_10 : Operation 491 [3/7] (7.30ns)   --->   "%gmem4_load_4_req = readreq i1 @_ssdm_op_ReadReq.m_axi.i32P1A, i32 %gmem4_addr_4, i32 1" [src/gtsrb_cnn.cpp:87]   --->   Operation 491 'readreq' 'gmem4_load_4_req' <Predicate = (!icmp_ln83)> <Delay = 7.30> <CoreInst = "m_axi">   --->   Core 121 'm_axi' <Latency = 0> <II = 1> <Delay = 1.00> <Adapter> <Opcode : 'read' 'write' 'readreq' 'writereq' 'writeresp'>
ST_10 : Operation 492 [4/7] (7.30ns)   --->   "%gmem4_load_5_req = readreq i1 @_ssdm_op_ReadReq.m_axi.i32P1A, i32 %gmem4_addr_5, i32 1" [src/gtsrb_cnn.cpp:87]   --->   Operation 492 'readreq' 'gmem4_load_5_req' <Predicate = (!icmp_ln83)> <Delay = 7.30> <CoreInst = "m_axi">   --->   Core 121 'm_axi' <Latency = 0> <II = 1> <Delay = 1.00> <Adapter> <Opcode : 'read' 'write' 'readreq' 'writereq' 'writeresp'>
ST_10 : Operation 493 [5/7] (7.30ns)   --->   "%gmem4_load_6_req = readreq i1 @_ssdm_op_ReadReq.m_axi.i32P1A, i32 %gmem4_addr_6, i32 1" [src/gtsrb_cnn.cpp:87]   --->   Operation 493 'readreq' 'gmem4_load_6_req' <Predicate = (!icmp_ln83)> <Delay = 7.30> <CoreInst = "m_axi">   --->   Core 121 'm_axi' <Latency = 0> <II = 1> <Delay = 1.00> <Adapter> <Opcode : 'read' 'write' 'readreq' 'writereq' 'writeresp'>
ST_10 : Operation 494 [6/7] (7.30ns)   --->   "%gmem4_load_7_req = readreq i1 @_ssdm_op_ReadReq.m_axi.i32P1A, i32 %gmem4_addr_7, i32 1" [src/gtsrb_cnn.cpp:87]   --->   Operation 494 'readreq' 'gmem4_load_7_req' <Predicate = (!icmp_ln83)> <Delay = 7.30> <CoreInst = "m_axi">   --->   Core 121 'm_axi' <Latency = 0> <II = 1> <Delay = 1.00> <Adapter> <Opcode : 'read' 'write' 'readreq' 'writereq' 'writeresp'>
ST_10 : Operation 495 [7/7] (7.30ns)   --->   "%gmem4_load_8_req = readreq i1 @_ssdm_op_ReadReq.m_axi.i32P1A, i32 %gmem4_addr_8, i32 1" [src/gtsrb_cnn.cpp:87]   --->   Operation 495 'readreq' 'gmem4_load_8_req' <Predicate = (!icmp_ln83)> <Delay = 7.30> <CoreInst = "m_axi">   --->   Core 121 'm_axi' <Latency = 0> <II = 1> <Delay = 1.00> <Adapter> <Opcode : 'read' 'write' 'readreq' 'writereq' 'writeresp'>
ST_10 : Operation 496 [1/1] (0.92ns)   --->   "%add_ln87_15 = add i9 %zext_ln87_3, i9 344" [src/gtsrb_cnn.cpp:87]   --->   Operation 496 'add' 'add_ln87_15' <Predicate = (!icmp_ln83)> <Delay = 0.92> <CoreInst = "Adder">   --->   Core 1 'Adder' <Latency = 0> <II = 1> <Delay = 0.92> <FuncUnit> <Opcode : 'add' 'sub'> <InPorts = 2> <OutPorts = 1>
ST_10 : Operation 497 [1/1] (0.00ns)   --->   "%shl_ln87_8 = bitconcatenate i11 @_ssdm_op_BitConcatenate.i11.i9.i2, i9 %add_ln87_15, i2 0" [src/gtsrb_cnn.cpp:87]   --->   Operation 497 'bitconcatenate' 'shl_ln87_8' <Predicate = (!icmp_ln83)> <Delay = 0.00>
ST_10 : Operation 498 [1/1] (0.00ns)   --->   "%zext_ln87_14 = zext i11 %shl_ln87_8" [src/gtsrb_cnn.cpp:87]   --->   Operation 498 'zext' 'zext_ln87_14' <Predicate = (!icmp_ln83)> <Delay = 0.00>
ST_10 : Operation 499 [1/1] (1.47ns)   --->   "%add_ln87_16 = add i64 %zext_ln87_14, i64 %W_read" [src/gtsrb_cnn.cpp:87]   --->   Operation 499 'add' 'add_ln87_16' <Predicate = (!icmp_ln83)> <Delay = 1.47> <CoreInst = "Adder">   --->   Core 1 'Adder' <Latency = 0> <II = 1> <Delay = 1.47> <FuncUnit> <Opcode : 'add' 'sub'> <InPorts = 2> <OutPorts = 1>
ST_10 : Operation 500 [1/1] (0.00ns)   --->   "%trunc_ln87_8 = partselect i62 @_ssdm_op_PartSelect.i62.i64.i32.i32, i64 %add_ln87_16, i32 2, i32 63" [src/gtsrb_cnn.cpp:87]   --->   Operation 500 'partselect' 'trunc_ln87_8' <Predicate = (!icmp_ln83)> <Delay = 0.00>
ST_10 : Operation 501 [1/1] (0.00ns)   --->   "%sext_ln87_8 = sext i62 %trunc_ln87_8" [src/gtsrb_cnn.cpp:87]   --->   Operation 501 'sext' 'sext_ln87_8' <Predicate = (!icmp_ln83)> <Delay = 0.00>
ST_10 : Operation 502 [1/1] (0.00ns)   --->   "%gmem4_addr_9 = getelementptr i32 %gmem4, i64 %sext_ln87_8" [src/gtsrb_cnn.cpp:87]   --->   Operation 502 'getelementptr' 'gmem4_addr_9' <Predicate = (!icmp_ln83)> <Delay = 0.00>
ST_10 : Operation 503 [1/2] (1.35ns)   --->   "%fc1_out_load_16 = load i32 16" [src/gtsrb_cnn.cpp:87]   --->   Operation 503 'load' 'fc1_out_load_16' <Predicate = (!icmp_ln83)> <Delay = 1.35> <CoreInst = "RAM_2P_BRAM">   --->   Core 94 'RAM_2P_BRAM' <Latency = 1> <II = 1> <Delay = 1.35> <Storage> <Opcode : 'load' 'store'> <Ports = 2> <Width = 32> <Depth = 64> <RAM>
ST_10 : Operation 504 [1/2] (1.35ns)   --->   "%fc1_out_load_17 = load i32 17" [src/gtsrb_cnn.cpp:87]   --->   Operation 504 'load' 'fc1_out_load_17' <Predicate = (!icmp_ln83)> <Delay = 1.35> <CoreInst = "RAM_2P_BRAM">   --->   Core 94 'RAM_2P_BRAM' <Latency = 1> <II = 1> <Delay = 1.35> <Storage> <Opcode : 'load' 'store'> <Ports = 2> <Width = 32> <Depth = 64> <RAM>
ST_10 : Operation 505 [2/2] (1.35ns)   --->   "%fc1_out_load_18 = load i32 18" [src/gtsrb_cnn.cpp:87]   --->   Operation 505 'load' 'fc1_out_load_18' <Predicate = (!icmp_ln83)> <Delay = 1.35> <CoreInst = "RAM_2P_BRAM">   --->   Core 94 'RAM_2P_BRAM' <Latency = 1> <II = 1> <Delay = 1.35> <Storage> <Opcode : 'load' 'store'> <Ports = 2> <Width = 32> <Depth = 64> <RAM>
ST_10 : Operation 506 [2/2] (1.35ns)   --->   "%fc1_out_load_19 = load i32 19" [src/gtsrb_cnn.cpp:87]   --->   Operation 506 'load' 'fc1_out_load_19' <Predicate = (!icmp_ln83)> <Delay = 1.35> <CoreInst = "RAM_2P_BRAM">   --->   Core 94 'RAM_2P_BRAM' <Latency = 1> <II = 1> <Delay = 1.35> <Storage> <Opcode : 'load' 'store'> <Ports = 2> <Width = 32> <Depth = 64> <RAM>

State 11 <SV = 10> <Delay = 7.30>
ST_11 : Operation 507 [1/1] (0.00ns)   --->   "%bitcast_ln87 = bitcast i32 %gmem4_addr_1_read" [src/gtsrb_cnn.cpp:87]   --->   Operation 507 'bitcast' 'bitcast_ln87' <Predicate = (!icmp_ln83)> <Delay = 0.00>
ST_11 : Operation 508 [4/4] (4.67ns)   --->   "%mul9 = fmul i32 %fc1_out_load, i32 %bitcast_ln87" [src/gtsrb_cnn.cpp:87]   --->   Operation 508 'fmul' 'mul9' <Predicate = (!icmp_ln83)> <Delay = 4.67> <CoreInst = "FMul_maxdsp">   --->   Core 30 'FMul_maxdsp' <Latency = 3> <II = 1> <Delay = 4.67> <FuncUnit> <Opcode : 'fmul'> <InPorts = 2> <OutPorts = 1>
ST_11 : Operation 509 [1/1] (7.30ns)   --->   "%gmem4_addr_2_read = read i32 @_ssdm_op_Read.m_axi.i32P1A, i32 %gmem4_addr_2" [src/gtsrb_cnn.cpp:87]   --->   Operation 509 'read' 'gmem4_addr_2_read' <Predicate = (!icmp_ln83)> <Delay = 7.30> <CoreInst = "m_axi">   --->   Core 121 'm_axi' <Latency = 0> <II = 1> <Delay = 1.00> <Adapter> <Opcode : 'read' 'write' 'readreq' 'writereq' 'writeresp'>
ST_11 : Operation 510 [1/7] (7.30ns)   --->   "%gmem4_load_3_req = readreq i1 @_ssdm_op_ReadReq.m_axi.i32P1A, i32 %gmem4_addr_3, i32 1" [src/gtsrb_cnn.cpp:87]   --->   Operation 510 'readreq' 'gmem4_load_3_req' <Predicate = (!icmp_ln83)> <Delay = 7.30> <CoreInst = "m_axi">   --->   Core 121 'm_axi' <Latency = 0> <II = 1> <Delay = 1.00> <Adapter> <Opcode : 'read' 'write' 'readreq' 'writereq' 'writeresp'>
ST_11 : Operation 511 [2/7] (7.30ns)   --->   "%gmem4_load_4_req = readreq i1 @_ssdm_op_ReadReq.m_axi.i32P1A, i32 %gmem4_addr_4, i32 1" [src/gtsrb_cnn.cpp:87]   --->   Operation 511 'readreq' 'gmem4_load_4_req' <Predicate = (!icmp_ln83)> <Delay = 7.30> <CoreInst = "m_axi">   --->   Core 121 'm_axi' <Latency = 0> <II = 1> <Delay = 1.00> <Adapter> <Opcode : 'read' 'write' 'readreq' 'writereq' 'writeresp'>
ST_11 : Operation 512 [3/7] (7.30ns)   --->   "%gmem4_load_5_req = readreq i1 @_ssdm_op_ReadReq.m_axi.i32P1A, i32 %gmem4_addr_5, i32 1" [src/gtsrb_cnn.cpp:87]   --->   Operation 512 'readreq' 'gmem4_load_5_req' <Predicate = (!icmp_ln83)> <Delay = 7.30> <CoreInst = "m_axi">   --->   Core 121 'm_axi' <Latency = 0> <II = 1> <Delay = 1.00> <Adapter> <Opcode : 'read' 'write' 'readreq' 'writereq' 'writeresp'>
ST_11 : Operation 513 [4/7] (7.30ns)   --->   "%gmem4_load_6_req = readreq i1 @_ssdm_op_ReadReq.m_axi.i32P1A, i32 %gmem4_addr_6, i32 1" [src/gtsrb_cnn.cpp:87]   --->   Operation 513 'readreq' 'gmem4_load_6_req' <Predicate = (!icmp_ln83)> <Delay = 7.30> <CoreInst = "m_axi">   --->   Core 121 'm_axi' <Latency = 0> <II = 1> <Delay = 1.00> <Adapter> <Opcode : 'read' 'write' 'readreq' 'writereq' 'writeresp'>
ST_11 : Operation 514 [5/7] (7.30ns)   --->   "%gmem4_load_7_req = readreq i1 @_ssdm_op_ReadReq.m_axi.i32P1A, i32 %gmem4_addr_7, i32 1" [src/gtsrb_cnn.cpp:87]   --->   Operation 514 'readreq' 'gmem4_load_7_req' <Predicate = (!icmp_ln83)> <Delay = 7.30> <CoreInst = "m_axi">   --->   Core 121 'm_axi' <Latency = 0> <II = 1> <Delay = 1.00> <Adapter> <Opcode : 'read' 'write' 'readreq' 'writereq' 'writeresp'>
ST_11 : Operation 515 [6/7] (7.30ns)   --->   "%gmem4_load_8_req = readreq i1 @_ssdm_op_ReadReq.m_axi.i32P1A, i32 %gmem4_addr_8, i32 1" [src/gtsrb_cnn.cpp:87]   --->   Operation 515 'readreq' 'gmem4_load_8_req' <Predicate = (!icmp_ln83)> <Delay = 7.30> <CoreInst = "m_axi">   --->   Core 121 'm_axi' <Latency = 0> <II = 1> <Delay = 1.00> <Adapter> <Opcode : 'read' 'write' 'readreq' 'writereq' 'writeresp'>
ST_11 : Operation 516 [7/7] (7.30ns)   --->   "%gmem4_load_9_req = readreq i1 @_ssdm_op_ReadReq.m_axi.i32P1A, i32 %gmem4_addr_9, i32 1" [src/gtsrb_cnn.cpp:87]   --->   Operation 516 'readreq' 'gmem4_load_9_req' <Predicate = (!icmp_ln83)> <Delay = 7.30> <CoreInst = "m_axi">   --->   Core 121 'm_axi' <Latency = 0> <II = 1> <Delay = 1.00> <Adapter> <Opcode : 'read' 'write' 'readreq' 'writereq' 'writeresp'>
ST_11 : Operation 517 [1/1] (0.90ns)   --->   "%add_ln87_17 = add i8 %zext_ln87_2, i8 131" [src/gtsrb_cnn.cpp:87]   --->   Operation 517 'add' 'add_ln87_17' <Predicate = (!icmp_ln83)> <Delay = 0.90> <CoreInst = "Adder">   --->   Core 1 'Adder' <Latency = 0> <II = 1> <Delay = 0.90> <FuncUnit> <Opcode : 'add' 'sub'> <InPorts = 2> <OutPorts = 1>
ST_11 : Operation 518 [1/1] (0.00ns)   --->   "%tmp = bitconcatenate i10 @_ssdm_op_BitConcatenate.i10.i8.i2, i8 %add_ln87_17, i2 0" [src/gtsrb_cnn.cpp:87]   --->   Operation 518 'bitconcatenate' 'tmp' <Predicate = (!icmp_ln83)> <Delay = 0.00>
ST_11 : Operation 519 [1/1] (0.00ns)   --->   "%sext_ln87_64 = sext i10 %tmp" [src/gtsrb_cnn.cpp:87]   --->   Operation 519 'sext' 'sext_ln87_64' <Predicate = (!icmp_ln83)> <Delay = 0.00>
ST_11 : Operation 520 [1/1] (0.00ns)   --->   "%zext_ln87_15 = zext i11 %sext_ln87_64" [src/gtsrb_cnn.cpp:87]   --->   Operation 520 'zext' 'zext_ln87_15' <Predicate = (!icmp_ln83)> <Delay = 0.00>
ST_11 : Operation 521 [1/1] (1.47ns)   --->   "%add_ln87_18 = add i64 %zext_ln87_15, i64 %W_read" [src/gtsrb_cnn.cpp:87]   --->   Operation 521 'add' 'add_ln87_18' <Predicate = (!icmp_ln83)> <Delay = 1.47> <CoreInst = "Adder">   --->   Core 1 'Adder' <Latency = 0> <II = 1> <Delay = 1.47> <FuncUnit> <Opcode : 'add' 'sub'> <InPorts = 2> <OutPorts = 1>
ST_11 : Operation 522 [1/1] (0.00ns)   --->   "%trunc_ln87_9 = partselect i62 @_ssdm_op_PartSelect.i62.i64.i32.i32, i64 %add_ln87_18, i32 2, i32 63" [src/gtsrb_cnn.cpp:87]   --->   Operation 522 'partselect' 'trunc_ln87_9' <Predicate = (!icmp_ln83)> <Delay = 0.00>
ST_11 : Operation 523 [1/1] (0.00ns)   --->   "%sext_ln87_9 = sext i62 %trunc_ln87_9" [src/gtsrb_cnn.cpp:87]   --->   Operation 523 'sext' 'sext_ln87_9' <Predicate = (!icmp_ln83)> <Delay = 0.00>
ST_11 : Operation 524 [1/1] (0.00ns)   --->   "%gmem4_addr_10 = getelementptr i32 %gmem4, i64 %sext_ln87_9" [src/gtsrb_cnn.cpp:87]   --->   Operation 524 'getelementptr' 'gmem4_addr_10' <Predicate = (!icmp_ln83)> <Delay = 0.00>
ST_11 : Operation 525 [1/2] (1.35ns)   --->   "%fc1_out_load_18 = load i32 18" [src/gtsrb_cnn.cpp:87]   --->   Operation 525 'load' 'fc1_out_load_18' <Predicate = (!icmp_ln83)> <Delay = 1.35> <CoreInst = "RAM_2P_BRAM">   --->   Core 94 'RAM_2P_BRAM' <Latency = 1> <II = 1> <Delay = 1.35> <Storage> <Opcode : 'load' 'store'> <Ports = 2> <Width = 32> <Depth = 64> <RAM>
ST_11 : Operation 526 [1/2] (1.35ns)   --->   "%fc1_out_load_19 = load i32 19" [src/gtsrb_cnn.cpp:87]   --->   Operation 526 'load' 'fc1_out_load_19' <Predicate = (!icmp_ln83)> <Delay = 1.35> <CoreInst = "RAM_2P_BRAM">   --->   Core 94 'RAM_2P_BRAM' <Latency = 1> <II = 1> <Delay = 1.35> <Storage> <Opcode : 'load' 'store'> <Ports = 2> <Width = 32> <Depth = 64> <RAM>
ST_11 : Operation 527 [2/2] (1.35ns)   --->   "%fc1_out_load_20 = load i32 20" [src/gtsrb_cnn.cpp:87]   --->   Operation 527 'load' 'fc1_out_load_20' <Predicate = (!icmp_ln83)> <Delay = 1.35> <CoreInst = "RAM_2P_BRAM">   --->   Core 94 'RAM_2P_BRAM' <Latency = 1> <II = 1> <Delay = 1.35> <Storage> <Opcode : 'load' 'store'> <Ports = 2> <Width = 32> <Depth = 64> <RAM>
ST_11 : Operation 528 [2/2] (1.35ns)   --->   "%fc1_out_load_21 = load i32 21" [src/gtsrb_cnn.cpp:87]   --->   Operation 528 'load' 'fc1_out_load_21' <Predicate = (!icmp_ln83)> <Delay = 1.35> <CoreInst = "RAM_2P_BRAM">   --->   Core 94 'RAM_2P_BRAM' <Latency = 1> <II = 1> <Delay = 1.35> <Storage> <Opcode : 'load' 'store'> <Ports = 2> <Width = 32> <Depth = 64> <RAM>

State 12 <SV = 11> <Delay = 7.30>
ST_12 : Operation 529 [3/4] (4.67ns)   --->   "%mul9 = fmul i32 %fc1_out_load, i32 %bitcast_ln87" [src/gtsrb_cnn.cpp:87]   --->   Operation 529 'fmul' 'mul9' <Predicate = (!icmp_ln83)> <Delay = 4.67> <CoreInst = "FMul_maxdsp">   --->   Core 30 'FMul_maxdsp' <Latency = 3> <II = 1> <Delay = 4.67> <FuncUnit> <Opcode : 'fmul'> <InPorts = 2> <OutPorts = 1>
ST_12 : Operation 530 [1/1] (0.00ns)   --->   "%bitcast_ln87_1 = bitcast i32 %gmem4_addr_2_read" [src/gtsrb_cnn.cpp:87]   --->   Operation 530 'bitcast' 'bitcast_ln87_1' <Predicate = (!icmp_ln83)> <Delay = 0.00>
ST_12 : Operation 531 [4/4] (4.67ns)   --->   "%mul9_1 = fmul i32 %fc1_out_load_1, i32 %bitcast_ln87_1" [src/gtsrb_cnn.cpp:87]   --->   Operation 531 'fmul' 'mul9_1' <Predicate = (!icmp_ln83)> <Delay = 4.67> <CoreInst = "FMul_maxdsp">   --->   Core 30 'FMul_maxdsp' <Latency = 3> <II = 1> <Delay = 4.67> <FuncUnit> <Opcode : 'fmul'> <InPorts = 2> <OutPorts = 1>
ST_12 : Operation 532 [1/1] (7.30ns)   --->   "%gmem4_addr_3_read = read i32 @_ssdm_op_Read.m_axi.i32P1A, i32 %gmem4_addr_3" [src/gtsrb_cnn.cpp:87]   --->   Operation 532 'read' 'gmem4_addr_3_read' <Predicate = (!icmp_ln83)> <Delay = 7.30> <CoreInst = "m_axi">   --->   Core 121 'm_axi' <Latency = 0> <II = 1> <Delay = 1.00> <Adapter> <Opcode : 'read' 'write' 'readreq' 'writereq' 'writeresp'>
ST_12 : Operation 533 [1/7] (7.30ns)   --->   "%gmem4_load_4_req = readreq i1 @_ssdm_op_ReadReq.m_axi.i32P1A, i32 %gmem4_addr_4, i32 1" [src/gtsrb_cnn.cpp:87]   --->   Operation 533 'readreq' 'gmem4_load_4_req' <Predicate = (!icmp_ln83)> <Delay = 7.30> <CoreInst = "m_axi">   --->   Core 121 'm_axi' <Latency = 0> <II = 1> <Delay = 1.00> <Adapter> <Opcode : 'read' 'write' 'readreq' 'writereq' 'writeresp'>
ST_12 : Operation 534 [2/7] (7.30ns)   --->   "%gmem4_load_5_req = readreq i1 @_ssdm_op_ReadReq.m_axi.i32P1A, i32 %gmem4_addr_5, i32 1" [src/gtsrb_cnn.cpp:87]   --->   Operation 534 'readreq' 'gmem4_load_5_req' <Predicate = (!icmp_ln83)> <Delay = 7.30> <CoreInst = "m_axi">   --->   Core 121 'm_axi' <Latency = 0> <II = 1> <Delay = 1.00> <Adapter> <Opcode : 'read' 'write' 'readreq' 'writereq' 'writeresp'>
ST_12 : Operation 535 [3/7] (7.30ns)   --->   "%gmem4_load_6_req = readreq i1 @_ssdm_op_ReadReq.m_axi.i32P1A, i32 %gmem4_addr_6, i32 1" [src/gtsrb_cnn.cpp:87]   --->   Operation 535 'readreq' 'gmem4_load_6_req' <Predicate = (!icmp_ln83)> <Delay = 7.30> <CoreInst = "m_axi">   --->   Core 121 'm_axi' <Latency = 0> <II = 1> <Delay = 1.00> <Adapter> <Opcode : 'read' 'write' 'readreq' 'writereq' 'writeresp'>
ST_12 : Operation 536 [4/7] (7.30ns)   --->   "%gmem4_load_7_req = readreq i1 @_ssdm_op_ReadReq.m_axi.i32P1A, i32 %gmem4_addr_7, i32 1" [src/gtsrb_cnn.cpp:87]   --->   Operation 536 'readreq' 'gmem4_load_7_req' <Predicate = (!icmp_ln83)> <Delay = 7.30> <CoreInst = "m_axi">   --->   Core 121 'm_axi' <Latency = 0> <II = 1> <Delay = 1.00> <Adapter> <Opcode : 'read' 'write' 'readreq' 'writereq' 'writeresp'>
ST_12 : Operation 537 [5/7] (7.30ns)   --->   "%gmem4_load_8_req = readreq i1 @_ssdm_op_ReadReq.m_axi.i32P1A, i32 %gmem4_addr_8, i32 1" [src/gtsrb_cnn.cpp:87]   --->   Operation 537 'readreq' 'gmem4_load_8_req' <Predicate = (!icmp_ln83)> <Delay = 7.30> <CoreInst = "m_axi">   --->   Core 121 'm_axi' <Latency = 0> <II = 1> <Delay = 1.00> <Adapter> <Opcode : 'read' 'write' 'readreq' 'writereq' 'writeresp'>
ST_12 : Operation 538 [6/7] (7.30ns)   --->   "%gmem4_load_9_req = readreq i1 @_ssdm_op_ReadReq.m_axi.i32P1A, i32 %gmem4_addr_9, i32 1" [src/gtsrb_cnn.cpp:87]   --->   Operation 538 'readreq' 'gmem4_load_9_req' <Predicate = (!icmp_ln83)> <Delay = 7.30> <CoreInst = "m_axi">   --->   Core 121 'm_axi' <Latency = 0> <II = 1> <Delay = 1.00> <Adapter> <Opcode : 'read' 'write' 'readreq' 'writereq' 'writeresp'>
ST_12 : Operation 539 [7/7] (7.30ns)   --->   "%gmem4_load_10_req = readreq i1 @_ssdm_op_ReadReq.m_axi.i32P1A, i32 %gmem4_addr_10, i32 1" [src/gtsrb_cnn.cpp:87]   --->   Operation 539 'readreq' 'gmem4_load_10_req' <Predicate = (!icmp_ln83)> <Delay = 7.30> <CoreInst = "m_axi">   --->   Core 121 'm_axi' <Latency = 0> <II = 1> <Delay = 1.00> <Adapter> <Opcode : 'read' 'write' 'readreq' 'writereq' 'writeresp'>
ST_12 : Operation 540 [1/1] (0.90ns)   --->   "%add_ln87_19 = add i8 %zext_ln87_2, i8 174" [src/gtsrb_cnn.cpp:87]   --->   Operation 540 'add' 'add_ln87_19' <Predicate = (!icmp_ln83)> <Delay = 0.90> <CoreInst = "Adder">   --->   Core 1 'Adder' <Latency = 0> <II = 1> <Delay = 0.90> <FuncUnit> <Opcode : 'add' 'sub'> <InPorts = 2> <OutPorts = 1>
ST_12 : Operation 541 [1/1] (0.00ns)   --->   "%tmp_5 = bitconcatenate i10 @_ssdm_op_BitConcatenate.i10.i8.i2, i8 %add_ln87_19, i2 0" [src/gtsrb_cnn.cpp:87]   --->   Operation 541 'bitconcatenate' 'tmp_5' <Predicate = (!icmp_ln83)> <Delay = 0.00>
ST_12 : Operation 542 [1/1] (0.00ns)   --->   "%sext_ln87_65 = sext i10 %tmp_5" [src/gtsrb_cnn.cpp:87]   --->   Operation 542 'sext' 'sext_ln87_65' <Predicate = (!icmp_ln83)> <Delay = 0.00>
ST_12 : Operation 543 [1/1] (0.00ns)   --->   "%zext_ln87_16 = zext i11 %sext_ln87_65" [src/gtsrb_cnn.cpp:87]   --->   Operation 543 'zext' 'zext_ln87_16' <Predicate = (!icmp_ln83)> <Delay = 0.00>
ST_12 : Operation 544 [1/1] (1.47ns)   --->   "%add_ln87_20 = add i64 %zext_ln87_16, i64 %W_read" [src/gtsrb_cnn.cpp:87]   --->   Operation 544 'add' 'add_ln87_20' <Predicate = (!icmp_ln83)> <Delay = 1.47> <CoreInst = "Adder">   --->   Core 1 'Adder' <Latency = 0> <II = 1> <Delay = 1.47> <FuncUnit> <Opcode : 'add' 'sub'> <InPorts = 2> <OutPorts = 1>
ST_12 : Operation 545 [1/1] (0.00ns)   --->   "%trunc_ln87_s = partselect i62 @_ssdm_op_PartSelect.i62.i64.i32.i32, i64 %add_ln87_20, i32 2, i32 63" [src/gtsrb_cnn.cpp:87]   --->   Operation 545 'partselect' 'trunc_ln87_s' <Predicate = (!icmp_ln83)> <Delay = 0.00>
ST_12 : Operation 546 [1/1] (0.00ns)   --->   "%sext_ln87_10 = sext i62 %trunc_ln87_s" [src/gtsrb_cnn.cpp:87]   --->   Operation 546 'sext' 'sext_ln87_10' <Predicate = (!icmp_ln83)> <Delay = 0.00>
ST_12 : Operation 547 [1/1] (0.00ns)   --->   "%gmem4_addr_11 = getelementptr i32 %gmem4, i64 %sext_ln87_10" [src/gtsrb_cnn.cpp:87]   --->   Operation 547 'getelementptr' 'gmem4_addr_11' <Predicate = (!icmp_ln83)> <Delay = 0.00>
ST_12 : Operation 548 [1/2] (1.35ns)   --->   "%fc1_out_load_20 = load i32 20" [src/gtsrb_cnn.cpp:87]   --->   Operation 548 'load' 'fc1_out_load_20' <Predicate = (!icmp_ln83)> <Delay = 1.35> <CoreInst = "RAM_2P_BRAM">   --->   Core 94 'RAM_2P_BRAM' <Latency = 1> <II = 1> <Delay = 1.35> <Storage> <Opcode : 'load' 'store'> <Ports = 2> <Width = 32> <Depth = 64> <RAM>
ST_12 : Operation 549 [1/2] (1.35ns)   --->   "%fc1_out_load_21 = load i32 21" [src/gtsrb_cnn.cpp:87]   --->   Operation 549 'load' 'fc1_out_load_21' <Predicate = (!icmp_ln83)> <Delay = 1.35> <CoreInst = "RAM_2P_BRAM">   --->   Core 94 'RAM_2P_BRAM' <Latency = 1> <II = 1> <Delay = 1.35> <Storage> <Opcode : 'load' 'store'> <Ports = 2> <Width = 32> <Depth = 64> <RAM>
ST_12 : Operation 550 [2/2] (1.35ns)   --->   "%fc1_out_load_22 = load i32 22" [src/gtsrb_cnn.cpp:87]   --->   Operation 550 'load' 'fc1_out_load_22' <Predicate = (!icmp_ln83)> <Delay = 1.35> <CoreInst = "RAM_2P_BRAM">   --->   Core 94 'RAM_2P_BRAM' <Latency = 1> <II = 1> <Delay = 1.35> <Storage> <Opcode : 'load' 'store'> <Ports = 2> <Width = 32> <Depth = 64> <RAM>
ST_12 : Operation 551 [2/2] (1.35ns)   --->   "%fc1_out_load_23 = load i32 23" [src/gtsrb_cnn.cpp:87]   --->   Operation 551 'load' 'fc1_out_load_23' <Predicate = (!icmp_ln83)> <Delay = 1.35> <CoreInst = "RAM_2P_BRAM">   --->   Core 94 'RAM_2P_BRAM' <Latency = 1> <II = 1> <Delay = 1.35> <Storage> <Opcode : 'load' 'store'> <Ports = 2> <Width = 32> <Depth = 64> <RAM>

State 13 <SV = 12> <Delay = 7.30>
ST_13 : Operation 552 [1/1] (0.00ns)   --->   "%zext_ln87_4 = zext i6 %j" [src/gtsrb_cnn.cpp:87]   --->   Operation 552 'zext' 'zext_ln87_4' <Predicate = (!icmp_ln83)> <Delay = 0.00>
ST_13 : Operation 553 [2/4] (4.67ns)   --->   "%mul9 = fmul i32 %fc1_out_load, i32 %bitcast_ln87" [src/gtsrb_cnn.cpp:87]   --->   Operation 553 'fmul' 'mul9' <Predicate = (!icmp_ln83)> <Delay = 4.67> <CoreInst = "FMul_maxdsp">   --->   Core 30 'FMul_maxdsp' <Latency = 3> <II = 1> <Delay = 4.67> <FuncUnit> <Opcode : 'fmul'> <InPorts = 2> <OutPorts = 1>
ST_13 : Operation 554 [3/4] (4.67ns)   --->   "%mul9_1 = fmul i32 %fc1_out_load_1, i32 %bitcast_ln87_1" [src/gtsrb_cnn.cpp:87]   --->   Operation 554 'fmul' 'mul9_1' <Predicate = (!icmp_ln83)> <Delay = 4.67> <CoreInst = "FMul_maxdsp">   --->   Core 30 'FMul_maxdsp' <Latency = 3> <II = 1> <Delay = 4.67> <FuncUnit> <Opcode : 'fmul'> <InPorts = 2> <OutPorts = 1>
ST_13 : Operation 555 [1/1] (0.00ns)   --->   "%bitcast_ln87_2 = bitcast i32 %gmem4_addr_3_read" [src/gtsrb_cnn.cpp:87]   --->   Operation 555 'bitcast' 'bitcast_ln87_2' <Predicate = (!icmp_ln83)> <Delay = 0.00>
ST_13 : Operation 556 [4/4] (4.67ns)   --->   "%mul9_2 = fmul i32 %fc1_out_load_2, i32 %bitcast_ln87_2" [src/gtsrb_cnn.cpp:87]   --->   Operation 556 'fmul' 'mul9_2' <Predicate = (!icmp_ln83)> <Delay = 4.67> <CoreInst = "FMul_maxdsp">   --->   Core 30 'FMul_maxdsp' <Latency = 3> <II = 1> <Delay = 4.67> <FuncUnit> <Opcode : 'fmul'> <InPorts = 2> <OutPorts = 1>
ST_13 : Operation 557 [1/1] (7.30ns)   --->   "%gmem4_addr_4_read = read i32 @_ssdm_op_Read.m_axi.i32P1A, i32 %gmem4_addr_4" [src/gtsrb_cnn.cpp:87]   --->   Operation 557 'read' 'gmem4_addr_4_read' <Predicate = (!icmp_ln83)> <Delay = 7.30> <CoreInst = "m_axi">   --->   Core 121 'm_axi' <Latency = 0> <II = 1> <Delay = 1.00> <Adapter> <Opcode : 'read' 'write' 'readreq' 'writereq' 'writeresp'>
ST_13 : Operation 558 [1/7] (7.30ns)   --->   "%gmem4_load_5_req = readreq i1 @_ssdm_op_ReadReq.m_axi.i32P1A, i32 %gmem4_addr_5, i32 1" [src/gtsrb_cnn.cpp:87]   --->   Operation 558 'readreq' 'gmem4_load_5_req' <Predicate = (!icmp_ln83)> <Delay = 7.30> <CoreInst = "m_axi">   --->   Core 121 'm_axi' <Latency = 0> <II = 1> <Delay = 1.00> <Adapter> <Opcode : 'read' 'write' 'readreq' 'writereq' 'writeresp'>
ST_13 : Operation 559 [2/7] (7.30ns)   --->   "%gmem4_load_6_req = readreq i1 @_ssdm_op_ReadReq.m_axi.i32P1A, i32 %gmem4_addr_6, i32 1" [src/gtsrb_cnn.cpp:87]   --->   Operation 559 'readreq' 'gmem4_load_6_req' <Predicate = (!icmp_ln83)> <Delay = 7.30> <CoreInst = "m_axi">   --->   Core 121 'm_axi' <Latency = 0> <II = 1> <Delay = 1.00> <Adapter> <Opcode : 'read' 'write' 'readreq' 'writereq' 'writeresp'>
ST_13 : Operation 560 [3/7] (7.30ns)   --->   "%gmem4_load_7_req = readreq i1 @_ssdm_op_ReadReq.m_axi.i32P1A, i32 %gmem4_addr_7, i32 1" [src/gtsrb_cnn.cpp:87]   --->   Operation 560 'readreq' 'gmem4_load_7_req' <Predicate = (!icmp_ln83)> <Delay = 7.30> <CoreInst = "m_axi">   --->   Core 121 'm_axi' <Latency = 0> <II = 1> <Delay = 1.00> <Adapter> <Opcode : 'read' 'write' 'readreq' 'writereq' 'writeresp'>
ST_13 : Operation 561 [4/7] (7.30ns)   --->   "%gmem4_load_8_req = readreq i1 @_ssdm_op_ReadReq.m_axi.i32P1A, i32 %gmem4_addr_8, i32 1" [src/gtsrb_cnn.cpp:87]   --->   Operation 561 'readreq' 'gmem4_load_8_req' <Predicate = (!icmp_ln83)> <Delay = 7.30> <CoreInst = "m_axi">   --->   Core 121 'm_axi' <Latency = 0> <II = 1> <Delay = 1.00> <Adapter> <Opcode : 'read' 'write' 'readreq' 'writereq' 'writeresp'>
ST_13 : Operation 562 [5/7] (7.30ns)   --->   "%gmem4_load_9_req = readreq i1 @_ssdm_op_ReadReq.m_axi.i32P1A, i32 %gmem4_addr_9, i32 1" [src/gtsrb_cnn.cpp:87]   --->   Operation 562 'readreq' 'gmem4_load_9_req' <Predicate = (!icmp_ln83)> <Delay = 7.30> <CoreInst = "m_axi">   --->   Core 121 'm_axi' <Latency = 0> <II = 1> <Delay = 1.00> <Adapter> <Opcode : 'read' 'write' 'readreq' 'writereq' 'writeresp'>
ST_13 : Operation 563 [6/7] (7.30ns)   --->   "%gmem4_load_10_req = readreq i1 @_ssdm_op_ReadReq.m_axi.i32P1A, i32 %gmem4_addr_10, i32 1" [src/gtsrb_cnn.cpp:87]   --->   Operation 563 'readreq' 'gmem4_load_10_req' <Predicate = (!icmp_ln83)> <Delay = 7.30> <CoreInst = "m_axi">   --->   Core 121 'm_axi' <Latency = 0> <II = 1> <Delay = 1.00> <Adapter> <Opcode : 'read' 'write' 'readreq' 'writereq' 'writeresp'>
ST_13 : Operation 564 [7/7] (7.30ns)   --->   "%gmem4_load_11_req = readreq i1 @_ssdm_op_ReadReq.m_axi.i32P1A, i32 %gmem4_addr_11, i32 1" [src/gtsrb_cnn.cpp:87]   --->   Operation 564 'readreq' 'gmem4_load_11_req' <Predicate = (!icmp_ln83)> <Delay = 7.30> <CoreInst = "m_axi">   --->   Core 121 'm_axi' <Latency = 0> <II = 1> <Delay = 1.00> <Adapter> <Opcode : 'read' 'write' 'readreq' 'writereq' 'writeresp'>
ST_13 : Operation 565 [1/1] (0.93ns)   --->   "%add_ln87_21 = add i10 %zext_ln87_4, i10 473" [src/gtsrb_cnn.cpp:87]   --->   Operation 565 'add' 'add_ln87_21' <Predicate = (!icmp_ln83)> <Delay = 0.93> <CoreInst = "Adder">   --->   Core 1 'Adder' <Latency = 0> <II = 1> <Delay = 0.93> <FuncUnit> <Opcode : 'add' 'sub'> <InPorts = 2> <OutPorts = 1>
ST_13 : Operation 566 [1/1] (0.00ns)   --->   "%shl_ln87_s = bitconcatenate i12 @_ssdm_op_BitConcatenate.i12.i10.i2, i10 %add_ln87_21, i2 0" [src/gtsrb_cnn.cpp:87]   --->   Operation 566 'bitconcatenate' 'shl_ln87_s' <Predicate = (!icmp_ln83)> <Delay = 0.00>
ST_13 : Operation 567 [1/1] (0.00ns)   --->   "%zext_ln87_17 = zext i12 %shl_ln87_s" [src/gtsrb_cnn.cpp:87]   --->   Operation 567 'zext' 'zext_ln87_17' <Predicate = (!icmp_ln83)> <Delay = 0.00>
ST_13 : Operation 568 [1/1] (1.47ns)   --->   "%add_ln87_22 = add i64 %zext_ln87_17, i64 %W_read" [src/gtsrb_cnn.cpp:87]   --->   Operation 568 'add' 'add_ln87_22' <Predicate = (!icmp_ln83)> <Delay = 1.47> <CoreInst = "Adder">   --->   Core 1 'Adder' <Latency = 0> <II = 1> <Delay = 1.47> <FuncUnit> <Opcode : 'add' 'sub'> <InPorts = 2> <OutPorts = 1>
ST_13 : Operation 569 [1/1] (0.00ns)   --->   "%trunc_ln87_10 = partselect i62 @_ssdm_op_PartSelect.i62.i64.i32.i32, i64 %add_ln87_22, i32 2, i32 63" [src/gtsrb_cnn.cpp:87]   --->   Operation 569 'partselect' 'trunc_ln87_10' <Predicate = (!icmp_ln83)> <Delay = 0.00>
ST_13 : Operation 570 [1/1] (0.00ns)   --->   "%sext_ln87_11 = sext i62 %trunc_ln87_10" [src/gtsrb_cnn.cpp:87]   --->   Operation 570 'sext' 'sext_ln87_11' <Predicate = (!icmp_ln83)> <Delay = 0.00>
ST_13 : Operation 571 [1/1] (0.00ns)   --->   "%gmem4_addr_12 = getelementptr i32 %gmem4, i64 %sext_ln87_11" [src/gtsrb_cnn.cpp:87]   --->   Operation 571 'getelementptr' 'gmem4_addr_12' <Predicate = (!icmp_ln83)> <Delay = 0.00>
ST_13 : Operation 572 [1/2] (1.35ns)   --->   "%fc1_out_load_22 = load i32 22" [src/gtsrb_cnn.cpp:87]   --->   Operation 572 'load' 'fc1_out_load_22' <Predicate = (!icmp_ln83)> <Delay = 1.35> <CoreInst = "RAM_2P_BRAM">   --->   Core 94 'RAM_2P_BRAM' <Latency = 1> <II = 1> <Delay = 1.35> <Storage> <Opcode : 'load' 'store'> <Ports = 2> <Width = 32> <Depth = 64> <RAM>
ST_13 : Operation 573 [1/2] (1.35ns)   --->   "%fc1_out_load_23 = load i32 23" [src/gtsrb_cnn.cpp:87]   --->   Operation 573 'load' 'fc1_out_load_23' <Predicate = (!icmp_ln83)> <Delay = 1.35> <CoreInst = "RAM_2P_BRAM">   --->   Core 94 'RAM_2P_BRAM' <Latency = 1> <II = 1> <Delay = 1.35> <Storage> <Opcode : 'load' 'store'> <Ports = 2> <Width = 32> <Depth = 64> <RAM>
ST_13 : Operation 574 [2/2] (1.35ns)   --->   "%fc1_out_load_24 = load i32 24" [src/gtsrb_cnn.cpp:87]   --->   Operation 574 'load' 'fc1_out_load_24' <Predicate = (!icmp_ln83)> <Delay = 1.35> <CoreInst = "RAM_2P_BRAM">   --->   Core 94 'RAM_2P_BRAM' <Latency = 1> <II = 1> <Delay = 1.35> <Storage> <Opcode : 'load' 'store'> <Ports = 2> <Width = 32> <Depth = 64> <RAM>
ST_13 : Operation 575 [2/2] (1.35ns)   --->   "%fc1_out_load_25 = load i32 25" [src/gtsrb_cnn.cpp:87]   --->   Operation 575 'load' 'fc1_out_load_25' <Predicate = (!icmp_ln83)> <Delay = 1.35> <CoreInst = "RAM_2P_BRAM">   --->   Core 94 'RAM_2P_BRAM' <Latency = 1> <II = 1> <Delay = 1.35> <Storage> <Opcode : 'load' 'store'> <Ports = 2> <Width = 32> <Depth = 64> <RAM>

State 14 <SV = 13> <Delay = 7.30>
ST_14 : Operation 576 [1/4] (4.67ns)   --->   "%mul9 = fmul i32 %fc1_out_load, i32 %bitcast_ln87" [src/gtsrb_cnn.cpp:87]   --->   Operation 576 'fmul' 'mul9' <Predicate = (!icmp_ln83)> <Delay = 4.67> <CoreInst = "FMul_maxdsp">   --->   Core 30 'FMul_maxdsp' <Latency = 3> <II = 1> <Delay = 4.67> <FuncUnit> <Opcode : 'fmul'> <InPorts = 2> <OutPorts = 1>
ST_14 : Operation 577 [2/4] (4.67ns)   --->   "%mul9_1 = fmul i32 %fc1_out_load_1, i32 %bitcast_ln87_1" [src/gtsrb_cnn.cpp:87]   --->   Operation 577 'fmul' 'mul9_1' <Predicate = (!icmp_ln83)> <Delay = 4.67> <CoreInst = "FMul_maxdsp">   --->   Core 30 'FMul_maxdsp' <Latency = 3> <II = 1> <Delay = 4.67> <FuncUnit> <Opcode : 'fmul'> <InPorts = 2> <OutPorts = 1>
ST_14 : Operation 578 [3/4] (4.67ns)   --->   "%mul9_2 = fmul i32 %fc1_out_load_2, i32 %bitcast_ln87_2" [src/gtsrb_cnn.cpp:87]   --->   Operation 578 'fmul' 'mul9_2' <Predicate = (!icmp_ln83)> <Delay = 4.67> <CoreInst = "FMul_maxdsp">   --->   Core 30 'FMul_maxdsp' <Latency = 3> <II = 1> <Delay = 4.67> <FuncUnit> <Opcode : 'fmul'> <InPorts = 2> <OutPorts = 1>
ST_14 : Operation 579 [1/1] (0.00ns)   --->   "%bitcast_ln87_3 = bitcast i32 %gmem4_addr_4_read" [src/gtsrb_cnn.cpp:87]   --->   Operation 579 'bitcast' 'bitcast_ln87_3' <Predicate = (!icmp_ln83)> <Delay = 0.00>
ST_14 : Operation 580 [4/4] (4.67ns)   --->   "%mul9_3 = fmul i32 %fc1_out_load_3, i32 %bitcast_ln87_3" [src/gtsrb_cnn.cpp:87]   --->   Operation 580 'fmul' 'mul9_3' <Predicate = (!icmp_ln83)> <Delay = 4.67> <CoreInst = "FMul_maxdsp">   --->   Core 30 'FMul_maxdsp' <Latency = 3> <II = 1> <Delay = 4.67> <FuncUnit> <Opcode : 'fmul'> <InPorts = 2> <OutPorts = 1>
ST_14 : Operation 581 [1/1] (7.30ns)   --->   "%gmem4_addr_5_read = read i32 @_ssdm_op_Read.m_axi.i32P1A, i32 %gmem4_addr_5" [src/gtsrb_cnn.cpp:87]   --->   Operation 581 'read' 'gmem4_addr_5_read' <Predicate = (!icmp_ln83)> <Delay = 7.30> <CoreInst = "m_axi">   --->   Core 121 'm_axi' <Latency = 0> <II = 1> <Delay = 1.00> <Adapter> <Opcode : 'read' 'write' 'readreq' 'writereq' 'writeresp'>
ST_14 : Operation 582 [1/7] (7.30ns)   --->   "%gmem4_load_6_req = readreq i1 @_ssdm_op_ReadReq.m_axi.i32P1A, i32 %gmem4_addr_6, i32 1" [src/gtsrb_cnn.cpp:87]   --->   Operation 582 'readreq' 'gmem4_load_6_req' <Predicate = (!icmp_ln83)> <Delay = 7.30> <CoreInst = "m_axi">   --->   Core 121 'm_axi' <Latency = 0> <II = 1> <Delay = 1.00> <Adapter> <Opcode : 'read' 'write' 'readreq' 'writereq' 'writeresp'>
ST_14 : Operation 583 [2/7] (7.30ns)   --->   "%gmem4_load_7_req = readreq i1 @_ssdm_op_ReadReq.m_axi.i32P1A, i32 %gmem4_addr_7, i32 1" [src/gtsrb_cnn.cpp:87]   --->   Operation 583 'readreq' 'gmem4_load_7_req' <Predicate = (!icmp_ln83)> <Delay = 7.30> <CoreInst = "m_axi">   --->   Core 121 'm_axi' <Latency = 0> <II = 1> <Delay = 1.00> <Adapter> <Opcode : 'read' 'write' 'readreq' 'writereq' 'writeresp'>
ST_14 : Operation 584 [3/7] (7.30ns)   --->   "%gmem4_load_8_req = readreq i1 @_ssdm_op_ReadReq.m_axi.i32P1A, i32 %gmem4_addr_8, i32 1" [src/gtsrb_cnn.cpp:87]   --->   Operation 584 'readreq' 'gmem4_load_8_req' <Predicate = (!icmp_ln83)> <Delay = 7.30> <CoreInst = "m_axi">   --->   Core 121 'm_axi' <Latency = 0> <II = 1> <Delay = 1.00> <Adapter> <Opcode : 'read' 'write' 'readreq' 'writereq' 'writeresp'>
ST_14 : Operation 585 [4/7] (7.30ns)   --->   "%gmem4_load_9_req = readreq i1 @_ssdm_op_ReadReq.m_axi.i32P1A, i32 %gmem4_addr_9, i32 1" [src/gtsrb_cnn.cpp:87]   --->   Operation 585 'readreq' 'gmem4_load_9_req' <Predicate = (!icmp_ln83)> <Delay = 7.30> <CoreInst = "m_axi">   --->   Core 121 'm_axi' <Latency = 0> <II = 1> <Delay = 1.00> <Adapter> <Opcode : 'read' 'write' 'readreq' 'writereq' 'writeresp'>
ST_14 : Operation 586 [5/7] (7.30ns)   --->   "%gmem4_load_10_req = readreq i1 @_ssdm_op_ReadReq.m_axi.i32P1A, i32 %gmem4_addr_10, i32 1" [src/gtsrb_cnn.cpp:87]   --->   Operation 586 'readreq' 'gmem4_load_10_req' <Predicate = (!icmp_ln83)> <Delay = 7.30> <CoreInst = "m_axi">   --->   Core 121 'm_axi' <Latency = 0> <II = 1> <Delay = 1.00> <Adapter> <Opcode : 'read' 'write' 'readreq' 'writereq' 'writeresp'>
ST_14 : Operation 587 [6/7] (7.30ns)   --->   "%gmem4_load_11_req = readreq i1 @_ssdm_op_ReadReq.m_axi.i32P1A, i32 %gmem4_addr_11, i32 1" [src/gtsrb_cnn.cpp:87]   --->   Operation 587 'readreq' 'gmem4_load_11_req' <Predicate = (!icmp_ln83)> <Delay = 7.30> <CoreInst = "m_axi">   --->   Core 121 'm_axi' <Latency = 0> <II = 1> <Delay = 1.00> <Adapter> <Opcode : 'read' 'write' 'readreq' 'writereq' 'writeresp'>
ST_14 : Operation 588 [7/7] (7.30ns)   --->   "%gmem4_load_12_req = readreq i1 @_ssdm_op_ReadReq.m_axi.i32P1A, i32 %gmem4_addr_12, i32 1" [src/gtsrb_cnn.cpp:87]   --->   Operation 588 'readreq' 'gmem4_load_12_req' <Predicate = (!icmp_ln83)> <Delay = 7.30> <CoreInst = "m_axi">   --->   Core 121 'm_axi' <Latency = 0> <II = 1> <Delay = 1.00> <Adapter> <Opcode : 'read' 'write' 'readreq' 'writereq' 'writeresp'>
ST_14 : Operation 589 [1/1] (0.93ns)   --->   "%add_ln87_23 = add i10 %zext_ln87_4, i10 516" [src/gtsrb_cnn.cpp:87]   --->   Operation 589 'add' 'add_ln87_23' <Predicate = (!icmp_ln83)> <Delay = 0.93> <CoreInst = "Adder">   --->   Core 1 'Adder' <Latency = 0> <II = 1> <Delay = 0.93> <FuncUnit> <Opcode : 'add' 'sub'> <InPorts = 2> <OutPorts = 1>
ST_14 : Operation 590 [1/1] (0.00ns)   --->   "%shl_ln87_9 = bitconcatenate i12 @_ssdm_op_BitConcatenate.i12.i10.i2, i10 %add_ln87_23, i2 0" [src/gtsrb_cnn.cpp:87]   --->   Operation 590 'bitconcatenate' 'shl_ln87_9' <Predicate = (!icmp_ln83)> <Delay = 0.00>
ST_14 : Operation 591 [1/1] (0.00ns)   --->   "%zext_ln87_18 = zext i12 %shl_ln87_9" [src/gtsrb_cnn.cpp:87]   --->   Operation 591 'zext' 'zext_ln87_18' <Predicate = (!icmp_ln83)> <Delay = 0.00>
ST_14 : Operation 592 [1/1] (1.47ns)   --->   "%add_ln87_24 = add i64 %zext_ln87_18, i64 %W_read" [src/gtsrb_cnn.cpp:87]   --->   Operation 592 'add' 'add_ln87_24' <Predicate = (!icmp_ln83)> <Delay = 1.47> <CoreInst = "Adder">   --->   Core 1 'Adder' <Latency = 0> <II = 1> <Delay = 1.47> <FuncUnit> <Opcode : 'add' 'sub'> <InPorts = 2> <OutPorts = 1>
ST_14 : Operation 593 [1/1] (0.00ns)   --->   "%trunc_ln87_11 = partselect i62 @_ssdm_op_PartSelect.i62.i64.i32.i32, i64 %add_ln87_24, i32 2, i32 63" [src/gtsrb_cnn.cpp:87]   --->   Operation 593 'partselect' 'trunc_ln87_11' <Predicate = (!icmp_ln83)> <Delay = 0.00>
ST_14 : Operation 594 [1/1] (0.00ns)   --->   "%sext_ln87_12 = sext i62 %trunc_ln87_11" [src/gtsrb_cnn.cpp:87]   --->   Operation 594 'sext' 'sext_ln87_12' <Predicate = (!icmp_ln83)> <Delay = 0.00>
ST_14 : Operation 595 [1/1] (0.00ns)   --->   "%gmem4_addr_13 = getelementptr i32 %gmem4, i64 %sext_ln87_12" [src/gtsrb_cnn.cpp:87]   --->   Operation 595 'getelementptr' 'gmem4_addr_13' <Predicate = (!icmp_ln83)> <Delay = 0.00>
ST_14 : Operation 596 [1/2] (1.35ns)   --->   "%fc1_out_load_24 = load i32 24" [src/gtsrb_cnn.cpp:87]   --->   Operation 596 'load' 'fc1_out_load_24' <Predicate = (!icmp_ln83)> <Delay = 1.35> <CoreInst = "RAM_2P_BRAM">   --->   Core 94 'RAM_2P_BRAM' <Latency = 1> <II = 1> <Delay = 1.35> <Storage> <Opcode : 'load' 'store'> <Ports = 2> <Width = 32> <Depth = 64> <RAM>
ST_14 : Operation 597 [1/2] (1.35ns)   --->   "%fc1_out_load_25 = load i32 25" [src/gtsrb_cnn.cpp:87]   --->   Operation 597 'load' 'fc1_out_load_25' <Predicate = (!icmp_ln83)> <Delay = 1.35> <CoreInst = "RAM_2P_BRAM">   --->   Core 94 'RAM_2P_BRAM' <Latency = 1> <II = 1> <Delay = 1.35> <Storage> <Opcode : 'load' 'store'> <Ports = 2> <Width = 32> <Depth = 64> <RAM>
ST_14 : Operation 598 [2/2] (1.35ns)   --->   "%fc1_out_load_26 = load i32 26" [src/gtsrb_cnn.cpp:87]   --->   Operation 598 'load' 'fc1_out_load_26' <Predicate = (!icmp_ln83)> <Delay = 1.35> <CoreInst = "RAM_2P_BRAM">   --->   Core 94 'RAM_2P_BRAM' <Latency = 1> <II = 1> <Delay = 1.35> <Storage> <Opcode : 'load' 'store'> <Ports = 2> <Width = 32> <Depth = 64> <RAM>
ST_14 : Operation 599 [2/2] (1.35ns)   --->   "%fc1_out_load_27 = load i32 27" [src/gtsrb_cnn.cpp:87]   --->   Operation 599 'load' 'fc1_out_load_27' <Predicate = (!icmp_ln83)> <Delay = 1.35> <CoreInst = "RAM_2P_BRAM">   --->   Core 94 'RAM_2P_BRAM' <Latency = 1> <II = 1> <Delay = 1.35> <Storage> <Opcode : 'load' 'store'> <Ports = 2> <Width = 32> <Depth = 64> <RAM>

State 15 <SV = 14> <Delay = 7.30>
ST_15 : Operation 600 [1/1] (0.00ns)   --->   "%acc = bitcast i32 %gmem4_addr_read" [src/gtsrb_cnn.cpp:84]   --->   Operation 600 'bitcast' 'acc' <Predicate = (!icmp_ln83)> <Delay = 0.00>
ST_15 : Operation 601 [5/5] (6.01ns)   --->   "%acc_1 = fadd i32 %acc, i32 %mul9" [src/gtsrb_cnn.cpp:87]   --->   Operation 601 'fadd' 'acc_1' <Predicate = (!icmp_ln83)> <Delay = 6.01> <CoreInst = "FAddSub_fulldsp">   --->   Core 18 'FAddSub_fulldsp' <Latency = 4> <II = 1> <Delay = 6.01> <FuncUnit> <Opcode : 'fadd' 'fsub'> <InPorts = 2> <OutPorts = 1>
ST_15 : Operation 602 [1/4] (4.67ns)   --->   "%mul9_1 = fmul i32 %fc1_out_load_1, i32 %bitcast_ln87_1" [src/gtsrb_cnn.cpp:87]   --->   Operation 602 'fmul' 'mul9_1' <Predicate = (!icmp_ln83)> <Delay = 4.67> <CoreInst = "FMul_maxdsp">   --->   Core 30 'FMul_maxdsp' <Latency = 3> <II = 1> <Delay = 4.67> <FuncUnit> <Opcode : 'fmul'> <InPorts = 2> <OutPorts = 1>
ST_15 : Operation 603 [2/4] (4.67ns)   --->   "%mul9_2 = fmul i32 %fc1_out_load_2, i32 %bitcast_ln87_2" [src/gtsrb_cnn.cpp:87]   --->   Operation 603 'fmul' 'mul9_2' <Predicate = (!icmp_ln83)> <Delay = 4.67> <CoreInst = "FMul_maxdsp">   --->   Core 30 'FMul_maxdsp' <Latency = 3> <II = 1> <Delay = 4.67> <FuncUnit> <Opcode : 'fmul'> <InPorts = 2> <OutPorts = 1>
ST_15 : Operation 604 [3/4] (4.67ns)   --->   "%mul9_3 = fmul i32 %fc1_out_load_3, i32 %bitcast_ln87_3" [src/gtsrb_cnn.cpp:87]   --->   Operation 604 'fmul' 'mul9_3' <Predicate = (!icmp_ln83)> <Delay = 4.67> <CoreInst = "FMul_maxdsp">   --->   Core 30 'FMul_maxdsp' <Latency = 3> <II = 1> <Delay = 4.67> <FuncUnit> <Opcode : 'fmul'> <InPorts = 2> <OutPorts = 1>
ST_15 : Operation 605 [1/1] (0.00ns)   --->   "%bitcast_ln87_4 = bitcast i32 %gmem4_addr_5_read" [src/gtsrb_cnn.cpp:87]   --->   Operation 605 'bitcast' 'bitcast_ln87_4' <Predicate = (!icmp_ln83)> <Delay = 0.00>
ST_15 : Operation 606 [4/4] (4.67ns)   --->   "%mul9_4 = fmul i32 %fc1_out_load_4, i32 %bitcast_ln87_4" [src/gtsrb_cnn.cpp:87]   --->   Operation 606 'fmul' 'mul9_4' <Predicate = (!icmp_ln83)> <Delay = 4.67> <CoreInst = "FMul_maxdsp">   --->   Core 30 'FMul_maxdsp' <Latency = 3> <II = 1> <Delay = 4.67> <FuncUnit> <Opcode : 'fmul'> <InPorts = 2> <OutPorts = 1>
ST_15 : Operation 607 [1/1] (7.30ns)   --->   "%gmem4_addr_6_read = read i32 @_ssdm_op_Read.m_axi.i32P1A, i32 %gmem4_addr_6" [src/gtsrb_cnn.cpp:87]   --->   Operation 607 'read' 'gmem4_addr_6_read' <Predicate = (!icmp_ln83)> <Delay = 7.30> <CoreInst = "m_axi">   --->   Core 121 'm_axi' <Latency = 0> <II = 1> <Delay = 1.00> <Adapter> <Opcode : 'read' 'write' 'readreq' 'writereq' 'writeresp'>
ST_15 : Operation 608 [1/7] (7.30ns)   --->   "%gmem4_load_7_req = readreq i1 @_ssdm_op_ReadReq.m_axi.i32P1A, i32 %gmem4_addr_7, i32 1" [src/gtsrb_cnn.cpp:87]   --->   Operation 608 'readreq' 'gmem4_load_7_req' <Predicate = (!icmp_ln83)> <Delay = 7.30> <CoreInst = "m_axi">   --->   Core 121 'm_axi' <Latency = 0> <II = 1> <Delay = 1.00> <Adapter> <Opcode : 'read' 'write' 'readreq' 'writereq' 'writeresp'>
ST_15 : Operation 609 [2/7] (7.30ns)   --->   "%gmem4_load_8_req = readreq i1 @_ssdm_op_ReadReq.m_axi.i32P1A, i32 %gmem4_addr_8, i32 1" [src/gtsrb_cnn.cpp:87]   --->   Operation 609 'readreq' 'gmem4_load_8_req' <Predicate = (!icmp_ln83)> <Delay = 7.30> <CoreInst = "m_axi">   --->   Core 121 'm_axi' <Latency = 0> <II = 1> <Delay = 1.00> <Adapter> <Opcode : 'read' 'write' 'readreq' 'writereq' 'writeresp'>
ST_15 : Operation 610 [3/7] (7.30ns)   --->   "%gmem4_load_9_req = readreq i1 @_ssdm_op_ReadReq.m_axi.i32P1A, i32 %gmem4_addr_9, i32 1" [src/gtsrb_cnn.cpp:87]   --->   Operation 610 'readreq' 'gmem4_load_9_req' <Predicate = (!icmp_ln83)> <Delay = 7.30> <CoreInst = "m_axi">   --->   Core 121 'm_axi' <Latency = 0> <II = 1> <Delay = 1.00> <Adapter> <Opcode : 'read' 'write' 'readreq' 'writereq' 'writeresp'>
ST_15 : Operation 611 [4/7] (7.30ns)   --->   "%gmem4_load_10_req = readreq i1 @_ssdm_op_ReadReq.m_axi.i32P1A, i32 %gmem4_addr_10, i32 1" [src/gtsrb_cnn.cpp:87]   --->   Operation 611 'readreq' 'gmem4_load_10_req' <Predicate = (!icmp_ln83)> <Delay = 7.30> <CoreInst = "m_axi">   --->   Core 121 'm_axi' <Latency = 0> <II = 1> <Delay = 1.00> <Adapter> <Opcode : 'read' 'write' 'readreq' 'writereq' 'writeresp'>
ST_15 : Operation 612 [5/7] (7.30ns)   --->   "%gmem4_load_11_req = readreq i1 @_ssdm_op_ReadReq.m_axi.i32P1A, i32 %gmem4_addr_11, i32 1" [src/gtsrb_cnn.cpp:87]   --->   Operation 612 'readreq' 'gmem4_load_11_req' <Predicate = (!icmp_ln83)> <Delay = 7.30> <CoreInst = "m_axi">   --->   Core 121 'm_axi' <Latency = 0> <II = 1> <Delay = 1.00> <Adapter> <Opcode : 'read' 'write' 'readreq' 'writereq' 'writeresp'>
ST_15 : Operation 613 [6/7] (7.30ns)   --->   "%gmem4_load_12_req = readreq i1 @_ssdm_op_ReadReq.m_axi.i32P1A, i32 %gmem4_addr_12, i32 1" [src/gtsrb_cnn.cpp:87]   --->   Operation 613 'readreq' 'gmem4_load_12_req' <Predicate = (!icmp_ln83)> <Delay = 7.30> <CoreInst = "m_axi">   --->   Core 121 'm_axi' <Latency = 0> <II = 1> <Delay = 1.00> <Adapter> <Opcode : 'read' 'write' 'readreq' 'writereq' 'writeresp'>
ST_15 : Operation 614 [7/7] (7.30ns)   --->   "%gmem4_load_13_req = readreq i1 @_ssdm_op_ReadReq.m_axi.i32P1A, i32 %gmem4_addr_13, i32 1" [src/gtsrb_cnn.cpp:87]   --->   Operation 614 'readreq' 'gmem4_load_13_req' <Predicate = (!icmp_ln83)> <Delay = 7.30> <CoreInst = "m_axi">   --->   Core 121 'm_axi' <Latency = 0> <II = 1> <Delay = 1.00> <Adapter> <Opcode : 'read' 'write' 'readreq' 'writereq' 'writeresp'>
ST_15 : Operation 615 [1/1] (0.93ns)   --->   "%add_ln87_25 = add i10 %zext_ln87_4, i10 559" [src/gtsrb_cnn.cpp:87]   --->   Operation 615 'add' 'add_ln87_25' <Predicate = (!icmp_ln83)> <Delay = 0.93> <CoreInst = "Adder">   --->   Core 1 'Adder' <Latency = 0> <II = 1> <Delay = 0.93> <FuncUnit> <Opcode : 'add' 'sub'> <InPorts = 2> <OutPorts = 1>
ST_15 : Operation 616 [1/1] (0.00ns)   --->   "%shl_ln87_10 = bitconcatenate i12 @_ssdm_op_BitConcatenate.i12.i10.i2, i10 %add_ln87_25, i2 0" [src/gtsrb_cnn.cpp:87]   --->   Operation 616 'bitconcatenate' 'shl_ln87_10' <Predicate = (!icmp_ln83)> <Delay = 0.00>
ST_15 : Operation 617 [1/1] (0.00ns)   --->   "%zext_ln87_19 = zext i12 %shl_ln87_10" [src/gtsrb_cnn.cpp:87]   --->   Operation 617 'zext' 'zext_ln87_19' <Predicate = (!icmp_ln83)> <Delay = 0.00>
ST_15 : Operation 618 [1/1] (1.47ns)   --->   "%add_ln87_26 = add i64 %zext_ln87_19, i64 %W_read" [src/gtsrb_cnn.cpp:87]   --->   Operation 618 'add' 'add_ln87_26' <Predicate = (!icmp_ln83)> <Delay = 1.47> <CoreInst = "Adder">   --->   Core 1 'Adder' <Latency = 0> <II = 1> <Delay = 1.47> <FuncUnit> <Opcode : 'add' 'sub'> <InPorts = 2> <OutPorts = 1>
ST_15 : Operation 619 [1/1] (0.00ns)   --->   "%trunc_ln87_12 = partselect i62 @_ssdm_op_PartSelect.i62.i64.i32.i32, i64 %add_ln87_26, i32 2, i32 63" [src/gtsrb_cnn.cpp:87]   --->   Operation 619 'partselect' 'trunc_ln87_12' <Predicate = (!icmp_ln83)> <Delay = 0.00>
ST_15 : Operation 620 [1/1] (0.00ns)   --->   "%sext_ln87_13 = sext i62 %trunc_ln87_12" [src/gtsrb_cnn.cpp:87]   --->   Operation 620 'sext' 'sext_ln87_13' <Predicate = (!icmp_ln83)> <Delay = 0.00>
ST_15 : Operation 621 [1/1] (0.00ns)   --->   "%gmem4_addr_14 = getelementptr i32 %gmem4, i64 %sext_ln87_13" [src/gtsrb_cnn.cpp:87]   --->   Operation 621 'getelementptr' 'gmem4_addr_14' <Predicate = (!icmp_ln83)> <Delay = 0.00>
ST_15 : Operation 622 [1/2] (1.35ns)   --->   "%fc1_out_load_26 = load i32 26" [src/gtsrb_cnn.cpp:87]   --->   Operation 622 'load' 'fc1_out_load_26' <Predicate = (!icmp_ln83)> <Delay = 1.35> <CoreInst = "RAM_2P_BRAM">   --->   Core 94 'RAM_2P_BRAM' <Latency = 1> <II = 1> <Delay = 1.35> <Storage> <Opcode : 'load' 'store'> <Ports = 2> <Width = 32> <Depth = 64> <RAM>
ST_15 : Operation 623 [1/2] (1.35ns)   --->   "%fc1_out_load_27 = load i32 27" [src/gtsrb_cnn.cpp:87]   --->   Operation 623 'load' 'fc1_out_load_27' <Predicate = (!icmp_ln83)> <Delay = 1.35> <CoreInst = "RAM_2P_BRAM">   --->   Core 94 'RAM_2P_BRAM' <Latency = 1> <II = 1> <Delay = 1.35> <Storage> <Opcode : 'load' 'store'> <Ports = 2> <Width = 32> <Depth = 64> <RAM>
ST_15 : Operation 624 [2/2] (1.35ns)   --->   "%fc1_out_load_28 = load i32 28" [src/gtsrb_cnn.cpp:87]   --->   Operation 624 'load' 'fc1_out_load_28' <Predicate = (!icmp_ln83)> <Delay = 1.35> <CoreInst = "RAM_2P_BRAM">   --->   Core 94 'RAM_2P_BRAM' <Latency = 1> <II = 1> <Delay = 1.35> <Storage> <Opcode : 'load' 'store'> <Ports = 2> <Width = 32> <Depth = 64> <RAM>
ST_15 : Operation 625 [2/2] (1.35ns)   --->   "%fc1_out_load_29 = load i32 29" [src/gtsrb_cnn.cpp:87]   --->   Operation 625 'load' 'fc1_out_load_29' <Predicate = (!icmp_ln83)> <Delay = 1.35> <CoreInst = "RAM_2P_BRAM">   --->   Core 94 'RAM_2P_BRAM' <Latency = 1> <II = 1> <Delay = 1.35> <Storage> <Opcode : 'load' 'store'> <Ports = 2> <Width = 32> <Depth = 64> <RAM>

State 16 <SV = 15> <Delay = 7.30>
ST_16 : Operation 626 [4/5] (6.01ns)   --->   "%acc_1 = fadd i32 %acc, i32 %mul9" [src/gtsrb_cnn.cpp:87]   --->   Operation 626 'fadd' 'acc_1' <Predicate = (!icmp_ln83)> <Delay = 6.01> <CoreInst = "FAddSub_fulldsp">   --->   Core 18 'FAddSub_fulldsp' <Latency = 4> <II = 1> <Delay = 6.01> <FuncUnit> <Opcode : 'fadd' 'fsub'> <InPorts = 2> <OutPorts = 1>
ST_16 : Operation 627 [1/4] (4.67ns)   --->   "%mul9_2 = fmul i32 %fc1_out_load_2, i32 %bitcast_ln87_2" [src/gtsrb_cnn.cpp:87]   --->   Operation 627 'fmul' 'mul9_2' <Predicate = (!icmp_ln83)> <Delay = 4.67> <CoreInst = "FMul_maxdsp">   --->   Core 30 'FMul_maxdsp' <Latency = 3> <II = 1> <Delay = 4.67> <FuncUnit> <Opcode : 'fmul'> <InPorts = 2> <OutPorts = 1>
ST_16 : Operation 628 [2/4] (4.67ns)   --->   "%mul9_3 = fmul i32 %fc1_out_load_3, i32 %bitcast_ln87_3" [src/gtsrb_cnn.cpp:87]   --->   Operation 628 'fmul' 'mul9_3' <Predicate = (!icmp_ln83)> <Delay = 4.67> <CoreInst = "FMul_maxdsp">   --->   Core 30 'FMul_maxdsp' <Latency = 3> <II = 1> <Delay = 4.67> <FuncUnit> <Opcode : 'fmul'> <InPorts = 2> <OutPorts = 1>
ST_16 : Operation 629 [3/4] (4.67ns)   --->   "%mul9_4 = fmul i32 %fc1_out_load_4, i32 %bitcast_ln87_4" [src/gtsrb_cnn.cpp:87]   --->   Operation 629 'fmul' 'mul9_4' <Predicate = (!icmp_ln83)> <Delay = 4.67> <CoreInst = "FMul_maxdsp">   --->   Core 30 'FMul_maxdsp' <Latency = 3> <II = 1> <Delay = 4.67> <FuncUnit> <Opcode : 'fmul'> <InPorts = 2> <OutPorts = 1>
ST_16 : Operation 630 [1/1] (0.00ns)   --->   "%bitcast_ln87_5 = bitcast i32 %gmem4_addr_6_read" [src/gtsrb_cnn.cpp:87]   --->   Operation 630 'bitcast' 'bitcast_ln87_5' <Predicate = (!icmp_ln83)> <Delay = 0.00>
ST_16 : Operation 631 [4/4] (4.67ns)   --->   "%mul9_5 = fmul i32 %fc1_out_load_5, i32 %bitcast_ln87_5" [src/gtsrb_cnn.cpp:87]   --->   Operation 631 'fmul' 'mul9_5' <Predicate = (!icmp_ln83)> <Delay = 4.67> <CoreInst = "FMul_maxdsp">   --->   Core 30 'FMul_maxdsp' <Latency = 3> <II = 1> <Delay = 4.67> <FuncUnit> <Opcode : 'fmul'> <InPorts = 2> <OutPorts = 1>
ST_16 : Operation 632 [1/1] (7.30ns)   --->   "%gmem4_addr_7_read = read i32 @_ssdm_op_Read.m_axi.i32P1A, i32 %gmem4_addr_7" [src/gtsrb_cnn.cpp:87]   --->   Operation 632 'read' 'gmem4_addr_7_read' <Predicate = (!icmp_ln83)> <Delay = 7.30> <CoreInst = "m_axi">   --->   Core 121 'm_axi' <Latency = 0> <II = 1> <Delay = 1.00> <Adapter> <Opcode : 'read' 'write' 'readreq' 'writereq' 'writeresp'>
ST_16 : Operation 633 [1/7] (7.30ns)   --->   "%gmem4_load_8_req = readreq i1 @_ssdm_op_ReadReq.m_axi.i32P1A, i32 %gmem4_addr_8, i32 1" [src/gtsrb_cnn.cpp:87]   --->   Operation 633 'readreq' 'gmem4_load_8_req' <Predicate = (!icmp_ln83)> <Delay = 7.30> <CoreInst = "m_axi">   --->   Core 121 'm_axi' <Latency = 0> <II = 1> <Delay = 1.00> <Adapter> <Opcode : 'read' 'write' 'readreq' 'writereq' 'writeresp'>
ST_16 : Operation 634 [2/7] (7.30ns)   --->   "%gmem4_load_9_req = readreq i1 @_ssdm_op_ReadReq.m_axi.i32P1A, i32 %gmem4_addr_9, i32 1" [src/gtsrb_cnn.cpp:87]   --->   Operation 634 'readreq' 'gmem4_load_9_req' <Predicate = (!icmp_ln83)> <Delay = 7.30> <CoreInst = "m_axi">   --->   Core 121 'm_axi' <Latency = 0> <II = 1> <Delay = 1.00> <Adapter> <Opcode : 'read' 'write' 'readreq' 'writereq' 'writeresp'>
ST_16 : Operation 635 [3/7] (7.30ns)   --->   "%gmem4_load_10_req = readreq i1 @_ssdm_op_ReadReq.m_axi.i32P1A, i32 %gmem4_addr_10, i32 1" [src/gtsrb_cnn.cpp:87]   --->   Operation 635 'readreq' 'gmem4_load_10_req' <Predicate = (!icmp_ln83)> <Delay = 7.30> <CoreInst = "m_axi">   --->   Core 121 'm_axi' <Latency = 0> <II = 1> <Delay = 1.00> <Adapter> <Opcode : 'read' 'write' 'readreq' 'writereq' 'writeresp'>
ST_16 : Operation 636 [4/7] (7.30ns)   --->   "%gmem4_load_11_req = readreq i1 @_ssdm_op_ReadReq.m_axi.i32P1A, i32 %gmem4_addr_11, i32 1" [src/gtsrb_cnn.cpp:87]   --->   Operation 636 'readreq' 'gmem4_load_11_req' <Predicate = (!icmp_ln83)> <Delay = 7.30> <CoreInst = "m_axi">   --->   Core 121 'm_axi' <Latency = 0> <II = 1> <Delay = 1.00> <Adapter> <Opcode : 'read' 'write' 'readreq' 'writereq' 'writeresp'>
ST_16 : Operation 637 [5/7] (7.30ns)   --->   "%gmem4_load_12_req = readreq i1 @_ssdm_op_ReadReq.m_axi.i32P1A, i32 %gmem4_addr_12, i32 1" [src/gtsrb_cnn.cpp:87]   --->   Operation 637 'readreq' 'gmem4_load_12_req' <Predicate = (!icmp_ln83)> <Delay = 7.30> <CoreInst = "m_axi">   --->   Core 121 'm_axi' <Latency = 0> <II = 1> <Delay = 1.00> <Adapter> <Opcode : 'read' 'write' 'readreq' 'writereq' 'writeresp'>
ST_16 : Operation 638 [6/7] (7.30ns)   --->   "%gmem4_load_13_req = readreq i1 @_ssdm_op_ReadReq.m_axi.i32P1A, i32 %gmem4_addr_13, i32 1" [src/gtsrb_cnn.cpp:87]   --->   Operation 638 'readreq' 'gmem4_load_13_req' <Predicate = (!icmp_ln83)> <Delay = 7.30> <CoreInst = "m_axi">   --->   Core 121 'm_axi' <Latency = 0> <II = 1> <Delay = 1.00> <Adapter> <Opcode : 'read' 'write' 'readreq' 'writereq' 'writeresp'>
ST_16 : Operation 639 [7/7] (7.30ns)   --->   "%gmem4_load_14_req = readreq i1 @_ssdm_op_ReadReq.m_axi.i32P1A, i32 %gmem4_addr_14, i32 1" [src/gtsrb_cnn.cpp:87]   --->   Operation 639 'readreq' 'gmem4_load_14_req' <Predicate = (!icmp_ln83)> <Delay = 7.30> <CoreInst = "m_axi">   --->   Core 121 'm_axi' <Latency = 0> <II = 1> <Delay = 1.00> <Adapter> <Opcode : 'read' 'write' 'readreq' 'writereq' 'writeresp'>
ST_16 : Operation 640 [1/1] (0.93ns)   --->   "%add_ln87_27 = add i10 %zext_ln87_4, i10 602" [src/gtsrb_cnn.cpp:87]   --->   Operation 640 'add' 'add_ln87_27' <Predicate = (!icmp_ln83)> <Delay = 0.93> <CoreInst = "Adder">   --->   Core 1 'Adder' <Latency = 0> <II = 1> <Delay = 0.93> <FuncUnit> <Opcode : 'add' 'sub'> <InPorts = 2> <OutPorts = 1>
ST_16 : Operation 641 [1/1] (0.00ns)   --->   "%shl_ln87_11 = bitconcatenate i12 @_ssdm_op_BitConcatenate.i12.i10.i2, i10 %add_ln87_27, i2 0" [src/gtsrb_cnn.cpp:87]   --->   Operation 641 'bitconcatenate' 'shl_ln87_11' <Predicate = (!icmp_ln83)> <Delay = 0.00>
ST_16 : Operation 642 [1/1] (0.00ns)   --->   "%zext_ln87_20 = zext i12 %shl_ln87_11" [src/gtsrb_cnn.cpp:87]   --->   Operation 642 'zext' 'zext_ln87_20' <Predicate = (!icmp_ln83)> <Delay = 0.00>
ST_16 : Operation 643 [1/1] (1.47ns)   --->   "%add_ln87_28 = add i64 %zext_ln87_20, i64 %W_read" [src/gtsrb_cnn.cpp:87]   --->   Operation 643 'add' 'add_ln87_28' <Predicate = (!icmp_ln83)> <Delay = 1.47> <CoreInst = "Adder">   --->   Core 1 'Adder' <Latency = 0> <II = 1> <Delay = 1.47> <FuncUnit> <Opcode : 'add' 'sub'> <InPorts = 2> <OutPorts = 1>
ST_16 : Operation 644 [1/1] (0.00ns)   --->   "%trunc_ln87_13 = partselect i62 @_ssdm_op_PartSelect.i62.i64.i32.i32, i64 %add_ln87_28, i32 2, i32 63" [src/gtsrb_cnn.cpp:87]   --->   Operation 644 'partselect' 'trunc_ln87_13' <Predicate = (!icmp_ln83)> <Delay = 0.00>
ST_16 : Operation 645 [1/1] (0.00ns)   --->   "%sext_ln87_14 = sext i62 %trunc_ln87_13" [src/gtsrb_cnn.cpp:87]   --->   Operation 645 'sext' 'sext_ln87_14' <Predicate = (!icmp_ln83)> <Delay = 0.00>
ST_16 : Operation 646 [1/1] (0.00ns)   --->   "%gmem4_addr_15 = getelementptr i32 %gmem4, i64 %sext_ln87_14" [src/gtsrb_cnn.cpp:87]   --->   Operation 646 'getelementptr' 'gmem4_addr_15' <Predicate = (!icmp_ln83)> <Delay = 0.00>
ST_16 : Operation 647 [1/2] (1.35ns)   --->   "%fc1_out_load_28 = load i32 28" [src/gtsrb_cnn.cpp:87]   --->   Operation 647 'load' 'fc1_out_load_28' <Predicate = (!icmp_ln83)> <Delay = 1.35> <CoreInst = "RAM_2P_BRAM">   --->   Core 94 'RAM_2P_BRAM' <Latency = 1> <II = 1> <Delay = 1.35> <Storage> <Opcode : 'load' 'store'> <Ports = 2> <Width = 32> <Depth = 64> <RAM>
ST_16 : Operation 648 [1/2] (1.35ns)   --->   "%fc1_out_load_29 = load i32 29" [src/gtsrb_cnn.cpp:87]   --->   Operation 648 'load' 'fc1_out_load_29' <Predicate = (!icmp_ln83)> <Delay = 1.35> <CoreInst = "RAM_2P_BRAM">   --->   Core 94 'RAM_2P_BRAM' <Latency = 1> <II = 1> <Delay = 1.35> <Storage> <Opcode : 'load' 'store'> <Ports = 2> <Width = 32> <Depth = 64> <RAM>
ST_16 : Operation 649 [2/2] (1.35ns)   --->   "%fc1_out_load_30 = load i32 30" [src/gtsrb_cnn.cpp:87]   --->   Operation 649 'load' 'fc1_out_load_30' <Predicate = (!icmp_ln83)> <Delay = 1.35> <CoreInst = "RAM_2P_BRAM">   --->   Core 94 'RAM_2P_BRAM' <Latency = 1> <II = 1> <Delay = 1.35> <Storage> <Opcode : 'load' 'store'> <Ports = 2> <Width = 32> <Depth = 64> <RAM>
ST_16 : Operation 650 [2/2] (1.35ns)   --->   "%fc1_out_load_31 = load i32 31" [src/gtsrb_cnn.cpp:87]   --->   Operation 650 'load' 'fc1_out_load_31' <Predicate = (!icmp_ln83)> <Delay = 1.35> <CoreInst = "RAM_2P_BRAM">   --->   Core 94 'RAM_2P_BRAM' <Latency = 1> <II = 1> <Delay = 1.35> <Storage> <Opcode : 'load' 'store'> <Ports = 2> <Width = 32> <Depth = 64> <RAM>

State 17 <SV = 16> <Delay = 7.30>
ST_17 : Operation 651 [3/5] (6.01ns)   --->   "%acc_1 = fadd i32 %acc, i32 %mul9" [src/gtsrb_cnn.cpp:87]   --->   Operation 651 'fadd' 'acc_1' <Predicate = (!icmp_ln83)> <Delay = 6.01> <CoreInst = "FAddSub_fulldsp">   --->   Core 18 'FAddSub_fulldsp' <Latency = 4> <II = 1> <Delay = 6.01> <FuncUnit> <Opcode : 'fadd' 'fsub'> <InPorts = 2> <OutPorts = 1>
ST_17 : Operation 652 [1/4] (4.67ns)   --->   "%mul9_3 = fmul i32 %fc1_out_load_3, i32 %bitcast_ln87_3" [src/gtsrb_cnn.cpp:87]   --->   Operation 652 'fmul' 'mul9_3' <Predicate = (!icmp_ln83)> <Delay = 4.67> <CoreInst = "FMul_maxdsp">   --->   Core 30 'FMul_maxdsp' <Latency = 3> <II = 1> <Delay = 4.67> <FuncUnit> <Opcode : 'fmul'> <InPorts = 2> <OutPorts = 1>
ST_17 : Operation 653 [2/4] (4.67ns)   --->   "%mul9_4 = fmul i32 %fc1_out_load_4, i32 %bitcast_ln87_4" [src/gtsrb_cnn.cpp:87]   --->   Operation 653 'fmul' 'mul9_4' <Predicate = (!icmp_ln83)> <Delay = 4.67> <CoreInst = "FMul_maxdsp">   --->   Core 30 'FMul_maxdsp' <Latency = 3> <II = 1> <Delay = 4.67> <FuncUnit> <Opcode : 'fmul'> <InPorts = 2> <OutPorts = 1>
ST_17 : Operation 654 [3/4] (4.67ns)   --->   "%mul9_5 = fmul i32 %fc1_out_load_5, i32 %bitcast_ln87_5" [src/gtsrb_cnn.cpp:87]   --->   Operation 654 'fmul' 'mul9_5' <Predicate = (!icmp_ln83)> <Delay = 4.67> <CoreInst = "FMul_maxdsp">   --->   Core 30 'FMul_maxdsp' <Latency = 3> <II = 1> <Delay = 4.67> <FuncUnit> <Opcode : 'fmul'> <InPorts = 2> <OutPorts = 1>
ST_17 : Operation 655 [1/1] (0.00ns)   --->   "%bitcast_ln87_6 = bitcast i32 %gmem4_addr_7_read" [src/gtsrb_cnn.cpp:87]   --->   Operation 655 'bitcast' 'bitcast_ln87_6' <Predicate = (!icmp_ln83)> <Delay = 0.00>
ST_17 : Operation 656 [4/4] (4.67ns)   --->   "%mul9_6 = fmul i32 %fc1_out_load_6, i32 %bitcast_ln87_6" [src/gtsrb_cnn.cpp:87]   --->   Operation 656 'fmul' 'mul9_6' <Predicate = (!icmp_ln83)> <Delay = 4.67> <CoreInst = "FMul_maxdsp">   --->   Core 30 'FMul_maxdsp' <Latency = 3> <II = 1> <Delay = 4.67> <FuncUnit> <Opcode : 'fmul'> <InPorts = 2> <OutPorts = 1>
ST_17 : Operation 657 [1/1] (7.30ns)   --->   "%gmem4_addr_8_read = read i32 @_ssdm_op_Read.m_axi.i32P1A, i32 %gmem4_addr_8" [src/gtsrb_cnn.cpp:87]   --->   Operation 657 'read' 'gmem4_addr_8_read' <Predicate = (!icmp_ln83)> <Delay = 7.30> <CoreInst = "m_axi">   --->   Core 121 'm_axi' <Latency = 0> <II = 1> <Delay = 1.00> <Adapter> <Opcode : 'read' 'write' 'readreq' 'writereq' 'writeresp'>
ST_17 : Operation 658 [1/7] (7.30ns)   --->   "%gmem4_load_9_req = readreq i1 @_ssdm_op_ReadReq.m_axi.i32P1A, i32 %gmem4_addr_9, i32 1" [src/gtsrb_cnn.cpp:87]   --->   Operation 658 'readreq' 'gmem4_load_9_req' <Predicate = (!icmp_ln83)> <Delay = 7.30> <CoreInst = "m_axi">   --->   Core 121 'm_axi' <Latency = 0> <II = 1> <Delay = 1.00> <Adapter> <Opcode : 'read' 'write' 'readreq' 'writereq' 'writeresp'>
ST_17 : Operation 659 [2/7] (7.30ns)   --->   "%gmem4_load_10_req = readreq i1 @_ssdm_op_ReadReq.m_axi.i32P1A, i32 %gmem4_addr_10, i32 1" [src/gtsrb_cnn.cpp:87]   --->   Operation 659 'readreq' 'gmem4_load_10_req' <Predicate = (!icmp_ln83)> <Delay = 7.30> <CoreInst = "m_axi">   --->   Core 121 'm_axi' <Latency = 0> <II = 1> <Delay = 1.00> <Adapter> <Opcode : 'read' 'write' 'readreq' 'writereq' 'writeresp'>
ST_17 : Operation 660 [3/7] (7.30ns)   --->   "%gmem4_load_11_req = readreq i1 @_ssdm_op_ReadReq.m_axi.i32P1A, i32 %gmem4_addr_11, i32 1" [src/gtsrb_cnn.cpp:87]   --->   Operation 660 'readreq' 'gmem4_load_11_req' <Predicate = (!icmp_ln83)> <Delay = 7.30> <CoreInst = "m_axi">   --->   Core 121 'm_axi' <Latency = 0> <II = 1> <Delay = 1.00> <Adapter> <Opcode : 'read' 'write' 'readreq' 'writereq' 'writeresp'>
ST_17 : Operation 661 [4/7] (7.30ns)   --->   "%gmem4_load_12_req = readreq i1 @_ssdm_op_ReadReq.m_axi.i32P1A, i32 %gmem4_addr_12, i32 1" [src/gtsrb_cnn.cpp:87]   --->   Operation 661 'readreq' 'gmem4_load_12_req' <Predicate = (!icmp_ln83)> <Delay = 7.30> <CoreInst = "m_axi">   --->   Core 121 'm_axi' <Latency = 0> <II = 1> <Delay = 1.00> <Adapter> <Opcode : 'read' 'write' 'readreq' 'writereq' 'writeresp'>
ST_17 : Operation 662 [5/7] (7.30ns)   --->   "%gmem4_load_13_req = readreq i1 @_ssdm_op_ReadReq.m_axi.i32P1A, i32 %gmem4_addr_13, i32 1" [src/gtsrb_cnn.cpp:87]   --->   Operation 662 'readreq' 'gmem4_load_13_req' <Predicate = (!icmp_ln83)> <Delay = 7.30> <CoreInst = "m_axi">   --->   Core 121 'm_axi' <Latency = 0> <II = 1> <Delay = 1.00> <Adapter> <Opcode : 'read' 'write' 'readreq' 'writereq' 'writeresp'>
ST_17 : Operation 663 [6/7] (7.30ns)   --->   "%gmem4_load_14_req = readreq i1 @_ssdm_op_ReadReq.m_axi.i32P1A, i32 %gmem4_addr_14, i32 1" [src/gtsrb_cnn.cpp:87]   --->   Operation 663 'readreq' 'gmem4_load_14_req' <Predicate = (!icmp_ln83)> <Delay = 7.30> <CoreInst = "m_axi">   --->   Core 121 'm_axi' <Latency = 0> <II = 1> <Delay = 1.00> <Adapter> <Opcode : 'read' 'write' 'readreq' 'writereq' 'writeresp'>
ST_17 : Operation 664 [7/7] (7.30ns)   --->   "%gmem4_load_15_req = readreq i1 @_ssdm_op_ReadReq.m_axi.i32P1A, i32 %gmem4_addr_15, i32 1" [src/gtsrb_cnn.cpp:87]   --->   Operation 664 'readreq' 'gmem4_load_15_req' <Predicate = (!icmp_ln83)> <Delay = 7.30> <CoreInst = "m_axi">   --->   Core 121 'm_axi' <Latency = 0> <II = 1> <Delay = 1.00> <Adapter> <Opcode : 'read' 'write' 'readreq' 'writereq' 'writeresp'>
ST_17 : Operation 665 [1/1] (0.93ns)   --->   "%add_ln87_29 = add i10 %zext_ln87_4, i10 645" [src/gtsrb_cnn.cpp:87]   --->   Operation 665 'add' 'add_ln87_29' <Predicate = (!icmp_ln83)> <Delay = 0.93> <CoreInst = "Adder">   --->   Core 1 'Adder' <Latency = 0> <II = 1> <Delay = 0.93> <FuncUnit> <Opcode : 'add' 'sub'> <InPorts = 2> <OutPorts = 1>
ST_17 : Operation 666 [1/1] (0.00ns)   --->   "%shl_ln87_12 = bitconcatenate i12 @_ssdm_op_BitConcatenate.i12.i10.i2, i10 %add_ln87_29, i2 0" [src/gtsrb_cnn.cpp:87]   --->   Operation 666 'bitconcatenate' 'shl_ln87_12' <Predicate = (!icmp_ln83)> <Delay = 0.00>
ST_17 : Operation 667 [1/1] (0.00ns)   --->   "%zext_ln87_21 = zext i12 %shl_ln87_12" [src/gtsrb_cnn.cpp:87]   --->   Operation 667 'zext' 'zext_ln87_21' <Predicate = (!icmp_ln83)> <Delay = 0.00>
ST_17 : Operation 668 [1/1] (1.47ns)   --->   "%add_ln87_30 = add i64 %zext_ln87_21, i64 %W_read" [src/gtsrb_cnn.cpp:87]   --->   Operation 668 'add' 'add_ln87_30' <Predicate = (!icmp_ln83)> <Delay = 1.47> <CoreInst = "Adder">   --->   Core 1 'Adder' <Latency = 0> <II = 1> <Delay = 1.47> <FuncUnit> <Opcode : 'add' 'sub'> <InPorts = 2> <OutPorts = 1>
ST_17 : Operation 669 [1/1] (0.00ns)   --->   "%trunc_ln87_14 = partselect i62 @_ssdm_op_PartSelect.i62.i64.i32.i32, i64 %add_ln87_30, i32 2, i32 63" [src/gtsrb_cnn.cpp:87]   --->   Operation 669 'partselect' 'trunc_ln87_14' <Predicate = (!icmp_ln83)> <Delay = 0.00>
ST_17 : Operation 670 [1/1] (0.00ns)   --->   "%sext_ln87_15 = sext i62 %trunc_ln87_14" [src/gtsrb_cnn.cpp:87]   --->   Operation 670 'sext' 'sext_ln87_15' <Predicate = (!icmp_ln83)> <Delay = 0.00>
ST_17 : Operation 671 [1/1] (0.00ns)   --->   "%gmem4_addr_16 = getelementptr i32 %gmem4, i64 %sext_ln87_15" [src/gtsrb_cnn.cpp:87]   --->   Operation 671 'getelementptr' 'gmem4_addr_16' <Predicate = (!icmp_ln83)> <Delay = 0.00>
ST_17 : Operation 672 [1/2] (1.35ns)   --->   "%fc1_out_load_30 = load i32 30" [src/gtsrb_cnn.cpp:87]   --->   Operation 672 'load' 'fc1_out_load_30' <Predicate = (!icmp_ln83)> <Delay = 1.35> <CoreInst = "RAM_2P_BRAM">   --->   Core 94 'RAM_2P_BRAM' <Latency = 1> <II = 1> <Delay = 1.35> <Storage> <Opcode : 'load' 'store'> <Ports = 2> <Width = 32> <Depth = 64> <RAM>
ST_17 : Operation 673 [1/2] (1.35ns)   --->   "%fc1_out_load_31 = load i32 31" [src/gtsrb_cnn.cpp:87]   --->   Operation 673 'load' 'fc1_out_load_31' <Predicate = (!icmp_ln83)> <Delay = 1.35> <CoreInst = "RAM_2P_BRAM">   --->   Core 94 'RAM_2P_BRAM' <Latency = 1> <II = 1> <Delay = 1.35> <Storage> <Opcode : 'load' 'store'> <Ports = 2> <Width = 32> <Depth = 64> <RAM>
ST_17 : Operation 674 [2/2] (1.35ns)   --->   "%fc1_out_load_32 = load i32 32" [src/gtsrb_cnn.cpp:87]   --->   Operation 674 'load' 'fc1_out_load_32' <Predicate = (!icmp_ln83)> <Delay = 1.35> <CoreInst = "RAM_2P_BRAM">   --->   Core 94 'RAM_2P_BRAM' <Latency = 1> <II = 1> <Delay = 1.35> <Storage> <Opcode : 'load' 'store'> <Ports = 2> <Width = 32> <Depth = 64> <RAM>
ST_17 : Operation 675 [2/2] (1.35ns)   --->   "%fc1_out_load_33 = load i32 33" [src/gtsrb_cnn.cpp:87]   --->   Operation 675 'load' 'fc1_out_load_33' <Predicate = (!icmp_ln83)> <Delay = 1.35> <CoreInst = "RAM_2P_BRAM">   --->   Core 94 'RAM_2P_BRAM' <Latency = 1> <II = 1> <Delay = 1.35> <Storage> <Opcode : 'load' 'store'> <Ports = 2> <Width = 32> <Depth = 64> <RAM>

State 18 <SV = 17> <Delay = 7.30>
ST_18 : Operation 676 [2/5] (6.01ns)   --->   "%acc_1 = fadd i32 %acc, i32 %mul9" [src/gtsrb_cnn.cpp:87]   --->   Operation 676 'fadd' 'acc_1' <Predicate = (!icmp_ln83)> <Delay = 6.01> <CoreInst = "FAddSub_fulldsp">   --->   Core 18 'FAddSub_fulldsp' <Latency = 4> <II = 1> <Delay = 6.01> <FuncUnit> <Opcode : 'fadd' 'fsub'> <InPorts = 2> <OutPorts = 1>
ST_18 : Operation 677 [1/4] (4.67ns)   --->   "%mul9_4 = fmul i32 %fc1_out_load_4, i32 %bitcast_ln87_4" [src/gtsrb_cnn.cpp:87]   --->   Operation 677 'fmul' 'mul9_4' <Predicate = (!icmp_ln83)> <Delay = 4.67> <CoreInst = "FMul_maxdsp">   --->   Core 30 'FMul_maxdsp' <Latency = 3> <II = 1> <Delay = 4.67> <FuncUnit> <Opcode : 'fmul'> <InPorts = 2> <OutPorts = 1>
ST_18 : Operation 678 [2/4] (4.67ns)   --->   "%mul9_5 = fmul i32 %fc1_out_load_5, i32 %bitcast_ln87_5" [src/gtsrb_cnn.cpp:87]   --->   Operation 678 'fmul' 'mul9_5' <Predicate = (!icmp_ln83)> <Delay = 4.67> <CoreInst = "FMul_maxdsp">   --->   Core 30 'FMul_maxdsp' <Latency = 3> <II = 1> <Delay = 4.67> <FuncUnit> <Opcode : 'fmul'> <InPorts = 2> <OutPorts = 1>
ST_18 : Operation 679 [3/4] (4.67ns)   --->   "%mul9_6 = fmul i32 %fc1_out_load_6, i32 %bitcast_ln87_6" [src/gtsrb_cnn.cpp:87]   --->   Operation 679 'fmul' 'mul9_6' <Predicate = (!icmp_ln83)> <Delay = 4.67> <CoreInst = "FMul_maxdsp">   --->   Core 30 'FMul_maxdsp' <Latency = 3> <II = 1> <Delay = 4.67> <FuncUnit> <Opcode : 'fmul'> <InPorts = 2> <OutPorts = 1>
ST_18 : Operation 680 [1/1] (0.00ns)   --->   "%bitcast_ln87_7 = bitcast i32 %gmem4_addr_8_read" [src/gtsrb_cnn.cpp:87]   --->   Operation 680 'bitcast' 'bitcast_ln87_7' <Predicate = (!icmp_ln83)> <Delay = 0.00>
ST_18 : Operation 681 [4/4] (4.67ns)   --->   "%mul9_7 = fmul i32 %fc1_out_load_7, i32 %bitcast_ln87_7" [src/gtsrb_cnn.cpp:87]   --->   Operation 681 'fmul' 'mul9_7' <Predicate = (!icmp_ln83)> <Delay = 4.67> <CoreInst = "FMul_maxdsp">   --->   Core 30 'FMul_maxdsp' <Latency = 3> <II = 1> <Delay = 4.67> <FuncUnit> <Opcode : 'fmul'> <InPorts = 2> <OutPorts = 1>
ST_18 : Operation 682 [1/1] (7.30ns)   --->   "%gmem4_addr_9_read = read i32 @_ssdm_op_Read.m_axi.i32P1A, i32 %gmem4_addr_9" [src/gtsrb_cnn.cpp:87]   --->   Operation 682 'read' 'gmem4_addr_9_read' <Predicate = (!icmp_ln83)> <Delay = 7.30> <CoreInst = "m_axi">   --->   Core 121 'm_axi' <Latency = 0> <II = 1> <Delay = 1.00> <Adapter> <Opcode : 'read' 'write' 'readreq' 'writereq' 'writeresp'>
ST_18 : Operation 683 [1/7] (7.30ns)   --->   "%gmem4_load_10_req = readreq i1 @_ssdm_op_ReadReq.m_axi.i32P1A, i32 %gmem4_addr_10, i32 1" [src/gtsrb_cnn.cpp:87]   --->   Operation 683 'readreq' 'gmem4_load_10_req' <Predicate = (!icmp_ln83)> <Delay = 7.30> <CoreInst = "m_axi">   --->   Core 121 'm_axi' <Latency = 0> <II = 1> <Delay = 1.00> <Adapter> <Opcode : 'read' 'write' 'readreq' 'writereq' 'writeresp'>
ST_18 : Operation 684 [2/7] (7.30ns)   --->   "%gmem4_load_11_req = readreq i1 @_ssdm_op_ReadReq.m_axi.i32P1A, i32 %gmem4_addr_11, i32 1" [src/gtsrb_cnn.cpp:87]   --->   Operation 684 'readreq' 'gmem4_load_11_req' <Predicate = (!icmp_ln83)> <Delay = 7.30> <CoreInst = "m_axi">   --->   Core 121 'm_axi' <Latency = 0> <II = 1> <Delay = 1.00> <Adapter> <Opcode : 'read' 'write' 'readreq' 'writereq' 'writeresp'>
ST_18 : Operation 685 [3/7] (7.30ns)   --->   "%gmem4_load_12_req = readreq i1 @_ssdm_op_ReadReq.m_axi.i32P1A, i32 %gmem4_addr_12, i32 1" [src/gtsrb_cnn.cpp:87]   --->   Operation 685 'readreq' 'gmem4_load_12_req' <Predicate = (!icmp_ln83)> <Delay = 7.30> <CoreInst = "m_axi">   --->   Core 121 'm_axi' <Latency = 0> <II = 1> <Delay = 1.00> <Adapter> <Opcode : 'read' 'write' 'readreq' 'writereq' 'writeresp'>
ST_18 : Operation 686 [4/7] (7.30ns)   --->   "%gmem4_load_13_req = readreq i1 @_ssdm_op_ReadReq.m_axi.i32P1A, i32 %gmem4_addr_13, i32 1" [src/gtsrb_cnn.cpp:87]   --->   Operation 686 'readreq' 'gmem4_load_13_req' <Predicate = (!icmp_ln83)> <Delay = 7.30> <CoreInst = "m_axi">   --->   Core 121 'm_axi' <Latency = 0> <II = 1> <Delay = 1.00> <Adapter> <Opcode : 'read' 'write' 'readreq' 'writereq' 'writeresp'>
ST_18 : Operation 687 [5/7] (7.30ns)   --->   "%gmem4_load_14_req = readreq i1 @_ssdm_op_ReadReq.m_axi.i32P1A, i32 %gmem4_addr_14, i32 1" [src/gtsrb_cnn.cpp:87]   --->   Operation 687 'readreq' 'gmem4_load_14_req' <Predicate = (!icmp_ln83)> <Delay = 7.30> <CoreInst = "m_axi">   --->   Core 121 'm_axi' <Latency = 0> <II = 1> <Delay = 1.00> <Adapter> <Opcode : 'read' 'write' 'readreq' 'writereq' 'writeresp'>
ST_18 : Operation 688 [6/7] (7.30ns)   --->   "%gmem4_load_15_req = readreq i1 @_ssdm_op_ReadReq.m_axi.i32P1A, i32 %gmem4_addr_15, i32 1" [src/gtsrb_cnn.cpp:87]   --->   Operation 688 'readreq' 'gmem4_load_15_req' <Predicate = (!icmp_ln83)> <Delay = 7.30> <CoreInst = "m_axi">   --->   Core 121 'm_axi' <Latency = 0> <II = 1> <Delay = 1.00> <Adapter> <Opcode : 'read' 'write' 'readreq' 'writereq' 'writeresp'>
ST_18 : Operation 689 [7/7] (7.30ns)   --->   "%gmem4_load_16_req = readreq i1 @_ssdm_op_ReadReq.m_axi.i32P1A, i32 %gmem4_addr_16, i32 1" [src/gtsrb_cnn.cpp:87]   --->   Operation 689 'readreq' 'gmem4_load_16_req' <Predicate = (!icmp_ln83)> <Delay = 7.30> <CoreInst = "m_axi">   --->   Core 121 'm_axi' <Latency = 0> <II = 1> <Delay = 1.00> <Adapter> <Opcode : 'read' 'write' 'readreq' 'writereq' 'writeresp'>
ST_18 : Operation 690 [1/1] (0.93ns)   --->   "%add_ln87_31 = add i10 %zext_ln87_4, i10 688" [src/gtsrb_cnn.cpp:87]   --->   Operation 690 'add' 'add_ln87_31' <Predicate = (!icmp_ln83)> <Delay = 0.93> <CoreInst = "Adder">   --->   Core 1 'Adder' <Latency = 0> <II = 1> <Delay = 0.93> <FuncUnit> <Opcode : 'add' 'sub'> <InPorts = 2> <OutPorts = 1>
ST_18 : Operation 691 [1/1] (0.00ns)   --->   "%shl_ln87_13 = bitconcatenate i12 @_ssdm_op_BitConcatenate.i12.i10.i2, i10 %add_ln87_31, i2 0" [src/gtsrb_cnn.cpp:87]   --->   Operation 691 'bitconcatenate' 'shl_ln87_13' <Predicate = (!icmp_ln83)> <Delay = 0.00>
ST_18 : Operation 692 [1/1] (0.00ns)   --->   "%zext_ln87_22 = zext i12 %shl_ln87_13" [src/gtsrb_cnn.cpp:87]   --->   Operation 692 'zext' 'zext_ln87_22' <Predicate = (!icmp_ln83)> <Delay = 0.00>
ST_18 : Operation 693 [1/1] (1.47ns)   --->   "%add_ln87_32 = add i64 %zext_ln87_22, i64 %W_read" [src/gtsrb_cnn.cpp:87]   --->   Operation 693 'add' 'add_ln87_32' <Predicate = (!icmp_ln83)> <Delay = 1.47> <CoreInst = "Adder">   --->   Core 1 'Adder' <Latency = 0> <II = 1> <Delay = 1.47> <FuncUnit> <Opcode : 'add' 'sub'> <InPorts = 2> <OutPorts = 1>
ST_18 : Operation 694 [1/1] (0.00ns)   --->   "%trunc_ln87_15 = partselect i62 @_ssdm_op_PartSelect.i62.i64.i32.i32, i64 %add_ln87_32, i32 2, i32 63" [src/gtsrb_cnn.cpp:87]   --->   Operation 694 'partselect' 'trunc_ln87_15' <Predicate = (!icmp_ln83)> <Delay = 0.00>
ST_18 : Operation 695 [1/1] (0.00ns)   --->   "%sext_ln87_16 = sext i62 %trunc_ln87_15" [src/gtsrb_cnn.cpp:87]   --->   Operation 695 'sext' 'sext_ln87_16' <Predicate = (!icmp_ln83)> <Delay = 0.00>
ST_18 : Operation 696 [1/1] (0.00ns)   --->   "%gmem4_addr_17 = getelementptr i32 %gmem4, i64 %sext_ln87_16" [src/gtsrb_cnn.cpp:87]   --->   Operation 696 'getelementptr' 'gmem4_addr_17' <Predicate = (!icmp_ln83)> <Delay = 0.00>
ST_18 : Operation 697 [1/2] (1.35ns)   --->   "%fc1_out_load_32 = load i32 32" [src/gtsrb_cnn.cpp:87]   --->   Operation 697 'load' 'fc1_out_load_32' <Predicate = (!icmp_ln83)> <Delay = 1.35> <CoreInst = "RAM_2P_BRAM">   --->   Core 94 'RAM_2P_BRAM' <Latency = 1> <II = 1> <Delay = 1.35> <Storage> <Opcode : 'load' 'store'> <Ports = 2> <Width = 32> <Depth = 64> <RAM>
ST_18 : Operation 698 [1/2] (1.35ns)   --->   "%fc1_out_load_33 = load i32 33" [src/gtsrb_cnn.cpp:87]   --->   Operation 698 'load' 'fc1_out_load_33' <Predicate = (!icmp_ln83)> <Delay = 1.35> <CoreInst = "RAM_2P_BRAM">   --->   Core 94 'RAM_2P_BRAM' <Latency = 1> <II = 1> <Delay = 1.35> <Storage> <Opcode : 'load' 'store'> <Ports = 2> <Width = 32> <Depth = 64> <RAM>
ST_18 : Operation 699 [2/2] (1.35ns)   --->   "%fc1_out_load_34 = load i32 34" [src/gtsrb_cnn.cpp:87]   --->   Operation 699 'load' 'fc1_out_load_34' <Predicate = (!icmp_ln83)> <Delay = 1.35> <CoreInst = "RAM_2P_BRAM">   --->   Core 94 'RAM_2P_BRAM' <Latency = 1> <II = 1> <Delay = 1.35> <Storage> <Opcode : 'load' 'store'> <Ports = 2> <Width = 32> <Depth = 64> <RAM>
ST_18 : Operation 700 [2/2] (1.35ns)   --->   "%fc1_out_load_35 = load i32 35" [src/gtsrb_cnn.cpp:87]   --->   Operation 700 'load' 'fc1_out_load_35' <Predicate = (!icmp_ln83)> <Delay = 1.35> <CoreInst = "RAM_2P_BRAM">   --->   Core 94 'RAM_2P_BRAM' <Latency = 1> <II = 1> <Delay = 1.35> <Storage> <Opcode : 'load' 'store'> <Ports = 2> <Width = 32> <Depth = 64> <RAM>

State 19 <SV = 18> <Delay = 7.30>
ST_19 : Operation 701 [1/5] (6.01ns)   --->   "%acc_1 = fadd i32 %acc, i32 %mul9" [src/gtsrb_cnn.cpp:87]   --->   Operation 701 'fadd' 'acc_1' <Predicate = (!icmp_ln83)> <Delay = 6.01> <CoreInst = "FAddSub_fulldsp">   --->   Core 18 'FAddSub_fulldsp' <Latency = 4> <II = 1> <Delay = 6.01> <FuncUnit> <Opcode : 'fadd' 'fsub'> <InPorts = 2> <OutPorts = 1>
ST_19 : Operation 702 [1/4] (4.67ns)   --->   "%mul9_5 = fmul i32 %fc1_out_load_5, i32 %bitcast_ln87_5" [src/gtsrb_cnn.cpp:87]   --->   Operation 702 'fmul' 'mul9_5' <Predicate = (!icmp_ln83)> <Delay = 4.67> <CoreInst = "FMul_maxdsp">   --->   Core 30 'FMul_maxdsp' <Latency = 3> <II = 1> <Delay = 4.67> <FuncUnit> <Opcode : 'fmul'> <InPorts = 2> <OutPorts = 1>
ST_19 : Operation 703 [2/4] (4.67ns)   --->   "%mul9_6 = fmul i32 %fc1_out_load_6, i32 %bitcast_ln87_6" [src/gtsrb_cnn.cpp:87]   --->   Operation 703 'fmul' 'mul9_6' <Predicate = (!icmp_ln83)> <Delay = 4.67> <CoreInst = "FMul_maxdsp">   --->   Core 30 'FMul_maxdsp' <Latency = 3> <II = 1> <Delay = 4.67> <FuncUnit> <Opcode : 'fmul'> <InPorts = 2> <OutPorts = 1>
ST_19 : Operation 704 [3/4] (4.67ns)   --->   "%mul9_7 = fmul i32 %fc1_out_load_7, i32 %bitcast_ln87_7" [src/gtsrb_cnn.cpp:87]   --->   Operation 704 'fmul' 'mul9_7' <Predicate = (!icmp_ln83)> <Delay = 4.67> <CoreInst = "FMul_maxdsp">   --->   Core 30 'FMul_maxdsp' <Latency = 3> <II = 1> <Delay = 4.67> <FuncUnit> <Opcode : 'fmul'> <InPorts = 2> <OutPorts = 1>
ST_19 : Operation 705 [1/1] (0.00ns)   --->   "%bitcast_ln87_8 = bitcast i32 %gmem4_addr_9_read" [src/gtsrb_cnn.cpp:87]   --->   Operation 705 'bitcast' 'bitcast_ln87_8' <Predicate = (!icmp_ln83)> <Delay = 0.00>
ST_19 : Operation 706 [4/4] (4.67ns)   --->   "%mul9_8 = fmul i32 %fc1_out_load_8, i32 %bitcast_ln87_8" [src/gtsrb_cnn.cpp:87]   --->   Operation 706 'fmul' 'mul9_8' <Predicate = (!icmp_ln83)> <Delay = 4.67> <CoreInst = "FMul_maxdsp">   --->   Core 30 'FMul_maxdsp' <Latency = 3> <II = 1> <Delay = 4.67> <FuncUnit> <Opcode : 'fmul'> <InPorts = 2> <OutPorts = 1>
ST_19 : Operation 707 [1/1] (7.30ns)   --->   "%gmem4_addr_10_read = read i32 @_ssdm_op_Read.m_axi.i32P1A, i32 %gmem4_addr_10" [src/gtsrb_cnn.cpp:87]   --->   Operation 707 'read' 'gmem4_addr_10_read' <Predicate = (!icmp_ln83)> <Delay = 7.30> <CoreInst = "m_axi">   --->   Core 121 'm_axi' <Latency = 0> <II = 1> <Delay = 1.00> <Adapter> <Opcode : 'read' 'write' 'readreq' 'writereq' 'writeresp'>
ST_19 : Operation 708 [1/7] (7.30ns)   --->   "%gmem4_load_11_req = readreq i1 @_ssdm_op_ReadReq.m_axi.i32P1A, i32 %gmem4_addr_11, i32 1" [src/gtsrb_cnn.cpp:87]   --->   Operation 708 'readreq' 'gmem4_load_11_req' <Predicate = (!icmp_ln83)> <Delay = 7.30> <CoreInst = "m_axi">   --->   Core 121 'm_axi' <Latency = 0> <II = 1> <Delay = 1.00> <Adapter> <Opcode : 'read' 'write' 'readreq' 'writereq' 'writeresp'>
ST_19 : Operation 709 [2/7] (7.30ns)   --->   "%gmem4_load_12_req = readreq i1 @_ssdm_op_ReadReq.m_axi.i32P1A, i32 %gmem4_addr_12, i32 1" [src/gtsrb_cnn.cpp:87]   --->   Operation 709 'readreq' 'gmem4_load_12_req' <Predicate = (!icmp_ln83)> <Delay = 7.30> <CoreInst = "m_axi">   --->   Core 121 'm_axi' <Latency = 0> <II = 1> <Delay = 1.00> <Adapter> <Opcode : 'read' 'write' 'readreq' 'writereq' 'writeresp'>
ST_19 : Operation 710 [3/7] (7.30ns)   --->   "%gmem4_load_13_req = readreq i1 @_ssdm_op_ReadReq.m_axi.i32P1A, i32 %gmem4_addr_13, i32 1" [src/gtsrb_cnn.cpp:87]   --->   Operation 710 'readreq' 'gmem4_load_13_req' <Predicate = (!icmp_ln83)> <Delay = 7.30> <CoreInst = "m_axi">   --->   Core 121 'm_axi' <Latency = 0> <II = 1> <Delay = 1.00> <Adapter> <Opcode : 'read' 'write' 'readreq' 'writereq' 'writeresp'>
ST_19 : Operation 711 [4/7] (7.30ns)   --->   "%gmem4_load_14_req = readreq i1 @_ssdm_op_ReadReq.m_axi.i32P1A, i32 %gmem4_addr_14, i32 1" [src/gtsrb_cnn.cpp:87]   --->   Operation 711 'readreq' 'gmem4_load_14_req' <Predicate = (!icmp_ln83)> <Delay = 7.30> <CoreInst = "m_axi">   --->   Core 121 'm_axi' <Latency = 0> <II = 1> <Delay = 1.00> <Adapter> <Opcode : 'read' 'write' 'readreq' 'writereq' 'writeresp'>
ST_19 : Operation 712 [5/7] (7.30ns)   --->   "%gmem4_load_15_req = readreq i1 @_ssdm_op_ReadReq.m_axi.i32P1A, i32 %gmem4_addr_15, i32 1" [src/gtsrb_cnn.cpp:87]   --->   Operation 712 'readreq' 'gmem4_load_15_req' <Predicate = (!icmp_ln83)> <Delay = 7.30> <CoreInst = "m_axi">   --->   Core 121 'm_axi' <Latency = 0> <II = 1> <Delay = 1.00> <Adapter> <Opcode : 'read' 'write' 'readreq' 'writereq' 'writeresp'>
ST_19 : Operation 713 [6/7] (7.30ns)   --->   "%gmem4_load_16_req = readreq i1 @_ssdm_op_ReadReq.m_axi.i32P1A, i32 %gmem4_addr_16, i32 1" [src/gtsrb_cnn.cpp:87]   --->   Operation 713 'readreq' 'gmem4_load_16_req' <Predicate = (!icmp_ln83)> <Delay = 7.30> <CoreInst = "m_axi">   --->   Core 121 'm_axi' <Latency = 0> <II = 1> <Delay = 1.00> <Adapter> <Opcode : 'read' 'write' 'readreq' 'writereq' 'writeresp'>
ST_19 : Operation 714 [7/7] (7.30ns)   --->   "%gmem4_load_17_req = readreq i1 @_ssdm_op_ReadReq.m_axi.i32P1A, i32 %gmem4_addr_17, i32 1" [src/gtsrb_cnn.cpp:87]   --->   Operation 714 'readreq' 'gmem4_load_17_req' <Predicate = (!icmp_ln83)> <Delay = 7.30> <CoreInst = "m_axi">   --->   Core 121 'm_axi' <Latency = 0> <II = 1> <Delay = 1.00> <Adapter> <Opcode : 'read' 'write' 'readreq' 'writereq' 'writeresp'>
ST_19 : Operation 715 [1/1] (0.93ns)   --->   "%add_ln87_33 = add i10 %zext_ln87_4, i10 731" [src/gtsrb_cnn.cpp:87]   --->   Operation 715 'add' 'add_ln87_33' <Predicate = (!icmp_ln83)> <Delay = 0.93> <CoreInst = "Adder">   --->   Core 1 'Adder' <Latency = 0> <II = 1> <Delay = 0.93> <FuncUnit> <Opcode : 'add' 'sub'> <InPorts = 2> <OutPorts = 1>
ST_19 : Operation 716 [1/1] (0.00ns)   --->   "%shl_ln87_14 = bitconcatenate i12 @_ssdm_op_BitConcatenate.i12.i10.i2, i10 %add_ln87_33, i2 0" [src/gtsrb_cnn.cpp:87]   --->   Operation 716 'bitconcatenate' 'shl_ln87_14' <Predicate = (!icmp_ln83)> <Delay = 0.00>
ST_19 : Operation 717 [1/1] (0.00ns)   --->   "%zext_ln87_23 = zext i12 %shl_ln87_14" [src/gtsrb_cnn.cpp:87]   --->   Operation 717 'zext' 'zext_ln87_23' <Predicate = (!icmp_ln83)> <Delay = 0.00>
ST_19 : Operation 718 [1/1] (1.47ns)   --->   "%add_ln87_34 = add i64 %zext_ln87_23, i64 %W_read" [src/gtsrb_cnn.cpp:87]   --->   Operation 718 'add' 'add_ln87_34' <Predicate = (!icmp_ln83)> <Delay = 1.47> <CoreInst = "Adder">   --->   Core 1 'Adder' <Latency = 0> <II = 1> <Delay = 1.47> <FuncUnit> <Opcode : 'add' 'sub'> <InPorts = 2> <OutPorts = 1>
ST_19 : Operation 719 [1/1] (0.00ns)   --->   "%trunc_ln87_16 = partselect i62 @_ssdm_op_PartSelect.i62.i64.i32.i32, i64 %add_ln87_34, i32 2, i32 63" [src/gtsrb_cnn.cpp:87]   --->   Operation 719 'partselect' 'trunc_ln87_16' <Predicate = (!icmp_ln83)> <Delay = 0.00>
ST_19 : Operation 720 [1/1] (0.00ns)   --->   "%sext_ln87_17 = sext i62 %trunc_ln87_16" [src/gtsrb_cnn.cpp:87]   --->   Operation 720 'sext' 'sext_ln87_17' <Predicate = (!icmp_ln83)> <Delay = 0.00>
ST_19 : Operation 721 [1/1] (0.00ns)   --->   "%gmem4_addr_18 = getelementptr i32 %gmem4, i64 %sext_ln87_17" [src/gtsrb_cnn.cpp:87]   --->   Operation 721 'getelementptr' 'gmem4_addr_18' <Predicate = (!icmp_ln83)> <Delay = 0.00>
ST_19 : Operation 722 [1/2] (1.35ns)   --->   "%fc1_out_load_34 = load i32 34" [src/gtsrb_cnn.cpp:87]   --->   Operation 722 'load' 'fc1_out_load_34' <Predicate = (!icmp_ln83)> <Delay = 1.35> <CoreInst = "RAM_2P_BRAM">   --->   Core 94 'RAM_2P_BRAM' <Latency = 1> <II = 1> <Delay = 1.35> <Storage> <Opcode : 'load' 'store'> <Ports = 2> <Width = 32> <Depth = 64> <RAM>
ST_19 : Operation 723 [1/2] (1.35ns)   --->   "%fc1_out_load_35 = load i32 35" [src/gtsrb_cnn.cpp:87]   --->   Operation 723 'load' 'fc1_out_load_35' <Predicate = (!icmp_ln83)> <Delay = 1.35> <CoreInst = "RAM_2P_BRAM">   --->   Core 94 'RAM_2P_BRAM' <Latency = 1> <II = 1> <Delay = 1.35> <Storage> <Opcode : 'load' 'store'> <Ports = 2> <Width = 32> <Depth = 64> <RAM>
ST_19 : Operation 724 [2/2] (1.35ns)   --->   "%fc1_out_load_36 = load i32 36" [src/gtsrb_cnn.cpp:87]   --->   Operation 724 'load' 'fc1_out_load_36' <Predicate = (!icmp_ln83)> <Delay = 1.35> <CoreInst = "RAM_2P_BRAM">   --->   Core 94 'RAM_2P_BRAM' <Latency = 1> <II = 1> <Delay = 1.35> <Storage> <Opcode : 'load' 'store'> <Ports = 2> <Width = 32> <Depth = 64> <RAM>
ST_19 : Operation 725 [2/2] (1.35ns)   --->   "%fc1_out_load_37 = load i32 37" [src/gtsrb_cnn.cpp:87]   --->   Operation 725 'load' 'fc1_out_load_37' <Predicate = (!icmp_ln83)> <Delay = 1.35> <CoreInst = "RAM_2P_BRAM">   --->   Core 94 'RAM_2P_BRAM' <Latency = 1> <II = 1> <Delay = 1.35> <Storage> <Opcode : 'load' 'store'> <Ports = 2> <Width = 32> <Depth = 64> <RAM>

State 20 <SV = 19> <Delay = 7.30>
ST_20 : Operation 726 [5/5] (6.01ns)   --->   "%acc_1_1 = fadd i32 %acc_1, i32 %mul9_1" [src/gtsrb_cnn.cpp:87]   --->   Operation 726 'fadd' 'acc_1_1' <Predicate = (!icmp_ln83)> <Delay = 6.01> <CoreInst = "FAddSub_fulldsp">   --->   Core 18 'FAddSub_fulldsp' <Latency = 4> <II = 1> <Delay = 6.01> <FuncUnit> <Opcode : 'fadd' 'fsub'> <InPorts = 2> <OutPorts = 1>
ST_20 : Operation 727 [1/4] (4.67ns)   --->   "%mul9_6 = fmul i32 %fc1_out_load_6, i32 %bitcast_ln87_6" [src/gtsrb_cnn.cpp:87]   --->   Operation 727 'fmul' 'mul9_6' <Predicate = (!icmp_ln83)> <Delay = 4.67> <CoreInst = "FMul_maxdsp">   --->   Core 30 'FMul_maxdsp' <Latency = 3> <II = 1> <Delay = 4.67> <FuncUnit> <Opcode : 'fmul'> <InPorts = 2> <OutPorts = 1>
ST_20 : Operation 728 [2/4] (4.67ns)   --->   "%mul9_7 = fmul i32 %fc1_out_load_7, i32 %bitcast_ln87_7" [src/gtsrb_cnn.cpp:87]   --->   Operation 728 'fmul' 'mul9_7' <Predicate = (!icmp_ln83)> <Delay = 4.67> <CoreInst = "FMul_maxdsp">   --->   Core 30 'FMul_maxdsp' <Latency = 3> <II = 1> <Delay = 4.67> <FuncUnit> <Opcode : 'fmul'> <InPorts = 2> <OutPorts = 1>
ST_20 : Operation 729 [3/4] (4.67ns)   --->   "%mul9_8 = fmul i32 %fc1_out_load_8, i32 %bitcast_ln87_8" [src/gtsrb_cnn.cpp:87]   --->   Operation 729 'fmul' 'mul9_8' <Predicate = (!icmp_ln83)> <Delay = 4.67> <CoreInst = "FMul_maxdsp">   --->   Core 30 'FMul_maxdsp' <Latency = 3> <II = 1> <Delay = 4.67> <FuncUnit> <Opcode : 'fmul'> <InPorts = 2> <OutPorts = 1>
ST_20 : Operation 730 [1/1] (0.00ns)   --->   "%bitcast_ln87_9 = bitcast i32 %gmem4_addr_10_read" [src/gtsrb_cnn.cpp:87]   --->   Operation 730 'bitcast' 'bitcast_ln87_9' <Predicate = (!icmp_ln83)> <Delay = 0.00>
ST_20 : Operation 731 [4/4] (4.67ns)   --->   "%mul9_9 = fmul i32 %fc1_out_load_9, i32 %bitcast_ln87_9" [src/gtsrb_cnn.cpp:87]   --->   Operation 731 'fmul' 'mul9_9' <Predicate = (!icmp_ln83)> <Delay = 4.67> <CoreInst = "FMul_maxdsp">   --->   Core 30 'FMul_maxdsp' <Latency = 3> <II = 1> <Delay = 4.67> <FuncUnit> <Opcode : 'fmul'> <InPorts = 2> <OutPorts = 1>
ST_20 : Operation 732 [1/1] (7.30ns)   --->   "%gmem4_addr_11_read = read i32 @_ssdm_op_Read.m_axi.i32P1A, i32 %gmem4_addr_11" [src/gtsrb_cnn.cpp:87]   --->   Operation 732 'read' 'gmem4_addr_11_read' <Predicate = (!icmp_ln83)> <Delay = 7.30> <CoreInst = "m_axi">   --->   Core 121 'm_axi' <Latency = 0> <II = 1> <Delay = 1.00> <Adapter> <Opcode : 'read' 'write' 'readreq' 'writereq' 'writeresp'>
ST_20 : Operation 733 [1/7] (7.30ns)   --->   "%gmem4_load_12_req = readreq i1 @_ssdm_op_ReadReq.m_axi.i32P1A, i32 %gmem4_addr_12, i32 1" [src/gtsrb_cnn.cpp:87]   --->   Operation 733 'readreq' 'gmem4_load_12_req' <Predicate = (!icmp_ln83)> <Delay = 7.30> <CoreInst = "m_axi">   --->   Core 121 'm_axi' <Latency = 0> <II = 1> <Delay = 1.00> <Adapter> <Opcode : 'read' 'write' 'readreq' 'writereq' 'writeresp'>
ST_20 : Operation 734 [2/7] (7.30ns)   --->   "%gmem4_load_13_req = readreq i1 @_ssdm_op_ReadReq.m_axi.i32P1A, i32 %gmem4_addr_13, i32 1" [src/gtsrb_cnn.cpp:87]   --->   Operation 734 'readreq' 'gmem4_load_13_req' <Predicate = (!icmp_ln83)> <Delay = 7.30> <CoreInst = "m_axi">   --->   Core 121 'm_axi' <Latency = 0> <II = 1> <Delay = 1.00> <Adapter> <Opcode : 'read' 'write' 'readreq' 'writereq' 'writeresp'>
ST_20 : Operation 735 [3/7] (7.30ns)   --->   "%gmem4_load_14_req = readreq i1 @_ssdm_op_ReadReq.m_axi.i32P1A, i32 %gmem4_addr_14, i32 1" [src/gtsrb_cnn.cpp:87]   --->   Operation 735 'readreq' 'gmem4_load_14_req' <Predicate = (!icmp_ln83)> <Delay = 7.30> <CoreInst = "m_axi">   --->   Core 121 'm_axi' <Latency = 0> <II = 1> <Delay = 1.00> <Adapter> <Opcode : 'read' 'write' 'readreq' 'writereq' 'writeresp'>
ST_20 : Operation 736 [4/7] (7.30ns)   --->   "%gmem4_load_15_req = readreq i1 @_ssdm_op_ReadReq.m_axi.i32P1A, i32 %gmem4_addr_15, i32 1" [src/gtsrb_cnn.cpp:87]   --->   Operation 736 'readreq' 'gmem4_load_15_req' <Predicate = (!icmp_ln83)> <Delay = 7.30> <CoreInst = "m_axi">   --->   Core 121 'm_axi' <Latency = 0> <II = 1> <Delay = 1.00> <Adapter> <Opcode : 'read' 'write' 'readreq' 'writereq' 'writeresp'>
ST_20 : Operation 737 [5/7] (7.30ns)   --->   "%gmem4_load_16_req = readreq i1 @_ssdm_op_ReadReq.m_axi.i32P1A, i32 %gmem4_addr_16, i32 1" [src/gtsrb_cnn.cpp:87]   --->   Operation 737 'readreq' 'gmem4_load_16_req' <Predicate = (!icmp_ln83)> <Delay = 7.30> <CoreInst = "m_axi">   --->   Core 121 'm_axi' <Latency = 0> <II = 1> <Delay = 1.00> <Adapter> <Opcode : 'read' 'write' 'readreq' 'writereq' 'writeresp'>
ST_20 : Operation 738 [6/7] (7.30ns)   --->   "%gmem4_load_17_req = readreq i1 @_ssdm_op_ReadReq.m_axi.i32P1A, i32 %gmem4_addr_17, i32 1" [src/gtsrb_cnn.cpp:87]   --->   Operation 738 'readreq' 'gmem4_load_17_req' <Predicate = (!icmp_ln83)> <Delay = 7.30> <CoreInst = "m_axi">   --->   Core 121 'm_axi' <Latency = 0> <II = 1> <Delay = 1.00> <Adapter> <Opcode : 'read' 'write' 'readreq' 'writereq' 'writeresp'>
ST_20 : Operation 739 [7/7] (7.30ns)   --->   "%gmem4_load_18_req = readreq i1 @_ssdm_op_ReadReq.m_axi.i32P1A, i32 %gmem4_addr_18, i32 1" [src/gtsrb_cnn.cpp:87]   --->   Operation 739 'readreq' 'gmem4_load_18_req' <Predicate = (!icmp_ln83)> <Delay = 7.30> <CoreInst = "m_axi">   --->   Core 121 'm_axi' <Latency = 0> <II = 1> <Delay = 1.00> <Adapter> <Opcode : 'read' 'write' 'readreq' 'writereq' 'writeresp'>
ST_20 : Operation 740 [1/1] (0.92ns)   --->   "%add_ln87_35 = add i9 %zext_ln87_3, i9 262" [src/gtsrb_cnn.cpp:87]   --->   Operation 740 'add' 'add_ln87_35' <Predicate = (!icmp_ln83)> <Delay = 0.92> <CoreInst = "Adder">   --->   Core 1 'Adder' <Latency = 0> <II = 1> <Delay = 0.92> <FuncUnit> <Opcode : 'add' 'sub'> <InPorts = 2> <OutPorts = 1>
ST_20 : Operation 741 [1/1] (0.00ns)   --->   "%tmp_6 = bitconcatenate i11 @_ssdm_op_BitConcatenate.i11.i9.i2, i9 %add_ln87_35, i2 0" [src/gtsrb_cnn.cpp:87]   --->   Operation 741 'bitconcatenate' 'tmp_6' <Predicate = (!icmp_ln83)> <Delay = 0.00>
ST_20 : Operation 742 [1/1] (0.00ns)   --->   "%sext_ln87_66 = sext i11 %tmp_6" [src/gtsrb_cnn.cpp:87]   --->   Operation 742 'sext' 'sext_ln87_66' <Predicate = (!icmp_ln83)> <Delay = 0.00>
ST_20 : Operation 743 [1/1] (0.00ns)   --->   "%zext_ln87_24 = zext i12 %sext_ln87_66" [src/gtsrb_cnn.cpp:87]   --->   Operation 743 'zext' 'zext_ln87_24' <Predicate = (!icmp_ln83)> <Delay = 0.00>
ST_20 : Operation 744 [1/1] (1.47ns)   --->   "%add_ln87_36 = add i64 %zext_ln87_24, i64 %W_read" [src/gtsrb_cnn.cpp:87]   --->   Operation 744 'add' 'add_ln87_36' <Predicate = (!icmp_ln83)> <Delay = 1.47> <CoreInst = "Adder">   --->   Core 1 'Adder' <Latency = 0> <II = 1> <Delay = 1.47> <FuncUnit> <Opcode : 'add' 'sub'> <InPorts = 2> <OutPorts = 1>
ST_20 : Operation 745 [1/1] (0.00ns)   --->   "%trunc_ln87_17 = partselect i62 @_ssdm_op_PartSelect.i62.i64.i32.i32, i64 %add_ln87_36, i32 2, i32 63" [src/gtsrb_cnn.cpp:87]   --->   Operation 745 'partselect' 'trunc_ln87_17' <Predicate = (!icmp_ln83)> <Delay = 0.00>
ST_20 : Operation 746 [1/1] (0.00ns)   --->   "%sext_ln87_18 = sext i62 %trunc_ln87_17" [src/gtsrb_cnn.cpp:87]   --->   Operation 746 'sext' 'sext_ln87_18' <Predicate = (!icmp_ln83)> <Delay = 0.00>
ST_20 : Operation 747 [1/1] (0.00ns)   --->   "%gmem4_addr_19 = getelementptr i32 %gmem4, i64 %sext_ln87_18" [src/gtsrb_cnn.cpp:87]   --->   Operation 747 'getelementptr' 'gmem4_addr_19' <Predicate = (!icmp_ln83)> <Delay = 0.00>
ST_20 : Operation 748 [1/2] (1.35ns)   --->   "%fc1_out_load_36 = load i32 36" [src/gtsrb_cnn.cpp:87]   --->   Operation 748 'load' 'fc1_out_load_36' <Predicate = (!icmp_ln83)> <Delay = 1.35> <CoreInst = "RAM_2P_BRAM">   --->   Core 94 'RAM_2P_BRAM' <Latency = 1> <II = 1> <Delay = 1.35> <Storage> <Opcode : 'load' 'store'> <Ports = 2> <Width = 32> <Depth = 64> <RAM>
ST_20 : Operation 749 [1/2] (1.35ns)   --->   "%fc1_out_load_37 = load i32 37" [src/gtsrb_cnn.cpp:87]   --->   Operation 749 'load' 'fc1_out_load_37' <Predicate = (!icmp_ln83)> <Delay = 1.35> <CoreInst = "RAM_2P_BRAM">   --->   Core 94 'RAM_2P_BRAM' <Latency = 1> <II = 1> <Delay = 1.35> <Storage> <Opcode : 'load' 'store'> <Ports = 2> <Width = 32> <Depth = 64> <RAM>
ST_20 : Operation 750 [2/2] (1.35ns)   --->   "%fc1_out_load_38 = load i32 38" [src/gtsrb_cnn.cpp:87]   --->   Operation 750 'load' 'fc1_out_load_38' <Predicate = (!icmp_ln83)> <Delay = 1.35> <CoreInst = "RAM_2P_BRAM">   --->   Core 94 'RAM_2P_BRAM' <Latency = 1> <II = 1> <Delay = 1.35> <Storage> <Opcode : 'load' 'store'> <Ports = 2> <Width = 32> <Depth = 64> <RAM>
ST_20 : Operation 751 [2/2] (1.35ns)   --->   "%fc1_out_load_39 = load i32 39" [src/gtsrb_cnn.cpp:87]   --->   Operation 751 'load' 'fc1_out_load_39' <Predicate = (!icmp_ln83)> <Delay = 1.35> <CoreInst = "RAM_2P_BRAM">   --->   Core 94 'RAM_2P_BRAM' <Latency = 1> <II = 1> <Delay = 1.35> <Storage> <Opcode : 'load' 'store'> <Ports = 2> <Width = 32> <Depth = 64> <RAM>

State 21 <SV = 20> <Delay = 7.30>
ST_21 : Operation 752 [4/5] (6.01ns)   --->   "%acc_1_1 = fadd i32 %acc_1, i32 %mul9_1" [src/gtsrb_cnn.cpp:87]   --->   Operation 752 'fadd' 'acc_1_1' <Predicate = (!icmp_ln83)> <Delay = 6.01> <CoreInst = "FAddSub_fulldsp">   --->   Core 18 'FAddSub_fulldsp' <Latency = 4> <II = 1> <Delay = 6.01> <FuncUnit> <Opcode : 'fadd' 'fsub'> <InPorts = 2> <OutPorts = 1>
ST_21 : Operation 753 [1/4] (4.67ns)   --->   "%mul9_7 = fmul i32 %fc1_out_load_7, i32 %bitcast_ln87_7" [src/gtsrb_cnn.cpp:87]   --->   Operation 753 'fmul' 'mul9_7' <Predicate = (!icmp_ln83)> <Delay = 4.67> <CoreInst = "FMul_maxdsp">   --->   Core 30 'FMul_maxdsp' <Latency = 3> <II = 1> <Delay = 4.67> <FuncUnit> <Opcode : 'fmul'> <InPorts = 2> <OutPorts = 1>
ST_21 : Operation 754 [2/4] (4.67ns)   --->   "%mul9_8 = fmul i32 %fc1_out_load_8, i32 %bitcast_ln87_8" [src/gtsrb_cnn.cpp:87]   --->   Operation 754 'fmul' 'mul9_8' <Predicate = (!icmp_ln83)> <Delay = 4.67> <CoreInst = "FMul_maxdsp">   --->   Core 30 'FMul_maxdsp' <Latency = 3> <II = 1> <Delay = 4.67> <FuncUnit> <Opcode : 'fmul'> <InPorts = 2> <OutPorts = 1>
ST_21 : Operation 755 [3/4] (4.67ns)   --->   "%mul9_9 = fmul i32 %fc1_out_load_9, i32 %bitcast_ln87_9" [src/gtsrb_cnn.cpp:87]   --->   Operation 755 'fmul' 'mul9_9' <Predicate = (!icmp_ln83)> <Delay = 4.67> <CoreInst = "FMul_maxdsp">   --->   Core 30 'FMul_maxdsp' <Latency = 3> <II = 1> <Delay = 4.67> <FuncUnit> <Opcode : 'fmul'> <InPorts = 2> <OutPorts = 1>
ST_21 : Operation 756 [1/1] (0.00ns)   --->   "%bitcast_ln87_10 = bitcast i32 %gmem4_addr_11_read" [src/gtsrb_cnn.cpp:87]   --->   Operation 756 'bitcast' 'bitcast_ln87_10' <Predicate = (!icmp_ln83)> <Delay = 0.00>
ST_21 : Operation 757 [4/4] (4.67ns)   --->   "%mul9_s = fmul i32 %fc1_out_load_10, i32 %bitcast_ln87_10" [src/gtsrb_cnn.cpp:87]   --->   Operation 757 'fmul' 'mul9_s' <Predicate = (!icmp_ln83)> <Delay = 4.67> <CoreInst = "FMul_maxdsp">   --->   Core 30 'FMul_maxdsp' <Latency = 3> <II = 1> <Delay = 4.67> <FuncUnit> <Opcode : 'fmul'> <InPorts = 2> <OutPorts = 1>
ST_21 : Operation 758 [1/1] (7.30ns)   --->   "%gmem4_addr_12_read = read i32 @_ssdm_op_Read.m_axi.i32P1A, i32 %gmem4_addr_12" [src/gtsrb_cnn.cpp:87]   --->   Operation 758 'read' 'gmem4_addr_12_read' <Predicate = (!icmp_ln83)> <Delay = 7.30> <CoreInst = "m_axi">   --->   Core 121 'm_axi' <Latency = 0> <II = 1> <Delay = 1.00> <Adapter> <Opcode : 'read' 'write' 'readreq' 'writereq' 'writeresp'>
ST_21 : Operation 759 [1/7] (7.30ns)   --->   "%gmem4_load_13_req = readreq i1 @_ssdm_op_ReadReq.m_axi.i32P1A, i32 %gmem4_addr_13, i32 1" [src/gtsrb_cnn.cpp:87]   --->   Operation 759 'readreq' 'gmem4_load_13_req' <Predicate = (!icmp_ln83)> <Delay = 7.30> <CoreInst = "m_axi">   --->   Core 121 'm_axi' <Latency = 0> <II = 1> <Delay = 1.00> <Adapter> <Opcode : 'read' 'write' 'readreq' 'writereq' 'writeresp'>
ST_21 : Operation 760 [2/7] (7.30ns)   --->   "%gmem4_load_14_req = readreq i1 @_ssdm_op_ReadReq.m_axi.i32P1A, i32 %gmem4_addr_14, i32 1" [src/gtsrb_cnn.cpp:87]   --->   Operation 760 'readreq' 'gmem4_load_14_req' <Predicate = (!icmp_ln83)> <Delay = 7.30> <CoreInst = "m_axi">   --->   Core 121 'm_axi' <Latency = 0> <II = 1> <Delay = 1.00> <Adapter> <Opcode : 'read' 'write' 'readreq' 'writereq' 'writeresp'>
ST_21 : Operation 761 [3/7] (7.30ns)   --->   "%gmem4_load_15_req = readreq i1 @_ssdm_op_ReadReq.m_axi.i32P1A, i32 %gmem4_addr_15, i32 1" [src/gtsrb_cnn.cpp:87]   --->   Operation 761 'readreq' 'gmem4_load_15_req' <Predicate = (!icmp_ln83)> <Delay = 7.30> <CoreInst = "m_axi">   --->   Core 121 'm_axi' <Latency = 0> <II = 1> <Delay = 1.00> <Adapter> <Opcode : 'read' 'write' 'readreq' 'writereq' 'writeresp'>
ST_21 : Operation 762 [4/7] (7.30ns)   --->   "%gmem4_load_16_req = readreq i1 @_ssdm_op_ReadReq.m_axi.i32P1A, i32 %gmem4_addr_16, i32 1" [src/gtsrb_cnn.cpp:87]   --->   Operation 762 'readreq' 'gmem4_load_16_req' <Predicate = (!icmp_ln83)> <Delay = 7.30> <CoreInst = "m_axi">   --->   Core 121 'm_axi' <Latency = 0> <II = 1> <Delay = 1.00> <Adapter> <Opcode : 'read' 'write' 'readreq' 'writereq' 'writeresp'>
ST_21 : Operation 763 [5/7] (7.30ns)   --->   "%gmem4_load_17_req = readreq i1 @_ssdm_op_ReadReq.m_axi.i32P1A, i32 %gmem4_addr_17, i32 1" [src/gtsrb_cnn.cpp:87]   --->   Operation 763 'readreq' 'gmem4_load_17_req' <Predicate = (!icmp_ln83)> <Delay = 7.30> <CoreInst = "m_axi">   --->   Core 121 'm_axi' <Latency = 0> <II = 1> <Delay = 1.00> <Adapter> <Opcode : 'read' 'write' 'readreq' 'writereq' 'writeresp'>
ST_21 : Operation 764 [6/7] (7.30ns)   --->   "%gmem4_load_18_req = readreq i1 @_ssdm_op_ReadReq.m_axi.i32P1A, i32 %gmem4_addr_18, i32 1" [src/gtsrb_cnn.cpp:87]   --->   Operation 764 'readreq' 'gmem4_load_18_req' <Predicate = (!icmp_ln83)> <Delay = 7.30> <CoreInst = "m_axi">   --->   Core 121 'm_axi' <Latency = 0> <II = 1> <Delay = 1.00> <Adapter> <Opcode : 'read' 'write' 'readreq' 'writereq' 'writeresp'>
ST_21 : Operation 765 [7/7] (7.30ns)   --->   "%gmem4_load_19_req = readreq i1 @_ssdm_op_ReadReq.m_axi.i32P1A, i32 %gmem4_addr_19, i32 1" [src/gtsrb_cnn.cpp:87]   --->   Operation 765 'readreq' 'gmem4_load_19_req' <Predicate = (!icmp_ln83)> <Delay = 7.30> <CoreInst = "m_axi">   --->   Core 121 'm_axi' <Latency = 0> <II = 1> <Delay = 1.00> <Adapter> <Opcode : 'read' 'write' 'readreq' 'writereq' 'writeresp'>
ST_21 : Operation 766 [1/1] (0.92ns)   --->   "%add_ln87_37 = add i9 %zext_ln87_3, i9 305" [src/gtsrb_cnn.cpp:87]   --->   Operation 766 'add' 'add_ln87_37' <Predicate = (!icmp_ln83)> <Delay = 0.92> <CoreInst = "Adder">   --->   Core 1 'Adder' <Latency = 0> <II = 1> <Delay = 0.92> <FuncUnit> <Opcode : 'add' 'sub'> <InPorts = 2> <OutPorts = 1>
ST_21 : Operation 767 [1/1] (0.00ns)   --->   "%tmp_7 = bitconcatenate i11 @_ssdm_op_BitConcatenate.i11.i9.i2, i9 %add_ln87_37, i2 0" [src/gtsrb_cnn.cpp:87]   --->   Operation 767 'bitconcatenate' 'tmp_7' <Predicate = (!icmp_ln83)> <Delay = 0.00>
ST_21 : Operation 768 [1/1] (0.00ns)   --->   "%sext_ln87_67 = sext i11 %tmp_7" [src/gtsrb_cnn.cpp:87]   --->   Operation 768 'sext' 'sext_ln87_67' <Predicate = (!icmp_ln83)> <Delay = 0.00>
ST_21 : Operation 769 [1/1] (0.00ns)   --->   "%zext_ln87_25 = zext i12 %sext_ln87_67" [src/gtsrb_cnn.cpp:87]   --->   Operation 769 'zext' 'zext_ln87_25' <Predicate = (!icmp_ln83)> <Delay = 0.00>
ST_21 : Operation 770 [1/1] (1.47ns)   --->   "%add_ln87_38 = add i64 %zext_ln87_25, i64 %W_read" [src/gtsrb_cnn.cpp:87]   --->   Operation 770 'add' 'add_ln87_38' <Predicate = (!icmp_ln83)> <Delay = 1.47> <CoreInst = "Adder">   --->   Core 1 'Adder' <Latency = 0> <II = 1> <Delay = 1.47> <FuncUnit> <Opcode : 'add' 'sub'> <InPorts = 2> <OutPorts = 1>
ST_21 : Operation 771 [1/1] (0.00ns)   --->   "%trunc_ln87_18 = partselect i62 @_ssdm_op_PartSelect.i62.i64.i32.i32, i64 %add_ln87_38, i32 2, i32 63" [src/gtsrb_cnn.cpp:87]   --->   Operation 771 'partselect' 'trunc_ln87_18' <Predicate = (!icmp_ln83)> <Delay = 0.00>
ST_21 : Operation 772 [1/1] (0.00ns)   --->   "%sext_ln87_19 = sext i62 %trunc_ln87_18" [src/gtsrb_cnn.cpp:87]   --->   Operation 772 'sext' 'sext_ln87_19' <Predicate = (!icmp_ln83)> <Delay = 0.00>
ST_21 : Operation 773 [1/1] (0.00ns)   --->   "%gmem4_addr_20 = getelementptr i32 %gmem4, i64 %sext_ln87_19" [src/gtsrb_cnn.cpp:87]   --->   Operation 773 'getelementptr' 'gmem4_addr_20' <Predicate = (!icmp_ln83)> <Delay = 0.00>
ST_21 : Operation 774 [1/2] (1.35ns)   --->   "%fc1_out_load_38 = load i32 38" [src/gtsrb_cnn.cpp:87]   --->   Operation 774 'load' 'fc1_out_load_38' <Predicate = (!icmp_ln83)> <Delay = 1.35> <CoreInst = "RAM_2P_BRAM">   --->   Core 94 'RAM_2P_BRAM' <Latency = 1> <II = 1> <Delay = 1.35> <Storage> <Opcode : 'load' 'store'> <Ports = 2> <Width = 32> <Depth = 64> <RAM>
ST_21 : Operation 775 [1/2] (1.35ns)   --->   "%fc1_out_load_39 = load i32 39" [src/gtsrb_cnn.cpp:87]   --->   Operation 775 'load' 'fc1_out_load_39' <Predicate = (!icmp_ln83)> <Delay = 1.35> <CoreInst = "RAM_2P_BRAM">   --->   Core 94 'RAM_2P_BRAM' <Latency = 1> <II = 1> <Delay = 1.35> <Storage> <Opcode : 'load' 'store'> <Ports = 2> <Width = 32> <Depth = 64> <RAM>
ST_21 : Operation 776 [2/2] (1.35ns)   --->   "%fc1_out_load_40 = load i32 40" [src/gtsrb_cnn.cpp:87]   --->   Operation 776 'load' 'fc1_out_load_40' <Predicate = (!icmp_ln83)> <Delay = 1.35> <CoreInst = "RAM_2P_BRAM">   --->   Core 94 'RAM_2P_BRAM' <Latency = 1> <II = 1> <Delay = 1.35> <Storage> <Opcode : 'load' 'store'> <Ports = 2> <Width = 32> <Depth = 64> <RAM>
ST_21 : Operation 777 [2/2] (1.35ns)   --->   "%fc1_out_load_41 = load i32 41" [src/gtsrb_cnn.cpp:87]   --->   Operation 777 'load' 'fc1_out_load_41' <Predicate = (!icmp_ln83)> <Delay = 1.35> <CoreInst = "RAM_2P_BRAM">   --->   Core 94 'RAM_2P_BRAM' <Latency = 1> <II = 1> <Delay = 1.35> <Storage> <Opcode : 'load' 'store'> <Ports = 2> <Width = 32> <Depth = 64> <RAM>

State 22 <SV = 21> <Delay = 7.30>
ST_22 : Operation 778 [3/5] (6.01ns)   --->   "%acc_1_1 = fadd i32 %acc_1, i32 %mul9_1" [src/gtsrb_cnn.cpp:87]   --->   Operation 778 'fadd' 'acc_1_1' <Predicate = (!icmp_ln83)> <Delay = 6.01> <CoreInst = "FAddSub_fulldsp">   --->   Core 18 'FAddSub_fulldsp' <Latency = 4> <II = 1> <Delay = 6.01> <FuncUnit> <Opcode : 'fadd' 'fsub'> <InPorts = 2> <OutPorts = 1>
ST_22 : Operation 779 [1/4] (4.67ns)   --->   "%mul9_8 = fmul i32 %fc1_out_load_8, i32 %bitcast_ln87_8" [src/gtsrb_cnn.cpp:87]   --->   Operation 779 'fmul' 'mul9_8' <Predicate = (!icmp_ln83)> <Delay = 4.67> <CoreInst = "FMul_maxdsp">   --->   Core 30 'FMul_maxdsp' <Latency = 3> <II = 1> <Delay = 4.67> <FuncUnit> <Opcode : 'fmul'> <InPorts = 2> <OutPorts = 1>
ST_22 : Operation 780 [2/4] (4.67ns)   --->   "%mul9_9 = fmul i32 %fc1_out_load_9, i32 %bitcast_ln87_9" [src/gtsrb_cnn.cpp:87]   --->   Operation 780 'fmul' 'mul9_9' <Predicate = (!icmp_ln83)> <Delay = 4.67> <CoreInst = "FMul_maxdsp">   --->   Core 30 'FMul_maxdsp' <Latency = 3> <II = 1> <Delay = 4.67> <FuncUnit> <Opcode : 'fmul'> <InPorts = 2> <OutPorts = 1>
ST_22 : Operation 781 [3/4] (4.67ns)   --->   "%mul9_s = fmul i32 %fc1_out_load_10, i32 %bitcast_ln87_10" [src/gtsrb_cnn.cpp:87]   --->   Operation 781 'fmul' 'mul9_s' <Predicate = (!icmp_ln83)> <Delay = 4.67> <CoreInst = "FMul_maxdsp">   --->   Core 30 'FMul_maxdsp' <Latency = 3> <II = 1> <Delay = 4.67> <FuncUnit> <Opcode : 'fmul'> <InPorts = 2> <OutPorts = 1>
ST_22 : Operation 782 [1/1] (0.00ns)   --->   "%bitcast_ln87_11 = bitcast i32 %gmem4_addr_12_read" [src/gtsrb_cnn.cpp:87]   --->   Operation 782 'bitcast' 'bitcast_ln87_11' <Predicate = (!icmp_ln83)> <Delay = 0.00>
ST_22 : Operation 783 [4/4] (4.67ns)   --->   "%mul9_10 = fmul i32 %fc1_out_load_11, i32 %bitcast_ln87_11" [src/gtsrb_cnn.cpp:87]   --->   Operation 783 'fmul' 'mul9_10' <Predicate = (!icmp_ln83)> <Delay = 4.67> <CoreInst = "FMul_maxdsp">   --->   Core 30 'FMul_maxdsp' <Latency = 3> <II = 1> <Delay = 4.67> <FuncUnit> <Opcode : 'fmul'> <InPorts = 2> <OutPorts = 1>
ST_22 : Operation 784 [1/1] (7.30ns)   --->   "%gmem4_addr_13_read = read i32 @_ssdm_op_Read.m_axi.i32P1A, i32 %gmem4_addr_13" [src/gtsrb_cnn.cpp:87]   --->   Operation 784 'read' 'gmem4_addr_13_read' <Predicate = (!icmp_ln83)> <Delay = 7.30> <CoreInst = "m_axi">   --->   Core 121 'm_axi' <Latency = 0> <II = 1> <Delay = 1.00> <Adapter> <Opcode : 'read' 'write' 'readreq' 'writereq' 'writeresp'>
ST_22 : Operation 785 [1/7] (7.30ns)   --->   "%gmem4_load_14_req = readreq i1 @_ssdm_op_ReadReq.m_axi.i32P1A, i32 %gmem4_addr_14, i32 1" [src/gtsrb_cnn.cpp:87]   --->   Operation 785 'readreq' 'gmem4_load_14_req' <Predicate = (!icmp_ln83)> <Delay = 7.30> <CoreInst = "m_axi">   --->   Core 121 'm_axi' <Latency = 0> <II = 1> <Delay = 1.00> <Adapter> <Opcode : 'read' 'write' 'readreq' 'writereq' 'writeresp'>
ST_22 : Operation 786 [2/7] (7.30ns)   --->   "%gmem4_load_15_req = readreq i1 @_ssdm_op_ReadReq.m_axi.i32P1A, i32 %gmem4_addr_15, i32 1" [src/gtsrb_cnn.cpp:87]   --->   Operation 786 'readreq' 'gmem4_load_15_req' <Predicate = (!icmp_ln83)> <Delay = 7.30> <CoreInst = "m_axi">   --->   Core 121 'm_axi' <Latency = 0> <II = 1> <Delay = 1.00> <Adapter> <Opcode : 'read' 'write' 'readreq' 'writereq' 'writeresp'>
ST_22 : Operation 787 [3/7] (7.30ns)   --->   "%gmem4_load_16_req = readreq i1 @_ssdm_op_ReadReq.m_axi.i32P1A, i32 %gmem4_addr_16, i32 1" [src/gtsrb_cnn.cpp:87]   --->   Operation 787 'readreq' 'gmem4_load_16_req' <Predicate = (!icmp_ln83)> <Delay = 7.30> <CoreInst = "m_axi">   --->   Core 121 'm_axi' <Latency = 0> <II = 1> <Delay = 1.00> <Adapter> <Opcode : 'read' 'write' 'readreq' 'writereq' 'writeresp'>
ST_22 : Operation 788 [4/7] (7.30ns)   --->   "%gmem4_load_17_req = readreq i1 @_ssdm_op_ReadReq.m_axi.i32P1A, i32 %gmem4_addr_17, i32 1" [src/gtsrb_cnn.cpp:87]   --->   Operation 788 'readreq' 'gmem4_load_17_req' <Predicate = (!icmp_ln83)> <Delay = 7.30> <CoreInst = "m_axi">   --->   Core 121 'm_axi' <Latency = 0> <II = 1> <Delay = 1.00> <Adapter> <Opcode : 'read' 'write' 'readreq' 'writereq' 'writeresp'>
ST_22 : Operation 789 [5/7] (7.30ns)   --->   "%gmem4_load_18_req = readreq i1 @_ssdm_op_ReadReq.m_axi.i32P1A, i32 %gmem4_addr_18, i32 1" [src/gtsrb_cnn.cpp:87]   --->   Operation 789 'readreq' 'gmem4_load_18_req' <Predicate = (!icmp_ln83)> <Delay = 7.30> <CoreInst = "m_axi">   --->   Core 121 'm_axi' <Latency = 0> <II = 1> <Delay = 1.00> <Adapter> <Opcode : 'read' 'write' 'readreq' 'writereq' 'writeresp'>
ST_22 : Operation 790 [6/7] (7.30ns)   --->   "%gmem4_load_19_req = readreq i1 @_ssdm_op_ReadReq.m_axi.i32P1A, i32 %gmem4_addr_19, i32 1" [src/gtsrb_cnn.cpp:87]   --->   Operation 790 'readreq' 'gmem4_load_19_req' <Predicate = (!icmp_ln83)> <Delay = 7.30> <CoreInst = "m_axi">   --->   Core 121 'm_axi' <Latency = 0> <II = 1> <Delay = 1.00> <Adapter> <Opcode : 'read' 'write' 'readreq' 'writereq' 'writeresp'>
ST_22 : Operation 791 [7/7] (7.30ns)   --->   "%gmem4_load_20_req = readreq i1 @_ssdm_op_ReadReq.m_axi.i32P1A, i32 %gmem4_addr_20, i32 1" [src/gtsrb_cnn.cpp:87]   --->   Operation 791 'readreq' 'gmem4_load_20_req' <Predicate = (!icmp_ln83)> <Delay = 7.30> <CoreInst = "m_axi">   --->   Core 121 'm_axi' <Latency = 0> <II = 1> <Delay = 1.00> <Adapter> <Opcode : 'read' 'write' 'readreq' 'writereq' 'writeresp'>
ST_22 : Operation 792 [1/1] (0.92ns)   --->   "%add_ln87_39 = add i9 %zext_ln87_3, i9 348" [src/gtsrb_cnn.cpp:87]   --->   Operation 792 'add' 'add_ln87_39' <Predicate = (!icmp_ln83)> <Delay = 0.92> <CoreInst = "Adder">   --->   Core 1 'Adder' <Latency = 0> <II = 1> <Delay = 0.92> <FuncUnit> <Opcode : 'add' 'sub'> <InPorts = 2> <OutPorts = 1>
ST_22 : Operation 793 [1/1] (0.00ns)   --->   "%tmp_8 = bitconcatenate i11 @_ssdm_op_BitConcatenate.i11.i9.i2, i9 %add_ln87_39, i2 0" [src/gtsrb_cnn.cpp:87]   --->   Operation 793 'bitconcatenate' 'tmp_8' <Predicate = (!icmp_ln83)> <Delay = 0.00>
ST_22 : Operation 794 [1/1] (0.00ns)   --->   "%sext_ln87_68 = sext i11 %tmp_8" [src/gtsrb_cnn.cpp:87]   --->   Operation 794 'sext' 'sext_ln87_68' <Predicate = (!icmp_ln83)> <Delay = 0.00>
ST_22 : Operation 795 [1/1] (0.00ns)   --->   "%zext_ln87_26 = zext i12 %sext_ln87_68" [src/gtsrb_cnn.cpp:87]   --->   Operation 795 'zext' 'zext_ln87_26' <Predicate = (!icmp_ln83)> <Delay = 0.00>
ST_22 : Operation 796 [1/1] (1.47ns)   --->   "%add_ln87_40 = add i64 %zext_ln87_26, i64 %W_read" [src/gtsrb_cnn.cpp:87]   --->   Operation 796 'add' 'add_ln87_40' <Predicate = (!icmp_ln83)> <Delay = 1.47> <CoreInst = "Adder">   --->   Core 1 'Adder' <Latency = 0> <II = 1> <Delay = 1.47> <FuncUnit> <Opcode : 'add' 'sub'> <InPorts = 2> <OutPorts = 1>
ST_22 : Operation 797 [1/1] (0.00ns)   --->   "%trunc_ln87_19 = partselect i62 @_ssdm_op_PartSelect.i62.i64.i32.i32, i64 %add_ln87_40, i32 2, i32 63" [src/gtsrb_cnn.cpp:87]   --->   Operation 797 'partselect' 'trunc_ln87_19' <Predicate = (!icmp_ln83)> <Delay = 0.00>
ST_22 : Operation 798 [1/1] (0.00ns)   --->   "%sext_ln87_20 = sext i62 %trunc_ln87_19" [src/gtsrb_cnn.cpp:87]   --->   Operation 798 'sext' 'sext_ln87_20' <Predicate = (!icmp_ln83)> <Delay = 0.00>
ST_22 : Operation 799 [1/1] (0.00ns)   --->   "%gmem4_addr_21 = getelementptr i32 %gmem4, i64 %sext_ln87_20" [src/gtsrb_cnn.cpp:87]   --->   Operation 799 'getelementptr' 'gmem4_addr_21' <Predicate = (!icmp_ln83)> <Delay = 0.00>
ST_22 : Operation 800 [1/2] (1.35ns)   --->   "%fc1_out_load_40 = load i32 40" [src/gtsrb_cnn.cpp:87]   --->   Operation 800 'load' 'fc1_out_load_40' <Predicate = (!icmp_ln83)> <Delay = 1.35> <CoreInst = "RAM_2P_BRAM">   --->   Core 94 'RAM_2P_BRAM' <Latency = 1> <II = 1> <Delay = 1.35> <Storage> <Opcode : 'load' 'store'> <Ports = 2> <Width = 32> <Depth = 64> <RAM>
ST_22 : Operation 801 [1/2] (1.35ns)   --->   "%fc1_out_load_41 = load i32 41" [src/gtsrb_cnn.cpp:87]   --->   Operation 801 'load' 'fc1_out_load_41' <Predicate = (!icmp_ln83)> <Delay = 1.35> <CoreInst = "RAM_2P_BRAM">   --->   Core 94 'RAM_2P_BRAM' <Latency = 1> <II = 1> <Delay = 1.35> <Storage> <Opcode : 'load' 'store'> <Ports = 2> <Width = 32> <Depth = 64> <RAM>
ST_22 : Operation 802 [2/2] (1.35ns)   --->   "%fc1_out_load_42 = load i32 42" [src/gtsrb_cnn.cpp:87]   --->   Operation 802 'load' 'fc1_out_load_42' <Predicate = (!icmp_ln83)> <Delay = 1.35> <CoreInst = "RAM_2P_BRAM">   --->   Core 94 'RAM_2P_BRAM' <Latency = 1> <II = 1> <Delay = 1.35> <Storage> <Opcode : 'load' 'store'> <Ports = 2> <Width = 32> <Depth = 64> <RAM>
ST_22 : Operation 803 [2/2] (1.35ns)   --->   "%fc1_out_load_43 = load i32 43" [src/gtsrb_cnn.cpp:87]   --->   Operation 803 'load' 'fc1_out_load_43' <Predicate = (!icmp_ln83)> <Delay = 1.35> <CoreInst = "RAM_2P_BRAM">   --->   Core 94 'RAM_2P_BRAM' <Latency = 1> <II = 1> <Delay = 1.35> <Storage> <Opcode : 'load' 'store'> <Ports = 2> <Width = 32> <Depth = 64> <RAM>

State 23 <SV = 22> <Delay = 7.30>
ST_23 : Operation 804 [2/5] (6.01ns)   --->   "%acc_1_1 = fadd i32 %acc_1, i32 %mul9_1" [src/gtsrb_cnn.cpp:87]   --->   Operation 804 'fadd' 'acc_1_1' <Predicate = (!icmp_ln83)> <Delay = 6.01> <CoreInst = "FAddSub_fulldsp">   --->   Core 18 'FAddSub_fulldsp' <Latency = 4> <II = 1> <Delay = 6.01> <FuncUnit> <Opcode : 'fadd' 'fsub'> <InPorts = 2> <OutPorts = 1>
ST_23 : Operation 805 [1/4] (4.67ns)   --->   "%mul9_9 = fmul i32 %fc1_out_load_9, i32 %bitcast_ln87_9" [src/gtsrb_cnn.cpp:87]   --->   Operation 805 'fmul' 'mul9_9' <Predicate = (!icmp_ln83)> <Delay = 4.67> <CoreInst = "FMul_maxdsp">   --->   Core 30 'FMul_maxdsp' <Latency = 3> <II = 1> <Delay = 4.67> <FuncUnit> <Opcode : 'fmul'> <InPorts = 2> <OutPorts = 1>
ST_23 : Operation 806 [2/4] (4.67ns)   --->   "%mul9_s = fmul i32 %fc1_out_load_10, i32 %bitcast_ln87_10" [src/gtsrb_cnn.cpp:87]   --->   Operation 806 'fmul' 'mul9_s' <Predicate = (!icmp_ln83)> <Delay = 4.67> <CoreInst = "FMul_maxdsp">   --->   Core 30 'FMul_maxdsp' <Latency = 3> <II = 1> <Delay = 4.67> <FuncUnit> <Opcode : 'fmul'> <InPorts = 2> <OutPorts = 1>
ST_23 : Operation 807 [3/4] (4.67ns)   --->   "%mul9_10 = fmul i32 %fc1_out_load_11, i32 %bitcast_ln87_11" [src/gtsrb_cnn.cpp:87]   --->   Operation 807 'fmul' 'mul9_10' <Predicate = (!icmp_ln83)> <Delay = 4.67> <CoreInst = "FMul_maxdsp">   --->   Core 30 'FMul_maxdsp' <Latency = 3> <II = 1> <Delay = 4.67> <FuncUnit> <Opcode : 'fmul'> <InPorts = 2> <OutPorts = 1>
ST_23 : Operation 808 [1/1] (0.00ns)   --->   "%bitcast_ln87_12 = bitcast i32 %gmem4_addr_13_read" [src/gtsrb_cnn.cpp:87]   --->   Operation 808 'bitcast' 'bitcast_ln87_12' <Predicate = (!icmp_ln83)> <Delay = 0.00>
ST_23 : Operation 809 [4/4] (4.67ns)   --->   "%mul9_11 = fmul i32 %fc1_out_load_12, i32 %bitcast_ln87_12" [src/gtsrb_cnn.cpp:87]   --->   Operation 809 'fmul' 'mul9_11' <Predicate = (!icmp_ln83)> <Delay = 4.67> <CoreInst = "FMul_maxdsp">   --->   Core 30 'FMul_maxdsp' <Latency = 3> <II = 1> <Delay = 4.67> <FuncUnit> <Opcode : 'fmul'> <InPorts = 2> <OutPorts = 1>
ST_23 : Operation 810 [1/1] (7.30ns)   --->   "%gmem4_addr_14_read = read i32 @_ssdm_op_Read.m_axi.i32P1A, i32 %gmem4_addr_14" [src/gtsrb_cnn.cpp:87]   --->   Operation 810 'read' 'gmem4_addr_14_read' <Predicate = (!icmp_ln83)> <Delay = 7.30> <CoreInst = "m_axi">   --->   Core 121 'm_axi' <Latency = 0> <II = 1> <Delay = 1.00> <Adapter> <Opcode : 'read' 'write' 'readreq' 'writereq' 'writeresp'>
ST_23 : Operation 811 [1/7] (7.30ns)   --->   "%gmem4_load_15_req = readreq i1 @_ssdm_op_ReadReq.m_axi.i32P1A, i32 %gmem4_addr_15, i32 1" [src/gtsrb_cnn.cpp:87]   --->   Operation 811 'readreq' 'gmem4_load_15_req' <Predicate = (!icmp_ln83)> <Delay = 7.30> <CoreInst = "m_axi">   --->   Core 121 'm_axi' <Latency = 0> <II = 1> <Delay = 1.00> <Adapter> <Opcode : 'read' 'write' 'readreq' 'writereq' 'writeresp'>
ST_23 : Operation 812 [2/7] (7.30ns)   --->   "%gmem4_load_16_req = readreq i1 @_ssdm_op_ReadReq.m_axi.i32P1A, i32 %gmem4_addr_16, i32 1" [src/gtsrb_cnn.cpp:87]   --->   Operation 812 'readreq' 'gmem4_load_16_req' <Predicate = (!icmp_ln83)> <Delay = 7.30> <CoreInst = "m_axi">   --->   Core 121 'm_axi' <Latency = 0> <II = 1> <Delay = 1.00> <Adapter> <Opcode : 'read' 'write' 'readreq' 'writereq' 'writeresp'>
ST_23 : Operation 813 [3/7] (7.30ns)   --->   "%gmem4_load_17_req = readreq i1 @_ssdm_op_ReadReq.m_axi.i32P1A, i32 %gmem4_addr_17, i32 1" [src/gtsrb_cnn.cpp:87]   --->   Operation 813 'readreq' 'gmem4_load_17_req' <Predicate = (!icmp_ln83)> <Delay = 7.30> <CoreInst = "m_axi">   --->   Core 121 'm_axi' <Latency = 0> <II = 1> <Delay = 1.00> <Adapter> <Opcode : 'read' 'write' 'readreq' 'writereq' 'writeresp'>
ST_23 : Operation 814 [4/7] (7.30ns)   --->   "%gmem4_load_18_req = readreq i1 @_ssdm_op_ReadReq.m_axi.i32P1A, i32 %gmem4_addr_18, i32 1" [src/gtsrb_cnn.cpp:87]   --->   Operation 814 'readreq' 'gmem4_load_18_req' <Predicate = (!icmp_ln83)> <Delay = 7.30> <CoreInst = "m_axi">   --->   Core 121 'm_axi' <Latency = 0> <II = 1> <Delay = 1.00> <Adapter> <Opcode : 'read' 'write' 'readreq' 'writereq' 'writeresp'>
ST_23 : Operation 815 [5/7] (7.30ns)   --->   "%gmem4_load_19_req = readreq i1 @_ssdm_op_ReadReq.m_axi.i32P1A, i32 %gmem4_addr_19, i32 1" [src/gtsrb_cnn.cpp:87]   --->   Operation 815 'readreq' 'gmem4_load_19_req' <Predicate = (!icmp_ln83)> <Delay = 7.30> <CoreInst = "m_axi">   --->   Core 121 'm_axi' <Latency = 0> <II = 1> <Delay = 1.00> <Adapter> <Opcode : 'read' 'write' 'readreq' 'writereq' 'writeresp'>
ST_23 : Operation 816 [6/7] (7.30ns)   --->   "%gmem4_load_20_req = readreq i1 @_ssdm_op_ReadReq.m_axi.i32P1A, i32 %gmem4_addr_20, i32 1" [src/gtsrb_cnn.cpp:87]   --->   Operation 816 'readreq' 'gmem4_load_20_req' <Predicate = (!icmp_ln83)> <Delay = 7.30> <CoreInst = "m_axi">   --->   Core 121 'm_axi' <Latency = 0> <II = 1> <Delay = 1.00> <Adapter> <Opcode : 'read' 'write' 'readreq' 'writereq' 'writeresp'>
ST_23 : Operation 817 [7/7] (7.30ns)   --->   "%gmem4_load_21_req = readreq i1 @_ssdm_op_ReadReq.m_axi.i32P1A, i32 %gmem4_addr_21, i32 1" [src/gtsrb_cnn.cpp:87]   --->   Operation 817 'readreq' 'gmem4_load_21_req' <Predicate = (!icmp_ln83)> <Delay = 7.30> <CoreInst = "m_axi">   --->   Core 121 'm_axi' <Latency = 0> <II = 1> <Delay = 1.00> <Adapter> <Opcode : 'read' 'write' 'readreq' 'writereq' 'writeresp'>
ST_23 : Operation 818 [1/1] (0.90ns)   --->   "%add_ln87_41 = add i8 %zext_ln87_2, i8 135" [src/gtsrb_cnn.cpp:87]   --->   Operation 818 'add' 'add_ln87_41' <Predicate = (!icmp_ln83)> <Delay = 0.90> <CoreInst = "Adder">   --->   Core 1 'Adder' <Latency = 0> <II = 1> <Delay = 0.90> <FuncUnit> <Opcode : 'add' 'sub'> <InPorts = 2> <OutPorts = 1>
ST_23 : Operation 819 [1/1] (0.00ns)   --->   "%tmp_9 = bitconcatenate i10 @_ssdm_op_BitConcatenate.i10.i8.i2, i8 %add_ln87_41, i2 0" [src/gtsrb_cnn.cpp:87]   --->   Operation 819 'bitconcatenate' 'tmp_9' <Predicate = (!icmp_ln83)> <Delay = 0.00>
ST_23 : Operation 820 [1/1] (0.00ns)   --->   "%sext_ln87_69 = sext i10 %tmp_9" [src/gtsrb_cnn.cpp:87]   --->   Operation 820 'sext' 'sext_ln87_69' <Predicate = (!icmp_ln83)> <Delay = 0.00>
ST_23 : Operation 821 [1/1] (0.00ns)   --->   "%zext_ln87_27 = zext i12 %sext_ln87_69" [src/gtsrb_cnn.cpp:87]   --->   Operation 821 'zext' 'zext_ln87_27' <Predicate = (!icmp_ln83)> <Delay = 0.00>
ST_23 : Operation 822 [1/1] (1.47ns)   --->   "%add_ln87_42 = add i64 %zext_ln87_27, i64 %W_read" [src/gtsrb_cnn.cpp:87]   --->   Operation 822 'add' 'add_ln87_42' <Predicate = (!icmp_ln83)> <Delay = 1.47> <CoreInst = "Adder">   --->   Core 1 'Adder' <Latency = 0> <II = 1> <Delay = 1.47> <FuncUnit> <Opcode : 'add' 'sub'> <InPorts = 2> <OutPorts = 1>
ST_23 : Operation 823 [1/1] (0.00ns)   --->   "%trunc_ln87_20 = partselect i62 @_ssdm_op_PartSelect.i62.i64.i32.i32, i64 %add_ln87_42, i32 2, i32 63" [src/gtsrb_cnn.cpp:87]   --->   Operation 823 'partselect' 'trunc_ln87_20' <Predicate = (!icmp_ln83)> <Delay = 0.00>
ST_23 : Operation 824 [1/1] (0.00ns)   --->   "%sext_ln87_21 = sext i62 %trunc_ln87_20" [src/gtsrb_cnn.cpp:87]   --->   Operation 824 'sext' 'sext_ln87_21' <Predicate = (!icmp_ln83)> <Delay = 0.00>
ST_23 : Operation 825 [1/1] (0.00ns)   --->   "%gmem4_addr_22 = getelementptr i32 %gmem4, i64 %sext_ln87_21" [src/gtsrb_cnn.cpp:87]   --->   Operation 825 'getelementptr' 'gmem4_addr_22' <Predicate = (!icmp_ln83)> <Delay = 0.00>
ST_23 : Operation 826 [1/2] (1.35ns)   --->   "%fc1_out_load_42 = load i32 42" [src/gtsrb_cnn.cpp:87]   --->   Operation 826 'load' 'fc1_out_load_42' <Predicate = (!icmp_ln83)> <Delay = 1.35> <CoreInst = "RAM_2P_BRAM">   --->   Core 94 'RAM_2P_BRAM' <Latency = 1> <II = 1> <Delay = 1.35> <Storage> <Opcode : 'load' 'store'> <Ports = 2> <Width = 32> <Depth = 64> <RAM>
ST_23 : Operation 827 [1/2] (1.35ns)   --->   "%fc1_out_load_43 = load i32 43" [src/gtsrb_cnn.cpp:87]   --->   Operation 827 'load' 'fc1_out_load_43' <Predicate = (!icmp_ln83)> <Delay = 1.35> <CoreInst = "RAM_2P_BRAM">   --->   Core 94 'RAM_2P_BRAM' <Latency = 1> <II = 1> <Delay = 1.35> <Storage> <Opcode : 'load' 'store'> <Ports = 2> <Width = 32> <Depth = 64> <RAM>
ST_23 : Operation 828 [2/2] (1.35ns)   --->   "%fc1_out_load_44 = load i32 44" [src/gtsrb_cnn.cpp:87]   --->   Operation 828 'load' 'fc1_out_load_44' <Predicate = (!icmp_ln83)> <Delay = 1.35> <CoreInst = "RAM_2P_BRAM">   --->   Core 94 'RAM_2P_BRAM' <Latency = 1> <II = 1> <Delay = 1.35> <Storage> <Opcode : 'load' 'store'> <Ports = 2> <Width = 32> <Depth = 64> <RAM>
ST_23 : Operation 829 [2/2] (1.35ns)   --->   "%fc1_out_load_45 = load i32 45" [src/gtsrb_cnn.cpp:87]   --->   Operation 829 'load' 'fc1_out_load_45' <Predicate = (!icmp_ln83)> <Delay = 1.35> <CoreInst = "RAM_2P_BRAM">   --->   Core 94 'RAM_2P_BRAM' <Latency = 1> <II = 1> <Delay = 1.35> <Storage> <Opcode : 'load' 'store'> <Ports = 2> <Width = 32> <Depth = 64> <RAM>

State 24 <SV = 23> <Delay = 7.30>
ST_24 : Operation 830 [1/5] (6.01ns)   --->   "%acc_1_1 = fadd i32 %acc_1, i32 %mul9_1" [src/gtsrb_cnn.cpp:87]   --->   Operation 830 'fadd' 'acc_1_1' <Predicate = (!icmp_ln83)> <Delay = 6.01> <CoreInst = "FAddSub_fulldsp">   --->   Core 18 'FAddSub_fulldsp' <Latency = 4> <II = 1> <Delay = 6.01> <FuncUnit> <Opcode : 'fadd' 'fsub'> <InPorts = 2> <OutPorts = 1>
ST_24 : Operation 831 [1/4] (4.67ns)   --->   "%mul9_s = fmul i32 %fc1_out_load_10, i32 %bitcast_ln87_10" [src/gtsrb_cnn.cpp:87]   --->   Operation 831 'fmul' 'mul9_s' <Predicate = (!icmp_ln83)> <Delay = 4.67> <CoreInst = "FMul_maxdsp">   --->   Core 30 'FMul_maxdsp' <Latency = 3> <II = 1> <Delay = 4.67> <FuncUnit> <Opcode : 'fmul'> <InPorts = 2> <OutPorts = 1>
ST_24 : Operation 832 [2/4] (4.67ns)   --->   "%mul9_10 = fmul i32 %fc1_out_load_11, i32 %bitcast_ln87_11" [src/gtsrb_cnn.cpp:87]   --->   Operation 832 'fmul' 'mul9_10' <Predicate = (!icmp_ln83)> <Delay = 4.67> <CoreInst = "FMul_maxdsp">   --->   Core 30 'FMul_maxdsp' <Latency = 3> <II = 1> <Delay = 4.67> <FuncUnit> <Opcode : 'fmul'> <InPorts = 2> <OutPorts = 1>
ST_24 : Operation 833 [3/4] (4.67ns)   --->   "%mul9_11 = fmul i32 %fc1_out_load_12, i32 %bitcast_ln87_12" [src/gtsrb_cnn.cpp:87]   --->   Operation 833 'fmul' 'mul9_11' <Predicate = (!icmp_ln83)> <Delay = 4.67> <CoreInst = "FMul_maxdsp">   --->   Core 30 'FMul_maxdsp' <Latency = 3> <II = 1> <Delay = 4.67> <FuncUnit> <Opcode : 'fmul'> <InPorts = 2> <OutPorts = 1>
ST_24 : Operation 834 [1/1] (0.00ns)   --->   "%bitcast_ln87_13 = bitcast i32 %gmem4_addr_14_read" [src/gtsrb_cnn.cpp:87]   --->   Operation 834 'bitcast' 'bitcast_ln87_13' <Predicate = (!icmp_ln83)> <Delay = 0.00>
ST_24 : Operation 835 [4/4] (4.67ns)   --->   "%mul9_12 = fmul i32 %fc1_out_load_13, i32 %bitcast_ln87_13" [src/gtsrb_cnn.cpp:87]   --->   Operation 835 'fmul' 'mul9_12' <Predicate = (!icmp_ln83)> <Delay = 4.67> <CoreInst = "FMul_maxdsp">   --->   Core 30 'FMul_maxdsp' <Latency = 3> <II = 1> <Delay = 4.67> <FuncUnit> <Opcode : 'fmul'> <InPorts = 2> <OutPorts = 1>
ST_24 : Operation 836 [1/1] (7.30ns)   --->   "%gmem4_addr_15_read = read i32 @_ssdm_op_Read.m_axi.i32P1A, i32 %gmem4_addr_15" [src/gtsrb_cnn.cpp:87]   --->   Operation 836 'read' 'gmem4_addr_15_read' <Predicate = (!icmp_ln83)> <Delay = 7.30> <CoreInst = "m_axi">   --->   Core 121 'm_axi' <Latency = 0> <II = 1> <Delay = 1.00> <Adapter> <Opcode : 'read' 'write' 'readreq' 'writereq' 'writeresp'>
ST_24 : Operation 837 [1/7] (7.30ns)   --->   "%gmem4_load_16_req = readreq i1 @_ssdm_op_ReadReq.m_axi.i32P1A, i32 %gmem4_addr_16, i32 1" [src/gtsrb_cnn.cpp:87]   --->   Operation 837 'readreq' 'gmem4_load_16_req' <Predicate = (!icmp_ln83)> <Delay = 7.30> <CoreInst = "m_axi">   --->   Core 121 'm_axi' <Latency = 0> <II = 1> <Delay = 1.00> <Adapter> <Opcode : 'read' 'write' 'readreq' 'writereq' 'writeresp'>
ST_24 : Operation 838 [2/7] (7.30ns)   --->   "%gmem4_load_17_req = readreq i1 @_ssdm_op_ReadReq.m_axi.i32P1A, i32 %gmem4_addr_17, i32 1" [src/gtsrb_cnn.cpp:87]   --->   Operation 838 'readreq' 'gmem4_load_17_req' <Predicate = (!icmp_ln83)> <Delay = 7.30> <CoreInst = "m_axi">   --->   Core 121 'm_axi' <Latency = 0> <II = 1> <Delay = 1.00> <Adapter> <Opcode : 'read' 'write' 'readreq' 'writereq' 'writeresp'>
ST_24 : Operation 839 [3/7] (7.30ns)   --->   "%gmem4_load_18_req = readreq i1 @_ssdm_op_ReadReq.m_axi.i32P1A, i32 %gmem4_addr_18, i32 1" [src/gtsrb_cnn.cpp:87]   --->   Operation 839 'readreq' 'gmem4_load_18_req' <Predicate = (!icmp_ln83)> <Delay = 7.30> <CoreInst = "m_axi">   --->   Core 121 'm_axi' <Latency = 0> <II = 1> <Delay = 1.00> <Adapter> <Opcode : 'read' 'write' 'readreq' 'writereq' 'writeresp'>
ST_24 : Operation 840 [4/7] (7.30ns)   --->   "%gmem4_load_19_req = readreq i1 @_ssdm_op_ReadReq.m_axi.i32P1A, i32 %gmem4_addr_19, i32 1" [src/gtsrb_cnn.cpp:87]   --->   Operation 840 'readreq' 'gmem4_load_19_req' <Predicate = (!icmp_ln83)> <Delay = 7.30> <CoreInst = "m_axi">   --->   Core 121 'm_axi' <Latency = 0> <II = 1> <Delay = 1.00> <Adapter> <Opcode : 'read' 'write' 'readreq' 'writereq' 'writeresp'>
ST_24 : Operation 841 [5/7] (7.30ns)   --->   "%gmem4_load_20_req = readreq i1 @_ssdm_op_ReadReq.m_axi.i32P1A, i32 %gmem4_addr_20, i32 1" [src/gtsrb_cnn.cpp:87]   --->   Operation 841 'readreq' 'gmem4_load_20_req' <Predicate = (!icmp_ln83)> <Delay = 7.30> <CoreInst = "m_axi">   --->   Core 121 'm_axi' <Latency = 0> <II = 1> <Delay = 1.00> <Adapter> <Opcode : 'read' 'write' 'readreq' 'writereq' 'writeresp'>
ST_24 : Operation 842 [6/7] (7.30ns)   --->   "%gmem4_load_21_req = readreq i1 @_ssdm_op_ReadReq.m_axi.i32P1A, i32 %gmem4_addr_21, i32 1" [src/gtsrb_cnn.cpp:87]   --->   Operation 842 'readreq' 'gmem4_load_21_req' <Predicate = (!icmp_ln83)> <Delay = 7.30> <CoreInst = "m_axi">   --->   Core 121 'm_axi' <Latency = 0> <II = 1> <Delay = 1.00> <Adapter> <Opcode : 'read' 'write' 'readreq' 'writereq' 'writeresp'>
ST_24 : Operation 843 [7/7] (7.30ns)   --->   "%gmem4_load_22_req = readreq i1 @_ssdm_op_ReadReq.m_axi.i32P1A, i32 %gmem4_addr_22, i32 1" [src/gtsrb_cnn.cpp:87]   --->   Operation 843 'readreq' 'gmem4_load_22_req' <Predicate = (!icmp_ln83)> <Delay = 7.30> <CoreInst = "m_axi">   --->   Core 121 'm_axi' <Latency = 0> <II = 1> <Delay = 1.00> <Adapter> <Opcode : 'read' 'write' 'readreq' 'writereq' 'writeresp'>
ST_24 : Operation 844 [1/1] (0.90ns)   --->   "%add_ln87_43 = add i8 %zext_ln87_2, i8 178" [src/gtsrb_cnn.cpp:87]   --->   Operation 844 'add' 'add_ln87_43' <Predicate = (!icmp_ln83)> <Delay = 0.90> <CoreInst = "Adder">   --->   Core 1 'Adder' <Latency = 0> <II = 1> <Delay = 0.90> <FuncUnit> <Opcode : 'add' 'sub'> <InPorts = 2> <OutPorts = 1>
ST_24 : Operation 845 [1/1] (0.00ns)   --->   "%tmp_10 = bitconcatenate i10 @_ssdm_op_BitConcatenate.i10.i8.i2, i8 %add_ln87_43, i2 0" [src/gtsrb_cnn.cpp:87]   --->   Operation 845 'bitconcatenate' 'tmp_10' <Predicate = (!icmp_ln83)> <Delay = 0.00>
ST_24 : Operation 846 [1/1] (0.00ns)   --->   "%sext_ln87_70 = sext i10 %tmp_10" [src/gtsrb_cnn.cpp:87]   --->   Operation 846 'sext' 'sext_ln87_70' <Predicate = (!icmp_ln83)> <Delay = 0.00>
ST_24 : Operation 847 [1/1] (0.00ns)   --->   "%zext_ln87_28 = zext i12 %sext_ln87_70" [src/gtsrb_cnn.cpp:87]   --->   Operation 847 'zext' 'zext_ln87_28' <Predicate = (!icmp_ln83)> <Delay = 0.00>
ST_24 : Operation 848 [1/1] (1.47ns)   --->   "%add_ln87_44 = add i64 %zext_ln87_28, i64 %W_read" [src/gtsrb_cnn.cpp:87]   --->   Operation 848 'add' 'add_ln87_44' <Predicate = (!icmp_ln83)> <Delay = 1.47> <CoreInst = "Adder">   --->   Core 1 'Adder' <Latency = 0> <II = 1> <Delay = 1.47> <FuncUnit> <Opcode : 'add' 'sub'> <InPorts = 2> <OutPorts = 1>
ST_24 : Operation 849 [1/1] (0.00ns)   --->   "%trunc_ln87_21 = partselect i62 @_ssdm_op_PartSelect.i62.i64.i32.i32, i64 %add_ln87_44, i32 2, i32 63" [src/gtsrb_cnn.cpp:87]   --->   Operation 849 'partselect' 'trunc_ln87_21' <Predicate = (!icmp_ln83)> <Delay = 0.00>
ST_24 : Operation 850 [1/1] (0.00ns)   --->   "%sext_ln87_22 = sext i62 %trunc_ln87_21" [src/gtsrb_cnn.cpp:87]   --->   Operation 850 'sext' 'sext_ln87_22' <Predicate = (!icmp_ln83)> <Delay = 0.00>
ST_24 : Operation 851 [1/1] (0.00ns)   --->   "%gmem4_addr_23 = getelementptr i32 %gmem4, i64 %sext_ln87_22" [src/gtsrb_cnn.cpp:87]   --->   Operation 851 'getelementptr' 'gmem4_addr_23' <Predicate = (!icmp_ln83)> <Delay = 0.00>
ST_24 : Operation 852 [1/2] (1.35ns)   --->   "%fc1_out_load_44 = load i32 44" [src/gtsrb_cnn.cpp:87]   --->   Operation 852 'load' 'fc1_out_load_44' <Predicate = (!icmp_ln83)> <Delay = 1.35> <CoreInst = "RAM_2P_BRAM">   --->   Core 94 'RAM_2P_BRAM' <Latency = 1> <II = 1> <Delay = 1.35> <Storage> <Opcode : 'load' 'store'> <Ports = 2> <Width = 32> <Depth = 64> <RAM>
ST_24 : Operation 853 [1/2] (1.35ns)   --->   "%fc1_out_load_45 = load i32 45" [src/gtsrb_cnn.cpp:87]   --->   Operation 853 'load' 'fc1_out_load_45' <Predicate = (!icmp_ln83)> <Delay = 1.35> <CoreInst = "RAM_2P_BRAM">   --->   Core 94 'RAM_2P_BRAM' <Latency = 1> <II = 1> <Delay = 1.35> <Storage> <Opcode : 'load' 'store'> <Ports = 2> <Width = 32> <Depth = 64> <RAM>
ST_24 : Operation 854 [2/2] (1.35ns)   --->   "%fc1_out_load_46 = load i32 46" [src/gtsrb_cnn.cpp:87]   --->   Operation 854 'load' 'fc1_out_load_46' <Predicate = (!icmp_ln83)> <Delay = 1.35> <CoreInst = "RAM_2P_BRAM">   --->   Core 94 'RAM_2P_BRAM' <Latency = 1> <II = 1> <Delay = 1.35> <Storage> <Opcode : 'load' 'store'> <Ports = 2> <Width = 32> <Depth = 64> <RAM>
ST_24 : Operation 855 [2/2] (1.35ns)   --->   "%fc1_out_load_47 = load i32 47" [src/gtsrb_cnn.cpp:87]   --->   Operation 855 'load' 'fc1_out_load_47' <Predicate = (!icmp_ln83)> <Delay = 1.35> <CoreInst = "RAM_2P_BRAM">   --->   Core 94 'RAM_2P_BRAM' <Latency = 1> <II = 1> <Delay = 1.35> <Storage> <Opcode : 'load' 'store'> <Ports = 2> <Width = 32> <Depth = 64> <RAM>

State 25 <SV = 24> <Delay = 7.30>
ST_25 : Operation 856 [1/1] (0.00ns)   --->   "%zext_ln87_1 = zext i6 %j" [src/gtsrb_cnn.cpp:87]   --->   Operation 856 'zext' 'zext_ln87_1' <Predicate = (!icmp_ln83)> <Delay = 0.00>
ST_25 : Operation 857 [5/5] (6.01ns)   --->   "%acc_1_2 = fadd i32 %acc_1_1, i32 %mul9_2" [src/gtsrb_cnn.cpp:87]   --->   Operation 857 'fadd' 'acc_1_2' <Predicate = (!icmp_ln83)> <Delay = 6.01> <CoreInst = "FAddSub_fulldsp">   --->   Core 18 'FAddSub_fulldsp' <Latency = 4> <II = 1> <Delay = 6.01> <FuncUnit> <Opcode : 'fadd' 'fsub'> <InPorts = 2> <OutPorts = 1>
ST_25 : Operation 858 [1/4] (4.67ns)   --->   "%mul9_10 = fmul i32 %fc1_out_load_11, i32 %bitcast_ln87_11" [src/gtsrb_cnn.cpp:87]   --->   Operation 858 'fmul' 'mul9_10' <Predicate = (!icmp_ln83)> <Delay = 4.67> <CoreInst = "FMul_maxdsp">   --->   Core 30 'FMul_maxdsp' <Latency = 3> <II = 1> <Delay = 4.67> <FuncUnit> <Opcode : 'fmul'> <InPorts = 2> <OutPorts = 1>
ST_25 : Operation 859 [2/4] (4.67ns)   --->   "%mul9_11 = fmul i32 %fc1_out_load_12, i32 %bitcast_ln87_12" [src/gtsrb_cnn.cpp:87]   --->   Operation 859 'fmul' 'mul9_11' <Predicate = (!icmp_ln83)> <Delay = 4.67> <CoreInst = "FMul_maxdsp">   --->   Core 30 'FMul_maxdsp' <Latency = 3> <II = 1> <Delay = 4.67> <FuncUnit> <Opcode : 'fmul'> <InPorts = 2> <OutPorts = 1>
ST_25 : Operation 860 [3/4] (4.67ns)   --->   "%mul9_12 = fmul i32 %fc1_out_load_13, i32 %bitcast_ln87_13" [src/gtsrb_cnn.cpp:87]   --->   Operation 860 'fmul' 'mul9_12' <Predicate = (!icmp_ln83)> <Delay = 4.67> <CoreInst = "FMul_maxdsp">   --->   Core 30 'FMul_maxdsp' <Latency = 3> <II = 1> <Delay = 4.67> <FuncUnit> <Opcode : 'fmul'> <InPorts = 2> <OutPorts = 1>
ST_25 : Operation 861 [1/1] (0.00ns)   --->   "%bitcast_ln87_14 = bitcast i32 %gmem4_addr_15_read" [src/gtsrb_cnn.cpp:87]   --->   Operation 861 'bitcast' 'bitcast_ln87_14' <Predicate = (!icmp_ln83)> <Delay = 0.00>
ST_25 : Operation 862 [4/4] (4.67ns)   --->   "%mul9_13 = fmul i32 %fc1_out_load_14, i32 %bitcast_ln87_14" [src/gtsrb_cnn.cpp:87]   --->   Operation 862 'fmul' 'mul9_13' <Predicate = (!icmp_ln83)> <Delay = 4.67> <CoreInst = "FMul_maxdsp">   --->   Core 30 'FMul_maxdsp' <Latency = 3> <II = 1> <Delay = 4.67> <FuncUnit> <Opcode : 'fmul'> <InPorts = 2> <OutPorts = 1>
ST_25 : Operation 863 [1/1] (7.30ns)   --->   "%gmem4_addr_16_read = read i32 @_ssdm_op_Read.m_axi.i32P1A, i32 %gmem4_addr_16" [src/gtsrb_cnn.cpp:87]   --->   Operation 863 'read' 'gmem4_addr_16_read' <Predicate = (!icmp_ln83)> <Delay = 7.30> <CoreInst = "m_axi">   --->   Core 121 'm_axi' <Latency = 0> <II = 1> <Delay = 1.00> <Adapter> <Opcode : 'read' 'write' 'readreq' 'writereq' 'writeresp'>
ST_25 : Operation 864 [1/7] (7.30ns)   --->   "%gmem4_load_17_req = readreq i1 @_ssdm_op_ReadReq.m_axi.i32P1A, i32 %gmem4_addr_17, i32 1" [src/gtsrb_cnn.cpp:87]   --->   Operation 864 'readreq' 'gmem4_load_17_req' <Predicate = (!icmp_ln83)> <Delay = 7.30> <CoreInst = "m_axi">   --->   Core 121 'm_axi' <Latency = 0> <II = 1> <Delay = 1.00> <Adapter> <Opcode : 'read' 'write' 'readreq' 'writereq' 'writeresp'>
ST_25 : Operation 865 [2/7] (7.30ns)   --->   "%gmem4_load_18_req = readreq i1 @_ssdm_op_ReadReq.m_axi.i32P1A, i32 %gmem4_addr_18, i32 1" [src/gtsrb_cnn.cpp:87]   --->   Operation 865 'readreq' 'gmem4_load_18_req' <Predicate = (!icmp_ln83)> <Delay = 7.30> <CoreInst = "m_axi">   --->   Core 121 'm_axi' <Latency = 0> <II = 1> <Delay = 1.00> <Adapter> <Opcode : 'read' 'write' 'readreq' 'writereq' 'writeresp'>
ST_25 : Operation 866 [3/7] (7.30ns)   --->   "%gmem4_load_19_req = readreq i1 @_ssdm_op_ReadReq.m_axi.i32P1A, i32 %gmem4_addr_19, i32 1" [src/gtsrb_cnn.cpp:87]   --->   Operation 866 'readreq' 'gmem4_load_19_req' <Predicate = (!icmp_ln83)> <Delay = 7.30> <CoreInst = "m_axi">   --->   Core 121 'm_axi' <Latency = 0> <II = 1> <Delay = 1.00> <Adapter> <Opcode : 'read' 'write' 'readreq' 'writereq' 'writeresp'>
ST_25 : Operation 867 [4/7] (7.30ns)   --->   "%gmem4_load_20_req = readreq i1 @_ssdm_op_ReadReq.m_axi.i32P1A, i32 %gmem4_addr_20, i32 1" [src/gtsrb_cnn.cpp:87]   --->   Operation 867 'readreq' 'gmem4_load_20_req' <Predicate = (!icmp_ln83)> <Delay = 7.30> <CoreInst = "m_axi">   --->   Core 121 'm_axi' <Latency = 0> <II = 1> <Delay = 1.00> <Adapter> <Opcode : 'read' 'write' 'readreq' 'writereq' 'writeresp'>
ST_25 : Operation 868 [5/7] (7.30ns)   --->   "%gmem4_load_21_req = readreq i1 @_ssdm_op_ReadReq.m_axi.i32P1A, i32 %gmem4_addr_21, i32 1" [src/gtsrb_cnn.cpp:87]   --->   Operation 868 'readreq' 'gmem4_load_21_req' <Predicate = (!icmp_ln83)> <Delay = 7.30> <CoreInst = "m_axi">   --->   Core 121 'm_axi' <Latency = 0> <II = 1> <Delay = 1.00> <Adapter> <Opcode : 'read' 'write' 'readreq' 'writereq' 'writeresp'>
ST_25 : Operation 869 [6/7] (7.30ns)   --->   "%gmem4_load_22_req = readreq i1 @_ssdm_op_ReadReq.m_axi.i32P1A, i32 %gmem4_addr_22, i32 1" [src/gtsrb_cnn.cpp:87]   --->   Operation 869 'readreq' 'gmem4_load_22_req' <Predicate = (!icmp_ln83)> <Delay = 7.30> <CoreInst = "m_axi">   --->   Core 121 'm_axi' <Latency = 0> <II = 1> <Delay = 1.00> <Adapter> <Opcode : 'read' 'write' 'readreq' 'writereq' 'writeresp'>
ST_25 : Operation 870 [7/7] (7.30ns)   --->   "%gmem4_load_23_req = readreq i1 @_ssdm_op_ReadReq.m_axi.i32P1A, i32 %gmem4_addr_23, i32 1" [src/gtsrb_cnn.cpp:87]   --->   Operation 870 'readreq' 'gmem4_load_23_req' <Predicate = (!icmp_ln83)> <Delay = 7.30> <CoreInst = "m_axi">   --->   Core 121 'm_axi' <Latency = 0> <II = 1> <Delay = 1.00> <Adapter> <Opcode : 'read' 'write' 'readreq' 'writereq' 'writeresp'>
ST_25 : Operation 871 [1/1] (0.94ns)   --->   "%add_ln87_45 = add i11 %zext_ln87_1, i11 989" [src/gtsrb_cnn.cpp:87]   --->   Operation 871 'add' 'add_ln87_45' <Predicate = (!icmp_ln83)> <Delay = 0.94> <CoreInst = "Adder">   --->   Core 1 'Adder' <Latency = 0> <II = 1> <Delay = 0.94> <FuncUnit> <Opcode : 'add' 'sub'> <InPorts = 2> <OutPorts = 1>
ST_25 : Operation 872 [1/1] (0.00ns)   --->   "%shl_ln87_15 = bitconcatenate i13 @_ssdm_op_BitConcatenate.i13.i11.i2, i11 %add_ln87_45, i2 0" [src/gtsrb_cnn.cpp:87]   --->   Operation 872 'bitconcatenate' 'shl_ln87_15' <Predicate = (!icmp_ln83)> <Delay = 0.00>
ST_25 : Operation 873 [1/1] (0.00ns)   --->   "%zext_ln87_29 = zext i13 %shl_ln87_15" [src/gtsrb_cnn.cpp:87]   --->   Operation 873 'zext' 'zext_ln87_29' <Predicate = (!icmp_ln83)> <Delay = 0.00>
ST_25 : Operation 874 [1/1] (1.47ns)   --->   "%add_ln87_46 = add i64 %zext_ln87_29, i64 %W_read" [src/gtsrb_cnn.cpp:87]   --->   Operation 874 'add' 'add_ln87_46' <Predicate = (!icmp_ln83)> <Delay = 1.47> <CoreInst = "Adder">   --->   Core 1 'Adder' <Latency = 0> <II = 1> <Delay = 1.47> <FuncUnit> <Opcode : 'add' 'sub'> <InPorts = 2> <OutPorts = 1>
ST_25 : Operation 875 [1/1] (0.00ns)   --->   "%trunc_ln87_22 = partselect i62 @_ssdm_op_PartSelect.i62.i64.i32.i32, i64 %add_ln87_46, i32 2, i32 63" [src/gtsrb_cnn.cpp:87]   --->   Operation 875 'partselect' 'trunc_ln87_22' <Predicate = (!icmp_ln83)> <Delay = 0.00>
ST_25 : Operation 876 [1/1] (0.00ns)   --->   "%sext_ln87_23 = sext i62 %trunc_ln87_22" [src/gtsrb_cnn.cpp:87]   --->   Operation 876 'sext' 'sext_ln87_23' <Predicate = (!icmp_ln83)> <Delay = 0.00>
ST_25 : Operation 877 [1/1] (0.00ns)   --->   "%gmem4_addr_24 = getelementptr i32 %gmem4, i64 %sext_ln87_23" [src/gtsrb_cnn.cpp:87]   --->   Operation 877 'getelementptr' 'gmem4_addr_24' <Predicate = (!icmp_ln83)> <Delay = 0.00>
ST_25 : Operation 878 [1/2] (1.35ns)   --->   "%fc1_out_load_46 = load i32 46" [src/gtsrb_cnn.cpp:87]   --->   Operation 878 'load' 'fc1_out_load_46' <Predicate = (!icmp_ln83)> <Delay = 1.35> <CoreInst = "RAM_2P_BRAM">   --->   Core 94 'RAM_2P_BRAM' <Latency = 1> <II = 1> <Delay = 1.35> <Storage> <Opcode : 'load' 'store'> <Ports = 2> <Width = 32> <Depth = 64> <RAM>
ST_25 : Operation 879 [1/2] (1.35ns)   --->   "%fc1_out_load_47 = load i32 47" [src/gtsrb_cnn.cpp:87]   --->   Operation 879 'load' 'fc1_out_load_47' <Predicate = (!icmp_ln83)> <Delay = 1.35> <CoreInst = "RAM_2P_BRAM">   --->   Core 94 'RAM_2P_BRAM' <Latency = 1> <II = 1> <Delay = 1.35> <Storage> <Opcode : 'load' 'store'> <Ports = 2> <Width = 32> <Depth = 64> <RAM>
ST_25 : Operation 880 [2/2] (1.35ns)   --->   "%fc1_out_load_48 = load i32 48" [src/gtsrb_cnn.cpp:87]   --->   Operation 880 'load' 'fc1_out_load_48' <Predicate = (!icmp_ln83)> <Delay = 1.35> <CoreInst = "RAM_2P_BRAM">   --->   Core 94 'RAM_2P_BRAM' <Latency = 1> <II = 1> <Delay = 1.35> <Storage> <Opcode : 'load' 'store'> <Ports = 2> <Width = 32> <Depth = 64> <RAM>
ST_25 : Operation 881 [2/2] (1.35ns)   --->   "%fc1_out_load_49 = load i32 49" [src/gtsrb_cnn.cpp:87]   --->   Operation 881 'load' 'fc1_out_load_49' <Predicate = (!icmp_ln83)> <Delay = 1.35> <CoreInst = "RAM_2P_BRAM">   --->   Core 94 'RAM_2P_BRAM' <Latency = 1> <II = 1> <Delay = 1.35> <Storage> <Opcode : 'load' 'store'> <Ports = 2> <Width = 32> <Depth = 64> <RAM>

State 26 <SV = 25> <Delay = 7.30>
ST_26 : Operation 882 [4/5] (6.01ns)   --->   "%acc_1_2 = fadd i32 %acc_1_1, i32 %mul9_2" [src/gtsrb_cnn.cpp:87]   --->   Operation 882 'fadd' 'acc_1_2' <Predicate = (!icmp_ln83)> <Delay = 6.01> <CoreInst = "FAddSub_fulldsp">   --->   Core 18 'FAddSub_fulldsp' <Latency = 4> <II = 1> <Delay = 6.01> <FuncUnit> <Opcode : 'fadd' 'fsub'> <InPorts = 2> <OutPorts = 1>
ST_26 : Operation 883 [1/4] (4.67ns)   --->   "%mul9_11 = fmul i32 %fc1_out_load_12, i32 %bitcast_ln87_12" [src/gtsrb_cnn.cpp:87]   --->   Operation 883 'fmul' 'mul9_11' <Predicate = (!icmp_ln83)> <Delay = 4.67> <CoreInst = "FMul_maxdsp">   --->   Core 30 'FMul_maxdsp' <Latency = 3> <II = 1> <Delay = 4.67> <FuncUnit> <Opcode : 'fmul'> <InPorts = 2> <OutPorts = 1>
ST_26 : Operation 884 [2/4] (4.67ns)   --->   "%mul9_12 = fmul i32 %fc1_out_load_13, i32 %bitcast_ln87_13" [src/gtsrb_cnn.cpp:87]   --->   Operation 884 'fmul' 'mul9_12' <Predicate = (!icmp_ln83)> <Delay = 4.67> <CoreInst = "FMul_maxdsp">   --->   Core 30 'FMul_maxdsp' <Latency = 3> <II = 1> <Delay = 4.67> <FuncUnit> <Opcode : 'fmul'> <InPorts = 2> <OutPorts = 1>
ST_26 : Operation 885 [3/4] (4.67ns)   --->   "%mul9_13 = fmul i32 %fc1_out_load_14, i32 %bitcast_ln87_14" [src/gtsrb_cnn.cpp:87]   --->   Operation 885 'fmul' 'mul9_13' <Predicate = (!icmp_ln83)> <Delay = 4.67> <CoreInst = "FMul_maxdsp">   --->   Core 30 'FMul_maxdsp' <Latency = 3> <II = 1> <Delay = 4.67> <FuncUnit> <Opcode : 'fmul'> <InPorts = 2> <OutPorts = 1>
ST_26 : Operation 886 [1/1] (0.00ns)   --->   "%bitcast_ln87_15 = bitcast i32 %gmem4_addr_16_read" [src/gtsrb_cnn.cpp:87]   --->   Operation 886 'bitcast' 'bitcast_ln87_15' <Predicate = (!icmp_ln83)> <Delay = 0.00>
ST_26 : Operation 887 [4/4] (4.67ns)   --->   "%mul9_14 = fmul i32 %fc1_out_load_15, i32 %bitcast_ln87_15" [src/gtsrb_cnn.cpp:87]   --->   Operation 887 'fmul' 'mul9_14' <Predicate = (!icmp_ln83)> <Delay = 4.67> <CoreInst = "FMul_maxdsp">   --->   Core 30 'FMul_maxdsp' <Latency = 3> <II = 1> <Delay = 4.67> <FuncUnit> <Opcode : 'fmul'> <InPorts = 2> <OutPorts = 1>
ST_26 : Operation 888 [1/1] (7.30ns)   --->   "%gmem4_addr_17_read = read i32 @_ssdm_op_Read.m_axi.i32P1A, i32 %gmem4_addr_17" [src/gtsrb_cnn.cpp:87]   --->   Operation 888 'read' 'gmem4_addr_17_read' <Predicate = (!icmp_ln83)> <Delay = 7.30> <CoreInst = "m_axi">   --->   Core 121 'm_axi' <Latency = 0> <II = 1> <Delay = 1.00> <Adapter> <Opcode : 'read' 'write' 'readreq' 'writereq' 'writeresp'>
ST_26 : Operation 889 [1/7] (7.30ns)   --->   "%gmem4_load_18_req = readreq i1 @_ssdm_op_ReadReq.m_axi.i32P1A, i32 %gmem4_addr_18, i32 1" [src/gtsrb_cnn.cpp:87]   --->   Operation 889 'readreq' 'gmem4_load_18_req' <Predicate = (!icmp_ln83)> <Delay = 7.30> <CoreInst = "m_axi">   --->   Core 121 'm_axi' <Latency = 0> <II = 1> <Delay = 1.00> <Adapter> <Opcode : 'read' 'write' 'readreq' 'writereq' 'writeresp'>
ST_26 : Operation 890 [2/7] (7.30ns)   --->   "%gmem4_load_19_req = readreq i1 @_ssdm_op_ReadReq.m_axi.i32P1A, i32 %gmem4_addr_19, i32 1" [src/gtsrb_cnn.cpp:87]   --->   Operation 890 'readreq' 'gmem4_load_19_req' <Predicate = (!icmp_ln83)> <Delay = 7.30> <CoreInst = "m_axi">   --->   Core 121 'm_axi' <Latency = 0> <II = 1> <Delay = 1.00> <Adapter> <Opcode : 'read' 'write' 'readreq' 'writereq' 'writeresp'>
ST_26 : Operation 891 [3/7] (7.30ns)   --->   "%gmem4_load_20_req = readreq i1 @_ssdm_op_ReadReq.m_axi.i32P1A, i32 %gmem4_addr_20, i32 1" [src/gtsrb_cnn.cpp:87]   --->   Operation 891 'readreq' 'gmem4_load_20_req' <Predicate = (!icmp_ln83)> <Delay = 7.30> <CoreInst = "m_axi">   --->   Core 121 'm_axi' <Latency = 0> <II = 1> <Delay = 1.00> <Adapter> <Opcode : 'read' 'write' 'readreq' 'writereq' 'writeresp'>
ST_26 : Operation 892 [4/7] (7.30ns)   --->   "%gmem4_load_21_req = readreq i1 @_ssdm_op_ReadReq.m_axi.i32P1A, i32 %gmem4_addr_21, i32 1" [src/gtsrb_cnn.cpp:87]   --->   Operation 892 'readreq' 'gmem4_load_21_req' <Predicate = (!icmp_ln83)> <Delay = 7.30> <CoreInst = "m_axi">   --->   Core 121 'm_axi' <Latency = 0> <II = 1> <Delay = 1.00> <Adapter> <Opcode : 'read' 'write' 'readreq' 'writereq' 'writeresp'>
ST_26 : Operation 893 [5/7] (7.30ns)   --->   "%gmem4_load_22_req = readreq i1 @_ssdm_op_ReadReq.m_axi.i32P1A, i32 %gmem4_addr_22, i32 1" [src/gtsrb_cnn.cpp:87]   --->   Operation 893 'readreq' 'gmem4_load_22_req' <Predicate = (!icmp_ln83)> <Delay = 7.30> <CoreInst = "m_axi">   --->   Core 121 'm_axi' <Latency = 0> <II = 1> <Delay = 1.00> <Adapter> <Opcode : 'read' 'write' 'readreq' 'writereq' 'writeresp'>
ST_26 : Operation 894 [6/7] (7.30ns)   --->   "%gmem4_load_23_req = readreq i1 @_ssdm_op_ReadReq.m_axi.i32P1A, i32 %gmem4_addr_23, i32 1" [src/gtsrb_cnn.cpp:87]   --->   Operation 894 'readreq' 'gmem4_load_23_req' <Predicate = (!icmp_ln83)> <Delay = 7.30> <CoreInst = "m_axi">   --->   Core 121 'm_axi' <Latency = 0> <II = 1> <Delay = 1.00> <Adapter> <Opcode : 'read' 'write' 'readreq' 'writereq' 'writeresp'>
ST_26 : Operation 895 [7/7] (7.30ns)   --->   "%gmem4_load_24_req = readreq i1 @_ssdm_op_ReadReq.m_axi.i32P1A, i32 %gmem4_addr_24, i32 1" [src/gtsrb_cnn.cpp:87]   --->   Operation 895 'readreq' 'gmem4_load_24_req' <Predicate = (!icmp_ln83)> <Delay = 7.30> <CoreInst = "m_axi">   --->   Core 121 'm_axi' <Latency = 0> <II = 1> <Delay = 1.00> <Adapter> <Opcode : 'read' 'write' 'readreq' 'writereq' 'writeresp'>
ST_26 : Operation 896 [1/1] (0.94ns)   --->   "%add_ln87_47 = add i11 %zext_ln87_1, i11 1032" [src/gtsrb_cnn.cpp:87]   --->   Operation 896 'add' 'add_ln87_47' <Predicate = (!icmp_ln83)> <Delay = 0.94> <CoreInst = "Adder">   --->   Core 1 'Adder' <Latency = 0> <II = 1> <Delay = 0.94> <FuncUnit> <Opcode : 'add' 'sub'> <InPorts = 2> <OutPorts = 1>
ST_26 : Operation 897 [1/1] (0.00ns)   --->   "%shl_ln87_16 = bitconcatenate i13 @_ssdm_op_BitConcatenate.i13.i11.i2, i11 %add_ln87_47, i2 0" [src/gtsrb_cnn.cpp:87]   --->   Operation 897 'bitconcatenate' 'shl_ln87_16' <Predicate = (!icmp_ln83)> <Delay = 0.00>
ST_26 : Operation 898 [1/1] (0.00ns)   --->   "%zext_ln87_30 = zext i13 %shl_ln87_16" [src/gtsrb_cnn.cpp:87]   --->   Operation 898 'zext' 'zext_ln87_30' <Predicate = (!icmp_ln83)> <Delay = 0.00>
ST_26 : Operation 899 [1/1] (1.47ns)   --->   "%add_ln87_48 = add i64 %zext_ln87_30, i64 %W_read" [src/gtsrb_cnn.cpp:87]   --->   Operation 899 'add' 'add_ln87_48' <Predicate = (!icmp_ln83)> <Delay = 1.47> <CoreInst = "Adder">   --->   Core 1 'Adder' <Latency = 0> <II = 1> <Delay = 1.47> <FuncUnit> <Opcode : 'add' 'sub'> <InPorts = 2> <OutPorts = 1>
ST_26 : Operation 900 [1/1] (0.00ns)   --->   "%trunc_ln87_23 = partselect i62 @_ssdm_op_PartSelect.i62.i64.i32.i32, i64 %add_ln87_48, i32 2, i32 63" [src/gtsrb_cnn.cpp:87]   --->   Operation 900 'partselect' 'trunc_ln87_23' <Predicate = (!icmp_ln83)> <Delay = 0.00>
ST_26 : Operation 901 [1/1] (0.00ns)   --->   "%sext_ln87_24 = sext i62 %trunc_ln87_23" [src/gtsrb_cnn.cpp:87]   --->   Operation 901 'sext' 'sext_ln87_24' <Predicate = (!icmp_ln83)> <Delay = 0.00>
ST_26 : Operation 902 [1/1] (0.00ns)   --->   "%gmem4_addr_25 = getelementptr i32 %gmem4, i64 %sext_ln87_24" [src/gtsrb_cnn.cpp:87]   --->   Operation 902 'getelementptr' 'gmem4_addr_25' <Predicate = (!icmp_ln83)> <Delay = 0.00>
ST_26 : Operation 903 [1/2] (1.35ns)   --->   "%fc1_out_load_48 = load i32 48" [src/gtsrb_cnn.cpp:87]   --->   Operation 903 'load' 'fc1_out_load_48' <Predicate = (!icmp_ln83)> <Delay = 1.35> <CoreInst = "RAM_2P_BRAM">   --->   Core 94 'RAM_2P_BRAM' <Latency = 1> <II = 1> <Delay = 1.35> <Storage> <Opcode : 'load' 'store'> <Ports = 2> <Width = 32> <Depth = 64> <RAM>
ST_26 : Operation 904 [1/2] (1.35ns)   --->   "%fc1_out_load_49 = load i32 49" [src/gtsrb_cnn.cpp:87]   --->   Operation 904 'load' 'fc1_out_load_49' <Predicate = (!icmp_ln83)> <Delay = 1.35> <CoreInst = "RAM_2P_BRAM">   --->   Core 94 'RAM_2P_BRAM' <Latency = 1> <II = 1> <Delay = 1.35> <Storage> <Opcode : 'load' 'store'> <Ports = 2> <Width = 32> <Depth = 64> <RAM>
ST_26 : Operation 905 [2/2] (1.35ns)   --->   "%fc1_out_load_50 = load i32 50" [src/gtsrb_cnn.cpp:87]   --->   Operation 905 'load' 'fc1_out_load_50' <Predicate = (!icmp_ln83)> <Delay = 1.35> <CoreInst = "RAM_2P_BRAM">   --->   Core 94 'RAM_2P_BRAM' <Latency = 1> <II = 1> <Delay = 1.35> <Storage> <Opcode : 'load' 'store'> <Ports = 2> <Width = 32> <Depth = 64> <RAM>
ST_26 : Operation 906 [2/2] (1.35ns)   --->   "%fc1_out_load_51 = load i32 51" [src/gtsrb_cnn.cpp:87]   --->   Operation 906 'load' 'fc1_out_load_51' <Predicate = (!icmp_ln83)> <Delay = 1.35> <CoreInst = "RAM_2P_BRAM">   --->   Core 94 'RAM_2P_BRAM' <Latency = 1> <II = 1> <Delay = 1.35> <Storage> <Opcode : 'load' 'store'> <Ports = 2> <Width = 32> <Depth = 64> <RAM>

State 27 <SV = 26> <Delay = 7.30>
ST_27 : Operation 907 [3/5] (6.01ns)   --->   "%acc_1_2 = fadd i32 %acc_1_1, i32 %mul9_2" [src/gtsrb_cnn.cpp:87]   --->   Operation 907 'fadd' 'acc_1_2' <Predicate = (!icmp_ln83)> <Delay = 6.01> <CoreInst = "FAddSub_fulldsp">   --->   Core 18 'FAddSub_fulldsp' <Latency = 4> <II = 1> <Delay = 6.01> <FuncUnit> <Opcode : 'fadd' 'fsub'> <InPorts = 2> <OutPorts = 1>
ST_27 : Operation 908 [1/4] (4.67ns)   --->   "%mul9_12 = fmul i32 %fc1_out_load_13, i32 %bitcast_ln87_13" [src/gtsrb_cnn.cpp:87]   --->   Operation 908 'fmul' 'mul9_12' <Predicate = (!icmp_ln83)> <Delay = 4.67> <CoreInst = "FMul_maxdsp">   --->   Core 30 'FMul_maxdsp' <Latency = 3> <II = 1> <Delay = 4.67> <FuncUnit> <Opcode : 'fmul'> <InPorts = 2> <OutPorts = 1>
ST_27 : Operation 909 [2/4] (4.67ns)   --->   "%mul9_13 = fmul i32 %fc1_out_load_14, i32 %bitcast_ln87_14" [src/gtsrb_cnn.cpp:87]   --->   Operation 909 'fmul' 'mul9_13' <Predicate = (!icmp_ln83)> <Delay = 4.67> <CoreInst = "FMul_maxdsp">   --->   Core 30 'FMul_maxdsp' <Latency = 3> <II = 1> <Delay = 4.67> <FuncUnit> <Opcode : 'fmul'> <InPorts = 2> <OutPorts = 1>
ST_27 : Operation 910 [3/4] (4.67ns)   --->   "%mul9_14 = fmul i32 %fc1_out_load_15, i32 %bitcast_ln87_15" [src/gtsrb_cnn.cpp:87]   --->   Operation 910 'fmul' 'mul9_14' <Predicate = (!icmp_ln83)> <Delay = 4.67> <CoreInst = "FMul_maxdsp">   --->   Core 30 'FMul_maxdsp' <Latency = 3> <II = 1> <Delay = 4.67> <FuncUnit> <Opcode : 'fmul'> <InPorts = 2> <OutPorts = 1>
ST_27 : Operation 911 [1/1] (0.00ns)   --->   "%bitcast_ln87_16 = bitcast i32 %gmem4_addr_17_read" [src/gtsrb_cnn.cpp:87]   --->   Operation 911 'bitcast' 'bitcast_ln87_16' <Predicate = (!icmp_ln83)> <Delay = 0.00>
ST_27 : Operation 912 [4/4] (4.67ns)   --->   "%mul9_15 = fmul i32 %fc1_out_load_16, i32 %bitcast_ln87_16" [src/gtsrb_cnn.cpp:87]   --->   Operation 912 'fmul' 'mul9_15' <Predicate = (!icmp_ln83)> <Delay = 4.67> <CoreInst = "FMul_maxdsp">   --->   Core 30 'FMul_maxdsp' <Latency = 3> <II = 1> <Delay = 4.67> <FuncUnit> <Opcode : 'fmul'> <InPorts = 2> <OutPorts = 1>
ST_27 : Operation 913 [1/1] (7.30ns)   --->   "%gmem4_addr_18_read = read i32 @_ssdm_op_Read.m_axi.i32P1A, i32 %gmem4_addr_18" [src/gtsrb_cnn.cpp:87]   --->   Operation 913 'read' 'gmem4_addr_18_read' <Predicate = (!icmp_ln83)> <Delay = 7.30> <CoreInst = "m_axi">   --->   Core 121 'm_axi' <Latency = 0> <II = 1> <Delay = 1.00> <Adapter> <Opcode : 'read' 'write' 'readreq' 'writereq' 'writeresp'>
ST_27 : Operation 914 [1/7] (7.30ns)   --->   "%gmem4_load_19_req = readreq i1 @_ssdm_op_ReadReq.m_axi.i32P1A, i32 %gmem4_addr_19, i32 1" [src/gtsrb_cnn.cpp:87]   --->   Operation 914 'readreq' 'gmem4_load_19_req' <Predicate = (!icmp_ln83)> <Delay = 7.30> <CoreInst = "m_axi">   --->   Core 121 'm_axi' <Latency = 0> <II = 1> <Delay = 1.00> <Adapter> <Opcode : 'read' 'write' 'readreq' 'writereq' 'writeresp'>
ST_27 : Operation 915 [2/7] (7.30ns)   --->   "%gmem4_load_20_req = readreq i1 @_ssdm_op_ReadReq.m_axi.i32P1A, i32 %gmem4_addr_20, i32 1" [src/gtsrb_cnn.cpp:87]   --->   Operation 915 'readreq' 'gmem4_load_20_req' <Predicate = (!icmp_ln83)> <Delay = 7.30> <CoreInst = "m_axi">   --->   Core 121 'm_axi' <Latency = 0> <II = 1> <Delay = 1.00> <Adapter> <Opcode : 'read' 'write' 'readreq' 'writereq' 'writeresp'>
ST_27 : Operation 916 [3/7] (7.30ns)   --->   "%gmem4_load_21_req = readreq i1 @_ssdm_op_ReadReq.m_axi.i32P1A, i32 %gmem4_addr_21, i32 1" [src/gtsrb_cnn.cpp:87]   --->   Operation 916 'readreq' 'gmem4_load_21_req' <Predicate = (!icmp_ln83)> <Delay = 7.30> <CoreInst = "m_axi">   --->   Core 121 'm_axi' <Latency = 0> <II = 1> <Delay = 1.00> <Adapter> <Opcode : 'read' 'write' 'readreq' 'writereq' 'writeresp'>
ST_27 : Operation 917 [4/7] (7.30ns)   --->   "%gmem4_load_22_req = readreq i1 @_ssdm_op_ReadReq.m_axi.i32P1A, i32 %gmem4_addr_22, i32 1" [src/gtsrb_cnn.cpp:87]   --->   Operation 917 'readreq' 'gmem4_load_22_req' <Predicate = (!icmp_ln83)> <Delay = 7.30> <CoreInst = "m_axi">   --->   Core 121 'm_axi' <Latency = 0> <II = 1> <Delay = 1.00> <Adapter> <Opcode : 'read' 'write' 'readreq' 'writereq' 'writeresp'>
ST_27 : Operation 918 [5/7] (7.30ns)   --->   "%gmem4_load_23_req = readreq i1 @_ssdm_op_ReadReq.m_axi.i32P1A, i32 %gmem4_addr_23, i32 1" [src/gtsrb_cnn.cpp:87]   --->   Operation 918 'readreq' 'gmem4_load_23_req' <Predicate = (!icmp_ln83)> <Delay = 7.30> <CoreInst = "m_axi">   --->   Core 121 'm_axi' <Latency = 0> <II = 1> <Delay = 1.00> <Adapter> <Opcode : 'read' 'write' 'readreq' 'writereq' 'writeresp'>
ST_27 : Operation 919 [6/7] (7.30ns)   --->   "%gmem4_load_24_req = readreq i1 @_ssdm_op_ReadReq.m_axi.i32P1A, i32 %gmem4_addr_24, i32 1" [src/gtsrb_cnn.cpp:87]   --->   Operation 919 'readreq' 'gmem4_load_24_req' <Predicate = (!icmp_ln83)> <Delay = 7.30> <CoreInst = "m_axi">   --->   Core 121 'm_axi' <Latency = 0> <II = 1> <Delay = 1.00> <Adapter> <Opcode : 'read' 'write' 'readreq' 'writereq' 'writeresp'>
ST_27 : Operation 920 [7/7] (7.30ns)   --->   "%gmem4_load_25_req = readreq i1 @_ssdm_op_ReadReq.m_axi.i32P1A, i32 %gmem4_addr_25, i32 1" [src/gtsrb_cnn.cpp:87]   --->   Operation 920 'readreq' 'gmem4_load_25_req' <Predicate = (!icmp_ln83)> <Delay = 7.30> <CoreInst = "m_axi">   --->   Core 121 'm_axi' <Latency = 0> <II = 1> <Delay = 1.00> <Adapter> <Opcode : 'read' 'write' 'readreq' 'writereq' 'writeresp'>
ST_27 : Operation 921 [1/1] (0.94ns)   --->   "%add_ln87_49 = add i11 %zext_ln87_1, i11 1075" [src/gtsrb_cnn.cpp:87]   --->   Operation 921 'add' 'add_ln87_49' <Predicate = (!icmp_ln83)> <Delay = 0.94> <CoreInst = "Adder">   --->   Core 1 'Adder' <Latency = 0> <II = 1> <Delay = 0.94> <FuncUnit> <Opcode : 'add' 'sub'> <InPorts = 2> <OutPorts = 1>
ST_27 : Operation 922 [1/1] (0.00ns)   --->   "%shl_ln87_17 = bitconcatenate i13 @_ssdm_op_BitConcatenate.i13.i11.i2, i11 %add_ln87_49, i2 0" [src/gtsrb_cnn.cpp:87]   --->   Operation 922 'bitconcatenate' 'shl_ln87_17' <Predicate = (!icmp_ln83)> <Delay = 0.00>
ST_27 : Operation 923 [1/1] (0.00ns)   --->   "%zext_ln87_31 = zext i13 %shl_ln87_17" [src/gtsrb_cnn.cpp:87]   --->   Operation 923 'zext' 'zext_ln87_31' <Predicate = (!icmp_ln83)> <Delay = 0.00>
ST_27 : Operation 924 [1/1] (1.47ns)   --->   "%add_ln87_50 = add i64 %zext_ln87_31, i64 %W_read" [src/gtsrb_cnn.cpp:87]   --->   Operation 924 'add' 'add_ln87_50' <Predicate = (!icmp_ln83)> <Delay = 1.47> <CoreInst = "Adder">   --->   Core 1 'Adder' <Latency = 0> <II = 1> <Delay = 1.47> <FuncUnit> <Opcode : 'add' 'sub'> <InPorts = 2> <OutPorts = 1>
ST_27 : Operation 925 [1/1] (0.00ns)   --->   "%trunc_ln87_24 = partselect i62 @_ssdm_op_PartSelect.i62.i64.i32.i32, i64 %add_ln87_50, i32 2, i32 63" [src/gtsrb_cnn.cpp:87]   --->   Operation 925 'partselect' 'trunc_ln87_24' <Predicate = (!icmp_ln83)> <Delay = 0.00>
ST_27 : Operation 926 [1/1] (0.00ns)   --->   "%sext_ln87_25 = sext i62 %trunc_ln87_24" [src/gtsrb_cnn.cpp:87]   --->   Operation 926 'sext' 'sext_ln87_25' <Predicate = (!icmp_ln83)> <Delay = 0.00>
ST_27 : Operation 927 [1/1] (0.00ns)   --->   "%gmem4_addr_26 = getelementptr i32 %gmem4, i64 %sext_ln87_25" [src/gtsrb_cnn.cpp:87]   --->   Operation 927 'getelementptr' 'gmem4_addr_26' <Predicate = (!icmp_ln83)> <Delay = 0.00>
ST_27 : Operation 928 [1/2] (1.35ns)   --->   "%fc1_out_load_50 = load i32 50" [src/gtsrb_cnn.cpp:87]   --->   Operation 928 'load' 'fc1_out_load_50' <Predicate = (!icmp_ln83)> <Delay = 1.35> <CoreInst = "RAM_2P_BRAM">   --->   Core 94 'RAM_2P_BRAM' <Latency = 1> <II = 1> <Delay = 1.35> <Storage> <Opcode : 'load' 'store'> <Ports = 2> <Width = 32> <Depth = 64> <RAM>
ST_27 : Operation 929 [1/2] (1.35ns)   --->   "%fc1_out_load_51 = load i32 51" [src/gtsrb_cnn.cpp:87]   --->   Operation 929 'load' 'fc1_out_load_51' <Predicate = (!icmp_ln83)> <Delay = 1.35> <CoreInst = "RAM_2P_BRAM">   --->   Core 94 'RAM_2P_BRAM' <Latency = 1> <II = 1> <Delay = 1.35> <Storage> <Opcode : 'load' 'store'> <Ports = 2> <Width = 32> <Depth = 64> <RAM>
ST_27 : Operation 930 [2/2] (1.35ns)   --->   "%fc1_out_load_52 = load i32 52" [src/gtsrb_cnn.cpp:87]   --->   Operation 930 'load' 'fc1_out_load_52' <Predicate = (!icmp_ln83)> <Delay = 1.35> <CoreInst = "RAM_2P_BRAM">   --->   Core 94 'RAM_2P_BRAM' <Latency = 1> <II = 1> <Delay = 1.35> <Storage> <Opcode : 'load' 'store'> <Ports = 2> <Width = 32> <Depth = 64> <RAM>
ST_27 : Operation 931 [2/2] (1.35ns)   --->   "%fc1_out_load_53 = load i32 53" [src/gtsrb_cnn.cpp:87]   --->   Operation 931 'load' 'fc1_out_load_53' <Predicate = (!icmp_ln83)> <Delay = 1.35> <CoreInst = "RAM_2P_BRAM">   --->   Core 94 'RAM_2P_BRAM' <Latency = 1> <II = 1> <Delay = 1.35> <Storage> <Opcode : 'load' 'store'> <Ports = 2> <Width = 32> <Depth = 64> <RAM>

State 28 <SV = 27> <Delay = 7.30>
ST_28 : Operation 932 [2/5] (6.01ns)   --->   "%acc_1_2 = fadd i32 %acc_1_1, i32 %mul9_2" [src/gtsrb_cnn.cpp:87]   --->   Operation 932 'fadd' 'acc_1_2' <Predicate = (!icmp_ln83)> <Delay = 6.01> <CoreInst = "FAddSub_fulldsp">   --->   Core 18 'FAddSub_fulldsp' <Latency = 4> <II = 1> <Delay = 6.01> <FuncUnit> <Opcode : 'fadd' 'fsub'> <InPorts = 2> <OutPorts = 1>
ST_28 : Operation 933 [1/4] (4.67ns)   --->   "%mul9_13 = fmul i32 %fc1_out_load_14, i32 %bitcast_ln87_14" [src/gtsrb_cnn.cpp:87]   --->   Operation 933 'fmul' 'mul9_13' <Predicate = (!icmp_ln83)> <Delay = 4.67> <CoreInst = "FMul_maxdsp">   --->   Core 30 'FMul_maxdsp' <Latency = 3> <II = 1> <Delay = 4.67> <FuncUnit> <Opcode : 'fmul'> <InPorts = 2> <OutPorts = 1>
ST_28 : Operation 934 [2/4] (4.67ns)   --->   "%mul9_14 = fmul i32 %fc1_out_load_15, i32 %bitcast_ln87_15" [src/gtsrb_cnn.cpp:87]   --->   Operation 934 'fmul' 'mul9_14' <Predicate = (!icmp_ln83)> <Delay = 4.67> <CoreInst = "FMul_maxdsp">   --->   Core 30 'FMul_maxdsp' <Latency = 3> <II = 1> <Delay = 4.67> <FuncUnit> <Opcode : 'fmul'> <InPorts = 2> <OutPorts = 1>
ST_28 : Operation 935 [3/4] (4.67ns)   --->   "%mul9_15 = fmul i32 %fc1_out_load_16, i32 %bitcast_ln87_16" [src/gtsrb_cnn.cpp:87]   --->   Operation 935 'fmul' 'mul9_15' <Predicate = (!icmp_ln83)> <Delay = 4.67> <CoreInst = "FMul_maxdsp">   --->   Core 30 'FMul_maxdsp' <Latency = 3> <II = 1> <Delay = 4.67> <FuncUnit> <Opcode : 'fmul'> <InPorts = 2> <OutPorts = 1>
ST_28 : Operation 936 [1/1] (0.00ns)   --->   "%bitcast_ln87_17 = bitcast i32 %gmem4_addr_18_read" [src/gtsrb_cnn.cpp:87]   --->   Operation 936 'bitcast' 'bitcast_ln87_17' <Predicate = (!icmp_ln83)> <Delay = 0.00>
ST_28 : Operation 937 [4/4] (4.67ns)   --->   "%mul9_16 = fmul i32 %fc1_out_load_17, i32 %bitcast_ln87_17" [src/gtsrb_cnn.cpp:87]   --->   Operation 937 'fmul' 'mul9_16' <Predicate = (!icmp_ln83)> <Delay = 4.67> <CoreInst = "FMul_maxdsp">   --->   Core 30 'FMul_maxdsp' <Latency = 3> <II = 1> <Delay = 4.67> <FuncUnit> <Opcode : 'fmul'> <InPorts = 2> <OutPorts = 1>
ST_28 : Operation 938 [1/1] (7.30ns)   --->   "%gmem4_addr_19_read = read i32 @_ssdm_op_Read.m_axi.i32P1A, i32 %gmem4_addr_19" [src/gtsrb_cnn.cpp:87]   --->   Operation 938 'read' 'gmem4_addr_19_read' <Predicate = (!icmp_ln83)> <Delay = 7.30> <CoreInst = "m_axi">   --->   Core 121 'm_axi' <Latency = 0> <II = 1> <Delay = 1.00> <Adapter> <Opcode : 'read' 'write' 'readreq' 'writereq' 'writeresp'>
ST_28 : Operation 939 [1/7] (7.30ns)   --->   "%gmem4_load_20_req = readreq i1 @_ssdm_op_ReadReq.m_axi.i32P1A, i32 %gmem4_addr_20, i32 1" [src/gtsrb_cnn.cpp:87]   --->   Operation 939 'readreq' 'gmem4_load_20_req' <Predicate = (!icmp_ln83)> <Delay = 7.30> <CoreInst = "m_axi">   --->   Core 121 'm_axi' <Latency = 0> <II = 1> <Delay = 1.00> <Adapter> <Opcode : 'read' 'write' 'readreq' 'writereq' 'writeresp'>
ST_28 : Operation 940 [2/7] (7.30ns)   --->   "%gmem4_load_21_req = readreq i1 @_ssdm_op_ReadReq.m_axi.i32P1A, i32 %gmem4_addr_21, i32 1" [src/gtsrb_cnn.cpp:87]   --->   Operation 940 'readreq' 'gmem4_load_21_req' <Predicate = (!icmp_ln83)> <Delay = 7.30> <CoreInst = "m_axi">   --->   Core 121 'm_axi' <Latency = 0> <II = 1> <Delay = 1.00> <Adapter> <Opcode : 'read' 'write' 'readreq' 'writereq' 'writeresp'>
ST_28 : Operation 941 [3/7] (7.30ns)   --->   "%gmem4_load_22_req = readreq i1 @_ssdm_op_ReadReq.m_axi.i32P1A, i32 %gmem4_addr_22, i32 1" [src/gtsrb_cnn.cpp:87]   --->   Operation 941 'readreq' 'gmem4_load_22_req' <Predicate = (!icmp_ln83)> <Delay = 7.30> <CoreInst = "m_axi">   --->   Core 121 'm_axi' <Latency = 0> <II = 1> <Delay = 1.00> <Adapter> <Opcode : 'read' 'write' 'readreq' 'writereq' 'writeresp'>
ST_28 : Operation 942 [4/7] (7.30ns)   --->   "%gmem4_load_23_req = readreq i1 @_ssdm_op_ReadReq.m_axi.i32P1A, i32 %gmem4_addr_23, i32 1" [src/gtsrb_cnn.cpp:87]   --->   Operation 942 'readreq' 'gmem4_load_23_req' <Predicate = (!icmp_ln83)> <Delay = 7.30> <CoreInst = "m_axi">   --->   Core 121 'm_axi' <Latency = 0> <II = 1> <Delay = 1.00> <Adapter> <Opcode : 'read' 'write' 'readreq' 'writereq' 'writeresp'>
ST_28 : Operation 943 [5/7] (7.30ns)   --->   "%gmem4_load_24_req = readreq i1 @_ssdm_op_ReadReq.m_axi.i32P1A, i32 %gmem4_addr_24, i32 1" [src/gtsrb_cnn.cpp:87]   --->   Operation 943 'readreq' 'gmem4_load_24_req' <Predicate = (!icmp_ln83)> <Delay = 7.30> <CoreInst = "m_axi">   --->   Core 121 'm_axi' <Latency = 0> <II = 1> <Delay = 1.00> <Adapter> <Opcode : 'read' 'write' 'readreq' 'writereq' 'writeresp'>
ST_28 : Operation 944 [6/7] (7.30ns)   --->   "%gmem4_load_25_req = readreq i1 @_ssdm_op_ReadReq.m_axi.i32P1A, i32 %gmem4_addr_25, i32 1" [src/gtsrb_cnn.cpp:87]   --->   Operation 944 'readreq' 'gmem4_load_25_req' <Predicate = (!icmp_ln83)> <Delay = 7.30> <CoreInst = "m_axi">   --->   Core 121 'm_axi' <Latency = 0> <II = 1> <Delay = 1.00> <Adapter> <Opcode : 'read' 'write' 'readreq' 'writereq' 'writeresp'>
ST_28 : Operation 945 [7/7] (7.30ns)   --->   "%gmem4_load_26_req = readreq i1 @_ssdm_op_ReadReq.m_axi.i32P1A, i32 %gmem4_addr_26, i32 1" [src/gtsrb_cnn.cpp:87]   --->   Operation 945 'readreq' 'gmem4_load_26_req' <Predicate = (!icmp_ln83)> <Delay = 7.30> <CoreInst = "m_axi">   --->   Core 121 'm_axi' <Latency = 0> <II = 1> <Delay = 1.00> <Adapter> <Opcode : 'read' 'write' 'readreq' 'writereq' 'writeresp'>
ST_28 : Operation 946 [1/1] (0.94ns)   --->   "%add_ln87_51 = add i11 %zext_ln87_1, i11 1118" [src/gtsrb_cnn.cpp:87]   --->   Operation 946 'add' 'add_ln87_51' <Predicate = (!icmp_ln83)> <Delay = 0.94> <CoreInst = "Adder">   --->   Core 1 'Adder' <Latency = 0> <II = 1> <Delay = 0.94> <FuncUnit> <Opcode : 'add' 'sub'> <InPorts = 2> <OutPorts = 1>
ST_28 : Operation 947 [1/1] (0.00ns)   --->   "%shl_ln87_18 = bitconcatenate i13 @_ssdm_op_BitConcatenate.i13.i11.i2, i11 %add_ln87_51, i2 0" [src/gtsrb_cnn.cpp:87]   --->   Operation 947 'bitconcatenate' 'shl_ln87_18' <Predicate = (!icmp_ln83)> <Delay = 0.00>
ST_28 : Operation 948 [1/1] (0.00ns)   --->   "%zext_ln87_32 = zext i13 %shl_ln87_18" [src/gtsrb_cnn.cpp:87]   --->   Operation 948 'zext' 'zext_ln87_32' <Predicate = (!icmp_ln83)> <Delay = 0.00>
ST_28 : Operation 949 [1/1] (1.47ns)   --->   "%add_ln87_52 = add i64 %zext_ln87_32, i64 %W_read" [src/gtsrb_cnn.cpp:87]   --->   Operation 949 'add' 'add_ln87_52' <Predicate = (!icmp_ln83)> <Delay = 1.47> <CoreInst = "Adder">   --->   Core 1 'Adder' <Latency = 0> <II = 1> <Delay = 1.47> <FuncUnit> <Opcode : 'add' 'sub'> <InPorts = 2> <OutPorts = 1>
ST_28 : Operation 950 [1/1] (0.00ns)   --->   "%trunc_ln87_25 = partselect i62 @_ssdm_op_PartSelect.i62.i64.i32.i32, i64 %add_ln87_52, i32 2, i32 63" [src/gtsrb_cnn.cpp:87]   --->   Operation 950 'partselect' 'trunc_ln87_25' <Predicate = (!icmp_ln83)> <Delay = 0.00>
ST_28 : Operation 951 [1/1] (0.00ns)   --->   "%sext_ln87_26 = sext i62 %trunc_ln87_25" [src/gtsrb_cnn.cpp:87]   --->   Operation 951 'sext' 'sext_ln87_26' <Predicate = (!icmp_ln83)> <Delay = 0.00>
ST_28 : Operation 952 [1/1] (0.00ns)   --->   "%gmem4_addr_27 = getelementptr i32 %gmem4, i64 %sext_ln87_26" [src/gtsrb_cnn.cpp:87]   --->   Operation 952 'getelementptr' 'gmem4_addr_27' <Predicate = (!icmp_ln83)> <Delay = 0.00>
ST_28 : Operation 953 [1/2] (1.35ns)   --->   "%fc1_out_load_52 = load i32 52" [src/gtsrb_cnn.cpp:87]   --->   Operation 953 'load' 'fc1_out_load_52' <Predicate = (!icmp_ln83)> <Delay = 1.35> <CoreInst = "RAM_2P_BRAM">   --->   Core 94 'RAM_2P_BRAM' <Latency = 1> <II = 1> <Delay = 1.35> <Storage> <Opcode : 'load' 'store'> <Ports = 2> <Width = 32> <Depth = 64> <RAM>
ST_28 : Operation 954 [1/2] (1.35ns)   --->   "%fc1_out_load_53 = load i32 53" [src/gtsrb_cnn.cpp:87]   --->   Operation 954 'load' 'fc1_out_load_53' <Predicate = (!icmp_ln83)> <Delay = 1.35> <CoreInst = "RAM_2P_BRAM">   --->   Core 94 'RAM_2P_BRAM' <Latency = 1> <II = 1> <Delay = 1.35> <Storage> <Opcode : 'load' 'store'> <Ports = 2> <Width = 32> <Depth = 64> <RAM>
ST_28 : Operation 955 [2/2] (1.35ns)   --->   "%fc1_out_load_54 = load i32 54" [src/gtsrb_cnn.cpp:87]   --->   Operation 955 'load' 'fc1_out_load_54' <Predicate = (!icmp_ln83)> <Delay = 1.35> <CoreInst = "RAM_2P_BRAM">   --->   Core 94 'RAM_2P_BRAM' <Latency = 1> <II = 1> <Delay = 1.35> <Storage> <Opcode : 'load' 'store'> <Ports = 2> <Width = 32> <Depth = 64> <RAM>
ST_28 : Operation 956 [2/2] (1.35ns)   --->   "%fc1_out_load_55 = load i32 55" [src/gtsrb_cnn.cpp:87]   --->   Operation 956 'load' 'fc1_out_load_55' <Predicate = (!icmp_ln83)> <Delay = 1.35> <CoreInst = "RAM_2P_BRAM">   --->   Core 94 'RAM_2P_BRAM' <Latency = 1> <II = 1> <Delay = 1.35> <Storage> <Opcode : 'load' 'store'> <Ports = 2> <Width = 32> <Depth = 64> <RAM>

State 29 <SV = 28> <Delay = 7.30>
ST_29 : Operation 957 [1/5] (6.01ns)   --->   "%acc_1_2 = fadd i32 %acc_1_1, i32 %mul9_2" [src/gtsrb_cnn.cpp:87]   --->   Operation 957 'fadd' 'acc_1_2' <Predicate = (!icmp_ln83)> <Delay = 6.01> <CoreInst = "FAddSub_fulldsp">   --->   Core 18 'FAddSub_fulldsp' <Latency = 4> <II = 1> <Delay = 6.01> <FuncUnit> <Opcode : 'fadd' 'fsub'> <InPorts = 2> <OutPorts = 1>
ST_29 : Operation 958 [1/4] (4.67ns)   --->   "%mul9_14 = fmul i32 %fc1_out_load_15, i32 %bitcast_ln87_15" [src/gtsrb_cnn.cpp:87]   --->   Operation 958 'fmul' 'mul9_14' <Predicate = (!icmp_ln83)> <Delay = 4.67> <CoreInst = "FMul_maxdsp">   --->   Core 30 'FMul_maxdsp' <Latency = 3> <II = 1> <Delay = 4.67> <FuncUnit> <Opcode : 'fmul'> <InPorts = 2> <OutPorts = 1>
ST_29 : Operation 959 [2/4] (4.67ns)   --->   "%mul9_15 = fmul i32 %fc1_out_load_16, i32 %bitcast_ln87_16" [src/gtsrb_cnn.cpp:87]   --->   Operation 959 'fmul' 'mul9_15' <Predicate = (!icmp_ln83)> <Delay = 4.67> <CoreInst = "FMul_maxdsp">   --->   Core 30 'FMul_maxdsp' <Latency = 3> <II = 1> <Delay = 4.67> <FuncUnit> <Opcode : 'fmul'> <InPorts = 2> <OutPorts = 1>
ST_29 : Operation 960 [3/4] (4.67ns)   --->   "%mul9_16 = fmul i32 %fc1_out_load_17, i32 %bitcast_ln87_17" [src/gtsrb_cnn.cpp:87]   --->   Operation 960 'fmul' 'mul9_16' <Predicate = (!icmp_ln83)> <Delay = 4.67> <CoreInst = "FMul_maxdsp">   --->   Core 30 'FMul_maxdsp' <Latency = 3> <II = 1> <Delay = 4.67> <FuncUnit> <Opcode : 'fmul'> <InPorts = 2> <OutPorts = 1>
ST_29 : Operation 961 [1/1] (0.00ns)   --->   "%bitcast_ln87_18 = bitcast i32 %gmem4_addr_19_read" [src/gtsrb_cnn.cpp:87]   --->   Operation 961 'bitcast' 'bitcast_ln87_18' <Predicate = (!icmp_ln83)> <Delay = 0.00>
ST_29 : Operation 962 [4/4] (4.67ns)   --->   "%mul9_17 = fmul i32 %fc1_out_load_18, i32 %bitcast_ln87_18" [src/gtsrb_cnn.cpp:87]   --->   Operation 962 'fmul' 'mul9_17' <Predicate = (!icmp_ln83)> <Delay = 4.67> <CoreInst = "FMul_maxdsp">   --->   Core 30 'FMul_maxdsp' <Latency = 3> <II = 1> <Delay = 4.67> <FuncUnit> <Opcode : 'fmul'> <InPorts = 2> <OutPorts = 1>
ST_29 : Operation 963 [1/1] (7.30ns)   --->   "%gmem4_addr_20_read = read i32 @_ssdm_op_Read.m_axi.i32P1A, i32 %gmem4_addr_20" [src/gtsrb_cnn.cpp:87]   --->   Operation 963 'read' 'gmem4_addr_20_read' <Predicate = (!icmp_ln83)> <Delay = 7.30> <CoreInst = "m_axi">   --->   Core 121 'm_axi' <Latency = 0> <II = 1> <Delay = 1.00> <Adapter> <Opcode : 'read' 'write' 'readreq' 'writereq' 'writeresp'>
ST_29 : Operation 964 [1/7] (7.30ns)   --->   "%gmem4_load_21_req = readreq i1 @_ssdm_op_ReadReq.m_axi.i32P1A, i32 %gmem4_addr_21, i32 1" [src/gtsrb_cnn.cpp:87]   --->   Operation 964 'readreq' 'gmem4_load_21_req' <Predicate = (!icmp_ln83)> <Delay = 7.30> <CoreInst = "m_axi">   --->   Core 121 'm_axi' <Latency = 0> <II = 1> <Delay = 1.00> <Adapter> <Opcode : 'read' 'write' 'readreq' 'writereq' 'writeresp'>
ST_29 : Operation 965 [2/7] (7.30ns)   --->   "%gmem4_load_22_req = readreq i1 @_ssdm_op_ReadReq.m_axi.i32P1A, i32 %gmem4_addr_22, i32 1" [src/gtsrb_cnn.cpp:87]   --->   Operation 965 'readreq' 'gmem4_load_22_req' <Predicate = (!icmp_ln83)> <Delay = 7.30> <CoreInst = "m_axi">   --->   Core 121 'm_axi' <Latency = 0> <II = 1> <Delay = 1.00> <Adapter> <Opcode : 'read' 'write' 'readreq' 'writereq' 'writeresp'>
ST_29 : Operation 966 [3/7] (7.30ns)   --->   "%gmem4_load_23_req = readreq i1 @_ssdm_op_ReadReq.m_axi.i32P1A, i32 %gmem4_addr_23, i32 1" [src/gtsrb_cnn.cpp:87]   --->   Operation 966 'readreq' 'gmem4_load_23_req' <Predicate = (!icmp_ln83)> <Delay = 7.30> <CoreInst = "m_axi">   --->   Core 121 'm_axi' <Latency = 0> <II = 1> <Delay = 1.00> <Adapter> <Opcode : 'read' 'write' 'readreq' 'writereq' 'writeresp'>
ST_29 : Operation 967 [4/7] (7.30ns)   --->   "%gmem4_load_24_req = readreq i1 @_ssdm_op_ReadReq.m_axi.i32P1A, i32 %gmem4_addr_24, i32 1" [src/gtsrb_cnn.cpp:87]   --->   Operation 967 'readreq' 'gmem4_load_24_req' <Predicate = (!icmp_ln83)> <Delay = 7.30> <CoreInst = "m_axi">   --->   Core 121 'm_axi' <Latency = 0> <II = 1> <Delay = 1.00> <Adapter> <Opcode : 'read' 'write' 'readreq' 'writereq' 'writeresp'>
ST_29 : Operation 968 [5/7] (7.30ns)   --->   "%gmem4_load_25_req = readreq i1 @_ssdm_op_ReadReq.m_axi.i32P1A, i32 %gmem4_addr_25, i32 1" [src/gtsrb_cnn.cpp:87]   --->   Operation 968 'readreq' 'gmem4_load_25_req' <Predicate = (!icmp_ln83)> <Delay = 7.30> <CoreInst = "m_axi">   --->   Core 121 'm_axi' <Latency = 0> <II = 1> <Delay = 1.00> <Adapter> <Opcode : 'read' 'write' 'readreq' 'writereq' 'writeresp'>
ST_29 : Operation 969 [6/7] (7.30ns)   --->   "%gmem4_load_26_req = readreq i1 @_ssdm_op_ReadReq.m_axi.i32P1A, i32 %gmem4_addr_26, i32 1" [src/gtsrb_cnn.cpp:87]   --->   Operation 969 'readreq' 'gmem4_load_26_req' <Predicate = (!icmp_ln83)> <Delay = 7.30> <CoreInst = "m_axi">   --->   Core 121 'm_axi' <Latency = 0> <II = 1> <Delay = 1.00> <Adapter> <Opcode : 'read' 'write' 'readreq' 'writereq' 'writeresp'>
ST_29 : Operation 970 [7/7] (7.30ns)   --->   "%gmem4_load_27_req = readreq i1 @_ssdm_op_ReadReq.m_axi.i32P1A, i32 %gmem4_addr_27, i32 1" [src/gtsrb_cnn.cpp:87]   --->   Operation 970 'readreq' 'gmem4_load_27_req' <Predicate = (!icmp_ln83)> <Delay = 7.30> <CoreInst = "m_axi">   --->   Core 121 'm_axi' <Latency = 0> <II = 1> <Delay = 1.00> <Adapter> <Opcode : 'read' 'write' 'readreq' 'writereq' 'writeresp'>
ST_29 : Operation 971 [1/1] (0.94ns)   --->   "%add_ln87_53 = add i11 %zext_ln87_1, i11 1161" [src/gtsrb_cnn.cpp:87]   --->   Operation 971 'add' 'add_ln87_53' <Predicate = (!icmp_ln83)> <Delay = 0.94> <CoreInst = "Adder">   --->   Core 1 'Adder' <Latency = 0> <II = 1> <Delay = 0.94> <FuncUnit> <Opcode : 'add' 'sub'> <InPorts = 2> <OutPorts = 1>
ST_29 : Operation 972 [1/1] (0.00ns)   --->   "%shl_ln87_19 = bitconcatenate i13 @_ssdm_op_BitConcatenate.i13.i11.i2, i11 %add_ln87_53, i2 0" [src/gtsrb_cnn.cpp:87]   --->   Operation 972 'bitconcatenate' 'shl_ln87_19' <Predicate = (!icmp_ln83)> <Delay = 0.00>
ST_29 : Operation 973 [1/1] (0.00ns)   --->   "%zext_ln87_33 = zext i13 %shl_ln87_19" [src/gtsrb_cnn.cpp:87]   --->   Operation 973 'zext' 'zext_ln87_33' <Predicate = (!icmp_ln83)> <Delay = 0.00>
ST_29 : Operation 974 [1/1] (1.47ns)   --->   "%add_ln87_54 = add i64 %zext_ln87_33, i64 %W_read" [src/gtsrb_cnn.cpp:87]   --->   Operation 974 'add' 'add_ln87_54' <Predicate = (!icmp_ln83)> <Delay = 1.47> <CoreInst = "Adder">   --->   Core 1 'Adder' <Latency = 0> <II = 1> <Delay = 1.47> <FuncUnit> <Opcode : 'add' 'sub'> <InPorts = 2> <OutPorts = 1>
ST_29 : Operation 975 [1/1] (0.00ns)   --->   "%trunc_ln87_26 = partselect i62 @_ssdm_op_PartSelect.i62.i64.i32.i32, i64 %add_ln87_54, i32 2, i32 63" [src/gtsrb_cnn.cpp:87]   --->   Operation 975 'partselect' 'trunc_ln87_26' <Predicate = (!icmp_ln83)> <Delay = 0.00>
ST_29 : Operation 976 [1/1] (0.00ns)   --->   "%sext_ln87_27 = sext i62 %trunc_ln87_26" [src/gtsrb_cnn.cpp:87]   --->   Operation 976 'sext' 'sext_ln87_27' <Predicate = (!icmp_ln83)> <Delay = 0.00>
ST_29 : Operation 977 [1/1] (0.00ns)   --->   "%gmem4_addr_28 = getelementptr i32 %gmem4, i64 %sext_ln87_27" [src/gtsrb_cnn.cpp:87]   --->   Operation 977 'getelementptr' 'gmem4_addr_28' <Predicate = (!icmp_ln83)> <Delay = 0.00>
ST_29 : Operation 978 [1/2] (1.35ns)   --->   "%fc1_out_load_54 = load i32 54" [src/gtsrb_cnn.cpp:87]   --->   Operation 978 'load' 'fc1_out_load_54' <Predicate = (!icmp_ln83)> <Delay = 1.35> <CoreInst = "RAM_2P_BRAM">   --->   Core 94 'RAM_2P_BRAM' <Latency = 1> <II = 1> <Delay = 1.35> <Storage> <Opcode : 'load' 'store'> <Ports = 2> <Width = 32> <Depth = 64> <RAM>
ST_29 : Operation 979 [1/2] (1.35ns)   --->   "%fc1_out_load_55 = load i32 55" [src/gtsrb_cnn.cpp:87]   --->   Operation 979 'load' 'fc1_out_load_55' <Predicate = (!icmp_ln83)> <Delay = 1.35> <CoreInst = "RAM_2P_BRAM">   --->   Core 94 'RAM_2P_BRAM' <Latency = 1> <II = 1> <Delay = 1.35> <Storage> <Opcode : 'load' 'store'> <Ports = 2> <Width = 32> <Depth = 64> <RAM>
ST_29 : Operation 980 [2/2] (1.35ns)   --->   "%fc1_out_load_56 = load i32 56" [src/gtsrb_cnn.cpp:87]   --->   Operation 980 'load' 'fc1_out_load_56' <Predicate = (!icmp_ln83)> <Delay = 1.35> <CoreInst = "RAM_2P_BRAM">   --->   Core 94 'RAM_2P_BRAM' <Latency = 1> <II = 1> <Delay = 1.35> <Storage> <Opcode : 'load' 'store'> <Ports = 2> <Width = 32> <Depth = 64> <RAM>
ST_29 : Operation 981 [2/2] (1.35ns)   --->   "%fc1_out_load_57 = load i32 57" [src/gtsrb_cnn.cpp:87]   --->   Operation 981 'load' 'fc1_out_load_57' <Predicate = (!icmp_ln83)> <Delay = 1.35> <CoreInst = "RAM_2P_BRAM">   --->   Core 94 'RAM_2P_BRAM' <Latency = 1> <II = 1> <Delay = 1.35> <Storage> <Opcode : 'load' 'store'> <Ports = 2> <Width = 32> <Depth = 64> <RAM>

State 30 <SV = 29> <Delay = 7.30>
ST_30 : Operation 982 [5/5] (6.01ns)   --->   "%acc_1_3 = fadd i32 %acc_1_2, i32 %mul9_3" [src/gtsrb_cnn.cpp:87]   --->   Operation 982 'fadd' 'acc_1_3' <Predicate = (!icmp_ln83)> <Delay = 6.01> <CoreInst = "FAddSub_fulldsp">   --->   Core 18 'FAddSub_fulldsp' <Latency = 4> <II = 1> <Delay = 6.01> <FuncUnit> <Opcode : 'fadd' 'fsub'> <InPorts = 2> <OutPorts = 1>
ST_30 : Operation 983 [1/4] (4.67ns)   --->   "%mul9_15 = fmul i32 %fc1_out_load_16, i32 %bitcast_ln87_16" [src/gtsrb_cnn.cpp:87]   --->   Operation 983 'fmul' 'mul9_15' <Predicate = (!icmp_ln83)> <Delay = 4.67> <CoreInst = "FMul_maxdsp">   --->   Core 30 'FMul_maxdsp' <Latency = 3> <II = 1> <Delay = 4.67> <FuncUnit> <Opcode : 'fmul'> <InPorts = 2> <OutPorts = 1>
ST_30 : Operation 984 [2/4] (4.67ns)   --->   "%mul9_16 = fmul i32 %fc1_out_load_17, i32 %bitcast_ln87_17" [src/gtsrb_cnn.cpp:87]   --->   Operation 984 'fmul' 'mul9_16' <Predicate = (!icmp_ln83)> <Delay = 4.67> <CoreInst = "FMul_maxdsp">   --->   Core 30 'FMul_maxdsp' <Latency = 3> <II = 1> <Delay = 4.67> <FuncUnit> <Opcode : 'fmul'> <InPorts = 2> <OutPorts = 1>
ST_30 : Operation 985 [3/4] (4.67ns)   --->   "%mul9_17 = fmul i32 %fc1_out_load_18, i32 %bitcast_ln87_18" [src/gtsrb_cnn.cpp:87]   --->   Operation 985 'fmul' 'mul9_17' <Predicate = (!icmp_ln83)> <Delay = 4.67> <CoreInst = "FMul_maxdsp">   --->   Core 30 'FMul_maxdsp' <Latency = 3> <II = 1> <Delay = 4.67> <FuncUnit> <Opcode : 'fmul'> <InPorts = 2> <OutPorts = 1>
ST_30 : Operation 986 [1/1] (0.00ns)   --->   "%bitcast_ln87_19 = bitcast i32 %gmem4_addr_20_read" [src/gtsrb_cnn.cpp:87]   --->   Operation 986 'bitcast' 'bitcast_ln87_19' <Predicate = (!icmp_ln83)> <Delay = 0.00>
ST_30 : Operation 987 [4/4] (4.67ns)   --->   "%mul9_18 = fmul i32 %fc1_out_load_19, i32 %bitcast_ln87_19" [src/gtsrb_cnn.cpp:87]   --->   Operation 987 'fmul' 'mul9_18' <Predicate = (!icmp_ln83)> <Delay = 4.67> <CoreInst = "FMul_maxdsp">   --->   Core 30 'FMul_maxdsp' <Latency = 3> <II = 1> <Delay = 4.67> <FuncUnit> <Opcode : 'fmul'> <InPorts = 2> <OutPorts = 1>
ST_30 : Operation 988 [1/1] (7.30ns)   --->   "%gmem4_addr_21_read = read i32 @_ssdm_op_Read.m_axi.i32P1A, i32 %gmem4_addr_21" [src/gtsrb_cnn.cpp:87]   --->   Operation 988 'read' 'gmem4_addr_21_read' <Predicate = (!icmp_ln83)> <Delay = 7.30> <CoreInst = "m_axi">   --->   Core 121 'm_axi' <Latency = 0> <II = 1> <Delay = 1.00> <Adapter> <Opcode : 'read' 'write' 'readreq' 'writereq' 'writeresp'>
ST_30 : Operation 989 [1/7] (7.30ns)   --->   "%gmem4_load_22_req = readreq i1 @_ssdm_op_ReadReq.m_axi.i32P1A, i32 %gmem4_addr_22, i32 1" [src/gtsrb_cnn.cpp:87]   --->   Operation 989 'readreq' 'gmem4_load_22_req' <Predicate = (!icmp_ln83)> <Delay = 7.30> <CoreInst = "m_axi">   --->   Core 121 'm_axi' <Latency = 0> <II = 1> <Delay = 1.00> <Adapter> <Opcode : 'read' 'write' 'readreq' 'writereq' 'writeresp'>
ST_30 : Operation 990 [2/7] (7.30ns)   --->   "%gmem4_load_23_req = readreq i1 @_ssdm_op_ReadReq.m_axi.i32P1A, i32 %gmem4_addr_23, i32 1" [src/gtsrb_cnn.cpp:87]   --->   Operation 990 'readreq' 'gmem4_load_23_req' <Predicate = (!icmp_ln83)> <Delay = 7.30> <CoreInst = "m_axi">   --->   Core 121 'm_axi' <Latency = 0> <II = 1> <Delay = 1.00> <Adapter> <Opcode : 'read' 'write' 'readreq' 'writereq' 'writeresp'>
ST_30 : Operation 991 [3/7] (7.30ns)   --->   "%gmem4_load_24_req = readreq i1 @_ssdm_op_ReadReq.m_axi.i32P1A, i32 %gmem4_addr_24, i32 1" [src/gtsrb_cnn.cpp:87]   --->   Operation 991 'readreq' 'gmem4_load_24_req' <Predicate = (!icmp_ln83)> <Delay = 7.30> <CoreInst = "m_axi">   --->   Core 121 'm_axi' <Latency = 0> <II = 1> <Delay = 1.00> <Adapter> <Opcode : 'read' 'write' 'readreq' 'writereq' 'writeresp'>
ST_30 : Operation 992 [4/7] (7.30ns)   --->   "%gmem4_load_25_req = readreq i1 @_ssdm_op_ReadReq.m_axi.i32P1A, i32 %gmem4_addr_25, i32 1" [src/gtsrb_cnn.cpp:87]   --->   Operation 992 'readreq' 'gmem4_load_25_req' <Predicate = (!icmp_ln83)> <Delay = 7.30> <CoreInst = "m_axi">   --->   Core 121 'm_axi' <Latency = 0> <II = 1> <Delay = 1.00> <Adapter> <Opcode : 'read' 'write' 'readreq' 'writereq' 'writeresp'>
ST_30 : Operation 993 [5/7] (7.30ns)   --->   "%gmem4_load_26_req = readreq i1 @_ssdm_op_ReadReq.m_axi.i32P1A, i32 %gmem4_addr_26, i32 1" [src/gtsrb_cnn.cpp:87]   --->   Operation 993 'readreq' 'gmem4_load_26_req' <Predicate = (!icmp_ln83)> <Delay = 7.30> <CoreInst = "m_axi">   --->   Core 121 'm_axi' <Latency = 0> <II = 1> <Delay = 1.00> <Adapter> <Opcode : 'read' 'write' 'readreq' 'writereq' 'writeresp'>
ST_30 : Operation 994 [6/7] (7.30ns)   --->   "%gmem4_load_27_req = readreq i1 @_ssdm_op_ReadReq.m_axi.i32P1A, i32 %gmem4_addr_27, i32 1" [src/gtsrb_cnn.cpp:87]   --->   Operation 994 'readreq' 'gmem4_load_27_req' <Predicate = (!icmp_ln83)> <Delay = 7.30> <CoreInst = "m_axi">   --->   Core 121 'm_axi' <Latency = 0> <II = 1> <Delay = 1.00> <Adapter> <Opcode : 'read' 'write' 'readreq' 'writereq' 'writeresp'>
ST_30 : Operation 995 [7/7] (7.30ns)   --->   "%gmem4_load_28_req = readreq i1 @_ssdm_op_ReadReq.m_axi.i32P1A, i32 %gmem4_addr_28, i32 1" [src/gtsrb_cnn.cpp:87]   --->   Operation 995 'readreq' 'gmem4_load_28_req' <Predicate = (!icmp_ln83)> <Delay = 7.30> <CoreInst = "m_axi">   --->   Core 121 'm_axi' <Latency = 0> <II = 1> <Delay = 1.00> <Adapter> <Opcode : 'read' 'write' 'readreq' 'writereq' 'writeresp'>
ST_30 : Operation 996 [1/1] (0.94ns)   --->   "%add_ln87_55 = add i11 %zext_ln87_1, i11 1204" [src/gtsrb_cnn.cpp:87]   --->   Operation 996 'add' 'add_ln87_55' <Predicate = (!icmp_ln83)> <Delay = 0.94> <CoreInst = "Adder">   --->   Core 1 'Adder' <Latency = 0> <II = 1> <Delay = 0.94> <FuncUnit> <Opcode : 'add' 'sub'> <InPorts = 2> <OutPorts = 1>
ST_30 : Operation 997 [1/1] (0.00ns)   --->   "%shl_ln87_20 = bitconcatenate i13 @_ssdm_op_BitConcatenate.i13.i11.i2, i11 %add_ln87_55, i2 0" [src/gtsrb_cnn.cpp:87]   --->   Operation 997 'bitconcatenate' 'shl_ln87_20' <Predicate = (!icmp_ln83)> <Delay = 0.00>
ST_30 : Operation 998 [1/1] (0.00ns)   --->   "%zext_ln87_34 = zext i13 %shl_ln87_20" [src/gtsrb_cnn.cpp:87]   --->   Operation 998 'zext' 'zext_ln87_34' <Predicate = (!icmp_ln83)> <Delay = 0.00>
ST_30 : Operation 999 [1/1] (1.47ns)   --->   "%add_ln87_56 = add i64 %zext_ln87_34, i64 %W_read" [src/gtsrb_cnn.cpp:87]   --->   Operation 999 'add' 'add_ln87_56' <Predicate = (!icmp_ln83)> <Delay = 1.47> <CoreInst = "Adder">   --->   Core 1 'Adder' <Latency = 0> <II = 1> <Delay = 1.47> <FuncUnit> <Opcode : 'add' 'sub'> <InPorts = 2> <OutPorts = 1>
ST_30 : Operation 1000 [1/1] (0.00ns)   --->   "%trunc_ln87_27 = partselect i62 @_ssdm_op_PartSelect.i62.i64.i32.i32, i64 %add_ln87_56, i32 2, i32 63" [src/gtsrb_cnn.cpp:87]   --->   Operation 1000 'partselect' 'trunc_ln87_27' <Predicate = (!icmp_ln83)> <Delay = 0.00>
ST_30 : Operation 1001 [1/1] (0.00ns)   --->   "%sext_ln87_28 = sext i62 %trunc_ln87_27" [src/gtsrb_cnn.cpp:87]   --->   Operation 1001 'sext' 'sext_ln87_28' <Predicate = (!icmp_ln83)> <Delay = 0.00>
ST_30 : Operation 1002 [1/1] (0.00ns)   --->   "%gmem4_addr_29 = getelementptr i32 %gmem4, i64 %sext_ln87_28" [src/gtsrb_cnn.cpp:87]   --->   Operation 1002 'getelementptr' 'gmem4_addr_29' <Predicate = (!icmp_ln83)> <Delay = 0.00>
ST_30 : Operation 1003 [1/2] (1.35ns)   --->   "%fc1_out_load_56 = load i32 56" [src/gtsrb_cnn.cpp:87]   --->   Operation 1003 'load' 'fc1_out_load_56' <Predicate = (!icmp_ln83)> <Delay = 1.35> <CoreInst = "RAM_2P_BRAM">   --->   Core 94 'RAM_2P_BRAM' <Latency = 1> <II = 1> <Delay = 1.35> <Storage> <Opcode : 'load' 'store'> <Ports = 2> <Width = 32> <Depth = 64> <RAM>
ST_30 : Operation 1004 [1/2] (1.35ns)   --->   "%fc1_out_load_57 = load i32 57" [src/gtsrb_cnn.cpp:87]   --->   Operation 1004 'load' 'fc1_out_load_57' <Predicate = (!icmp_ln83)> <Delay = 1.35> <CoreInst = "RAM_2P_BRAM">   --->   Core 94 'RAM_2P_BRAM' <Latency = 1> <II = 1> <Delay = 1.35> <Storage> <Opcode : 'load' 'store'> <Ports = 2> <Width = 32> <Depth = 64> <RAM>
ST_30 : Operation 1005 [2/2] (1.35ns)   --->   "%fc1_out_load_58 = load i32 58" [src/gtsrb_cnn.cpp:87]   --->   Operation 1005 'load' 'fc1_out_load_58' <Predicate = (!icmp_ln83)> <Delay = 1.35> <CoreInst = "RAM_2P_BRAM">   --->   Core 94 'RAM_2P_BRAM' <Latency = 1> <II = 1> <Delay = 1.35> <Storage> <Opcode : 'load' 'store'> <Ports = 2> <Width = 32> <Depth = 64> <RAM>
ST_30 : Operation 1006 [2/2] (1.35ns)   --->   "%fc1_out_load_59 = load i32 59" [src/gtsrb_cnn.cpp:87]   --->   Operation 1006 'load' 'fc1_out_load_59' <Predicate = (!icmp_ln83)> <Delay = 1.35> <CoreInst = "RAM_2P_BRAM">   --->   Core 94 'RAM_2P_BRAM' <Latency = 1> <II = 1> <Delay = 1.35> <Storage> <Opcode : 'load' 'store'> <Ports = 2> <Width = 32> <Depth = 64> <RAM>

State 31 <SV = 30> <Delay = 7.30>
ST_31 : Operation 1007 [4/5] (6.01ns)   --->   "%acc_1_3 = fadd i32 %acc_1_2, i32 %mul9_3" [src/gtsrb_cnn.cpp:87]   --->   Operation 1007 'fadd' 'acc_1_3' <Predicate = (!icmp_ln83)> <Delay = 6.01> <CoreInst = "FAddSub_fulldsp">   --->   Core 18 'FAddSub_fulldsp' <Latency = 4> <II = 1> <Delay = 6.01> <FuncUnit> <Opcode : 'fadd' 'fsub'> <InPorts = 2> <OutPorts = 1>
ST_31 : Operation 1008 [1/4] (4.67ns)   --->   "%mul9_16 = fmul i32 %fc1_out_load_17, i32 %bitcast_ln87_17" [src/gtsrb_cnn.cpp:87]   --->   Operation 1008 'fmul' 'mul9_16' <Predicate = (!icmp_ln83)> <Delay = 4.67> <CoreInst = "FMul_maxdsp">   --->   Core 30 'FMul_maxdsp' <Latency = 3> <II = 1> <Delay = 4.67> <FuncUnit> <Opcode : 'fmul'> <InPorts = 2> <OutPorts = 1>
ST_31 : Operation 1009 [2/4] (4.67ns)   --->   "%mul9_17 = fmul i32 %fc1_out_load_18, i32 %bitcast_ln87_18" [src/gtsrb_cnn.cpp:87]   --->   Operation 1009 'fmul' 'mul9_17' <Predicate = (!icmp_ln83)> <Delay = 4.67> <CoreInst = "FMul_maxdsp">   --->   Core 30 'FMul_maxdsp' <Latency = 3> <II = 1> <Delay = 4.67> <FuncUnit> <Opcode : 'fmul'> <InPorts = 2> <OutPorts = 1>
ST_31 : Operation 1010 [3/4] (4.67ns)   --->   "%mul9_18 = fmul i32 %fc1_out_load_19, i32 %bitcast_ln87_19" [src/gtsrb_cnn.cpp:87]   --->   Operation 1010 'fmul' 'mul9_18' <Predicate = (!icmp_ln83)> <Delay = 4.67> <CoreInst = "FMul_maxdsp">   --->   Core 30 'FMul_maxdsp' <Latency = 3> <II = 1> <Delay = 4.67> <FuncUnit> <Opcode : 'fmul'> <InPorts = 2> <OutPorts = 1>
ST_31 : Operation 1011 [1/1] (0.00ns)   --->   "%bitcast_ln87_20 = bitcast i32 %gmem4_addr_21_read" [src/gtsrb_cnn.cpp:87]   --->   Operation 1011 'bitcast' 'bitcast_ln87_20' <Predicate = (!icmp_ln83)> <Delay = 0.00>
ST_31 : Operation 1012 [4/4] (4.67ns)   --->   "%mul9_19 = fmul i32 %fc1_out_load_20, i32 %bitcast_ln87_20" [src/gtsrb_cnn.cpp:87]   --->   Operation 1012 'fmul' 'mul9_19' <Predicate = (!icmp_ln83)> <Delay = 4.67> <CoreInst = "FMul_maxdsp">   --->   Core 30 'FMul_maxdsp' <Latency = 3> <II = 1> <Delay = 4.67> <FuncUnit> <Opcode : 'fmul'> <InPorts = 2> <OutPorts = 1>
ST_31 : Operation 1013 [1/1] (7.30ns)   --->   "%gmem4_addr_22_read = read i32 @_ssdm_op_Read.m_axi.i32P1A, i32 %gmem4_addr_22" [src/gtsrb_cnn.cpp:87]   --->   Operation 1013 'read' 'gmem4_addr_22_read' <Predicate = (!icmp_ln83)> <Delay = 7.30> <CoreInst = "m_axi">   --->   Core 121 'm_axi' <Latency = 0> <II = 1> <Delay = 1.00> <Adapter> <Opcode : 'read' 'write' 'readreq' 'writereq' 'writeresp'>
ST_31 : Operation 1014 [1/7] (7.30ns)   --->   "%gmem4_load_23_req = readreq i1 @_ssdm_op_ReadReq.m_axi.i32P1A, i32 %gmem4_addr_23, i32 1" [src/gtsrb_cnn.cpp:87]   --->   Operation 1014 'readreq' 'gmem4_load_23_req' <Predicate = (!icmp_ln83)> <Delay = 7.30> <CoreInst = "m_axi">   --->   Core 121 'm_axi' <Latency = 0> <II = 1> <Delay = 1.00> <Adapter> <Opcode : 'read' 'write' 'readreq' 'writereq' 'writeresp'>
ST_31 : Operation 1015 [2/7] (7.30ns)   --->   "%gmem4_load_24_req = readreq i1 @_ssdm_op_ReadReq.m_axi.i32P1A, i32 %gmem4_addr_24, i32 1" [src/gtsrb_cnn.cpp:87]   --->   Operation 1015 'readreq' 'gmem4_load_24_req' <Predicate = (!icmp_ln83)> <Delay = 7.30> <CoreInst = "m_axi">   --->   Core 121 'm_axi' <Latency = 0> <II = 1> <Delay = 1.00> <Adapter> <Opcode : 'read' 'write' 'readreq' 'writereq' 'writeresp'>
ST_31 : Operation 1016 [3/7] (7.30ns)   --->   "%gmem4_load_25_req = readreq i1 @_ssdm_op_ReadReq.m_axi.i32P1A, i32 %gmem4_addr_25, i32 1" [src/gtsrb_cnn.cpp:87]   --->   Operation 1016 'readreq' 'gmem4_load_25_req' <Predicate = (!icmp_ln83)> <Delay = 7.30> <CoreInst = "m_axi">   --->   Core 121 'm_axi' <Latency = 0> <II = 1> <Delay = 1.00> <Adapter> <Opcode : 'read' 'write' 'readreq' 'writereq' 'writeresp'>
ST_31 : Operation 1017 [4/7] (7.30ns)   --->   "%gmem4_load_26_req = readreq i1 @_ssdm_op_ReadReq.m_axi.i32P1A, i32 %gmem4_addr_26, i32 1" [src/gtsrb_cnn.cpp:87]   --->   Operation 1017 'readreq' 'gmem4_load_26_req' <Predicate = (!icmp_ln83)> <Delay = 7.30> <CoreInst = "m_axi">   --->   Core 121 'm_axi' <Latency = 0> <II = 1> <Delay = 1.00> <Adapter> <Opcode : 'read' 'write' 'readreq' 'writereq' 'writeresp'>
ST_31 : Operation 1018 [5/7] (7.30ns)   --->   "%gmem4_load_27_req = readreq i1 @_ssdm_op_ReadReq.m_axi.i32P1A, i32 %gmem4_addr_27, i32 1" [src/gtsrb_cnn.cpp:87]   --->   Operation 1018 'readreq' 'gmem4_load_27_req' <Predicate = (!icmp_ln83)> <Delay = 7.30> <CoreInst = "m_axi">   --->   Core 121 'm_axi' <Latency = 0> <II = 1> <Delay = 1.00> <Adapter> <Opcode : 'read' 'write' 'readreq' 'writereq' 'writeresp'>
ST_31 : Operation 1019 [6/7] (7.30ns)   --->   "%gmem4_load_28_req = readreq i1 @_ssdm_op_ReadReq.m_axi.i32P1A, i32 %gmem4_addr_28, i32 1" [src/gtsrb_cnn.cpp:87]   --->   Operation 1019 'readreq' 'gmem4_load_28_req' <Predicate = (!icmp_ln83)> <Delay = 7.30> <CoreInst = "m_axi">   --->   Core 121 'm_axi' <Latency = 0> <II = 1> <Delay = 1.00> <Adapter> <Opcode : 'read' 'write' 'readreq' 'writereq' 'writeresp'>
ST_31 : Operation 1020 [7/7] (7.30ns)   --->   "%gmem4_load_29_req = readreq i1 @_ssdm_op_ReadReq.m_axi.i32P1A, i32 %gmem4_addr_29, i32 1" [src/gtsrb_cnn.cpp:87]   --->   Operation 1020 'readreq' 'gmem4_load_29_req' <Predicate = (!icmp_ln83)> <Delay = 7.30> <CoreInst = "m_axi">   --->   Core 121 'm_axi' <Latency = 0> <II = 1> <Delay = 1.00> <Adapter> <Opcode : 'read' 'write' 'readreq' 'writereq' 'writeresp'>
ST_31 : Operation 1021 [1/1] (0.94ns)   --->   "%add_ln87_57 = add i11 %zext_ln87_1, i11 1247" [src/gtsrb_cnn.cpp:87]   --->   Operation 1021 'add' 'add_ln87_57' <Predicate = (!icmp_ln83)> <Delay = 0.94> <CoreInst = "Adder">   --->   Core 1 'Adder' <Latency = 0> <II = 1> <Delay = 0.94> <FuncUnit> <Opcode : 'add' 'sub'> <InPorts = 2> <OutPorts = 1>
ST_31 : Operation 1022 [1/1] (0.00ns)   --->   "%shl_ln87_21 = bitconcatenate i13 @_ssdm_op_BitConcatenate.i13.i11.i2, i11 %add_ln87_57, i2 0" [src/gtsrb_cnn.cpp:87]   --->   Operation 1022 'bitconcatenate' 'shl_ln87_21' <Predicate = (!icmp_ln83)> <Delay = 0.00>
ST_31 : Operation 1023 [1/1] (0.00ns)   --->   "%zext_ln87_35 = zext i13 %shl_ln87_21" [src/gtsrb_cnn.cpp:87]   --->   Operation 1023 'zext' 'zext_ln87_35' <Predicate = (!icmp_ln83)> <Delay = 0.00>
ST_31 : Operation 1024 [1/1] (1.47ns)   --->   "%add_ln87_58 = add i64 %zext_ln87_35, i64 %W_read" [src/gtsrb_cnn.cpp:87]   --->   Operation 1024 'add' 'add_ln87_58' <Predicate = (!icmp_ln83)> <Delay = 1.47> <CoreInst = "Adder">   --->   Core 1 'Adder' <Latency = 0> <II = 1> <Delay = 1.47> <FuncUnit> <Opcode : 'add' 'sub'> <InPorts = 2> <OutPorts = 1>
ST_31 : Operation 1025 [1/1] (0.00ns)   --->   "%trunc_ln87_28 = partselect i62 @_ssdm_op_PartSelect.i62.i64.i32.i32, i64 %add_ln87_58, i32 2, i32 63" [src/gtsrb_cnn.cpp:87]   --->   Operation 1025 'partselect' 'trunc_ln87_28' <Predicate = (!icmp_ln83)> <Delay = 0.00>
ST_31 : Operation 1026 [1/1] (0.00ns)   --->   "%sext_ln87_29 = sext i62 %trunc_ln87_28" [src/gtsrb_cnn.cpp:87]   --->   Operation 1026 'sext' 'sext_ln87_29' <Predicate = (!icmp_ln83)> <Delay = 0.00>
ST_31 : Operation 1027 [1/1] (0.00ns)   --->   "%gmem4_addr_30 = getelementptr i32 %gmem4, i64 %sext_ln87_29" [src/gtsrb_cnn.cpp:87]   --->   Operation 1027 'getelementptr' 'gmem4_addr_30' <Predicate = (!icmp_ln83)> <Delay = 0.00>
ST_31 : Operation 1028 [1/2] (1.35ns)   --->   "%fc1_out_load_58 = load i32 58" [src/gtsrb_cnn.cpp:87]   --->   Operation 1028 'load' 'fc1_out_load_58' <Predicate = (!icmp_ln83)> <Delay = 1.35> <CoreInst = "RAM_2P_BRAM">   --->   Core 94 'RAM_2P_BRAM' <Latency = 1> <II = 1> <Delay = 1.35> <Storage> <Opcode : 'load' 'store'> <Ports = 2> <Width = 32> <Depth = 64> <RAM>
ST_31 : Operation 1029 [1/2] (1.35ns)   --->   "%fc1_out_load_59 = load i32 59" [src/gtsrb_cnn.cpp:87]   --->   Operation 1029 'load' 'fc1_out_load_59' <Predicate = (!icmp_ln83)> <Delay = 1.35> <CoreInst = "RAM_2P_BRAM">   --->   Core 94 'RAM_2P_BRAM' <Latency = 1> <II = 1> <Delay = 1.35> <Storage> <Opcode : 'load' 'store'> <Ports = 2> <Width = 32> <Depth = 64> <RAM>
ST_31 : Operation 1030 [2/2] (1.35ns)   --->   "%fc1_out_load_60 = load i32 60" [src/gtsrb_cnn.cpp:87]   --->   Operation 1030 'load' 'fc1_out_load_60' <Predicate = (!icmp_ln83)> <Delay = 1.35> <CoreInst = "RAM_2P_BRAM">   --->   Core 94 'RAM_2P_BRAM' <Latency = 1> <II = 1> <Delay = 1.35> <Storage> <Opcode : 'load' 'store'> <Ports = 2> <Width = 32> <Depth = 64> <RAM>
ST_31 : Operation 1031 [2/2] (1.35ns)   --->   "%fc1_out_load_61 = load i32 61" [src/gtsrb_cnn.cpp:87]   --->   Operation 1031 'load' 'fc1_out_load_61' <Predicate = (!icmp_ln83)> <Delay = 1.35> <CoreInst = "RAM_2P_BRAM">   --->   Core 94 'RAM_2P_BRAM' <Latency = 1> <II = 1> <Delay = 1.35> <Storage> <Opcode : 'load' 'store'> <Ports = 2> <Width = 32> <Depth = 64> <RAM>

State 32 <SV = 31> <Delay = 7.30>
ST_32 : Operation 1032 [3/5] (6.01ns)   --->   "%acc_1_3 = fadd i32 %acc_1_2, i32 %mul9_3" [src/gtsrb_cnn.cpp:87]   --->   Operation 1032 'fadd' 'acc_1_3' <Predicate = (!icmp_ln83)> <Delay = 6.01> <CoreInst = "FAddSub_fulldsp">   --->   Core 18 'FAddSub_fulldsp' <Latency = 4> <II = 1> <Delay = 6.01> <FuncUnit> <Opcode : 'fadd' 'fsub'> <InPorts = 2> <OutPorts = 1>
ST_32 : Operation 1033 [1/4] (4.67ns)   --->   "%mul9_17 = fmul i32 %fc1_out_load_18, i32 %bitcast_ln87_18" [src/gtsrb_cnn.cpp:87]   --->   Operation 1033 'fmul' 'mul9_17' <Predicate = (!icmp_ln83)> <Delay = 4.67> <CoreInst = "FMul_maxdsp">   --->   Core 30 'FMul_maxdsp' <Latency = 3> <II = 1> <Delay = 4.67> <FuncUnit> <Opcode : 'fmul'> <InPorts = 2> <OutPorts = 1>
ST_32 : Operation 1034 [2/4] (4.67ns)   --->   "%mul9_18 = fmul i32 %fc1_out_load_19, i32 %bitcast_ln87_19" [src/gtsrb_cnn.cpp:87]   --->   Operation 1034 'fmul' 'mul9_18' <Predicate = (!icmp_ln83)> <Delay = 4.67> <CoreInst = "FMul_maxdsp">   --->   Core 30 'FMul_maxdsp' <Latency = 3> <II = 1> <Delay = 4.67> <FuncUnit> <Opcode : 'fmul'> <InPorts = 2> <OutPorts = 1>
ST_32 : Operation 1035 [3/4] (4.67ns)   --->   "%mul9_19 = fmul i32 %fc1_out_load_20, i32 %bitcast_ln87_20" [src/gtsrb_cnn.cpp:87]   --->   Operation 1035 'fmul' 'mul9_19' <Predicate = (!icmp_ln83)> <Delay = 4.67> <CoreInst = "FMul_maxdsp">   --->   Core 30 'FMul_maxdsp' <Latency = 3> <II = 1> <Delay = 4.67> <FuncUnit> <Opcode : 'fmul'> <InPorts = 2> <OutPorts = 1>
ST_32 : Operation 1036 [1/1] (0.00ns)   --->   "%bitcast_ln87_21 = bitcast i32 %gmem4_addr_22_read" [src/gtsrb_cnn.cpp:87]   --->   Operation 1036 'bitcast' 'bitcast_ln87_21' <Predicate = (!icmp_ln83)> <Delay = 0.00>
ST_32 : Operation 1037 [4/4] (4.67ns)   --->   "%mul9_20 = fmul i32 %fc1_out_load_21, i32 %bitcast_ln87_21" [src/gtsrb_cnn.cpp:87]   --->   Operation 1037 'fmul' 'mul9_20' <Predicate = (!icmp_ln83)> <Delay = 4.67> <CoreInst = "FMul_maxdsp">   --->   Core 30 'FMul_maxdsp' <Latency = 3> <II = 1> <Delay = 4.67> <FuncUnit> <Opcode : 'fmul'> <InPorts = 2> <OutPorts = 1>
ST_32 : Operation 1038 [1/1] (7.30ns)   --->   "%gmem4_addr_23_read = read i32 @_ssdm_op_Read.m_axi.i32P1A, i32 %gmem4_addr_23" [src/gtsrb_cnn.cpp:87]   --->   Operation 1038 'read' 'gmem4_addr_23_read' <Predicate = (!icmp_ln83)> <Delay = 7.30> <CoreInst = "m_axi">   --->   Core 121 'm_axi' <Latency = 0> <II = 1> <Delay = 1.00> <Adapter> <Opcode : 'read' 'write' 'readreq' 'writereq' 'writeresp'>
ST_32 : Operation 1039 [1/7] (7.30ns)   --->   "%gmem4_load_24_req = readreq i1 @_ssdm_op_ReadReq.m_axi.i32P1A, i32 %gmem4_addr_24, i32 1" [src/gtsrb_cnn.cpp:87]   --->   Operation 1039 'readreq' 'gmem4_load_24_req' <Predicate = (!icmp_ln83)> <Delay = 7.30> <CoreInst = "m_axi">   --->   Core 121 'm_axi' <Latency = 0> <II = 1> <Delay = 1.00> <Adapter> <Opcode : 'read' 'write' 'readreq' 'writereq' 'writeresp'>
ST_32 : Operation 1040 [2/7] (7.30ns)   --->   "%gmem4_load_25_req = readreq i1 @_ssdm_op_ReadReq.m_axi.i32P1A, i32 %gmem4_addr_25, i32 1" [src/gtsrb_cnn.cpp:87]   --->   Operation 1040 'readreq' 'gmem4_load_25_req' <Predicate = (!icmp_ln83)> <Delay = 7.30> <CoreInst = "m_axi">   --->   Core 121 'm_axi' <Latency = 0> <II = 1> <Delay = 1.00> <Adapter> <Opcode : 'read' 'write' 'readreq' 'writereq' 'writeresp'>
ST_32 : Operation 1041 [3/7] (7.30ns)   --->   "%gmem4_load_26_req = readreq i1 @_ssdm_op_ReadReq.m_axi.i32P1A, i32 %gmem4_addr_26, i32 1" [src/gtsrb_cnn.cpp:87]   --->   Operation 1041 'readreq' 'gmem4_load_26_req' <Predicate = (!icmp_ln83)> <Delay = 7.30> <CoreInst = "m_axi">   --->   Core 121 'm_axi' <Latency = 0> <II = 1> <Delay = 1.00> <Adapter> <Opcode : 'read' 'write' 'readreq' 'writereq' 'writeresp'>
ST_32 : Operation 1042 [4/7] (7.30ns)   --->   "%gmem4_load_27_req = readreq i1 @_ssdm_op_ReadReq.m_axi.i32P1A, i32 %gmem4_addr_27, i32 1" [src/gtsrb_cnn.cpp:87]   --->   Operation 1042 'readreq' 'gmem4_load_27_req' <Predicate = (!icmp_ln83)> <Delay = 7.30> <CoreInst = "m_axi">   --->   Core 121 'm_axi' <Latency = 0> <II = 1> <Delay = 1.00> <Adapter> <Opcode : 'read' 'write' 'readreq' 'writereq' 'writeresp'>
ST_32 : Operation 1043 [5/7] (7.30ns)   --->   "%gmem4_load_28_req = readreq i1 @_ssdm_op_ReadReq.m_axi.i32P1A, i32 %gmem4_addr_28, i32 1" [src/gtsrb_cnn.cpp:87]   --->   Operation 1043 'readreq' 'gmem4_load_28_req' <Predicate = (!icmp_ln83)> <Delay = 7.30> <CoreInst = "m_axi">   --->   Core 121 'm_axi' <Latency = 0> <II = 1> <Delay = 1.00> <Adapter> <Opcode : 'read' 'write' 'readreq' 'writereq' 'writeresp'>
ST_32 : Operation 1044 [6/7] (7.30ns)   --->   "%gmem4_load_29_req = readreq i1 @_ssdm_op_ReadReq.m_axi.i32P1A, i32 %gmem4_addr_29, i32 1" [src/gtsrb_cnn.cpp:87]   --->   Operation 1044 'readreq' 'gmem4_load_29_req' <Predicate = (!icmp_ln83)> <Delay = 7.30> <CoreInst = "m_axi">   --->   Core 121 'm_axi' <Latency = 0> <II = 1> <Delay = 1.00> <Adapter> <Opcode : 'read' 'write' 'readreq' 'writereq' 'writeresp'>
ST_32 : Operation 1045 [7/7] (7.30ns)   --->   "%gmem4_load_30_req = readreq i1 @_ssdm_op_ReadReq.m_axi.i32P1A, i32 %gmem4_addr_30, i32 1" [src/gtsrb_cnn.cpp:87]   --->   Operation 1045 'readreq' 'gmem4_load_30_req' <Predicate = (!icmp_ln83)> <Delay = 7.30> <CoreInst = "m_axi">   --->   Core 121 'm_axi' <Latency = 0> <II = 1> <Delay = 1.00> <Adapter> <Opcode : 'read' 'write' 'readreq' 'writereq' 'writeresp'>
ST_32 : Operation 1046 [1/1] (0.94ns)   --->   "%add_ln87_59 = add i11 %zext_ln87_1, i11 1290" [src/gtsrb_cnn.cpp:87]   --->   Operation 1046 'add' 'add_ln87_59' <Predicate = (!icmp_ln83)> <Delay = 0.94> <CoreInst = "Adder">   --->   Core 1 'Adder' <Latency = 0> <II = 1> <Delay = 0.94> <FuncUnit> <Opcode : 'add' 'sub'> <InPorts = 2> <OutPorts = 1>
ST_32 : Operation 1047 [1/1] (0.00ns)   --->   "%shl_ln87_22 = bitconcatenate i13 @_ssdm_op_BitConcatenate.i13.i11.i2, i11 %add_ln87_59, i2 0" [src/gtsrb_cnn.cpp:87]   --->   Operation 1047 'bitconcatenate' 'shl_ln87_22' <Predicate = (!icmp_ln83)> <Delay = 0.00>
ST_32 : Operation 1048 [1/1] (0.00ns)   --->   "%zext_ln87_36 = zext i13 %shl_ln87_22" [src/gtsrb_cnn.cpp:87]   --->   Operation 1048 'zext' 'zext_ln87_36' <Predicate = (!icmp_ln83)> <Delay = 0.00>
ST_32 : Operation 1049 [1/1] (1.47ns)   --->   "%add_ln87_60 = add i64 %zext_ln87_36, i64 %W_read" [src/gtsrb_cnn.cpp:87]   --->   Operation 1049 'add' 'add_ln87_60' <Predicate = (!icmp_ln83)> <Delay = 1.47> <CoreInst = "Adder">   --->   Core 1 'Adder' <Latency = 0> <II = 1> <Delay = 1.47> <FuncUnit> <Opcode : 'add' 'sub'> <InPorts = 2> <OutPorts = 1>
ST_32 : Operation 1050 [1/1] (0.00ns)   --->   "%trunc_ln87_29 = partselect i62 @_ssdm_op_PartSelect.i62.i64.i32.i32, i64 %add_ln87_60, i32 2, i32 63" [src/gtsrb_cnn.cpp:87]   --->   Operation 1050 'partselect' 'trunc_ln87_29' <Predicate = (!icmp_ln83)> <Delay = 0.00>
ST_32 : Operation 1051 [1/1] (0.00ns)   --->   "%sext_ln87_30 = sext i62 %trunc_ln87_29" [src/gtsrb_cnn.cpp:87]   --->   Operation 1051 'sext' 'sext_ln87_30' <Predicate = (!icmp_ln83)> <Delay = 0.00>
ST_32 : Operation 1052 [1/1] (0.00ns)   --->   "%gmem4_addr_31 = getelementptr i32 %gmem4, i64 %sext_ln87_30" [src/gtsrb_cnn.cpp:87]   --->   Operation 1052 'getelementptr' 'gmem4_addr_31' <Predicate = (!icmp_ln83)> <Delay = 0.00>
ST_32 : Operation 1053 [1/2] (1.35ns)   --->   "%fc1_out_load_60 = load i32 60" [src/gtsrb_cnn.cpp:87]   --->   Operation 1053 'load' 'fc1_out_load_60' <Predicate = (!icmp_ln83)> <Delay = 1.35> <CoreInst = "RAM_2P_BRAM">   --->   Core 94 'RAM_2P_BRAM' <Latency = 1> <II = 1> <Delay = 1.35> <Storage> <Opcode : 'load' 'store'> <Ports = 2> <Width = 32> <Depth = 64> <RAM>
ST_32 : Operation 1054 [1/2] (1.35ns)   --->   "%fc1_out_load_61 = load i32 61" [src/gtsrb_cnn.cpp:87]   --->   Operation 1054 'load' 'fc1_out_load_61' <Predicate = (!icmp_ln83)> <Delay = 1.35> <CoreInst = "RAM_2P_BRAM">   --->   Core 94 'RAM_2P_BRAM' <Latency = 1> <II = 1> <Delay = 1.35> <Storage> <Opcode : 'load' 'store'> <Ports = 2> <Width = 32> <Depth = 64> <RAM>
ST_32 : Operation 1055 [2/2] (1.35ns)   --->   "%fc1_out_load_62 = load i32 62" [src/gtsrb_cnn.cpp:87]   --->   Operation 1055 'load' 'fc1_out_load_62' <Predicate = (!icmp_ln83)> <Delay = 1.35> <CoreInst = "RAM_2P_BRAM">   --->   Core 94 'RAM_2P_BRAM' <Latency = 1> <II = 1> <Delay = 1.35> <Storage> <Opcode : 'load' 'store'> <Ports = 2> <Width = 32> <Depth = 64> <RAM>
ST_32 : Operation 1056 [2/2] (1.35ns)   --->   "%fc1_out_load_63 = load i32 63" [src/gtsrb_cnn.cpp:87]   --->   Operation 1056 'load' 'fc1_out_load_63' <Predicate = (!icmp_ln83)> <Delay = 1.35> <CoreInst = "RAM_2P_BRAM">   --->   Core 94 'RAM_2P_BRAM' <Latency = 1> <II = 1> <Delay = 1.35> <Storage> <Opcode : 'load' 'store'> <Ports = 2> <Width = 32> <Depth = 64> <RAM>

State 33 <SV = 32> <Delay = 7.30>
ST_33 : Operation 1057 [2/5] (6.01ns)   --->   "%acc_1_3 = fadd i32 %acc_1_2, i32 %mul9_3" [src/gtsrb_cnn.cpp:87]   --->   Operation 1057 'fadd' 'acc_1_3' <Predicate = (!icmp_ln83)> <Delay = 6.01> <CoreInst = "FAddSub_fulldsp">   --->   Core 18 'FAddSub_fulldsp' <Latency = 4> <II = 1> <Delay = 6.01> <FuncUnit> <Opcode : 'fadd' 'fsub'> <InPorts = 2> <OutPorts = 1>
ST_33 : Operation 1058 [1/4] (4.67ns)   --->   "%mul9_18 = fmul i32 %fc1_out_load_19, i32 %bitcast_ln87_19" [src/gtsrb_cnn.cpp:87]   --->   Operation 1058 'fmul' 'mul9_18' <Predicate = (!icmp_ln83)> <Delay = 4.67> <CoreInst = "FMul_maxdsp">   --->   Core 30 'FMul_maxdsp' <Latency = 3> <II = 1> <Delay = 4.67> <FuncUnit> <Opcode : 'fmul'> <InPorts = 2> <OutPorts = 1>
ST_33 : Operation 1059 [2/4] (4.67ns)   --->   "%mul9_19 = fmul i32 %fc1_out_load_20, i32 %bitcast_ln87_20" [src/gtsrb_cnn.cpp:87]   --->   Operation 1059 'fmul' 'mul9_19' <Predicate = (!icmp_ln83)> <Delay = 4.67> <CoreInst = "FMul_maxdsp">   --->   Core 30 'FMul_maxdsp' <Latency = 3> <II = 1> <Delay = 4.67> <FuncUnit> <Opcode : 'fmul'> <InPorts = 2> <OutPorts = 1>
ST_33 : Operation 1060 [3/4] (4.67ns)   --->   "%mul9_20 = fmul i32 %fc1_out_load_21, i32 %bitcast_ln87_21" [src/gtsrb_cnn.cpp:87]   --->   Operation 1060 'fmul' 'mul9_20' <Predicate = (!icmp_ln83)> <Delay = 4.67> <CoreInst = "FMul_maxdsp">   --->   Core 30 'FMul_maxdsp' <Latency = 3> <II = 1> <Delay = 4.67> <FuncUnit> <Opcode : 'fmul'> <InPorts = 2> <OutPorts = 1>
ST_33 : Operation 1061 [1/1] (0.00ns)   --->   "%bitcast_ln87_22 = bitcast i32 %gmem4_addr_23_read" [src/gtsrb_cnn.cpp:87]   --->   Operation 1061 'bitcast' 'bitcast_ln87_22' <Predicate = (!icmp_ln83)> <Delay = 0.00>
ST_33 : Operation 1062 [4/4] (4.67ns)   --->   "%mul9_21 = fmul i32 %fc1_out_load_22, i32 %bitcast_ln87_22" [src/gtsrb_cnn.cpp:87]   --->   Operation 1062 'fmul' 'mul9_21' <Predicate = (!icmp_ln83)> <Delay = 4.67> <CoreInst = "FMul_maxdsp">   --->   Core 30 'FMul_maxdsp' <Latency = 3> <II = 1> <Delay = 4.67> <FuncUnit> <Opcode : 'fmul'> <InPorts = 2> <OutPorts = 1>
ST_33 : Operation 1063 [1/1] (7.30ns)   --->   "%gmem4_addr_24_read = read i32 @_ssdm_op_Read.m_axi.i32P1A, i32 %gmem4_addr_24" [src/gtsrb_cnn.cpp:87]   --->   Operation 1063 'read' 'gmem4_addr_24_read' <Predicate = (!icmp_ln83)> <Delay = 7.30> <CoreInst = "m_axi">   --->   Core 121 'm_axi' <Latency = 0> <II = 1> <Delay = 1.00> <Adapter> <Opcode : 'read' 'write' 'readreq' 'writereq' 'writeresp'>
ST_33 : Operation 1064 [1/7] (7.30ns)   --->   "%gmem4_load_25_req = readreq i1 @_ssdm_op_ReadReq.m_axi.i32P1A, i32 %gmem4_addr_25, i32 1" [src/gtsrb_cnn.cpp:87]   --->   Operation 1064 'readreq' 'gmem4_load_25_req' <Predicate = (!icmp_ln83)> <Delay = 7.30> <CoreInst = "m_axi">   --->   Core 121 'm_axi' <Latency = 0> <II = 1> <Delay = 1.00> <Adapter> <Opcode : 'read' 'write' 'readreq' 'writereq' 'writeresp'>
ST_33 : Operation 1065 [2/7] (7.30ns)   --->   "%gmem4_load_26_req = readreq i1 @_ssdm_op_ReadReq.m_axi.i32P1A, i32 %gmem4_addr_26, i32 1" [src/gtsrb_cnn.cpp:87]   --->   Operation 1065 'readreq' 'gmem4_load_26_req' <Predicate = (!icmp_ln83)> <Delay = 7.30> <CoreInst = "m_axi">   --->   Core 121 'm_axi' <Latency = 0> <II = 1> <Delay = 1.00> <Adapter> <Opcode : 'read' 'write' 'readreq' 'writereq' 'writeresp'>
ST_33 : Operation 1066 [3/7] (7.30ns)   --->   "%gmem4_load_27_req = readreq i1 @_ssdm_op_ReadReq.m_axi.i32P1A, i32 %gmem4_addr_27, i32 1" [src/gtsrb_cnn.cpp:87]   --->   Operation 1066 'readreq' 'gmem4_load_27_req' <Predicate = (!icmp_ln83)> <Delay = 7.30> <CoreInst = "m_axi">   --->   Core 121 'm_axi' <Latency = 0> <II = 1> <Delay = 1.00> <Adapter> <Opcode : 'read' 'write' 'readreq' 'writereq' 'writeresp'>
ST_33 : Operation 1067 [4/7] (7.30ns)   --->   "%gmem4_load_28_req = readreq i1 @_ssdm_op_ReadReq.m_axi.i32P1A, i32 %gmem4_addr_28, i32 1" [src/gtsrb_cnn.cpp:87]   --->   Operation 1067 'readreq' 'gmem4_load_28_req' <Predicate = (!icmp_ln83)> <Delay = 7.30> <CoreInst = "m_axi">   --->   Core 121 'm_axi' <Latency = 0> <II = 1> <Delay = 1.00> <Adapter> <Opcode : 'read' 'write' 'readreq' 'writereq' 'writeresp'>
ST_33 : Operation 1068 [5/7] (7.30ns)   --->   "%gmem4_load_29_req = readreq i1 @_ssdm_op_ReadReq.m_axi.i32P1A, i32 %gmem4_addr_29, i32 1" [src/gtsrb_cnn.cpp:87]   --->   Operation 1068 'readreq' 'gmem4_load_29_req' <Predicate = (!icmp_ln83)> <Delay = 7.30> <CoreInst = "m_axi">   --->   Core 121 'm_axi' <Latency = 0> <II = 1> <Delay = 1.00> <Adapter> <Opcode : 'read' 'write' 'readreq' 'writereq' 'writeresp'>
ST_33 : Operation 1069 [6/7] (7.30ns)   --->   "%gmem4_load_30_req = readreq i1 @_ssdm_op_ReadReq.m_axi.i32P1A, i32 %gmem4_addr_30, i32 1" [src/gtsrb_cnn.cpp:87]   --->   Operation 1069 'readreq' 'gmem4_load_30_req' <Predicate = (!icmp_ln83)> <Delay = 7.30> <CoreInst = "m_axi">   --->   Core 121 'm_axi' <Latency = 0> <II = 1> <Delay = 1.00> <Adapter> <Opcode : 'read' 'write' 'readreq' 'writereq' 'writeresp'>
ST_33 : Operation 1070 [7/7] (7.30ns)   --->   "%gmem4_load_31_req = readreq i1 @_ssdm_op_ReadReq.m_axi.i32P1A, i32 %gmem4_addr_31, i32 1" [src/gtsrb_cnn.cpp:87]   --->   Operation 1070 'readreq' 'gmem4_load_31_req' <Predicate = (!icmp_ln83)> <Delay = 7.30> <CoreInst = "m_axi">   --->   Core 121 'm_axi' <Latency = 0> <II = 1> <Delay = 1.00> <Adapter> <Opcode : 'read' 'write' 'readreq' 'writereq' 'writeresp'>
ST_33 : Operation 1071 [1/1] (0.94ns)   --->   "%add_ln87_61 = add i11 %zext_ln87_1, i11 1333" [src/gtsrb_cnn.cpp:87]   --->   Operation 1071 'add' 'add_ln87_61' <Predicate = (!icmp_ln83)> <Delay = 0.94> <CoreInst = "Adder">   --->   Core 1 'Adder' <Latency = 0> <II = 1> <Delay = 0.94> <FuncUnit> <Opcode : 'add' 'sub'> <InPorts = 2> <OutPorts = 1>
ST_33 : Operation 1072 [1/1] (0.00ns)   --->   "%shl_ln87_23 = bitconcatenate i13 @_ssdm_op_BitConcatenate.i13.i11.i2, i11 %add_ln87_61, i2 0" [src/gtsrb_cnn.cpp:87]   --->   Operation 1072 'bitconcatenate' 'shl_ln87_23' <Predicate = (!icmp_ln83)> <Delay = 0.00>
ST_33 : Operation 1073 [1/1] (0.00ns)   --->   "%zext_ln87_37 = zext i13 %shl_ln87_23" [src/gtsrb_cnn.cpp:87]   --->   Operation 1073 'zext' 'zext_ln87_37' <Predicate = (!icmp_ln83)> <Delay = 0.00>
ST_33 : Operation 1074 [1/1] (1.47ns)   --->   "%add_ln87_62 = add i64 %zext_ln87_37, i64 %W_read" [src/gtsrb_cnn.cpp:87]   --->   Operation 1074 'add' 'add_ln87_62' <Predicate = (!icmp_ln83)> <Delay = 1.47> <CoreInst = "Adder">   --->   Core 1 'Adder' <Latency = 0> <II = 1> <Delay = 1.47> <FuncUnit> <Opcode : 'add' 'sub'> <InPorts = 2> <OutPorts = 1>
ST_33 : Operation 1075 [1/1] (0.00ns)   --->   "%trunc_ln87_30 = partselect i62 @_ssdm_op_PartSelect.i62.i64.i32.i32, i64 %add_ln87_62, i32 2, i32 63" [src/gtsrb_cnn.cpp:87]   --->   Operation 1075 'partselect' 'trunc_ln87_30' <Predicate = (!icmp_ln83)> <Delay = 0.00>
ST_33 : Operation 1076 [1/1] (0.00ns)   --->   "%sext_ln87_31 = sext i62 %trunc_ln87_30" [src/gtsrb_cnn.cpp:87]   --->   Operation 1076 'sext' 'sext_ln87_31' <Predicate = (!icmp_ln83)> <Delay = 0.00>
ST_33 : Operation 1077 [1/1] (0.00ns)   --->   "%gmem4_addr_32 = getelementptr i32 %gmem4, i64 %sext_ln87_31" [src/gtsrb_cnn.cpp:87]   --->   Operation 1077 'getelementptr' 'gmem4_addr_32' <Predicate = (!icmp_ln83)> <Delay = 0.00>
ST_33 : Operation 1078 [1/2] (1.35ns)   --->   "%fc1_out_load_62 = load i32 62" [src/gtsrb_cnn.cpp:87]   --->   Operation 1078 'load' 'fc1_out_load_62' <Predicate = (!icmp_ln83)> <Delay = 1.35> <CoreInst = "RAM_2P_BRAM">   --->   Core 94 'RAM_2P_BRAM' <Latency = 1> <II = 1> <Delay = 1.35> <Storage> <Opcode : 'load' 'store'> <Ports = 2> <Width = 32> <Depth = 64> <RAM>
ST_33 : Operation 1079 [1/2] (1.35ns)   --->   "%fc1_out_load_63 = load i32 63" [src/gtsrb_cnn.cpp:87]   --->   Operation 1079 'load' 'fc1_out_load_63' <Predicate = (!icmp_ln83)> <Delay = 1.35> <CoreInst = "RAM_2P_BRAM">   --->   Core 94 'RAM_2P_BRAM' <Latency = 1> <II = 1> <Delay = 1.35> <Storage> <Opcode : 'load' 'store'> <Ports = 2> <Width = 32> <Depth = 64> <RAM>

State 34 <SV = 33> <Delay = 7.30>
ST_34 : Operation 1080 [1/5] (6.01ns)   --->   "%acc_1_3 = fadd i32 %acc_1_2, i32 %mul9_3" [src/gtsrb_cnn.cpp:87]   --->   Operation 1080 'fadd' 'acc_1_3' <Predicate = (!icmp_ln83)> <Delay = 6.01> <CoreInst = "FAddSub_fulldsp">   --->   Core 18 'FAddSub_fulldsp' <Latency = 4> <II = 1> <Delay = 6.01> <FuncUnit> <Opcode : 'fadd' 'fsub'> <InPorts = 2> <OutPorts = 1>
ST_34 : Operation 1081 [1/4] (4.67ns)   --->   "%mul9_19 = fmul i32 %fc1_out_load_20, i32 %bitcast_ln87_20" [src/gtsrb_cnn.cpp:87]   --->   Operation 1081 'fmul' 'mul9_19' <Predicate = (!icmp_ln83)> <Delay = 4.67> <CoreInst = "FMul_maxdsp">   --->   Core 30 'FMul_maxdsp' <Latency = 3> <II = 1> <Delay = 4.67> <FuncUnit> <Opcode : 'fmul'> <InPorts = 2> <OutPorts = 1>
ST_34 : Operation 1082 [2/4] (4.67ns)   --->   "%mul9_20 = fmul i32 %fc1_out_load_21, i32 %bitcast_ln87_21" [src/gtsrb_cnn.cpp:87]   --->   Operation 1082 'fmul' 'mul9_20' <Predicate = (!icmp_ln83)> <Delay = 4.67> <CoreInst = "FMul_maxdsp">   --->   Core 30 'FMul_maxdsp' <Latency = 3> <II = 1> <Delay = 4.67> <FuncUnit> <Opcode : 'fmul'> <InPorts = 2> <OutPorts = 1>
ST_34 : Operation 1083 [3/4] (4.67ns)   --->   "%mul9_21 = fmul i32 %fc1_out_load_22, i32 %bitcast_ln87_22" [src/gtsrb_cnn.cpp:87]   --->   Operation 1083 'fmul' 'mul9_21' <Predicate = (!icmp_ln83)> <Delay = 4.67> <CoreInst = "FMul_maxdsp">   --->   Core 30 'FMul_maxdsp' <Latency = 3> <II = 1> <Delay = 4.67> <FuncUnit> <Opcode : 'fmul'> <InPorts = 2> <OutPorts = 1>
ST_34 : Operation 1084 [1/1] (0.00ns)   --->   "%bitcast_ln87_23 = bitcast i32 %gmem4_addr_24_read" [src/gtsrb_cnn.cpp:87]   --->   Operation 1084 'bitcast' 'bitcast_ln87_23' <Predicate = (!icmp_ln83)> <Delay = 0.00>
ST_34 : Operation 1085 [4/4] (4.67ns)   --->   "%mul9_22 = fmul i32 %fc1_out_load_23, i32 %bitcast_ln87_23" [src/gtsrb_cnn.cpp:87]   --->   Operation 1085 'fmul' 'mul9_22' <Predicate = (!icmp_ln83)> <Delay = 4.67> <CoreInst = "FMul_maxdsp">   --->   Core 30 'FMul_maxdsp' <Latency = 3> <II = 1> <Delay = 4.67> <FuncUnit> <Opcode : 'fmul'> <InPorts = 2> <OutPorts = 1>
ST_34 : Operation 1086 [1/1] (7.30ns)   --->   "%gmem4_addr_25_read = read i32 @_ssdm_op_Read.m_axi.i32P1A, i32 %gmem4_addr_25" [src/gtsrb_cnn.cpp:87]   --->   Operation 1086 'read' 'gmem4_addr_25_read' <Predicate = (!icmp_ln83)> <Delay = 7.30> <CoreInst = "m_axi">   --->   Core 121 'm_axi' <Latency = 0> <II = 1> <Delay = 1.00> <Adapter> <Opcode : 'read' 'write' 'readreq' 'writereq' 'writeresp'>
ST_34 : Operation 1087 [1/7] (7.30ns)   --->   "%gmem4_load_26_req = readreq i1 @_ssdm_op_ReadReq.m_axi.i32P1A, i32 %gmem4_addr_26, i32 1" [src/gtsrb_cnn.cpp:87]   --->   Operation 1087 'readreq' 'gmem4_load_26_req' <Predicate = (!icmp_ln83)> <Delay = 7.30> <CoreInst = "m_axi">   --->   Core 121 'm_axi' <Latency = 0> <II = 1> <Delay = 1.00> <Adapter> <Opcode : 'read' 'write' 'readreq' 'writereq' 'writeresp'>
ST_34 : Operation 1088 [2/7] (7.30ns)   --->   "%gmem4_load_27_req = readreq i1 @_ssdm_op_ReadReq.m_axi.i32P1A, i32 %gmem4_addr_27, i32 1" [src/gtsrb_cnn.cpp:87]   --->   Operation 1088 'readreq' 'gmem4_load_27_req' <Predicate = (!icmp_ln83)> <Delay = 7.30> <CoreInst = "m_axi">   --->   Core 121 'm_axi' <Latency = 0> <II = 1> <Delay = 1.00> <Adapter> <Opcode : 'read' 'write' 'readreq' 'writereq' 'writeresp'>
ST_34 : Operation 1089 [3/7] (7.30ns)   --->   "%gmem4_load_28_req = readreq i1 @_ssdm_op_ReadReq.m_axi.i32P1A, i32 %gmem4_addr_28, i32 1" [src/gtsrb_cnn.cpp:87]   --->   Operation 1089 'readreq' 'gmem4_load_28_req' <Predicate = (!icmp_ln83)> <Delay = 7.30> <CoreInst = "m_axi">   --->   Core 121 'm_axi' <Latency = 0> <II = 1> <Delay = 1.00> <Adapter> <Opcode : 'read' 'write' 'readreq' 'writereq' 'writeresp'>
ST_34 : Operation 1090 [4/7] (7.30ns)   --->   "%gmem4_load_29_req = readreq i1 @_ssdm_op_ReadReq.m_axi.i32P1A, i32 %gmem4_addr_29, i32 1" [src/gtsrb_cnn.cpp:87]   --->   Operation 1090 'readreq' 'gmem4_load_29_req' <Predicate = (!icmp_ln83)> <Delay = 7.30> <CoreInst = "m_axi">   --->   Core 121 'm_axi' <Latency = 0> <II = 1> <Delay = 1.00> <Adapter> <Opcode : 'read' 'write' 'readreq' 'writereq' 'writeresp'>
ST_34 : Operation 1091 [5/7] (7.30ns)   --->   "%gmem4_load_30_req = readreq i1 @_ssdm_op_ReadReq.m_axi.i32P1A, i32 %gmem4_addr_30, i32 1" [src/gtsrb_cnn.cpp:87]   --->   Operation 1091 'readreq' 'gmem4_load_30_req' <Predicate = (!icmp_ln83)> <Delay = 7.30> <CoreInst = "m_axi">   --->   Core 121 'm_axi' <Latency = 0> <II = 1> <Delay = 1.00> <Adapter> <Opcode : 'read' 'write' 'readreq' 'writereq' 'writeresp'>
ST_34 : Operation 1092 [6/7] (7.30ns)   --->   "%gmem4_load_31_req = readreq i1 @_ssdm_op_ReadReq.m_axi.i32P1A, i32 %gmem4_addr_31, i32 1" [src/gtsrb_cnn.cpp:87]   --->   Operation 1092 'readreq' 'gmem4_load_31_req' <Predicate = (!icmp_ln83)> <Delay = 7.30> <CoreInst = "m_axi">   --->   Core 121 'm_axi' <Latency = 0> <II = 1> <Delay = 1.00> <Adapter> <Opcode : 'read' 'write' 'readreq' 'writereq' 'writeresp'>
ST_34 : Operation 1093 [7/7] (7.30ns)   --->   "%gmem4_load_32_req = readreq i1 @_ssdm_op_ReadReq.m_axi.i32P1A, i32 %gmem4_addr_32, i32 1" [src/gtsrb_cnn.cpp:87]   --->   Operation 1093 'readreq' 'gmem4_load_32_req' <Predicate = (!icmp_ln83)> <Delay = 7.30> <CoreInst = "m_axi">   --->   Core 121 'm_axi' <Latency = 0> <II = 1> <Delay = 1.00> <Adapter> <Opcode : 'read' 'write' 'readreq' 'writereq' 'writeresp'>
ST_34 : Operation 1094 [1/1] (0.94ns)   --->   "%add_ln87_63 = add i11 %zext_ln87_1, i11 1376" [src/gtsrb_cnn.cpp:87]   --->   Operation 1094 'add' 'add_ln87_63' <Predicate = (!icmp_ln83)> <Delay = 0.94> <CoreInst = "Adder">   --->   Core 1 'Adder' <Latency = 0> <II = 1> <Delay = 0.94> <FuncUnit> <Opcode : 'add' 'sub'> <InPorts = 2> <OutPorts = 1>
ST_34 : Operation 1095 [1/1] (0.00ns)   --->   "%shl_ln87_24 = bitconcatenate i13 @_ssdm_op_BitConcatenate.i13.i11.i2, i11 %add_ln87_63, i2 0" [src/gtsrb_cnn.cpp:87]   --->   Operation 1095 'bitconcatenate' 'shl_ln87_24' <Predicate = (!icmp_ln83)> <Delay = 0.00>
ST_34 : Operation 1096 [1/1] (0.00ns)   --->   "%zext_ln87_38 = zext i13 %shl_ln87_24" [src/gtsrb_cnn.cpp:87]   --->   Operation 1096 'zext' 'zext_ln87_38' <Predicate = (!icmp_ln83)> <Delay = 0.00>
ST_34 : Operation 1097 [1/1] (1.47ns)   --->   "%add_ln87_64 = add i64 %zext_ln87_38, i64 %W_read" [src/gtsrb_cnn.cpp:87]   --->   Operation 1097 'add' 'add_ln87_64' <Predicate = (!icmp_ln83)> <Delay = 1.47> <CoreInst = "Adder">   --->   Core 1 'Adder' <Latency = 0> <II = 1> <Delay = 1.47> <FuncUnit> <Opcode : 'add' 'sub'> <InPorts = 2> <OutPorts = 1>
ST_34 : Operation 1098 [1/1] (0.00ns)   --->   "%trunc_ln87_31 = partselect i62 @_ssdm_op_PartSelect.i62.i64.i32.i32, i64 %add_ln87_64, i32 2, i32 63" [src/gtsrb_cnn.cpp:87]   --->   Operation 1098 'partselect' 'trunc_ln87_31' <Predicate = (!icmp_ln83)> <Delay = 0.00>
ST_34 : Operation 1099 [1/1] (0.00ns)   --->   "%sext_ln87_32 = sext i62 %trunc_ln87_31" [src/gtsrb_cnn.cpp:87]   --->   Operation 1099 'sext' 'sext_ln87_32' <Predicate = (!icmp_ln83)> <Delay = 0.00>
ST_34 : Operation 1100 [1/1] (0.00ns)   --->   "%gmem4_addr_33 = getelementptr i32 %gmem4, i64 %sext_ln87_32" [src/gtsrb_cnn.cpp:87]   --->   Operation 1100 'getelementptr' 'gmem4_addr_33' <Predicate = (!icmp_ln83)> <Delay = 0.00>

State 35 <SV = 34> <Delay = 7.30>
ST_35 : Operation 1101 [5/5] (6.01ns)   --->   "%acc_1_4 = fadd i32 %acc_1_3, i32 %mul9_4" [src/gtsrb_cnn.cpp:87]   --->   Operation 1101 'fadd' 'acc_1_4' <Predicate = (!icmp_ln83)> <Delay = 6.01> <CoreInst = "FAddSub_fulldsp">   --->   Core 18 'FAddSub_fulldsp' <Latency = 4> <II = 1> <Delay = 6.01> <FuncUnit> <Opcode : 'fadd' 'fsub'> <InPorts = 2> <OutPorts = 1>
ST_35 : Operation 1102 [1/4] (4.67ns)   --->   "%mul9_20 = fmul i32 %fc1_out_load_21, i32 %bitcast_ln87_21" [src/gtsrb_cnn.cpp:87]   --->   Operation 1102 'fmul' 'mul9_20' <Predicate = (!icmp_ln83)> <Delay = 4.67> <CoreInst = "FMul_maxdsp">   --->   Core 30 'FMul_maxdsp' <Latency = 3> <II = 1> <Delay = 4.67> <FuncUnit> <Opcode : 'fmul'> <InPorts = 2> <OutPorts = 1>
ST_35 : Operation 1103 [2/4] (4.67ns)   --->   "%mul9_21 = fmul i32 %fc1_out_load_22, i32 %bitcast_ln87_22" [src/gtsrb_cnn.cpp:87]   --->   Operation 1103 'fmul' 'mul9_21' <Predicate = (!icmp_ln83)> <Delay = 4.67> <CoreInst = "FMul_maxdsp">   --->   Core 30 'FMul_maxdsp' <Latency = 3> <II = 1> <Delay = 4.67> <FuncUnit> <Opcode : 'fmul'> <InPorts = 2> <OutPorts = 1>
ST_35 : Operation 1104 [3/4] (4.67ns)   --->   "%mul9_22 = fmul i32 %fc1_out_load_23, i32 %bitcast_ln87_23" [src/gtsrb_cnn.cpp:87]   --->   Operation 1104 'fmul' 'mul9_22' <Predicate = (!icmp_ln83)> <Delay = 4.67> <CoreInst = "FMul_maxdsp">   --->   Core 30 'FMul_maxdsp' <Latency = 3> <II = 1> <Delay = 4.67> <FuncUnit> <Opcode : 'fmul'> <InPorts = 2> <OutPorts = 1>
ST_35 : Operation 1105 [1/1] (0.00ns)   --->   "%bitcast_ln87_24 = bitcast i32 %gmem4_addr_25_read" [src/gtsrb_cnn.cpp:87]   --->   Operation 1105 'bitcast' 'bitcast_ln87_24' <Predicate = (!icmp_ln83)> <Delay = 0.00>
ST_35 : Operation 1106 [4/4] (4.67ns)   --->   "%mul9_23 = fmul i32 %fc1_out_load_24, i32 %bitcast_ln87_24" [src/gtsrb_cnn.cpp:87]   --->   Operation 1106 'fmul' 'mul9_23' <Predicate = (!icmp_ln83)> <Delay = 4.67> <CoreInst = "FMul_maxdsp">   --->   Core 30 'FMul_maxdsp' <Latency = 3> <II = 1> <Delay = 4.67> <FuncUnit> <Opcode : 'fmul'> <InPorts = 2> <OutPorts = 1>
ST_35 : Operation 1107 [1/1] (7.30ns)   --->   "%gmem4_addr_26_read = read i32 @_ssdm_op_Read.m_axi.i32P1A, i32 %gmem4_addr_26" [src/gtsrb_cnn.cpp:87]   --->   Operation 1107 'read' 'gmem4_addr_26_read' <Predicate = (!icmp_ln83)> <Delay = 7.30> <CoreInst = "m_axi">   --->   Core 121 'm_axi' <Latency = 0> <II = 1> <Delay = 1.00> <Adapter> <Opcode : 'read' 'write' 'readreq' 'writereq' 'writeresp'>
ST_35 : Operation 1108 [1/7] (7.30ns)   --->   "%gmem4_load_27_req = readreq i1 @_ssdm_op_ReadReq.m_axi.i32P1A, i32 %gmem4_addr_27, i32 1" [src/gtsrb_cnn.cpp:87]   --->   Operation 1108 'readreq' 'gmem4_load_27_req' <Predicate = (!icmp_ln83)> <Delay = 7.30> <CoreInst = "m_axi">   --->   Core 121 'm_axi' <Latency = 0> <II = 1> <Delay = 1.00> <Adapter> <Opcode : 'read' 'write' 'readreq' 'writereq' 'writeresp'>
ST_35 : Operation 1109 [2/7] (7.30ns)   --->   "%gmem4_load_28_req = readreq i1 @_ssdm_op_ReadReq.m_axi.i32P1A, i32 %gmem4_addr_28, i32 1" [src/gtsrb_cnn.cpp:87]   --->   Operation 1109 'readreq' 'gmem4_load_28_req' <Predicate = (!icmp_ln83)> <Delay = 7.30> <CoreInst = "m_axi">   --->   Core 121 'm_axi' <Latency = 0> <II = 1> <Delay = 1.00> <Adapter> <Opcode : 'read' 'write' 'readreq' 'writereq' 'writeresp'>
ST_35 : Operation 1110 [3/7] (7.30ns)   --->   "%gmem4_load_29_req = readreq i1 @_ssdm_op_ReadReq.m_axi.i32P1A, i32 %gmem4_addr_29, i32 1" [src/gtsrb_cnn.cpp:87]   --->   Operation 1110 'readreq' 'gmem4_load_29_req' <Predicate = (!icmp_ln83)> <Delay = 7.30> <CoreInst = "m_axi">   --->   Core 121 'm_axi' <Latency = 0> <II = 1> <Delay = 1.00> <Adapter> <Opcode : 'read' 'write' 'readreq' 'writereq' 'writeresp'>
ST_35 : Operation 1111 [4/7] (7.30ns)   --->   "%gmem4_load_30_req = readreq i1 @_ssdm_op_ReadReq.m_axi.i32P1A, i32 %gmem4_addr_30, i32 1" [src/gtsrb_cnn.cpp:87]   --->   Operation 1111 'readreq' 'gmem4_load_30_req' <Predicate = (!icmp_ln83)> <Delay = 7.30> <CoreInst = "m_axi">   --->   Core 121 'm_axi' <Latency = 0> <II = 1> <Delay = 1.00> <Adapter> <Opcode : 'read' 'write' 'readreq' 'writereq' 'writeresp'>
ST_35 : Operation 1112 [5/7] (7.30ns)   --->   "%gmem4_load_31_req = readreq i1 @_ssdm_op_ReadReq.m_axi.i32P1A, i32 %gmem4_addr_31, i32 1" [src/gtsrb_cnn.cpp:87]   --->   Operation 1112 'readreq' 'gmem4_load_31_req' <Predicate = (!icmp_ln83)> <Delay = 7.30> <CoreInst = "m_axi">   --->   Core 121 'm_axi' <Latency = 0> <II = 1> <Delay = 1.00> <Adapter> <Opcode : 'read' 'write' 'readreq' 'writereq' 'writeresp'>
ST_35 : Operation 1113 [6/7] (7.30ns)   --->   "%gmem4_load_32_req = readreq i1 @_ssdm_op_ReadReq.m_axi.i32P1A, i32 %gmem4_addr_32, i32 1" [src/gtsrb_cnn.cpp:87]   --->   Operation 1113 'readreq' 'gmem4_load_32_req' <Predicate = (!icmp_ln83)> <Delay = 7.30> <CoreInst = "m_axi">   --->   Core 121 'm_axi' <Latency = 0> <II = 1> <Delay = 1.00> <Adapter> <Opcode : 'read' 'write' 'readreq' 'writereq' 'writeresp'>
ST_35 : Operation 1114 [7/7] (7.30ns)   --->   "%gmem4_load_33_req = readreq i1 @_ssdm_op_ReadReq.m_axi.i32P1A, i32 %gmem4_addr_33, i32 1" [src/gtsrb_cnn.cpp:87]   --->   Operation 1114 'readreq' 'gmem4_load_33_req' <Predicate = (!icmp_ln83)> <Delay = 7.30> <CoreInst = "m_axi">   --->   Core 121 'm_axi' <Latency = 0> <II = 1> <Delay = 1.00> <Adapter> <Opcode : 'read' 'write' 'readreq' 'writereq' 'writeresp'>
ST_35 : Operation 1115 [1/1] (0.94ns)   --->   "%add_ln87_65 = add i11 %zext_ln87_1, i11 1419" [src/gtsrb_cnn.cpp:87]   --->   Operation 1115 'add' 'add_ln87_65' <Predicate = (!icmp_ln83)> <Delay = 0.94> <CoreInst = "Adder">   --->   Core 1 'Adder' <Latency = 0> <II = 1> <Delay = 0.94> <FuncUnit> <Opcode : 'add' 'sub'> <InPorts = 2> <OutPorts = 1>
ST_35 : Operation 1116 [1/1] (0.00ns)   --->   "%shl_ln87_25 = bitconcatenate i13 @_ssdm_op_BitConcatenate.i13.i11.i2, i11 %add_ln87_65, i2 0" [src/gtsrb_cnn.cpp:87]   --->   Operation 1116 'bitconcatenate' 'shl_ln87_25' <Predicate = (!icmp_ln83)> <Delay = 0.00>
ST_35 : Operation 1117 [1/1] (0.00ns)   --->   "%zext_ln87_39 = zext i13 %shl_ln87_25" [src/gtsrb_cnn.cpp:87]   --->   Operation 1117 'zext' 'zext_ln87_39' <Predicate = (!icmp_ln83)> <Delay = 0.00>
ST_35 : Operation 1118 [1/1] (1.47ns)   --->   "%add_ln87_66 = add i64 %zext_ln87_39, i64 %W_read" [src/gtsrb_cnn.cpp:87]   --->   Operation 1118 'add' 'add_ln87_66' <Predicate = (!icmp_ln83)> <Delay = 1.47> <CoreInst = "Adder">   --->   Core 1 'Adder' <Latency = 0> <II = 1> <Delay = 1.47> <FuncUnit> <Opcode : 'add' 'sub'> <InPorts = 2> <OutPorts = 1>
ST_35 : Operation 1119 [1/1] (0.00ns)   --->   "%trunc_ln87_32 = partselect i62 @_ssdm_op_PartSelect.i62.i64.i32.i32, i64 %add_ln87_66, i32 2, i32 63" [src/gtsrb_cnn.cpp:87]   --->   Operation 1119 'partselect' 'trunc_ln87_32' <Predicate = (!icmp_ln83)> <Delay = 0.00>
ST_35 : Operation 1120 [1/1] (0.00ns)   --->   "%sext_ln87_33 = sext i62 %trunc_ln87_32" [src/gtsrb_cnn.cpp:87]   --->   Operation 1120 'sext' 'sext_ln87_33' <Predicate = (!icmp_ln83)> <Delay = 0.00>
ST_35 : Operation 1121 [1/1] (0.00ns)   --->   "%gmem4_addr_34 = getelementptr i32 %gmem4, i64 %sext_ln87_33" [src/gtsrb_cnn.cpp:87]   --->   Operation 1121 'getelementptr' 'gmem4_addr_34' <Predicate = (!icmp_ln83)> <Delay = 0.00>

State 36 <SV = 35> <Delay = 7.30>
ST_36 : Operation 1122 [4/5] (6.01ns)   --->   "%acc_1_4 = fadd i32 %acc_1_3, i32 %mul9_4" [src/gtsrb_cnn.cpp:87]   --->   Operation 1122 'fadd' 'acc_1_4' <Predicate = (!icmp_ln83)> <Delay = 6.01> <CoreInst = "FAddSub_fulldsp">   --->   Core 18 'FAddSub_fulldsp' <Latency = 4> <II = 1> <Delay = 6.01> <FuncUnit> <Opcode : 'fadd' 'fsub'> <InPorts = 2> <OutPorts = 1>
ST_36 : Operation 1123 [1/4] (4.67ns)   --->   "%mul9_21 = fmul i32 %fc1_out_load_22, i32 %bitcast_ln87_22" [src/gtsrb_cnn.cpp:87]   --->   Operation 1123 'fmul' 'mul9_21' <Predicate = (!icmp_ln83)> <Delay = 4.67> <CoreInst = "FMul_maxdsp">   --->   Core 30 'FMul_maxdsp' <Latency = 3> <II = 1> <Delay = 4.67> <FuncUnit> <Opcode : 'fmul'> <InPorts = 2> <OutPorts = 1>
ST_36 : Operation 1124 [2/4] (4.67ns)   --->   "%mul9_22 = fmul i32 %fc1_out_load_23, i32 %bitcast_ln87_23" [src/gtsrb_cnn.cpp:87]   --->   Operation 1124 'fmul' 'mul9_22' <Predicate = (!icmp_ln83)> <Delay = 4.67> <CoreInst = "FMul_maxdsp">   --->   Core 30 'FMul_maxdsp' <Latency = 3> <II = 1> <Delay = 4.67> <FuncUnit> <Opcode : 'fmul'> <InPorts = 2> <OutPorts = 1>
ST_36 : Operation 1125 [3/4] (4.67ns)   --->   "%mul9_23 = fmul i32 %fc1_out_load_24, i32 %bitcast_ln87_24" [src/gtsrb_cnn.cpp:87]   --->   Operation 1125 'fmul' 'mul9_23' <Predicate = (!icmp_ln83)> <Delay = 4.67> <CoreInst = "FMul_maxdsp">   --->   Core 30 'FMul_maxdsp' <Latency = 3> <II = 1> <Delay = 4.67> <FuncUnit> <Opcode : 'fmul'> <InPorts = 2> <OutPorts = 1>
ST_36 : Operation 1126 [1/1] (0.00ns)   --->   "%bitcast_ln87_25 = bitcast i32 %gmem4_addr_26_read" [src/gtsrb_cnn.cpp:87]   --->   Operation 1126 'bitcast' 'bitcast_ln87_25' <Predicate = (!icmp_ln83)> <Delay = 0.00>
ST_36 : Operation 1127 [4/4] (4.67ns)   --->   "%mul9_24 = fmul i32 %fc1_out_load_25, i32 %bitcast_ln87_25" [src/gtsrb_cnn.cpp:87]   --->   Operation 1127 'fmul' 'mul9_24' <Predicate = (!icmp_ln83)> <Delay = 4.67> <CoreInst = "FMul_maxdsp">   --->   Core 30 'FMul_maxdsp' <Latency = 3> <II = 1> <Delay = 4.67> <FuncUnit> <Opcode : 'fmul'> <InPorts = 2> <OutPorts = 1>
ST_36 : Operation 1128 [1/1] (7.30ns)   --->   "%gmem4_addr_27_read = read i32 @_ssdm_op_Read.m_axi.i32P1A, i32 %gmem4_addr_27" [src/gtsrb_cnn.cpp:87]   --->   Operation 1128 'read' 'gmem4_addr_27_read' <Predicate = (!icmp_ln83)> <Delay = 7.30> <CoreInst = "m_axi">   --->   Core 121 'm_axi' <Latency = 0> <II = 1> <Delay = 1.00> <Adapter> <Opcode : 'read' 'write' 'readreq' 'writereq' 'writeresp'>
ST_36 : Operation 1129 [1/7] (7.30ns)   --->   "%gmem4_load_28_req = readreq i1 @_ssdm_op_ReadReq.m_axi.i32P1A, i32 %gmem4_addr_28, i32 1" [src/gtsrb_cnn.cpp:87]   --->   Operation 1129 'readreq' 'gmem4_load_28_req' <Predicate = (!icmp_ln83)> <Delay = 7.30> <CoreInst = "m_axi">   --->   Core 121 'm_axi' <Latency = 0> <II = 1> <Delay = 1.00> <Adapter> <Opcode : 'read' 'write' 'readreq' 'writereq' 'writeresp'>
ST_36 : Operation 1130 [2/7] (7.30ns)   --->   "%gmem4_load_29_req = readreq i1 @_ssdm_op_ReadReq.m_axi.i32P1A, i32 %gmem4_addr_29, i32 1" [src/gtsrb_cnn.cpp:87]   --->   Operation 1130 'readreq' 'gmem4_load_29_req' <Predicate = (!icmp_ln83)> <Delay = 7.30> <CoreInst = "m_axi">   --->   Core 121 'm_axi' <Latency = 0> <II = 1> <Delay = 1.00> <Adapter> <Opcode : 'read' 'write' 'readreq' 'writereq' 'writeresp'>
ST_36 : Operation 1131 [3/7] (7.30ns)   --->   "%gmem4_load_30_req = readreq i1 @_ssdm_op_ReadReq.m_axi.i32P1A, i32 %gmem4_addr_30, i32 1" [src/gtsrb_cnn.cpp:87]   --->   Operation 1131 'readreq' 'gmem4_load_30_req' <Predicate = (!icmp_ln83)> <Delay = 7.30> <CoreInst = "m_axi">   --->   Core 121 'm_axi' <Latency = 0> <II = 1> <Delay = 1.00> <Adapter> <Opcode : 'read' 'write' 'readreq' 'writereq' 'writeresp'>
ST_36 : Operation 1132 [4/7] (7.30ns)   --->   "%gmem4_load_31_req = readreq i1 @_ssdm_op_ReadReq.m_axi.i32P1A, i32 %gmem4_addr_31, i32 1" [src/gtsrb_cnn.cpp:87]   --->   Operation 1132 'readreq' 'gmem4_load_31_req' <Predicate = (!icmp_ln83)> <Delay = 7.30> <CoreInst = "m_axi">   --->   Core 121 'm_axi' <Latency = 0> <II = 1> <Delay = 1.00> <Adapter> <Opcode : 'read' 'write' 'readreq' 'writereq' 'writeresp'>
ST_36 : Operation 1133 [5/7] (7.30ns)   --->   "%gmem4_load_32_req = readreq i1 @_ssdm_op_ReadReq.m_axi.i32P1A, i32 %gmem4_addr_32, i32 1" [src/gtsrb_cnn.cpp:87]   --->   Operation 1133 'readreq' 'gmem4_load_32_req' <Predicate = (!icmp_ln83)> <Delay = 7.30> <CoreInst = "m_axi">   --->   Core 121 'm_axi' <Latency = 0> <II = 1> <Delay = 1.00> <Adapter> <Opcode : 'read' 'write' 'readreq' 'writereq' 'writeresp'>
ST_36 : Operation 1134 [6/7] (7.30ns)   --->   "%gmem4_load_33_req = readreq i1 @_ssdm_op_ReadReq.m_axi.i32P1A, i32 %gmem4_addr_33, i32 1" [src/gtsrb_cnn.cpp:87]   --->   Operation 1134 'readreq' 'gmem4_load_33_req' <Predicate = (!icmp_ln83)> <Delay = 7.30> <CoreInst = "m_axi">   --->   Core 121 'm_axi' <Latency = 0> <II = 1> <Delay = 1.00> <Adapter> <Opcode : 'read' 'write' 'readreq' 'writereq' 'writeresp'>
ST_36 : Operation 1135 [7/7] (7.30ns)   --->   "%gmem4_load_34_req = readreq i1 @_ssdm_op_ReadReq.m_axi.i32P1A, i32 %gmem4_addr_34, i32 1" [src/gtsrb_cnn.cpp:87]   --->   Operation 1135 'readreq' 'gmem4_load_34_req' <Predicate = (!icmp_ln83)> <Delay = 7.30> <CoreInst = "m_axi">   --->   Core 121 'm_axi' <Latency = 0> <II = 1> <Delay = 1.00> <Adapter> <Opcode : 'read' 'write' 'readreq' 'writereq' 'writeresp'>
ST_36 : Operation 1136 [1/1] (0.94ns)   --->   "%add_ln87_67 = add i11 %zext_ln87_1, i11 1462" [src/gtsrb_cnn.cpp:87]   --->   Operation 1136 'add' 'add_ln87_67' <Predicate = (!icmp_ln83)> <Delay = 0.94> <CoreInst = "Adder">   --->   Core 1 'Adder' <Latency = 0> <II = 1> <Delay = 0.94> <FuncUnit> <Opcode : 'add' 'sub'> <InPorts = 2> <OutPorts = 1>
ST_36 : Operation 1137 [1/1] (0.00ns)   --->   "%shl_ln87_26 = bitconcatenate i13 @_ssdm_op_BitConcatenate.i13.i11.i2, i11 %add_ln87_67, i2 0" [src/gtsrb_cnn.cpp:87]   --->   Operation 1137 'bitconcatenate' 'shl_ln87_26' <Predicate = (!icmp_ln83)> <Delay = 0.00>
ST_36 : Operation 1138 [1/1] (0.00ns)   --->   "%zext_ln87_40 = zext i13 %shl_ln87_26" [src/gtsrb_cnn.cpp:87]   --->   Operation 1138 'zext' 'zext_ln87_40' <Predicate = (!icmp_ln83)> <Delay = 0.00>
ST_36 : Operation 1139 [1/1] (1.47ns)   --->   "%add_ln87_68 = add i64 %zext_ln87_40, i64 %W_read" [src/gtsrb_cnn.cpp:87]   --->   Operation 1139 'add' 'add_ln87_68' <Predicate = (!icmp_ln83)> <Delay = 1.47> <CoreInst = "Adder">   --->   Core 1 'Adder' <Latency = 0> <II = 1> <Delay = 1.47> <FuncUnit> <Opcode : 'add' 'sub'> <InPorts = 2> <OutPorts = 1>
ST_36 : Operation 1140 [1/1] (0.00ns)   --->   "%trunc_ln87_33 = partselect i62 @_ssdm_op_PartSelect.i62.i64.i32.i32, i64 %add_ln87_68, i32 2, i32 63" [src/gtsrb_cnn.cpp:87]   --->   Operation 1140 'partselect' 'trunc_ln87_33' <Predicate = (!icmp_ln83)> <Delay = 0.00>
ST_36 : Operation 1141 [1/1] (0.00ns)   --->   "%sext_ln87_34 = sext i62 %trunc_ln87_33" [src/gtsrb_cnn.cpp:87]   --->   Operation 1141 'sext' 'sext_ln87_34' <Predicate = (!icmp_ln83)> <Delay = 0.00>
ST_36 : Operation 1142 [1/1] (0.00ns)   --->   "%gmem4_addr_35 = getelementptr i32 %gmem4, i64 %sext_ln87_34" [src/gtsrb_cnn.cpp:87]   --->   Operation 1142 'getelementptr' 'gmem4_addr_35' <Predicate = (!icmp_ln83)> <Delay = 0.00>

State 37 <SV = 36> <Delay = 7.30>
ST_37 : Operation 1143 [3/5] (6.01ns)   --->   "%acc_1_4 = fadd i32 %acc_1_3, i32 %mul9_4" [src/gtsrb_cnn.cpp:87]   --->   Operation 1143 'fadd' 'acc_1_4' <Predicate = (!icmp_ln83)> <Delay = 6.01> <CoreInst = "FAddSub_fulldsp">   --->   Core 18 'FAddSub_fulldsp' <Latency = 4> <II = 1> <Delay = 6.01> <FuncUnit> <Opcode : 'fadd' 'fsub'> <InPorts = 2> <OutPorts = 1>
ST_37 : Operation 1144 [1/4] (4.67ns)   --->   "%mul9_22 = fmul i32 %fc1_out_load_23, i32 %bitcast_ln87_23" [src/gtsrb_cnn.cpp:87]   --->   Operation 1144 'fmul' 'mul9_22' <Predicate = (!icmp_ln83)> <Delay = 4.67> <CoreInst = "FMul_maxdsp">   --->   Core 30 'FMul_maxdsp' <Latency = 3> <II = 1> <Delay = 4.67> <FuncUnit> <Opcode : 'fmul'> <InPorts = 2> <OutPorts = 1>
ST_37 : Operation 1145 [2/4] (4.67ns)   --->   "%mul9_23 = fmul i32 %fc1_out_load_24, i32 %bitcast_ln87_24" [src/gtsrb_cnn.cpp:87]   --->   Operation 1145 'fmul' 'mul9_23' <Predicate = (!icmp_ln83)> <Delay = 4.67> <CoreInst = "FMul_maxdsp">   --->   Core 30 'FMul_maxdsp' <Latency = 3> <II = 1> <Delay = 4.67> <FuncUnit> <Opcode : 'fmul'> <InPorts = 2> <OutPorts = 1>
ST_37 : Operation 1146 [3/4] (4.67ns)   --->   "%mul9_24 = fmul i32 %fc1_out_load_25, i32 %bitcast_ln87_25" [src/gtsrb_cnn.cpp:87]   --->   Operation 1146 'fmul' 'mul9_24' <Predicate = (!icmp_ln83)> <Delay = 4.67> <CoreInst = "FMul_maxdsp">   --->   Core 30 'FMul_maxdsp' <Latency = 3> <II = 1> <Delay = 4.67> <FuncUnit> <Opcode : 'fmul'> <InPorts = 2> <OutPorts = 1>
ST_37 : Operation 1147 [1/1] (0.00ns)   --->   "%bitcast_ln87_26 = bitcast i32 %gmem4_addr_27_read" [src/gtsrb_cnn.cpp:87]   --->   Operation 1147 'bitcast' 'bitcast_ln87_26' <Predicate = (!icmp_ln83)> <Delay = 0.00>
ST_37 : Operation 1148 [4/4] (4.67ns)   --->   "%mul9_25 = fmul i32 %fc1_out_load_26, i32 %bitcast_ln87_26" [src/gtsrb_cnn.cpp:87]   --->   Operation 1148 'fmul' 'mul9_25' <Predicate = (!icmp_ln83)> <Delay = 4.67> <CoreInst = "FMul_maxdsp">   --->   Core 30 'FMul_maxdsp' <Latency = 3> <II = 1> <Delay = 4.67> <FuncUnit> <Opcode : 'fmul'> <InPorts = 2> <OutPorts = 1>
ST_37 : Operation 1149 [1/1] (7.30ns)   --->   "%gmem4_addr_28_read = read i32 @_ssdm_op_Read.m_axi.i32P1A, i32 %gmem4_addr_28" [src/gtsrb_cnn.cpp:87]   --->   Operation 1149 'read' 'gmem4_addr_28_read' <Predicate = (!icmp_ln83)> <Delay = 7.30> <CoreInst = "m_axi">   --->   Core 121 'm_axi' <Latency = 0> <II = 1> <Delay = 1.00> <Adapter> <Opcode : 'read' 'write' 'readreq' 'writereq' 'writeresp'>
ST_37 : Operation 1150 [1/7] (7.30ns)   --->   "%gmem4_load_29_req = readreq i1 @_ssdm_op_ReadReq.m_axi.i32P1A, i32 %gmem4_addr_29, i32 1" [src/gtsrb_cnn.cpp:87]   --->   Operation 1150 'readreq' 'gmem4_load_29_req' <Predicate = (!icmp_ln83)> <Delay = 7.30> <CoreInst = "m_axi">   --->   Core 121 'm_axi' <Latency = 0> <II = 1> <Delay = 1.00> <Adapter> <Opcode : 'read' 'write' 'readreq' 'writereq' 'writeresp'>
ST_37 : Operation 1151 [2/7] (7.30ns)   --->   "%gmem4_load_30_req = readreq i1 @_ssdm_op_ReadReq.m_axi.i32P1A, i32 %gmem4_addr_30, i32 1" [src/gtsrb_cnn.cpp:87]   --->   Operation 1151 'readreq' 'gmem4_load_30_req' <Predicate = (!icmp_ln83)> <Delay = 7.30> <CoreInst = "m_axi">   --->   Core 121 'm_axi' <Latency = 0> <II = 1> <Delay = 1.00> <Adapter> <Opcode : 'read' 'write' 'readreq' 'writereq' 'writeresp'>
ST_37 : Operation 1152 [3/7] (7.30ns)   --->   "%gmem4_load_31_req = readreq i1 @_ssdm_op_ReadReq.m_axi.i32P1A, i32 %gmem4_addr_31, i32 1" [src/gtsrb_cnn.cpp:87]   --->   Operation 1152 'readreq' 'gmem4_load_31_req' <Predicate = (!icmp_ln83)> <Delay = 7.30> <CoreInst = "m_axi">   --->   Core 121 'm_axi' <Latency = 0> <II = 1> <Delay = 1.00> <Adapter> <Opcode : 'read' 'write' 'readreq' 'writereq' 'writeresp'>
ST_37 : Operation 1153 [4/7] (7.30ns)   --->   "%gmem4_load_32_req = readreq i1 @_ssdm_op_ReadReq.m_axi.i32P1A, i32 %gmem4_addr_32, i32 1" [src/gtsrb_cnn.cpp:87]   --->   Operation 1153 'readreq' 'gmem4_load_32_req' <Predicate = (!icmp_ln83)> <Delay = 7.30> <CoreInst = "m_axi">   --->   Core 121 'm_axi' <Latency = 0> <II = 1> <Delay = 1.00> <Adapter> <Opcode : 'read' 'write' 'readreq' 'writereq' 'writeresp'>
ST_37 : Operation 1154 [5/7] (7.30ns)   --->   "%gmem4_load_33_req = readreq i1 @_ssdm_op_ReadReq.m_axi.i32P1A, i32 %gmem4_addr_33, i32 1" [src/gtsrb_cnn.cpp:87]   --->   Operation 1154 'readreq' 'gmem4_load_33_req' <Predicate = (!icmp_ln83)> <Delay = 7.30> <CoreInst = "m_axi">   --->   Core 121 'm_axi' <Latency = 0> <II = 1> <Delay = 1.00> <Adapter> <Opcode : 'read' 'write' 'readreq' 'writereq' 'writeresp'>
ST_37 : Operation 1155 [6/7] (7.30ns)   --->   "%gmem4_load_34_req = readreq i1 @_ssdm_op_ReadReq.m_axi.i32P1A, i32 %gmem4_addr_34, i32 1" [src/gtsrb_cnn.cpp:87]   --->   Operation 1155 'readreq' 'gmem4_load_34_req' <Predicate = (!icmp_ln83)> <Delay = 7.30> <CoreInst = "m_axi">   --->   Core 121 'm_axi' <Latency = 0> <II = 1> <Delay = 1.00> <Adapter> <Opcode : 'read' 'write' 'readreq' 'writereq' 'writeresp'>
ST_37 : Operation 1156 [7/7] (7.30ns)   --->   "%gmem4_load_35_req = readreq i1 @_ssdm_op_ReadReq.m_axi.i32P1A, i32 %gmem4_addr_35, i32 1" [src/gtsrb_cnn.cpp:87]   --->   Operation 1156 'readreq' 'gmem4_load_35_req' <Predicate = (!icmp_ln83)> <Delay = 7.30> <CoreInst = "m_axi">   --->   Core 121 'm_axi' <Latency = 0> <II = 1> <Delay = 1.00> <Adapter> <Opcode : 'read' 'write' 'readreq' 'writereq' 'writeresp'>
ST_37 : Operation 1157 [1/1] (0.94ns)   --->   "%add_ln87_69 = add i11 %zext_ln87_1, i11 1505" [src/gtsrb_cnn.cpp:87]   --->   Operation 1157 'add' 'add_ln87_69' <Predicate = (!icmp_ln83)> <Delay = 0.94> <CoreInst = "Adder">   --->   Core 1 'Adder' <Latency = 0> <II = 1> <Delay = 0.94> <FuncUnit> <Opcode : 'add' 'sub'> <InPorts = 2> <OutPorts = 1>
ST_37 : Operation 1158 [1/1] (0.00ns)   --->   "%shl_ln87_27 = bitconcatenate i13 @_ssdm_op_BitConcatenate.i13.i11.i2, i11 %add_ln87_69, i2 0" [src/gtsrb_cnn.cpp:87]   --->   Operation 1158 'bitconcatenate' 'shl_ln87_27' <Predicate = (!icmp_ln83)> <Delay = 0.00>
ST_37 : Operation 1159 [1/1] (0.00ns)   --->   "%zext_ln87_41 = zext i13 %shl_ln87_27" [src/gtsrb_cnn.cpp:87]   --->   Operation 1159 'zext' 'zext_ln87_41' <Predicate = (!icmp_ln83)> <Delay = 0.00>
ST_37 : Operation 1160 [1/1] (1.47ns)   --->   "%add_ln87_70 = add i64 %zext_ln87_41, i64 %W_read" [src/gtsrb_cnn.cpp:87]   --->   Operation 1160 'add' 'add_ln87_70' <Predicate = (!icmp_ln83)> <Delay = 1.47> <CoreInst = "Adder">   --->   Core 1 'Adder' <Latency = 0> <II = 1> <Delay = 1.47> <FuncUnit> <Opcode : 'add' 'sub'> <InPorts = 2> <OutPorts = 1>
ST_37 : Operation 1161 [1/1] (0.00ns)   --->   "%trunc_ln87_34 = partselect i62 @_ssdm_op_PartSelect.i62.i64.i32.i32, i64 %add_ln87_70, i32 2, i32 63" [src/gtsrb_cnn.cpp:87]   --->   Operation 1161 'partselect' 'trunc_ln87_34' <Predicate = (!icmp_ln83)> <Delay = 0.00>
ST_37 : Operation 1162 [1/1] (0.00ns)   --->   "%sext_ln87_35 = sext i62 %trunc_ln87_34" [src/gtsrb_cnn.cpp:87]   --->   Operation 1162 'sext' 'sext_ln87_35' <Predicate = (!icmp_ln83)> <Delay = 0.00>
ST_37 : Operation 1163 [1/1] (0.00ns)   --->   "%gmem4_addr_36 = getelementptr i32 %gmem4, i64 %sext_ln87_35" [src/gtsrb_cnn.cpp:87]   --->   Operation 1163 'getelementptr' 'gmem4_addr_36' <Predicate = (!icmp_ln83)> <Delay = 0.00>

State 38 <SV = 37> <Delay = 7.30>
ST_38 : Operation 1164 [2/5] (6.01ns)   --->   "%acc_1_4 = fadd i32 %acc_1_3, i32 %mul9_4" [src/gtsrb_cnn.cpp:87]   --->   Operation 1164 'fadd' 'acc_1_4' <Predicate = (!icmp_ln83)> <Delay = 6.01> <CoreInst = "FAddSub_fulldsp">   --->   Core 18 'FAddSub_fulldsp' <Latency = 4> <II = 1> <Delay = 6.01> <FuncUnit> <Opcode : 'fadd' 'fsub'> <InPorts = 2> <OutPorts = 1>
ST_38 : Operation 1165 [1/4] (4.67ns)   --->   "%mul9_23 = fmul i32 %fc1_out_load_24, i32 %bitcast_ln87_24" [src/gtsrb_cnn.cpp:87]   --->   Operation 1165 'fmul' 'mul9_23' <Predicate = (!icmp_ln83)> <Delay = 4.67> <CoreInst = "FMul_maxdsp">   --->   Core 30 'FMul_maxdsp' <Latency = 3> <II = 1> <Delay = 4.67> <FuncUnit> <Opcode : 'fmul'> <InPorts = 2> <OutPorts = 1>
ST_38 : Operation 1166 [2/4] (4.67ns)   --->   "%mul9_24 = fmul i32 %fc1_out_load_25, i32 %bitcast_ln87_25" [src/gtsrb_cnn.cpp:87]   --->   Operation 1166 'fmul' 'mul9_24' <Predicate = (!icmp_ln83)> <Delay = 4.67> <CoreInst = "FMul_maxdsp">   --->   Core 30 'FMul_maxdsp' <Latency = 3> <II = 1> <Delay = 4.67> <FuncUnit> <Opcode : 'fmul'> <InPorts = 2> <OutPorts = 1>
ST_38 : Operation 1167 [3/4] (4.67ns)   --->   "%mul9_25 = fmul i32 %fc1_out_load_26, i32 %bitcast_ln87_26" [src/gtsrb_cnn.cpp:87]   --->   Operation 1167 'fmul' 'mul9_25' <Predicate = (!icmp_ln83)> <Delay = 4.67> <CoreInst = "FMul_maxdsp">   --->   Core 30 'FMul_maxdsp' <Latency = 3> <II = 1> <Delay = 4.67> <FuncUnit> <Opcode : 'fmul'> <InPorts = 2> <OutPorts = 1>
ST_38 : Operation 1168 [1/1] (0.00ns)   --->   "%bitcast_ln87_27 = bitcast i32 %gmem4_addr_28_read" [src/gtsrb_cnn.cpp:87]   --->   Operation 1168 'bitcast' 'bitcast_ln87_27' <Predicate = (!icmp_ln83)> <Delay = 0.00>
ST_38 : Operation 1169 [4/4] (4.67ns)   --->   "%mul9_26 = fmul i32 %fc1_out_load_27, i32 %bitcast_ln87_27" [src/gtsrb_cnn.cpp:87]   --->   Operation 1169 'fmul' 'mul9_26' <Predicate = (!icmp_ln83)> <Delay = 4.67> <CoreInst = "FMul_maxdsp">   --->   Core 30 'FMul_maxdsp' <Latency = 3> <II = 1> <Delay = 4.67> <FuncUnit> <Opcode : 'fmul'> <InPorts = 2> <OutPorts = 1>
ST_38 : Operation 1170 [1/1] (7.30ns)   --->   "%gmem4_addr_29_read = read i32 @_ssdm_op_Read.m_axi.i32P1A, i32 %gmem4_addr_29" [src/gtsrb_cnn.cpp:87]   --->   Operation 1170 'read' 'gmem4_addr_29_read' <Predicate = (!icmp_ln83)> <Delay = 7.30> <CoreInst = "m_axi">   --->   Core 121 'm_axi' <Latency = 0> <II = 1> <Delay = 1.00> <Adapter> <Opcode : 'read' 'write' 'readreq' 'writereq' 'writeresp'>
ST_38 : Operation 1171 [1/7] (7.30ns)   --->   "%gmem4_load_30_req = readreq i1 @_ssdm_op_ReadReq.m_axi.i32P1A, i32 %gmem4_addr_30, i32 1" [src/gtsrb_cnn.cpp:87]   --->   Operation 1171 'readreq' 'gmem4_load_30_req' <Predicate = (!icmp_ln83)> <Delay = 7.30> <CoreInst = "m_axi">   --->   Core 121 'm_axi' <Latency = 0> <II = 1> <Delay = 1.00> <Adapter> <Opcode : 'read' 'write' 'readreq' 'writereq' 'writeresp'>
ST_38 : Operation 1172 [2/7] (7.30ns)   --->   "%gmem4_load_31_req = readreq i1 @_ssdm_op_ReadReq.m_axi.i32P1A, i32 %gmem4_addr_31, i32 1" [src/gtsrb_cnn.cpp:87]   --->   Operation 1172 'readreq' 'gmem4_load_31_req' <Predicate = (!icmp_ln83)> <Delay = 7.30> <CoreInst = "m_axi">   --->   Core 121 'm_axi' <Latency = 0> <II = 1> <Delay = 1.00> <Adapter> <Opcode : 'read' 'write' 'readreq' 'writereq' 'writeresp'>
ST_38 : Operation 1173 [3/7] (7.30ns)   --->   "%gmem4_load_32_req = readreq i1 @_ssdm_op_ReadReq.m_axi.i32P1A, i32 %gmem4_addr_32, i32 1" [src/gtsrb_cnn.cpp:87]   --->   Operation 1173 'readreq' 'gmem4_load_32_req' <Predicate = (!icmp_ln83)> <Delay = 7.30> <CoreInst = "m_axi">   --->   Core 121 'm_axi' <Latency = 0> <II = 1> <Delay = 1.00> <Adapter> <Opcode : 'read' 'write' 'readreq' 'writereq' 'writeresp'>
ST_38 : Operation 1174 [4/7] (7.30ns)   --->   "%gmem4_load_33_req = readreq i1 @_ssdm_op_ReadReq.m_axi.i32P1A, i32 %gmem4_addr_33, i32 1" [src/gtsrb_cnn.cpp:87]   --->   Operation 1174 'readreq' 'gmem4_load_33_req' <Predicate = (!icmp_ln83)> <Delay = 7.30> <CoreInst = "m_axi">   --->   Core 121 'm_axi' <Latency = 0> <II = 1> <Delay = 1.00> <Adapter> <Opcode : 'read' 'write' 'readreq' 'writereq' 'writeresp'>
ST_38 : Operation 1175 [5/7] (7.30ns)   --->   "%gmem4_load_34_req = readreq i1 @_ssdm_op_ReadReq.m_axi.i32P1A, i32 %gmem4_addr_34, i32 1" [src/gtsrb_cnn.cpp:87]   --->   Operation 1175 'readreq' 'gmem4_load_34_req' <Predicate = (!icmp_ln83)> <Delay = 7.30> <CoreInst = "m_axi">   --->   Core 121 'm_axi' <Latency = 0> <II = 1> <Delay = 1.00> <Adapter> <Opcode : 'read' 'write' 'readreq' 'writereq' 'writeresp'>
ST_38 : Operation 1176 [6/7] (7.30ns)   --->   "%gmem4_load_35_req = readreq i1 @_ssdm_op_ReadReq.m_axi.i32P1A, i32 %gmem4_addr_35, i32 1" [src/gtsrb_cnn.cpp:87]   --->   Operation 1176 'readreq' 'gmem4_load_35_req' <Predicate = (!icmp_ln83)> <Delay = 7.30> <CoreInst = "m_axi">   --->   Core 121 'm_axi' <Latency = 0> <II = 1> <Delay = 1.00> <Adapter> <Opcode : 'read' 'write' 'readreq' 'writereq' 'writeresp'>
ST_38 : Operation 1177 [7/7] (7.30ns)   --->   "%gmem4_load_36_req = readreq i1 @_ssdm_op_ReadReq.m_axi.i32P1A, i32 %gmem4_addr_36, i32 1" [src/gtsrb_cnn.cpp:87]   --->   Operation 1177 'readreq' 'gmem4_load_36_req' <Predicate = (!icmp_ln83)> <Delay = 7.30> <CoreInst = "m_axi">   --->   Core 121 'm_axi' <Latency = 0> <II = 1> <Delay = 1.00> <Adapter> <Opcode : 'read' 'write' 'readreq' 'writereq' 'writeresp'>
ST_38 : Operation 1178 [1/1] (0.93ns)   --->   "%add_ln87_71 = add i10 %zext_ln87_4, i10 524" [src/gtsrb_cnn.cpp:87]   --->   Operation 1178 'add' 'add_ln87_71' <Predicate = (!icmp_ln83)> <Delay = 0.93> <CoreInst = "Adder">   --->   Core 1 'Adder' <Latency = 0> <II = 1> <Delay = 0.93> <FuncUnit> <Opcode : 'add' 'sub'> <InPorts = 2> <OutPorts = 1>
ST_38 : Operation 1179 [1/1] (0.00ns)   --->   "%tmp_11 = bitconcatenate i12 @_ssdm_op_BitConcatenate.i12.i10.i2, i10 %add_ln87_71, i2 0" [src/gtsrb_cnn.cpp:87]   --->   Operation 1179 'bitconcatenate' 'tmp_11' <Predicate = (!icmp_ln83)> <Delay = 0.00>
ST_38 : Operation 1180 [1/1] (0.00ns)   --->   "%sext_ln87_71 = sext i12 %tmp_11" [src/gtsrb_cnn.cpp:87]   --->   Operation 1180 'sext' 'sext_ln87_71' <Predicate = (!icmp_ln83)> <Delay = 0.00>
ST_38 : Operation 1181 [1/1] (0.00ns)   --->   "%zext_ln87_42 = zext i13 %sext_ln87_71" [src/gtsrb_cnn.cpp:87]   --->   Operation 1181 'zext' 'zext_ln87_42' <Predicate = (!icmp_ln83)> <Delay = 0.00>
ST_38 : Operation 1182 [1/1] (1.47ns)   --->   "%add_ln87_72 = add i64 %zext_ln87_42, i64 %W_read" [src/gtsrb_cnn.cpp:87]   --->   Operation 1182 'add' 'add_ln87_72' <Predicate = (!icmp_ln83)> <Delay = 1.47> <CoreInst = "Adder">   --->   Core 1 'Adder' <Latency = 0> <II = 1> <Delay = 1.47> <FuncUnit> <Opcode : 'add' 'sub'> <InPorts = 2> <OutPorts = 1>
ST_38 : Operation 1183 [1/1] (0.00ns)   --->   "%trunc_ln87_35 = partselect i62 @_ssdm_op_PartSelect.i62.i64.i32.i32, i64 %add_ln87_72, i32 2, i32 63" [src/gtsrb_cnn.cpp:87]   --->   Operation 1183 'partselect' 'trunc_ln87_35' <Predicate = (!icmp_ln83)> <Delay = 0.00>
ST_38 : Operation 1184 [1/1] (0.00ns)   --->   "%sext_ln87_36 = sext i62 %trunc_ln87_35" [src/gtsrb_cnn.cpp:87]   --->   Operation 1184 'sext' 'sext_ln87_36' <Predicate = (!icmp_ln83)> <Delay = 0.00>
ST_38 : Operation 1185 [1/1] (0.00ns)   --->   "%gmem4_addr_37 = getelementptr i32 %gmem4, i64 %sext_ln87_36" [src/gtsrb_cnn.cpp:87]   --->   Operation 1185 'getelementptr' 'gmem4_addr_37' <Predicate = (!icmp_ln83)> <Delay = 0.00>

State 39 <SV = 38> <Delay = 7.30>
ST_39 : Operation 1186 [1/5] (6.01ns)   --->   "%acc_1_4 = fadd i32 %acc_1_3, i32 %mul9_4" [src/gtsrb_cnn.cpp:87]   --->   Operation 1186 'fadd' 'acc_1_4' <Predicate = (!icmp_ln83)> <Delay = 6.01> <CoreInst = "FAddSub_fulldsp">   --->   Core 18 'FAddSub_fulldsp' <Latency = 4> <II = 1> <Delay = 6.01> <FuncUnit> <Opcode : 'fadd' 'fsub'> <InPorts = 2> <OutPorts = 1>
ST_39 : Operation 1187 [1/4] (4.67ns)   --->   "%mul9_24 = fmul i32 %fc1_out_load_25, i32 %bitcast_ln87_25" [src/gtsrb_cnn.cpp:87]   --->   Operation 1187 'fmul' 'mul9_24' <Predicate = (!icmp_ln83)> <Delay = 4.67> <CoreInst = "FMul_maxdsp">   --->   Core 30 'FMul_maxdsp' <Latency = 3> <II = 1> <Delay = 4.67> <FuncUnit> <Opcode : 'fmul'> <InPorts = 2> <OutPorts = 1>
ST_39 : Operation 1188 [2/4] (4.67ns)   --->   "%mul9_25 = fmul i32 %fc1_out_load_26, i32 %bitcast_ln87_26" [src/gtsrb_cnn.cpp:87]   --->   Operation 1188 'fmul' 'mul9_25' <Predicate = (!icmp_ln83)> <Delay = 4.67> <CoreInst = "FMul_maxdsp">   --->   Core 30 'FMul_maxdsp' <Latency = 3> <II = 1> <Delay = 4.67> <FuncUnit> <Opcode : 'fmul'> <InPorts = 2> <OutPorts = 1>
ST_39 : Operation 1189 [3/4] (4.67ns)   --->   "%mul9_26 = fmul i32 %fc1_out_load_27, i32 %bitcast_ln87_27" [src/gtsrb_cnn.cpp:87]   --->   Operation 1189 'fmul' 'mul9_26' <Predicate = (!icmp_ln83)> <Delay = 4.67> <CoreInst = "FMul_maxdsp">   --->   Core 30 'FMul_maxdsp' <Latency = 3> <II = 1> <Delay = 4.67> <FuncUnit> <Opcode : 'fmul'> <InPorts = 2> <OutPorts = 1>
ST_39 : Operation 1190 [1/1] (0.00ns)   --->   "%bitcast_ln87_28 = bitcast i32 %gmem4_addr_29_read" [src/gtsrb_cnn.cpp:87]   --->   Operation 1190 'bitcast' 'bitcast_ln87_28' <Predicate = (!icmp_ln83)> <Delay = 0.00>
ST_39 : Operation 1191 [4/4] (4.67ns)   --->   "%mul9_27 = fmul i32 %fc1_out_load_28, i32 %bitcast_ln87_28" [src/gtsrb_cnn.cpp:87]   --->   Operation 1191 'fmul' 'mul9_27' <Predicate = (!icmp_ln83)> <Delay = 4.67> <CoreInst = "FMul_maxdsp">   --->   Core 30 'FMul_maxdsp' <Latency = 3> <II = 1> <Delay = 4.67> <FuncUnit> <Opcode : 'fmul'> <InPorts = 2> <OutPorts = 1>
ST_39 : Operation 1192 [1/1] (7.30ns)   --->   "%gmem4_addr_30_read = read i32 @_ssdm_op_Read.m_axi.i32P1A, i32 %gmem4_addr_30" [src/gtsrb_cnn.cpp:87]   --->   Operation 1192 'read' 'gmem4_addr_30_read' <Predicate = (!icmp_ln83)> <Delay = 7.30> <CoreInst = "m_axi">   --->   Core 121 'm_axi' <Latency = 0> <II = 1> <Delay = 1.00> <Adapter> <Opcode : 'read' 'write' 'readreq' 'writereq' 'writeresp'>
ST_39 : Operation 1193 [1/7] (7.30ns)   --->   "%gmem4_load_31_req = readreq i1 @_ssdm_op_ReadReq.m_axi.i32P1A, i32 %gmem4_addr_31, i32 1" [src/gtsrb_cnn.cpp:87]   --->   Operation 1193 'readreq' 'gmem4_load_31_req' <Predicate = (!icmp_ln83)> <Delay = 7.30> <CoreInst = "m_axi">   --->   Core 121 'm_axi' <Latency = 0> <II = 1> <Delay = 1.00> <Adapter> <Opcode : 'read' 'write' 'readreq' 'writereq' 'writeresp'>
ST_39 : Operation 1194 [2/7] (7.30ns)   --->   "%gmem4_load_32_req = readreq i1 @_ssdm_op_ReadReq.m_axi.i32P1A, i32 %gmem4_addr_32, i32 1" [src/gtsrb_cnn.cpp:87]   --->   Operation 1194 'readreq' 'gmem4_load_32_req' <Predicate = (!icmp_ln83)> <Delay = 7.30> <CoreInst = "m_axi">   --->   Core 121 'm_axi' <Latency = 0> <II = 1> <Delay = 1.00> <Adapter> <Opcode : 'read' 'write' 'readreq' 'writereq' 'writeresp'>
ST_39 : Operation 1195 [3/7] (7.30ns)   --->   "%gmem4_load_33_req = readreq i1 @_ssdm_op_ReadReq.m_axi.i32P1A, i32 %gmem4_addr_33, i32 1" [src/gtsrb_cnn.cpp:87]   --->   Operation 1195 'readreq' 'gmem4_load_33_req' <Predicate = (!icmp_ln83)> <Delay = 7.30> <CoreInst = "m_axi">   --->   Core 121 'm_axi' <Latency = 0> <II = 1> <Delay = 1.00> <Adapter> <Opcode : 'read' 'write' 'readreq' 'writereq' 'writeresp'>
ST_39 : Operation 1196 [4/7] (7.30ns)   --->   "%gmem4_load_34_req = readreq i1 @_ssdm_op_ReadReq.m_axi.i32P1A, i32 %gmem4_addr_34, i32 1" [src/gtsrb_cnn.cpp:87]   --->   Operation 1196 'readreq' 'gmem4_load_34_req' <Predicate = (!icmp_ln83)> <Delay = 7.30> <CoreInst = "m_axi">   --->   Core 121 'm_axi' <Latency = 0> <II = 1> <Delay = 1.00> <Adapter> <Opcode : 'read' 'write' 'readreq' 'writereq' 'writeresp'>
ST_39 : Operation 1197 [5/7] (7.30ns)   --->   "%gmem4_load_35_req = readreq i1 @_ssdm_op_ReadReq.m_axi.i32P1A, i32 %gmem4_addr_35, i32 1" [src/gtsrb_cnn.cpp:87]   --->   Operation 1197 'readreq' 'gmem4_load_35_req' <Predicate = (!icmp_ln83)> <Delay = 7.30> <CoreInst = "m_axi">   --->   Core 121 'm_axi' <Latency = 0> <II = 1> <Delay = 1.00> <Adapter> <Opcode : 'read' 'write' 'readreq' 'writereq' 'writeresp'>
ST_39 : Operation 1198 [6/7] (7.30ns)   --->   "%gmem4_load_36_req = readreq i1 @_ssdm_op_ReadReq.m_axi.i32P1A, i32 %gmem4_addr_36, i32 1" [src/gtsrb_cnn.cpp:87]   --->   Operation 1198 'readreq' 'gmem4_load_36_req' <Predicate = (!icmp_ln83)> <Delay = 7.30> <CoreInst = "m_axi">   --->   Core 121 'm_axi' <Latency = 0> <II = 1> <Delay = 1.00> <Adapter> <Opcode : 'read' 'write' 'readreq' 'writereq' 'writeresp'>
ST_39 : Operation 1199 [7/7] (7.30ns)   --->   "%gmem4_load_37_req = readreq i1 @_ssdm_op_ReadReq.m_axi.i32P1A, i32 %gmem4_addr_37, i32 1" [src/gtsrb_cnn.cpp:87]   --->   Operation 1199 'readreq' 'gmem4_load_37_req' <Predicate = (!icmp_ln83)> <Delay = 7.30> <CoreInst = "m_axi">   --->   Core 121 'm_axi' <Latency = 0> <II = 1> <Delay = 1.00> <Adapter> <Opcode : 'read' 'write' 'readreq' 'writereq' 'writeresp'>
ST_39 : Operation 1200 [1/1] (0.93ns)   --->   "%add_ln87_73 = add i10 %zext_ln87_4, i10 567" [src/gtsrb_cnn.cpp:87]   --->   Operation 1200 'add' 'add_ln87_73' <Predicate = (!icmp_ln83)> <Delay = 0.93> <CoreInst = "Adder">   --->   Core 1 'Adder' <Latency = 0> <II = 1> <Delay = 0.93> <FuncUnit> <Opcode : 'add' 'sub'> <InPorts = 2> <OutPorts = 1>
ST_39 : Operation 1201 [1/1] (0.00ns)   --->   "%tmp_12 = bitconcatenate i12 @_ssdm_op_BitConcatenate.i12.i10.i2, i10 %add_ln87_73, i2 0" [src/gtsrb_cnn.cpp:87]   --->   Operation 1201 'bitconcatenate' 'tmp_12' <Predicate = (!icmp_ln83)> <Delay = 0.00>
ST_39 : Operation 1202 [1/1] (0.00ns)   --->   "%sext_ln87_72 = sext i12 %tmp_12" [src/gtsrb_cnn.cpp:87]   --->   Operation 1202 'sext' 'sext_ln87_72' <Predicate = (!icmp_ln83)> <Delay = 0.00>
ST_39 : Operation 1203 [1/1] (0.00ns)   --->   "%zext_ln87_43 = zext i13 %sext_ln87_72" [src/gtsrb_cnn.cpp:87]   --->   Operation 1203 'zext' 'zext_ln87_43' <Predicate = (!icmp_ln83)> <Delay = 0.00>
ST_39 : Operation 1204 [1/1] (1.47ns)   --->   "%add_ln87_74 = add i64 %zext_ln87_43, i64 %W_read" [src/gtsrb_cnn.cpp:87]   --->   Operation 1204 'add' 'add_ln87_74' <Predicate = (!icmp_ln83)> <Delay = 1.47> <CoreInst = "Adder">   --->   Core 1 'Adder' <Latency = 0> <II = 1> <Delay = 1.47> <FuncUnit> <Opcode : 'add' 'sub'> <InPorts = 2> <OutPorts = 1>
ST_39 : Operation 1205 [1/1] (0.00ns)   --->   "%trunc_ln87_36 = partselect i62 @_ssdm_op_PartSelect.i62.i64.i32.i32, i64 %add_ln87_74, i32 2, i32 63" [src/gtsrb_cnn.cpp:87]   --->   Operation 1205 'partselect' 'trunc_ln87_36' <Predicate = (!icmp_ln83)> <Delay = 0.00>
ST_39 : Operation 1206 [1/1] (0.00ns)   --->   "%sext_ln87_37 = sext i62 %trunc_ln87_36" [src/gtsrb_cnn.cpp:87]   --->   Operation 1206 'sext' 'sext_ln87_37' <Predicate = (!icmp_ln83)> <Delay = 0.00>
ST_39 : Operation 1207 [1/1] (0.00ns)   --->   "%gmem4_addr_38 = getelementptr i32 %gmem4, i64 %sext_ln87_37" [src/gtsrb_cnn.cpp:87]   --->   Operation 1207 'getelementptr' 'gmem4_addr_38' <Predicate = (!icmp_ln83)> <Delay = 0.00>

State 40 <SV = 39> <Delay = 7.30>
ST_40 : Operation 1208 [5/5] (6.01ns)   --->   "%acc_1_5 = fadd i32 %acc_1_4, i32 %mul9_5" [src/gtsrb_cnn.cpp:87]   --->   Operation 1208 'fadd' 'acc_1_5' <Predicate = (!icmp_ln83)> <Delay = 6.01> <CoreInst = "FAddSub_fulldsp">   --->   Core 18 'FAddSub_fulldsp' <Latency = 4> <II = 1> <Delay = 6.01> <FuncUnit> <Opcode : 'fadd' 'fsub'> <InPorts = 2> <OutPorts = 1>
ST_40 : Operation 1209 [1/4] (4.67ns)   --->   "%mul9_25 = fmul i32 %fc1_out_load_26, i32 %bitcast_ln87_26" [src/gtsrb_cnn.cpp:87]   --->   Operation 1209 'fmul' 'mul9_25' <Predicate = (!icmp_ln83)> <Delay = 4.67> <CoreInst = "FMul_maxdsp">   --->   Core 30 'FMul_maxdsp' <Latency = 3> <II = 1> <Delay = 4.67> <FuncUnit> <Opcode : 'fmul'> <InPorts = 2> <OutPorts = 1>
ST_40 : Operation 1210 [2/4] (4.67ns)   --->   "%mul9_26 = fmul i32 %fc1_out_load_27, i32 %bitcast_ln87_27" [src/gtsrb_cnn.cpp:87]   --->   Operation 1210 'fmul' 'mul9_26' <Predicate = (!icmp_ln83)> <Delay = 4.67> <CoreInst = "FMul_maxdsp">   --->   Core 30 'FMul_maxdsp' <Latency = 3> <II = 1> <Delay = 4.67> <FuncUnit> <Opcode : 'fmul'> <InPorts = 2> <OutPorts = 1>
ST_40 : Operation 1211 [3/4] (4.67ns)   --->   "%mul9_27 = fmul i32 %fc1_out_load_28, i32 %bitcast_ln87_28" [src/gtsrb_cnn.cpp:87]   --->   Operation 1211 'fmul' 'mul9_27' <Predicate = (!icmp_ln83)> <Delay = 4.67> <CoreInst = "FMul_maxdsp">   --->   Core 30 'FMul_maxdsp' <Latency = 3> <II = 1> <Delay = 4.67> <FuncUnit> <Opcode : 'fmul'> <InPorts = 2> <OutPorts = 1>
ST_40 : Operation 1212 [1/1] (0.00ns)   --->   "%bitcast_ln87_29 = bitcast i32 %gmem4_addr_30_read" [src/gtsrb_cnn.cpp:87]   --->   Operation 1212 'bitcast' 'bitcast_ln87_29' <Predicate = (!icmp_ln83)> <Delay = 0.00>
ST_40 : Operation 1213 [4/4] (4.67ns)   --->   "%mul9_28 = fmul i32 %fc1_out_load_29, i32 %bitcast_ln87_29" [src/gtsrb_cnn.cpp:87]   --->   Operation 1213 'fmul' 'mul9_28' <Predicate = (!icmp_ln83)> <Delay = 4.67> <CoreInst = "FMul_maxdsp">   --->   Core 30 'FMul_maxdsp' <Latency = 3> <II = 1> <Delay = 4.67> <FuncUnit> <Opcode : 'fmul'> <InPorts = 2> <OutPorts = 1>
ST_40 : Operation 1214 [1/1] (7.30ns)   --->   "%gmem4_addr_31_read = read i32 @_ssdm_op_Read.m_axi.i32P1A, i32 %gmem4_addr_31" [src/gtsrb_cnn.cpp:87]   --->   Operation 1214 'read' 'gmem4_addr_31_read' <Predicate = (!icmp_ln83)> <Delay = 7.30> <CoreInst = "m_axi">   --->   Core 121 'm_axi' <Latency = 0> <II = 1> <Delay = 1.00> <Adapter> <Opcode : 'read' 'write' 'readreq' 'writereq' 'writeresp'>
ST_40 : Operation 1215 [1/7] (7.30ns)   --->   "%gmem4_load_32_req = readreq i1 @_ssdm_op_ReadReq.m_axi.i32P1A, i32 %gmem4_addr_32, i32 1" [src/gtsrb_cnn.cpp:87]   --->   Operation 1215 'readreq' 'gmem4_load_32_req' <Predicate = (!icmp_ln83)> <Delay = 7.30> <CoreInst = "m_axi">   --->   Core 121 'm_axi' <Latency = 0> <II = 1> <Delay = 1.00> <Adapter> <Opcode : 'read' 'write' 'readreq' 'writereq' 'writeresp'>
ST_40 : Operation 1216 [2/7] (7.30ns)   --->   "%gmem4_load_33_req = readreq i1 @_ssdm_op_ReadReq.m_axi.i32P1A, i32 %gmem4_addr_33, i32 1" [src/gtsrb_cnn.cpp:87]   --->   Operation 1216 'readreq' 'gmem4_load_33_req' <Predicate = (!icmp_ln83)> <Delay = 7.30> <CoreInst = "m_axi">   --->   Core 121 'm_axi' <Latency = 0> <II = 1> <Delay = 1.00> <Adapter> <Opcode : 'read' 'write' 'readreq' 'writereq' 'writeresp'>
ST_40 : Operation 1217 [3/7] (7.30ns)   --->   "%gmem4_load_34_req = readreq i1 @_ssdm_op_ReadReq.m_axi.i32P1A, i32 %gmem4_addr_34, i32 1" [src/gtsrb_cnn.cpp:87]   --->   Operation 1217 'readreq' 'gmem4_load_34_req' <Predicate = (!icmp_ln83)> <Delay = 7.30> <CoreInst = "m_axi">   --->   Core 121 'm_axi' <Latency = 0> <II = 1> <Delay = 1.00> <Adapter> <Opcode : 'read' 'write' 'readreq' 'writereq' 'writeresp'>
ST_40 : Operation 1218 [4/7] (7.30ns)   --->   "%gmem4_load_35_req = readreq i1 @_ssdm_op_ReadReq.m_axi.i32P1A, i32 %gmem4_addr_35, i32 1" [src/gtsrb_cnn.cpp:87]   --->   Operation 1218 'readreq' 'gmem4_load_35_req' <Predicate = (!icmp_ln83)> <Delay = 7.30> <CoreInst = "m_axi">   --->   Core 121 'm_axi' <Latency = 0> <II = 1> <Delay = 1.00> <Adapter> <Opcode : 'read' 'write' 'readreq' 'writereq' 'writeresp'>
ST_40 : Operation 1219 [5/7] (7.30ns)   --->   "%gmem4_load_36_req = readreq i1 @_ssdm_op_ReadReq.m_axi.i32P1A, i32 %gmem4_addr_36, i32 1" [src/gtsrb_cnn.cpp:87]   --->   Operation 1219 'readreq' 'gmem4_load_36_req' <Predicate = (!icmp_ln83)> <Delay = 7.30> <CoreInst = "m_axi">   --->   Core 121 'm_axi' <Latency = 0> <II = 1> <Delay = 1.00> <Adapter> <Opcode : 'read' 'write' 'readreq' 'writereq' 'writeresp'>
ST_40 : Operation 1220 [6/7] (7.30ns)   --->   "%gmem4_load_37_req = readreq i1 @_ssdm_op_ReadReq.m_axi.i32P1A, i32 %gmem4_addr_37, i32 1" [src/gtsrb_cnn.cpp:87]   --->   Operation 1220 'readreq' 'gmem4_load_37_req' <Predicate = (!icmp_ln83)> <Delay = 7.30> <CoreInst = "m_axi">   --->   Core 121 'm_axi' <Latency = 0> <II = 1> <Delay = 1.00> <Adapter> <Opcode : 'read' 'write' 'readreq' 'writereq' 'writeresp'>
ST_40 : Operation 1221 [7/7] (7.30ns)   --->   "%gmem4_load_38_req = readreq i1 @_ssdm_op_ReadReq.m_axi.i32P1A, i32 %gmem4_addr_38, i32 1" [src/gtsrb_cnn.cpp:87]   --->   Operation 1221 'readreq' 'gmem4_load_38_req' <Predicate = (!icmp_ln83)> <Delay = 7.30> <CoreInst = "m_axi">   --->   Core 121 'm_axi' <Latency = 0> <II = 1> <Delay = 1.00> <Adapter> <Opcode : 'read' 'write' 'readreq' 'writereq' 'writeresp'>
ST_40 : Operation 1222 [1/1] (0.93ns)   --->   "%add_ln87_75 = add i10 %zext_ln87_4, i10 610" [src/gtsrb_cnn.cpp:87]   --->   Operation 1222 'add' 'add_ln87_75' <Predicate = (!icmp_ln83)> <Delay = 0.93> <CoreInst = "Adder">   --->   Core 1 'Adder' <Latency = 0> <II = 1> <Delay = 0.93> <FuncUnit> <Opcode : 'add' 'sub'> <InPorts = 2> <OutPorts = 1>
ST_40 : Operation 1223 [1/1] (0.00ns)   --->   "%tmp_13 = bitconcatenate i12 @_ssdm_op_BitConcatenate.i12.i10.i2, i10 %add_ln87_75, i2 0" [src/gtsrb_cnn.cpp:87]   --->   Operation 1223 'bitconcatenate' 'tmp_13' <Predicate = (!icmp_ln83)> <Delay = 0.00>
ST_40 : Operation 1224 [1/1] (0.00ns)   --->   "%sext_ln87_73 = sext i12 %tmp_13" [src/gtsrb_cnn.cpp:87]   --->   Operation 1224 'sext' 'sext_ln87_73' <Predicate = (!icmp_ln83)> <Delay = 0.00>
ST_40 : Operation 1225 [1/1] (0.00ns)   --->   "%zext_ln87_44 = zext i13 %sext_ln87_73" [src/gtsrb_cnn.cpp:87]   --->   Operation 1225 'zext' 'zext_ln87_44' <Predicate = (!icmp_ln83)> <Delay = 0.00>
ST_40 : Operation 1226 [1/1] (1.47ns)   --->   "%add_ln87_76 = add i64 %zext_ln87_44, i64 %W_read" [src/gtsrb_cnn.cpp:87]   --->   Operation 1226 'add' 'add_ln87_76' <Predicate = (!icmp_ln83)> <Delay = 1.47> <CoreInst = "Adder">   --->   Core 1 'Adder' <Latency = 0> <II = 1> <Delay = 1.47> <FuncUnit> <Opcode : 'add' 'sub'> <InPorts = 2> <OutPorts = 1>
ST_40 : Operation 1227 [1/1] (0.00ns)   --->   "%trunc_ln87_37 = partselect i62 @_ssdm_op_PartSelect.i62.i64.i32.i32, i64 %add_ln87_76, i32 2, i32 63" [src/gtsrb_cnn.cpp:87]   --->   Operation 1227 'partselect' 'trunc_ln87_37' <Predicate = (!icmp_ln83)> <Delay = 0.00>
ST_40 : Operation 1228 [1/1] (0.00ns)   --->   "%sext_ln87_38 = sext i62 %trunc_ln87_37" [src/gtsrb_cnn.cpp:87]   --->   Operation 1228 'sext' 'sext_ln87_38' <Predicate = (!icmp_ln83)> <Delay = 0.00>
ST_40 : Operation 1229 [1/1] (0.00ns)   --->   "%gmem4_addr_39 = getelementptr i32 %gmem4, i64 %sext_ln87_38" [src/gtsrb_cnn.cpp:87]   --->   Operation 1229 'getelementptr' 'gmem4_addr_39' <Predicate = (!icmp_ln83)> <Delay = 0.00>

State 41 <SV = 40> <Delay = 7.30>
ST_41 : Operation 1230 [4/5] (6.01ns)   --->   "%acc_1_5 = fadd i32 %acc_1_4, i32 %mul9_5" [src/gtsrb_cnn.cpp:87]   --->   Operation 1230 'fadd' 'acc_1_5' <Predicate = (!icmp_ln83)> <Delay = 6.01> <CoreInst = "FAddSub_fulldsp">   --->   Core 18 'FAddSub_fulldsp' <Latency = 4> <II = 1> <Delay = 6.01> <FuncUnit> <Opcode : 'fadd' 'fsub'> <InPorts = 2> <OutPorts = 1>
ST_41 : Operation 1231 [1/4] (4.67ns)   --->   "%mul9_26 = fmul i32 %fc1_out_load_27, i32 %bitcast_ln87_27" [src/gtsrb_cnn.cpp:87]   --->   Operation 1231 'fmul' 'mul9_26' <Predicate = (!icmp_ln83)> <Delay = 4.67> <CoreInst = "FMul_maxdsp">   --->   Core 30 'FMul_maxdsp' <Latency = 3> <II = 1> <Delay = 4.67> <FuncUnit> <Opcode : 'fmul'> <InPorts = 2> <OutPorts = 1>
ST_41 : Operation 1232 [2/4] (4.67ns)   --->   "%mul9_27 = fmul i32 %fc1_out_load_28, i32 %bitcast_ln87_28" [src/gtsrb_cnn.cpp:87]   --->   Operation 1232 'fmul' 'mul9_27' <Predicate = (!icmp_ln83)> <Delay = 4.67> <CoreInst = "FMul_maxdsp">   --->   Core 30 'FMul_maxdsp' <Latency = 3> <II = 1> <Delay = 4.67> <FuncUnit> <Opcode : 'fmul'> <InPorts = 2> <OutPorts = 1>
ST_41 : Operation 1233 [3/4] (4.67ns)   --->   "%mul9_28 = fmul i32 %fc1_out_load_29, i32 %bitcast_ln87_29" [src/gtsrb_cnn.cpp:87]   --->   Operation 1233 'fmul' 'mul9_28' <Predicate = (!icmp_ln83)> <Delay = 4.67> <CoreInst = "FMul_maxdsp">   --->   Core 30 'FMul_maxdsp' <Latency = 3> <II = 1> <Delay = 4.67> <FuncUnit> <Opcode : 'fmul'> <InPorts = 2> <OutPorts = 1>
ST_41 : Operation 1234 [1/1] (0.00ns)   --->   "%bitcast_ln87_30 = bitcast i32 %gmem4_addr_31_read" [src/gtsrb_cnn.cpp:87]   --->   Operation 1234 'bitcast' 'bitcast_ln87_30' <Predicate = (!icmp_ln83)> <Delay = 0.00>
ST_41 : Operation 1235 [4/4] (4.67ns)   --->   "%mul9_29 = fmul i32 %fc1_out_load_30, i32 %bitcast_ln87_30" [src/gtsrb_cnn.cpp:87]   --->   Operation 1235 'fmul' 'mul9_29' <Predicate = (!icmp_ln83)> <Delay = 4.67> <CoreInst = "FMul_maxdsp">   --->   Core 30 'FMul_maxdsp' <Latency = 3> <II = 1> <Delay = 4.67> <FuncUnit> <Opcode : 'fmul'> <InPorts = 2> <OutPorts = 1>
ST_41 : Operation 1236 [1/1] (7.30ns)   --->   "%gmem4_addr_32_read = read i32 @_ssdm_op_Read.m_axi.i32P1A, i32 %gmem4_addr_32" [src/gtsrb_cnn.cpp:87]   --->   Operation 1236 'read' 'gmem4_addr_32_read' <Predicate = (!icmp_ln83)> <Delay = 7.30> <CoreInst = "m_axi">   --->   Core 121 'm_axi' <Latency = 0> <II = 1> <Delay = 1.00> <Adapter> <Opcode : 'read' 'write' 'readreq' 'writereq' 'writeresp'>
ST_41 : Operation 1237 [1/7] (7.30ns)   --->   "%gmem4_load_33_req = readreq i1 @_ssdm_op_ReadReq.m_axi.i32P1A, i32 %gmem4_addr_33, i32 1" [src/gtsrb_cnn.cpp:87]   --->   Operation 1237 'readreq' 'gmem4_load_33_req' <Predicate = (!icmp_ln83)> <Delay = 7.30> <CoreInst = "m_axi">   --->   Core 121 'm_axi' <Latency = 0> <II = 1> <Delay = 1.00> <Adapter> <Opcode : 'read' 'write' 'readreq' 'writereq' 'writeresp'>
ST_41 : Operation 1238 [2/7] (7.30ns)   --->   "%gmem4_load_34_req = readreq i1 @_ssdm_op_ReadReq.m_axi.i32P1A, i32 %gmem4_addr_34, i32 1" [src/gtsrb_cnn.cpp:87]   --->   Operation 1238 'readreq' 'gmem4_load_34_req' <Predicate = (!icmp_ln83)> <Delay = 7.30> <CoreInst = "m_axi">   --->   Core 121 'm_axi' <Latency = 0> <II = 1> <Delay = 1.00> <Adapter> <Opcode : 'read' 'write' 'readreq' 'writereq' 'writeresp'>
ST_41 : Operation 1239 [3/7] (7.30ns)   --->   "%gmem4_load_35_req = readreq i1 @_ssdm_op_ReadReq.m_axi.i32P1A, i32 %gmem4_addr_35, i32 1" [src/gtsrb_cnn.cpp:87]   --->   Operation 1239 'readreq' 'gmem4_load_35_req' <Predicate = (!icmp_ln83)> <Delay = 7.30> <CoreInst = "m_axi">   --->   Core 121 'm_axi' <Latency = 0> <II = 1> <Delay = 1.00> <Adapter> <Opcode : 'read' 'write' 'readreq' 'writereq' 'writeresp'>
ST_41 : Operation 1240 [4/7] (7.30ns)   --->   "%gmem4_load_36_req = readreq i1 @_ssdm_op_ReadReq.m_axi.i32P1A, i32 %gmem4_addr_36, i32 1" [src/gtsrb_cnn.cpp:87]   --->   Operation 1240 'readreq' 'gmem4_load_36_req' <Predicate = (!icmp_ln83)> <Delay = 7.30> <CoreInst = "m_axi">   --->   Core 121 'm_axi' <Latency = 0> <II = 1> <Delay = 1.00> <Adapter> <Opcode : 'read' 'write' 'readreq' 'writereq' 'writeresp'>
ST_41 : Operation 1241 [5/7] (7.30ns)   --->   "%gmem4_load_37_req = readreq i1 @_ssdm_op_ReadReq.m_axi.i32P1A, i32 %gmem4_addr_37, i32 1" [src/gtsrb_cnn.cpp:87]   --->   Operation 1241 'readreq' 'gmem4_load_37_req' <Predicate = (!icmp_ln83)> <Delay = 7.30> <CoreInst = "m_axi">   --->   Core 121 'm_axi' <Latency = 0> <II = 1> <Delay = 1.00> <Adapter> <Opcode : 'read' 'write' 'readreq' 'writereq' 'writeresp'>
ST_41 : Operation 1242 [6/7] (7.30ns)   --->   "%gmem4_load_38_req = readreq i1 @_ssdm_op_ReadReq.m_axi.i32P1A, i32 %gmem4_addr_38, i32 1" [src/gtsrb_cnn.cpp:87]   --->   Operation 1242 'readreq' 'gmem4_load_38_req' <Predicate = (!icmp_ln83)> <Delay = 7.30> <CoreInst = "m_axi">   --->   Core 121 'm_axi' <Latency = 0> <II = 1> <Delay = 1.00> <Adapter> <Opcode : 'read' 'write' 'readreq' 'writereq' 'writeresp'>
ST_41 : Operation 1243 [7/7] (7.30ns)   --->   "%gmem4_load_39_req = readreq i1 @_ssdm_op_ReadReq.m_axi.i32P1A, i32 %gmem4_addr_39, i32 1" [src/gtsrb_cnn.cpp:87]   --->   Operation 1243 'readreq' 'gmem4_load_39_req' <Predicate = (!icmp_ln83)> <Delay = 7.30> <CoreInst = "m_axi">   --->   Core 121 'm_axi' <Latency = 0> <II = 1> <Delay = 1.00> <Adapter> <Opcode : 'read' 'write' 'readreq' 'writereq' 'writeresp'>
ST_41 : Operation 1244 [1/1] (0.93ns)   --->   "%add_ln87_77 = add i10 %zext_ln87_4, i10 653" [src/gtsrb_cnn.cpp:87]   --->   Operation 1244 'add' 'add_ln87_77' <Predicate = (!icmp_ln83)> <Delay = 0.93> <CoreInst = "Adder">   --->   Core 1 'Adder' <Latency = 0> <II = 1> <Delay = 0.93> <FuncUnit> <Opcode : 'add' 'sub'> <InPorts = 2> <OutPorts = 1>
ST_41 : Operation 1245 [1/1] (0.00ns)   --->   "%tmp_14 = bitconcatenate i12 @_ssdm_op_BitConcatenate.i12.i10.i2, i10 %add_ln87_77, i2 0" [src/gtsrb_cnn.cpp:87]   --->   Operation 1245 'bitconcatenate' 'tmp_14' <Predicate = (!icmp_ln83)> <Delay = 0.00>
ST_41 : Operation 1246 [1/1] (0.00ns)   --->   "%sext_ln87_74 = sext i12 %tmp_14" [src/gtsrb_cnn.cpp:87]   --->   Operation 1246 'sext' 'sext_ln87_74' <Predicate = (!icmp_ln83)> <Delay = 0.00>
ST_41 : Operation 1247 [1/1] (0.00ns)   --->   "%zext_ln87_45 = zext i13 %sext_ln87_74" [src/gtsrb_cnn.cpp:87]   --->   Operation 1247 'zext' 'zext_ln87_45' <Predicate = (!icmp_ln83)> <Delay = 0.00>
ST_41 : Operation 1248 [1/1] (1.47ns)   --->   "%add_ln87_78 = add i64 %zext_ln87_45, i64 %W_read" [src/gtsrb_cnn.cpp:87]   --->   Operation 1248 'add' 'add_ln87_78' <Predicate = (!icmp_ln83)> <Delay = 1.47> <CoreInst = "Adder">   --->   Core 1 'Adder' <Latency = 0> <II = 1> <Delay = 1.47> <FuncUnit> <Opcode : 'add' 'sub'> <InPorts = 2> <OutPorts = 1>
ST_41 : Operation 1249 [1/1] (0.00ns)   --->   "%trunc_ln87_38 = partselect i62 @_ssdm_op_PartSelect.i62.i64.i32.i32, i64 %add_ln87_78, i32 2, i32 63" [src/gtsrb_cnn.cpp:87]   --->   Operation 1249 'partselect' 'trunc_ln87_38' <Predicate = (!icmp_ln83)> <Delay = 0.00>
ST_41 : Operation 1250 [1/1] (0.00ns)   --->   "%sext_ln87_39 = sext i62 %trunc_ln87_38" [src/gtsrb_cnn.cpp:87]   --->   Operation 1250 'sext' 'sext_ln87_39' <Predicate = (!icmp_ln83)> <Delay = 0.00>
ST_41 : Operation 1251 [1/1] (0.00ns)   --->   "%gmem4_addr_40 = getelementptr i32 %gmem4, i64 %sext_ln87_39" [src/gtsrb_cnn.cpp:87]   --->   Operation 1251 'getelementptr' 'gmem4_addr_40' <Predicate = (!icmp_ln83)> <Delay = 0.00>

State 42 <SV = 41> <Delay = 7.30>
ST_42 : Operation 1252 [3/5] (6.01ns)   --->   "%acc_1_5 = fadd i32 %acc_1_4, i32 %mul9_5" [src/gtsrb_cnn.cpp:87]   --->   Operation 1252 'fadd' 'acc_1_5' <Predicate = (!icmp_ln83)> <Delay = 6.01> <CoreInst = "FAddSub_fulldsp">   --->   Core 18 'FAddSub_fulldsp' <Latency = 4> <II = 1> <Delay = 6.01> <FuncUnit> <Opcode : 'fadd' 'fsub'> <InPorts = 2> <OutPorts = 1>
ST_42 : Operation 1253 [1/4] (4.67ns)   --->   "%mul9_27 = fmul i32 %fc1_out_load_28, i32 %bitcast_ln87_28" [src/gtsrb_cnn.cpp:87]   --->   Operation 1253 'fmul' 'mul9_27' <Predicate = (!icmp_ln83)> <Delay = 4.67> <CoreInst = "FMul_maxdsp">   --->   Core 30 'FMul_maxdsp' <Latency = 3> <II = 1> <Delay = 4.67> <FuncUnit> <Opcode : 'fmul'> <InPorts = 2> <OutPorts = 1>
ST_42 : Operation 1254 [2/4] (4.67ns)   --->   "%mul9_28 = fmul i32 %fc1_out_load_29, i32 %bitcast_ln87_29" [src/gtsrb_cnn.cpp:87]   --->   Operation 1254 'fmul' 'mul9_28' <Predicate = (!icmp_ln83)> <Delay = 4.67> <CoreInst = "FMul_maxdsp">   --->   Core 30 'FMul_maxdsp' <Latency = 3> <II = 1> <Delay = 4.67> <FuncUnit> <Opcode : 'fmul'> <InPorts = 2> <OutPorts = 1>
ST_42 : Operation 1255 [3/4] (4.67ns)   --->   "%mul9_29 = fmul i32 %fc1_out_load_30, i32 %bitcast_ln87_30" [src/gtsrb_cnn.cpp:87]   --->   Operation 1255 'fmul' 'mul9_29' <Predicate = (!icmp_ln83)> <Delay = 4.67> <CoreInst = "FMul_maxdsp">   --->   Core 30 'FMul_maxdsp' <Latency = 3> <II = 1> <Delay = 4.67> <FuncUnit> <Opcode : 'fmul'> <InPorts = 2> <OutPorts = 1>
ST_42 : Operation 1256 [1/1] (0.00ns)   --->   "%bitcast_ln87_31 = bitcast i32 %gmem4_addr_32_read" [src/gtsrb_cnn.cpp:87]   --->   Operation 1256 'bitcast' 'bitcast_ln87_31' <Predicate = (!icmp_ln83)> <Delay = 0.00>
ST_42 : Operation 1257 [4/4] (4.67ns)   --->   "%mul9_30 = fmul i32 %fc1_out_load_31, i32 %bitcast_ln87_31" [src/gtsrb_cnn.cpp:87]   --->   Operation 1257 'fmul' 'mul9_30' <Predicate = (!icmp_ln83)> <Delay = 4.67> <CoreInst = "FMul_maxdsp">   --->   Core 30 'FMul_maxdsp' <Latency = 3> <II = 1> <Delay = 4.67> <FuncUnit> <Opcode : 'fmul'> <InPorts = 2> <OutPorts = 1>
ST_42 : Operation 1258 [1/1] (7.30ns)   --->   "%gmem4_addr_33_read = read i32 @_ssdm_op_Read.m_axi.i32P1A, i32 %gmem4_addr_33" [src/gtsrb_cnn.cpp:87]   --->   Operation 1258 'read' 'gmem4_addr_33_read' <Predicate = (!icmp_ln83)> <Delay = 7.30> <CoreInst = "m_axi">   --->   Core 121 'm_axi' <Latency = 0> <II = 1> <Delay = 1.00> <Adapter> <Opcode : 'read' 'write' 'readreq' 'writereq' 'writeresp'>
ST_42 : Operation 1259 [1/7] (7.30ns)   --->   "%gmem4_load_34_req = readreq i1 @_ssdm_op_ReadReq.m_axi.i32P1A, i32 %gmem4_addr_34, i32 1" [src/gtsrb_cnn.cpp:87]   --->   Operation 1259 'readreq' 'gmem4_load_34_req' <Predicate = (!icmp_ln83)> <Delay = 7.30> <CoreInst = "m_axi">   --->   Core 121 'm_axi' <Latency = 0> <II = 1> <Delay = 1.00> <Adapter> <Opcode : 'read' 'write' 'readreq' 'writereq' 'writeresp'>
ST_42 : Operation 1260 [2/7] (7.30ns)   --->   "%gmem4_load_35_req = readreq i1 @_ssdm_op_ReadReq.m_axi.i32P1A, i32 %gmem4_addr_35, i32 1" [src/gtsrb_cnn.cpp:87]   --->   Operation 1260 'readreq' 'gmem4_load_35_req' <Predicate = (!icmp_ln83)> <Delay = 7.30> <CoreInst = "m_axi">   --->   Core 121 'm_axi' <Latency = 0> <II = 1> <Delay = 1.00> <Adapter> <Opcode : 'read' 'write' 'readreq' 'writereq' 'writeresp'>
ST_42 : Operation 1261 [3/7] (7.30ns)   --->   "%gmem4_load_36_req = readreq i1 @_ssdm_op_ReadReq.m_axi.i32P1A, i32 %gmem4_addr_36, i32 1" [src/gtsrb_cnn.cpp:87]   --->   Operation 1261 'readreq' 'gmem4_load_36_req' <Predicate = (!icmp_ln83)> <Delay = 7.30> <CoreInst = "m_axi">   --->   Core 121 'm_axi' <Latency = 0> <II = 1> <Delay = 1.00> <Adapter> <Opcode : 'read' 'write' 'readreq' 'writereq' 'writeresp'>
ST_42 : Operation 1262 [4/7] (7.30ns)   --->   "%gmem4_load_37_req = readreq i1 @_ssdm_op_ReadReq.m_axi.i32P1A, i32 %gmem4_addr_37, i32 1" [src/gtsrb_cnn.cpp:87]   --->   Operation 1262 'readreq' 'gmem4_load_37_req' <Predicate = (!icmp_ln83)> <Delay = 7.30> <CoreInst = "m_axi">   --->   Core 121 'm_axi' <Latency = 0> <II = 1> <Delay = 1.00> <Adapter> <Opcode : 'read' 'write' 'readreq' 'writereq' 'writeresp'>
ST_42 : Operation 1263 [5/7] (7.30ns)   --->   "%gmem4_load_38_req = readreq i1 @_ssdm_op_ReadReq.m_axi.i32P1A, i32 %gmem4_addr_38, i32 1" [src/gtsrb_cnn.cpp:87]   --->   Operation 1263 'readreq' 'gmem4_load_38_req' <Predicate = (!icmp_ln83)> <Delay = 7.30> <CoreInst = "m_axi">   --->   Core 121 'm_axi' <Latency = 0> <II = 1> <Delay = 1.00> <Adapter> <Opcode : 'read' 'write' 'readreq' 'writereq' 'writeresp'>
ST_42 : Operation 1264 [6/7] (7.30ns)   --->   "%gmem4_load_39_req = readreq i1 @_ssdm_op_ReadReq.m_axi.i32P1A, i32 %gmem4_addr_39, i32 1" [src/gtsrb_cnn.cpp:87]   --->   Operation 1264 'readreq' 'gmem4_load_39_req' <Predicate = (!icmp_ln83)> <Delay = 7.30> <CoreInst = "m_axi">   --->   Core 121 'm_axi' <Latency = 0> <II = 1> <Delay = 1.00> <Adapter> <Opcode : 'read' 'write' 'readreq' 'writereq' 'writeresp'>
ST_42 : Operation 1265 [7/7] (7.30ns)   --->   "%gmem4_load_40_req = readreq i1 @_ssdm_op_ReadReq.m_axi.i32P1A, i32 %gmem4_addr_40, i32 1" [src/gtsrb_cnn.cpp:87]   --->   Operation 1265 'readreq' 'gmem4_load_40_req' <Predicate = (!icmp_ln83)> <Delay = 7.30> <CoreInst = "m_axi">   --->   Core 121 'm_axi' <Latency = 0> <II = 1> <Delay = 1.00> <Adapter> <Opcode : 'read' 'write' 'readreq' 'writereq' 'writeresp'>
ST_42 : Operation 1266 [1/1] (0.93ns)   --->   "%add_ln87_79 = add i10 %zext_ln87_4, i10 696" [src/gtsrb_cnn.cpp:87]   --->   Operation 1266 'add' 'add_ln87_79' <Predicate = (!icmp_ln83)> <Delay = 0.93> <CoreInst = "Adder">   --->   Core 1 'Adder' <Latency = 0> <II = 1> <Delay = 0.93> <FuncUnit> <Opcode : 'add' 'sub'> <InPorts = 2> <OutPorts = 1>
ST_42 : Operation 1267 [1/1] (0.00ns)   --->   "%tmp_15 = bitconcatenate i12 @_ssdm_op_BitConcatenate.i12.i10.i2, i10 %add_ln87_79, i2 0" [src/gtsrb_cnn.cpp:87]   --->   Operation 1267 'bitconcatenate' 'tmp_15' <Predicate = (!icmp_ln83)> <Delay = 0.00>
ST_42 : Operation 1268 [1/1] (0.00ns)   --->   "%sext_ln87_75 = sext i12 %tmp_15" [src/gtsrb_cnn.cpp:87]   --->   Operation 1268 'sext' 'sext_ln87_75' <Predicate = (!icmp_ln83)> <Delay = 0.00>
ST_42 : Operation 1269 [1/1] (0.00ns)   --->   "%zext_ln87_46 = zext i13 %sext_ln87_75" [src/gtsrb_cnn.cpp:87]   --->   Operation 1269 'zext' 'zext_ln87_46' <Predicate = (!icmp_ln83)> <Delay = 0.00>
ST_42 : Operation 1270 [1/1] (1.47ns)   --->   "%add_ln87_80 = add i64 %zext_ln87_46, i64 %W_read" [src/gtsrb_cnn.cpp:87]   --->   Operation 1270 'add' 'add_ln87_80' <Predicate = (!icmp_ln83)> <Delay = 1.47> <CoreInst = "Adder">   --->   Core 1 'Adder' <Latency = 0> <II = 1> <Delay = 1.47> <FuncUnit> <Opcode : 'add' 'sub'> <InPorts = 2> <OutPorts = 1>
ST_42 : Operation 1271 [1/1] (0.00ns)   --->   "%trunc_ln87_39 = partselect i62 @_ssdm_op_PartSelect.i62.i64.i32.i32, i64 %add_ln87_80, i32 2, i32 63" [src/gtsrb_cnn.cpp:87]   --->   Operation 1271 'partselect' 'trunc_ln87_39' <Predicate = (!icmp_ln83)> <Delay = 0.00>
ST_42 : Operation 1272 [1/1] (0.00ns)   --->   "%sext_ln87_40 = sext i62 %trunc_ln87_39" [src/gtsrb_cnn.cpp:87]   --->   Operation 1272 'sext' 'sext_ln87_40' <Predicate = (!icmp_ln83)> <Delay = 0.00>
ST_42 : Operation 1273 [1/1] (0.00ns)   --->   "%gmem4_addr_41 = getelementptr i32 %gmem4, i64 %sext_ln87_40" [src/gtsrb_cnn.cpp:87]   --->   Operation 1273 'getelementptr' 'gmem4_addr_41' <Predicate = (!icmp_ln83)> <Delay = 0.00>

State 43 <SV = 42> <Delay = 7.30>
ST_43 : Operation 1274 [2/5] (6.01ns)   --->   "%acc_1_5 = fadd i32 %acc_1_4, i32 %mul9_5" [src/gtsrb_cnn.cpp:87]   --->   Operation 1274 'fadd' 'acc_1_5' <Predicate = (!icmp_ln83)> <Delay = 6.01> <CoreInst = "FAddSub_fulldsp">   --->   Core 18 'FAddSub_fulldsp' <Latency = 4> <II = 1> <Delay = 6.01> <FuncUnit> <Opcode : 'fadd' 'fsub'> <InPorts = 2> <OutPorts = 1>
ST_43 : Operation 1275 [1/4] (4.67ns)   --->   "%mul9_28 = fmul i32 %fc1_out_load_29, i32 %bitcast_ln87_29" [src/gtsrb_cnn.cpp:87]   --->   Operation 1275 'fmul' 'mul9_28' <Predicate = (!icmp_ln83)> <Delay = 4.67> <CoreInst = "FMul_maxdsp">   --->   Core 30 'FMul_maxdsp' <Latency = 3> <II = 1> <Delay = 4.67> <FuncUnit> <Opcode : 'fmul'> <InPorts = 2> <OutPorts = 1>
ST_43 : Operation 1276 [2/4] (4.67ns)   --->   "%mul9_29 = fmul i32 %fc1_out_load_30, i32 %bitcast_ln87_30" [src/gtsrb_cnn.cpp:87]   --->   Operation 1276 'fmul' 'mul9_29' <Predicate = (!icmp_ln83)> <Delay = 4.67> <CoreInst = "FMul_maxdsp">   --->   Core 30 'FMul_maxdsp' <Latency = 3> <II = 1> <Delay = 4.67> <FuncUnit> <Opcode : 'fmul'> <InPorts = 2> <OutPorts = 1>
ST_43 : Operation 1277 [3/4] (4.67ns)   --->   "%mul9_30 = fmul i32 %fc1_out_load_31, i32 %bitcast_ln87_31" [src/gtsrb_cnn.cpp:87]   --->   Operation 1277 'fmul' 'mul9_30' <Predicate = (!icmp_ln83)> <Delay = 4.67> <CoreInst = "FMul_maxdsp">   --->   Core 30 'FMul_maxdsp' <Latency = 3> <II = 1> <Delay = 4.67> <FuncUnit> <Opcode : 'fmul'> <InPorts = 2> <OutPorts = 1>
ST_43 : Operation 1278 [1/1] (0.00ns)   --->   "%bitcast_ln87_32 = bitcast i32 %gmem4_addr_33_read" [src/gtsrb_cnn.cpp:87]   --->   Operation 1278 'bitcast' 'bitcast_ln87_32' <Predicate = (!icmp_ln83)> <Delay = 0.00>
ST_43 : Operation 1279 [4/4] (4.67ns)   --->   "%mul9_31 = fmul i32 %fc1_out_load_32, i32 %bitcast_ln87_32" [src/gtsrb_cnn.cpp:87]   --->   Operation 1279 'fmul' 'mul9_31' <Predicate = (!icmp_ln83)> <Delay = 4.67> <CoreInst = "FMul_maxdsp">   --->   Core 30 'FMul_maxdsp' <Latency = 3> <II = 1> <Delay = 4.67> <FuncUnit> <Opcode : 'fmul'> <InPorts = 2> <OutPorts = 1>
ST_43 : Operation 1280 [1/1] (7.30ns)   --->   "%gmem4_addr_34_read = read i32 @_ssdm_op_Read.m_axi.i32P1A, i32 %gmem4_addr_34" [src/gtsrb_cnn.cpp:87]   --->   Operation 1280 'read' 'gmem4_addr_34_read' <Predicate = (!icmp_ln83)> <Delay = 7.30> <CoreInst = "m_axi">   --->   Core 121 'm_axi' <Latency = 0> <II = 1> <Delay = 1.00> <Adapter> <Opcode : 'read' 'write' 'readreq' 'writereq' 'writeresp'>
ST_43 : Operation 1281 [1/7] (7.30ns)   --->   "%gmem4_load_35_req = readreq i1 @_ssdm_op_ReadReq.m_axi.i32P1A, i32 %gmem4_addr_35, i32 1" [src/gtsrb_cnn.cpp:87]   --->   Operation 1281 'readreq' 'gmem4_load_35_req' <Predicate = (!icmp_ln83)> <Delay = 7.30> <CoreInst = "m_axi">   --->   Core 121 'm_axi' <Latency = 0> <II = 1> <Delay = 1.00> <Adapter> <Opcode : 'read' 'write' 'readreq' 'writereq' 'writeresp'>
ST_43 : Operation 1282 [2/7] (7.30ns)   --->   "%gmem4_load_36_req = readreq i1 @_ssdm_op_ReadReq.m_axi.i32P1A, i32 %gmem4_addr_36, i32 1" [src/gtsrb_cnn.cpp:87]   --->   Operation 1282 'readreq' 'gmem4_load_36_req' <Predicate = (!icmp_ln83)> <Delay = 7.30> <CoreInst = "m_axi">   --->   Core 121 'm_axi' <Latency = 0> <II = 1> <Delay = 1.00> <Adapter> <Opcode : 'read' 'write' 'readreq' 'writereq' 'writeresp'>
ST_43 : Operation 1283 [3/7] (7.30ns)   --->   "%gmem4_load_37_req = readreq i1 @_ssdm_op_ReadReq.m_axi.i32P1A, i32 %gmem4_addr_37, i32 1" [src/gtsrb_cnn.cpp:87]   --->   Operation 1283 'readreq' 'gmem4_load_37_req' <Predicate = (!icmp_ln83)> <Delay = 7.30> <CoreInst = "m_axi">   --->   Core 121 'm_axi' <Latency = 0> <II = 1> <Delay = 1.00> <Adapter> <Opcode : 'read' 'write' 'readreq' 'writereq' 'writeresp'>
ST_43 : Operation 1284 [4/7] (7.30ns)   --->   "%gmem4_load_38_req = readreq i1 @_ssdm_op_ReadReq.m_axi.i32P1A, i32 %gmem4_addr_38, i32 1" [src/gtsrb_cnn.cpp:87]   --->   Operation 1284 'readreq' 'gmem4_load_38_req' <Predicate = (!icmp_ln83)> <Delay = 7.30> <CoreInst = "m_axi">   --->   Core 121 'm_axi' <Latency = 0> <II = 1> <Delay = 1.00> <Adapter> <Opcode : 'read' 'write' 'readreq' 'writereq' 'writeresp'>
ST_43 : Operation 1285 [5/7] (7.30ns)   --->   "%gmem4_load_39_req = readreq i1 @_ssdm_op_ReadReq.m_axi.i32P1A, i32 %gmem4_addr_39, i32 1" [src/gtsrb_cnn.cpp:87]   --->   Operation 1285 'readreq' 'gmem4_load_39_req' <Predicate = (!icmp_ln83)> <Delay = 7.30> <CoreInst = "m_axi">   --->   Core 121 'm_axi' <Latency = 0> <II = 1> <Delay = 1.00> <Adapter> <Opcode : 'read' 'write' 'readreq' 'writereq' 'writeresp'>
ST_43 : Operation 1286 [6/7] (7.30ns)   --->   "%gmem4_load_40_req = readreq i1 @_ssdm_op_ReadReq.m_axi.i32P1A, i32 %gmem4_addr_40, i32 1" [src/gtsrb_cnn.cpp:87]   --->   Operation 1286 'readreq' 'gmem4_load_40_req' <Predicate = (!icmp_ln83)> <Delay = 7.30> <CoreInst = "m_axi">   --->   Core 121 'm_axi' <Latency = 0> <II = 1> <Delay = 1.00> <Adapter> <Opcode : 'read' 'write' 'readreq' 'writereq' 'writeresp'>
ST_43 : Operation 1287 [7/7] (7.30ns)   --->   "%gmem4_load_41_req = readreq i1 @_ssdm_op_ReadReq.m_axi.i32P1A, i32 %gmem4_addr_41, i32 1" [src/gtsrb_cnn.cpp:87]   --->   Operation 1287 'readreq' 'gmem4_load_41_req' <Predicate = (!icmp_ln83)> <Delay = 7.30> <CoreInst = "m_axi">   --->   Core 121 'm_axi' <Latency = 0> <II = 1> <Delay = 1.00> <Adapter> <Opcode : 'read' 'write' 'readreq' 'writereq' 'writeresp'>
ST_43 : Operation 1288 [1/1] (0.93ns)   --->   "%add_ln87_81 = add i10 %zext_ln87_4, i10 739" [src/gtsrb_cnn.cpp:87]   --->   Operation 1288 'add' 'add_ln87_81' <Predicate = (!icmp_ln83)> <Delay = 0.93> <CoreInst = "Adder">   --->   Core 1 'Adder' <Latency = 0> <II = 1> <Delay = 0.93> <FuncUnit> <Opcode : 'add' 'sub'> <InPorts = 2> <OutPorts = 1>
ST_43 : Operation 1289 [1/1] (0.00ns)   --->   "%tmp_16 = bitconcatenate i12 @_ssdm_op_BitConcatenate.i12.i10.i2, i10 %add_ln87_81, i2 0" [src/gtsrb_cnn.cpp:87]   --->   Operation 1289 'bitconcatenate' 'tmp_16' <Predicate = (!icmp_ln83)> <Delay = 0.00>
ST_43 : Operation 1290 [1/1] (0.00ns)   --->   "%sext_ln87_76 = sext i12 %tmp_16" [src/gtsrb_cnn.cpp:87]   --->   Operation 1290 'sext' 'sext_ln87_76' <Predicate = (!icmp_ln83)> <Delay = 0.00>
ST_43 : Operation 1291 [1/1] (0.00ns)   --->   "%zext_ln87_47 = zext i13 %sext_ln87_76" [src/gtsrb_cnn.cpp:87]   --->   Operation 1291 'zext' 'zext_ln87_47' <Predicate = (!icmp_ln83)> <Delay = 0.00>
ST_43 : Operation 1292 [1/1] (1.47ns)   --->   "%add_ln87_82 = add i64 %zext_ln87_47, i64 %W_read" [src/gtsrb_cnn.cpp:87]   --->   Operation 1292 'add' 'add_ln87_82' <Predicate = (!icmp_ln83)> <Delay = 1.47> <CoreInst = "Adder">   --->   Core 1 'Adder' <Latency = 0> <II = 1> <Delay = 1.47> <FuncUnit> <Opcode : 'add' 'sub'> <InPorts = 2> <OutPorts = 1>
ST_43 : Operation 1293 [1/1] (0.00ns)   --->   "%trunc_ln87_40 = partselect i62 @_ssdm_op_PartSelect.i62.i64.i32.i32, i64 %add_ln87_82, i32 2, i32 63" [src/gtsrb_cnn.cpp:87]   --->   Operation 1293 'partselect' 'trunc_ln87_40' <Predicate = (!icmp_ln83)> <Delay = 0.00>
ST_43 : Operation 1294 [1/1] (0.00ns)   --->   "%sext_ln87_41 = sext i62 %trunc_ln87_40" [src/gtsrb_cnn.cpp:87]   --->   Operation 1294 'sext' 'sext_ln87_41' <Predicate = (!icmp_ln83)> <Delay = 0.00>
ST_43 : Operation 1295 [1/1] (0.00ns)   --->   "%gmem4_addr_42 = getelementptr i32 %gmem4, i64 %sext_ln87_41" [src/gtsrb_cnn.cpp:87]   --->   Operation 1295 'getelementptr' 'gmem4_addr_42' <Predicate = (!icmp_ln83)> <Delay = 0.00>

State 44 <SV = 43> <Delay = 7.30>
ST_44 : Operation 1296 [1/5] (6.01ns)   --->   "%acc_1_5 = fadd i32 %acc_1_4, i32 %mul9_5" [src/gtsrb_cnn.cpp:87]   --->   Operation 1296 'fadd' 'acc_1_5' <Predicate = (!icmp_ln83)> <Delay = 6.01> <CoreInst = "FAddSub_fulldsp">   --->   Core 18 'FAddSub_fulldsp' <Latency = 4> <II = 1> <Delay = 6.01> <FuncUnit> <Opcode : 'fadd' 'fsub'> <InPorts = 2> <OutPorts = 1>
ST_44 : Operation 1297 [1/4] (4.67ns)   --->   "%mul9_29 = fmul i32 %fc1_out_load_30, i32 %bitcast_ln87_30" [src/gtsrb_cnn.cpp:87]   --->   Operation 1297 'fmul' 'mul9_29' <Predicate = (!icmp_ln83)> <Delay = 4.67> <CoreInst = "FMul_maxdsp">   --->   Core 30 'FMul_maxdsp' <Latency = 3> <II = 1> <Delay = 4.67> <FuncUnit> <Opcode : 'fmul'> <InPorts = 2> <OutPorts = 1>
ST_44 : Operation 1298 [2/4] (4.67ns)   --->   "%mul9_30 = fmul i32 %fc1_out_load_31, i32 %bitcast_ln87_31" [src/gtsrb_cnn.cpp:87]   --->   Operation 1298 'fmul' 'mul9_30' <Predicate = (!icmp_ln83)> <Delay = 4.67> <CoreInst = "FMul_maxdsp">   --->   Core 30 'FMul_maxdsp' <Latency = 3> <II = 1> <Delay = 4.67> <FuncUnit> <Opcode : 'fmul'> <InPorts = 2> <OutPorts = 1>
ST_44 : Operation 1299 [3/4] (4.67ns)   --->   "%mul9_31 = fmul i32 %fc1_out_load_32, i32 %bitcast_ln87_32" [src/gtsrb_cnn.cpp:87]   --->   Operation 1299 'fmul' 'mul9_31' <Predicate = (!icmp_ln83)> <Delay = 4.67> <CoreInst = "FMul_maxdsp">   --->   Core 30 'FMul_maxdsp' <Latency = 3> <II = 1> <Delay = 4.67> <FuncUnit> <Opcode : 'fmul'> <InPorts = 2> <OutPorts = 1>
ST_44 : Operation 1300 [1/1] (0.00ns)   --->   "%bitcast_ln87_33 = bitcast i32 %gmem4_addr_34_read" [src/gtsrb_cnn.cpp:87]   --->   Operation 1300 'bitcast' 'bitcast_ln87_33' <Predicate = (!icmp_ln83)> <Delay = 0.00>
ST_44 : Operation 1301 [4/4] (4.67ns)   --->   "%mul9_32 = fmul i32 %fc1_out_load_33, i32 %bitcast_ln87_33" [src/gtsrb_cnn.cpp:87]   --->   Operation 1301 'fmul' 'mul9_32' <Predicate = (!icmp_ln83)> <Delay = 4.67> <CoreInst = "FMul_maxdsp">   --->   Core 30 'FMul_maxdsp' <Latency = 3> <II = 1> <Delay = 4.67> <FuncUnit> <Opcode : 'fmul'> <InPorts = 2> <OutPorts = 1>
ST_44 : Operation 1302 [1/1] (7.30ns)   --->   "%gmem4_addr_35_read = read i32 @_ssdm_op_Read.m_axi.i32P1A, i32 %gmem4_addr_35" [src/gtsrb_cnn.cpp:87]   --->   Operation 1302 'read' 'gmem4_addr_35_read' <Predicate = (!icmp_ln83)> <Delay = 7.30> <CoreInst = "m_axi">   --->   Core 121 'm_axi' <Latency = 0> <II = 1> <Delay = 1.00> <Adapter> <Opcode : 'read' 'write' 'readreq' 'writereq' 'writeresp'>
ST_44 : Operation 1303 [1/7] (7.30ns)   --->   "%gmem4_load_36_req = readreq i1 @_ssdm_op_ReadReq.m_axi.i32P1A, i32 %gmem4_addr_36, i32 1" [src/gtsrb_cnn.cpp:87]   --->   Operation 1303 'readreq' 'gmem4_load_36_req' <Predicate = (!icmp_ln83)> <Delay = 7.30> <CoreInst = "m_axi">   --->   Core 121 'm_axi' <Latency = 0> <II = 1> <Delay = 1.00> <Adapter> <Opcode : 'read' 'write' 'readreq' 'writereq' 'writeresp'>
ST_44 : Operation 1304 [2/7] (7.30ns)   --->   "%gmem4_load_37_req = readreq i1 @_ssdm_op_ReadReq.m_axi.i32P1A, i32 %gmem4_addr_37, i32 1" [src/gtsrb_cnn.cpp:87]   --->   Operation 1304 'readreq' 'gmem4_load_37_req' <Predicate = (!icmp_ln83)> <Delay = 7.30> <CoreInst = "m_axi">   --->   Core 121 'm_axi' <Latency = 0> <II = 1> <Delay = 1.00> <Adapter> <Opcode : 'read' 'write' 'readreq' 'writereq' 'writeresp'>
ST_44 : Operation 1305 [3/7] (7.30ns)   --->   "%gmem4_load_38_req = readreq i1 @_ssdm_op_ReadReq.m_axi.i32P1A, i32 %gmem4_addr_38, i32 1" [src/gtsrb_cnn.cpp:87]   --->   Operation 1305 'readreq' 'gmem4_load_38_req' <Predicate = (!icmp_ln83)> <Delay = 7.30> <CoreInst = "m_axi">   --->   Core 121 'm_axi' <Latency = 0> <II = 1> <Delay = 1.00> <Adapter> <Opcode : 'read' 'write' 'readreq' 'writereq' 'writeresp'>
ST_44 : Operation 1306 [4/7] (7.30ns)   --->   "%gmem4_load_39_req = readreq i1 @_ssdm_op_ReadReq.m_axi.i32P1A, i32 %gmem4_addr_39, i32 1" [src/gtsrb_cnn.cpp:87]   --->   Operation 1306 'readreq' 'gmem4_load_39_req' <Predicate = (!icmp_ln83)> <Delay = 7.30> <CoreInst = "m_axi">   --->   Core 121 'm_axi' <Latency = 0> <II = 1> <Delay = 1.00> <Adapter> <Opcode : 'read' 'write' 'readreq' 'writereq' 'writeresp'>
ST_44 : Operation 1307 [5/7] (7.30ns)   --->   "%gmem4_load_40_req = readreq i1 @_ssdm_op_ReadReq.m_axi.i32P1A, i32 %gmem4_addr_40, i32 1" [src/gtsrb_cnn.cpp:87]   --->   Operation 1307 'readreq' 'gmem4_load_40_req' <Predicate = (!icmp_ln83)> <Delay = 7.30> <CoreInst = "m_axi">   --->   Core 121 'm_axi' <Latency = 0> <II = 1> <Delay = 1.00> <Adapter> <Opcode : 'read' 'write' 'readreq' 'writereq' 'writeresp'>
ST_44 : Operation 1308 [6/7] (7.30ns)   --->   "%gmem4_load_41_req = readreq i1 @_ssdm_op_ReadReq.m_axi.i32P1A, i32 %gmem4_addr_41, i32 1" [src/gtsrb_cnn.cpp:87]   --->   Operation 1308 'readreq' 'gmem4_load_41_req' <Predicate = (!icmp_ln83)> <Delay = 7.30> <CoreInst = "m_axi">   --->   Core 121 'm_axi' <Latency = 0> <II = 1> <Delay = 1.00> <Adapter> <Opcode : 'read' 'write' 'readreq' 'writereq' 'writeresp'>
ST_44 : Operation 1309 [7/7] (7.30ns)   --->   "%gmem4_load_42_req = readreq i1 @_ssdm_op_ReadReq.m_axi.i32P1A, i32 %gmem4_addr_42, i32 1" [src/gtsrb_cnn.cpp:87]   --->   Operation 1309 'readreq' 'gmem4_load_42_req' <Predicate = (!icmp_ln83)> <Delay = 7.30> <CoreInst = "m_axi">   --->   Core 121 'm_axi' <Latency = 0> <II = 1> <Delay = 1.00> <Adapter> <Opcode : 'read' 'write' 'readreq' 'writereq' 'writeresp'>
ST_44 : Operation 1310 [1/1] (0.92ns)   --->   "%add_ln87_83 = add i9 %zext_ln87_3, i9 270" [src/gtsrb_cnn.cpp:87]   --->   Operation 1310 'add' 'add_ln87_83' <Predicate = (!icmp_ln83)> <Delay = 0.92> <CoreInst = "Adder">   --->   Core 1 'Adder' <Latency = 0> <II = 1> <Delay = 0.92> <FuncUnit> <Opcode : 'add' 'sub'> <InPorts = 2> <OutPorts = 1>
ST_44 : Operation 1311 [1/1] (0.00ns)   --->   "%tmp_17 = bitconcatenate i11 @_ssdm_op_BitConcatenate.i11.i9.i2, i9 %add_ln87_83, i2 0" [src/gtsrb_cnn.cpp:87]   --->   Operation 1311 'bitconcatenate' 'tmp_17' <Predicate = (!icmp_ln83)> <Delay = 0.00>
ST_44 : Operation 1312 [1/1] (0.00ns)   --->   "%sext_ln87_77 = sext i11 %tmp_17" [src/gtsrb_cnn.cpp:87]   --->   Operation 1312 'sext' 'sext_ln87_77' <Predicate = (!icmp_ln83)> <Delay = 0.00>
ST_44 : Operation 1313 [1/1] (0.00ns)   --->   "%zext_ln87_48 = zext i13 %sext_ln87_77" [src/gtsrb_cnn.cpp:87]   --->   Operation 1313 'zext' 'zext_ln87_48' <Predicate = (!icmp_ln83)> <Delay = 0.00>
ST_44 : Operation 1314 [1/1] (1.47ns)   --->   "%add_ln87_84 = add i64 %zext_ln87_48, i64 %W_read" [src/gtsrb_cnn.cpp:87]   --->   Operation 1314 'add' 'add_ln87_84' <Predicate = (!icmp_ln83)> <Delay = 1.47> <CoreInst = "Adder">   --->   Core 1 'Adder' <Latency = 0> <II = 1> <Delay = 1.47> <FuncUnit> <Opcode : 'add' 'sub'> <InPorts = 2> <OutPorts = 1>
ST_44 : Operation 1315 [1/1] (0.00ns)   --->   "%trunc_ln87_41 = partselect i62 @_ssdm_op_PartSelect.i62.i64.i32.i32, i64 %add_ln87_84, i32 2, i32 63" [src/gtsrb_cnn.cpp:87]   --->   Operation 1315 'partselect' 'trunc_ln87_41' <Predicate = (!icmp_ln83)> <Delay = 0.00>
ST_44 : Operation 1316 [1/1] (0.00ns)   --->   "%sext_ln87_42 = sext i62 %trunc_ln87_41" [src/gtsrb_cnn.cpp:87]   --->   Operation 1316 'sext' 'sext_ln87_42' <Predicate = (!icmp_ln83)> <Delay = 0.00>
ST_44 : Operation 1317 [1/1] (0.00ns)   --->   "%gmem4_addr_43 = getelementptr i32 %gmem4, i64 %sext_ln87_42" [src/gtsrb_cnn.cpp:87]   --->   Operation 1317 'getelementptr' 'gmem4_addr_43' <Predicate = (!icmp_ln83)> <Delay = 0.00>

State 45 <SV = 44> <Delay = 7.30>
ST_45 : Operation 1318 [5/5] (6.01ns)   --->   "%acc_1_6 = fadd i32 %acc_1_5, i32 %mul9_6" [src/gtsrb_cnn.cpp:87]   --->   Operation 1318 'fadd' 'acc_1_6' <Predicate = (!icmp_ln83)> <Delay = 6.01> <CoreInst = "FAddSub_fulldsp">   --->   Core 18 'FAddSub_fulldsp' <Latency = 4> <II = 1> <Delay = 6.01> <FuncUnit> <Opcode : 'fadd' 'fsub'> <InPorts = 2> <OutPorts = 1>
ST_45 : Operation 1319 [1/4] (4.67ns)   --->   "%mul9_30 = fmul i32 %fc1_out_load_31, i32 %bitcast_ln87_31" [src/gtsrb_cnn.cpp:87]   --->   Operation 1319 'fmul' 'mul9_30' <Predicate = (!icmp_ln83)> <Delay = 4.67> <CoreInst = "FMul_maxdsp">   --->   Core 30 'FMul_maxdsp' <Latency = 3> <II = 1> <Delay = 4.67> <FuncUnit> <Opcode : 'fmul'> <InPorts = 2> <OutPorts = 1>
ST_45 : Operation 1320 [2/4] (4.67ns)   --->   "%mul9_31 = fmul i32 %fc1_out_load_32, i32 %bitcast_ln87_32" [src/gtsrb_cnn.cpp:87]   --->   Operation 1320 'fmul' 'mul9_31' <Predicate = (!icmp_ln83)> <Delay = 4.67> <CoreInst = "FMul_maxdsp">   --->   Core 30 'FMul_maxdsp' <Latency = 3> <II = 1> <Delay = 4.67> <FuncUnit> <Opcode : 'fmul'> <InPorts = 2> <OutPorts = 1>
ST_45 : Operation 1321 [3/4] (4.67ns)   --->   "%mul9_32 = fmul i32 %fc1_out_load_33, i32 %bitcast_ln87_33" [src/gtsrb_cnn.cpp:87]   --->   Operation 1321 'fmul' 'mul9_32' <Predicate = (!icmp_ln83)> <Delay = 4.67> <CoreInst = "FMul_maxdsp">   --->   Core 30 'FMul_maxdsp' <Latency = 3> <II = 1> <Delay = 4.67> <FuncUnit> <Opcode : 'fmul'> <InPorts = 2> <OutPorts = 1>
ST_45 : Operation 1322 [1/1] (0.00ns)   --->   "%bitcast_ln87_34 = bitcast i32 %gmem4_addr_35_read" [src/gtsrb_cnn.cpp:87]   --->   Operation 1322 'bitcast' 'bitcast_ln87_34' <Predicate = (!icmp_ln83)> <Delay = 0.00>
ST_45 : Operation 1323 [4/4] (4.67ns)   --->   "%mul9_33 = fmul i32 %fc1_out_load_34, i32 %bitcast_ln87_34" [src/gtsrb_cnn.cpp:87]   --->   Operation 1323 'fmul' 'mul9_33' <Predicate = (!icmp_ln83)> <Delay = 4.67> <CoreInst = "FMul_maxdsp">   --->   Core 30 'FMul_maxdsp' <Latency = 3> <II = 1> <Delay = 4.67> <FuncUnit> <Opcode : 'fmul'> <InPorts = 2> <OutPorts = 1>
ST_45 : Operation 1324 [1/1] (7.30ns)   --->   "%gmem4_addr_36_read = read i32 @_ssdm_op_Read.m_axi.i32P1A, i32 %gmem4_addr_36" [src/gtsrb_cnn.cpp:87]   --->   Operation 1324 'read' 'gmem4_addr_36_read' <Predicate = (!icmp_ln83)> <Delay = 7.30> <CoreInst = "m_axi">   --->   Core 121 'm_axi' <Latency = 0> <II = 1> <Delay = 1.00> <Adapter> <Opcode : 'read' 'write' 'readreq' 'writereq' 'writeresp'>
ST_45 : Operation 1325 [1/7] (7.30ns)   --->   "%gmem4_load_37_req = readreq i1 @_ssdm_op_ReadReq.m_axi.i32P1A, i32 %gmem4_addr_37, i32 1" [src/gtsrb_cnn.cpp:87]   --->   Operation 1325 'readreq' 'gmem4_load_37_req' <Predicate = (!icmp_ln83)> <Delay = 7.30> <CoreInst = "m_axi">   --->   Core 121 'm_axi' <Latency = 0> <II = 1> <Delay = 1.00> <Adapter> <Opcode : 'read' 'write' 'readreq' 'writereq' 'writeresp'>
ST_45 : Operation 1326 [2/7] (7.30ns)   --->   "%gmem4_load_38_req = readreq i1 @_ssdm_op_ReadReq.m_axi.i32P1A, i32 %gmem4_addr_38, i32 1" [src/gtsrb_cnn.cpp:87]   --->   Operation 1326 'readreq' 'gmem4_load_38_req' <Predicate = (!icmp_ln83)> <Delay = 7.30> <CoreInst = "m_axi">   --->   Core 121 'm_axi' <Latency = 0> <II = 1> <Delay = 1.00> <Adapter> <Opcode : 'read' 'write' 'readreq' 'writereq' 'writeresp'>
ST_45 : Operation 1327 [3/7] (7.30ns)   --->   "%gmem4_load_39_req = readreq i1 @_ssdm_op_ReadReq.m_axi.i32P1A, i32 %gmem4_addr_39, i32 1" [src/gtsrb_cnn.cpp:87]   --->   Operation 1327 'readreq' 'gmem4_load_39_req' <Predicate = (!icmp_ln83)> <Delay = 7.30> <CoreInst = "m_axi">   --->   Core 121 'm_axi' <Latency = 0> <II = 1> <Delay = 1.00> <Adapter> <Opcode : 'read' 'write' 'readreq' 'writereq' 'writeresp'>
ST_45 : Operation 1328 [4/7] (7.30ns)   --->   "%gmem4_load_40_req = readreq i1 @_ssdm_op_ReadReq.m_axi.i32P1A, i32 %gmem4_addr_40, i32 1" [src/gtsrb_cnn.cpp:87]   --->   Operation 1328 'readreq' 'gmem4_load_40_req' <Predicate = (!icmp_ln83)> <Delay = 7.30> <CoreInst = "m_axi">   --->   Core 121 'm_axi' <Latency = 0> <II = 1> <Delay = 1.00> <Adapter> <Opcode : 'read' 'write' 'readreq' 'writereq' 'writeresp'>
ST_45 : Operation 1329 [5/7] (7.30ns)   --->   "%gmem4_load_41_req = readreq i1 @_ssdm_op_ReadReq.m_axi.i32P1A, i32 %gmem4_addr_41, i32 1" [src/gtsrb_cnn.cpp:87]   --->   Operation 1329 'readreq' 'gmem4_load_41_req' <Predicate = (!icmp_ln83)> <Delay = 7.30> <CoreInst = "m_axi">   --->   Core 121 'm_axi' <Latency = 0> <II = 1> <Delay = 1.00> <Adapter> <Opcode : 'read' 'write' 'readreq' 'writereq' 'writeresp'>
ST_45 : Operation 1330 [6/7] (7.30ns)   --->   "%gmem4_load_42_req = readreq i1 @_ssdm_op_ReadReq.m_axi.i32P1A, i32 %gmem4_addr_42, i32 1" [src/gtsrb_cnn.cpp:87]   --->   Operation 1330 'readreq' 'gmem4_load_42_req' <Predicate = (!icmp_ln83)> <Delay = 7.30> <CoreInst = "m_axi">   --->   Core 121 'm_axi' <Latency = 0> <II = 1> <Delay = 1.00> <Adapter> <Opcode : 'read' 'write' 'readreq' 'writereq' 'writeresp'>
ST_45 : Operation 1331 [7/7] (7.30ns)   --->   "%gmem4_load_43_req = readreq i1 @_ssdm_op_ReadReq.m_axi.i32P1A, i32 %gmem4_addr_43, i32 1" [src/gtsrb_cnn.cpp:87]   --->   Operation 1331 'readreq' 'gmem4_load_43_req' <Predicate = (!icmp_ln83)> <Delay = 7.30> <CoreInst = "m_axi">   --->   Core 121 'm_axi' <Latency = 0> <II = 1> <Delay = 1.00> <Adapter> <Opcode : 'read' 'write' 'readreq' 'writereq' 'writeresp'>
ST_45 : Operation 1332 [1/1] (0.92ns)   --->   "%add_ln87_85 = add i9 %zext_ln87_3, i9 313" [src/gtsrb_cnn.cpp:87]   --->   Operation 1332 'add' 'add_ln87_85' <Predicate = (!icmp_ln83)> <Delay = 0.92> <CoreInst = "Adder">   --->   Core 1 'Adder' <Latency = 0> <II = 1> <Delay = 0.92> <FuncUnit> <Opcode : 'add' 'sub'> <InPorts = 2> <OutPorts = 1>
ST_45 : Operation 1333 [1/1] (0.00ns)   --->   "%tmp_18 = bitconcatenate i11 @_ssdm_op_BitConcatenate.i11.i9.i2, i9 %add_ln87_85, i2 0" [src/gtsrb_cnn.cpp:87]   --->   Operation 1333 'bitconcatenate' 'tmp_18' <Predicate = (!icmp_ln83)> <Delay = 0.00>
ST_45 : Operation 1334 [1/1] (0.00ns)   --->   "%sext_ln87_78 = sext i11 %tmp_18" [src/gtsrb_cnn.cpp:87]   --->   Operation 1334 'sext' 'sext_ln87_78' <Predicate = (!icmp_ln83)> <Delay = 0.00>
ST_45 : Operation 1335 [1/1] (0.00ns)   --->   "%zext_ln87_49 = zext i13 %sext_ln87_78" [src/gtsrb_cnn.cpp:87]   --->   Operation 1335 'zext' 'zext_ln87_49' <Predicate = (!icmp_ln83)> <Delay = 0.00>
ST_45 : Operation 1336 [1/1] (1.47ns)   --->   "%add_ln87_86 = add i64 %zext_ln87_49, i64 %W_read" [src/gtsrb_cnn.cpp:87]   --->   Operation 1336 'add' 'add_ln87_86' <Predicate = (!icmp_ln83)> <Delay = 1.47> <CoreInst = "Adder">   --->   Core 1 'Adder' <Latency = 0> <II = 1> <Delay = 1.47> <FuncUnit> <Opcode : 'add' 'sub'> <InPorts = 2> <OutPorts = 1>
ST_45 : Operation 1337 [1/1] (0.00ns)   --->   "%trunc_ln87_42 = partselect i62 @_ssdm_op_PartSelect.i62.i64.i32.i32, i64 %add_ln87_86, i32 2, i32 63" [src/gtsrb_cnn.cpp:87]   --->   Operation 1337 'partselect' 'trunc_ln87_42' <Predicate = (!icmp_ln83)> <Delay = 0.00>
ST_45 : Operation 1338 [1/1] (0.00ns)   --->   "%sext_ln87_43 = sext i62 %trunc_ln87_42" [src/gtsrb_cnn.cpp:87]   --->   Operation 1338 'sext' 'sext_ln87_43' <Predicate = (!icmp_ln83)> <Delay = 0.00>
ST_45 : Operation 1339 [1/1] (0.00ns)   --->   "%gmem4_addr_44 = getelementptr i32 %gmem4, i64 %sext_ln87_43" [src/gtsrb_cnn.cpp:87]   --->   Operation 1339 'getelementptr' 'gmem4_addr_44' <Predicate = (!icmp_ln83)> <Delay = 0.00>

State 46 <SV = 45> <Delay = 7.30>
ST_46 : Operation 1340 [4/5] (6.01ns)   --->   "%acc_1_6 = fadd i32 %acc_1_5, i32 %mul9_6" [src/gtsrb_cnn.cpp:87]   --->   Operation 1340 'fadd' 'acc_1_6' <Predicate = (!icmp_ln83)> <Delay = 6.01> <CoreInst = "FAddSub_fulldsp">   --->   Core 18 'FAddSub_fulldsp' <Latency = 4> <II = 1> <Delay = 6.01> <FuncUnit> <Opcode : 'fadd' 'fsub'> <InPorts = 2> <OutPorts = 1>
ST_46 : Operation 1341 [1/4] (4.67ns)   --->   "%mul9_31 = fmul i32 %fc1_out_load_32, i32 %bitcast_ln87_32" [src/gtsrb_cnn.cpp:87]   --->   Operation 1341 'fmul' 'mul9_31' <Predicate = (!icmp_ln83)> <Delay = 4.67> <CoreInst = "FMul_maxdsp">   --->   Core 30 'FMul_maxdsp' <Latency = 3> <II = 1> <Delay = 4.67> <FuncUnit> <Opcode : 'fmul'> <InPorts = 2> <OutPorts = 1>
ST_46 : Operation 1342 [2/4] (4.67ns)   --->   "%mul9_32 = fmul i32 %fc1_out_load_33, i32 %bitcast_ln87_33" [src/gtsrb_cnn.cpp:87]   --->   Operation 1342 'fmul' 'mul9_32' <Predicate = (!icmp_ln83)> <Delay = 4.67> <CoreInst = "FMul_maxdsp">   --->   Core 30 'FMul_maxdsp' <Latency = 3> <II = 1> <Delay = 4.67> <FuncUnit> <Opcode : 'fmul'> <InPorts = 2> <OutPorts = 1>
ST_46 : Operation 1343 [3/4] (4.67ns)   --->   "%mul9_33 = fmul i32 %fc1_out_load_34, i32 %bitcast_ln87_34" [src/gtsrb_cnn.cpp:87]   --->   Operation 1343 'fmul' 'mul9_33' <Predicate = (!icmp_ln83)> <Delay = 4.67> <CoreInst = "FMul_maxdsp">   --->   Core 30 'FMul_maxdsp' <Latency = 3> <II = 1> <Delay = 4.67> <FuncUnit> <Opcode : 'fmul'> <InPorts = 2> <OutPorts = 1>
ST_46 : Operation 1344 [1/1] (0.00ns)   --->   "%bitcast_ln87_35 = bitcast i32 %gmem4_addr_36_read" [src/gtsrb_cnn.cpp:87]   --->   Operation 1344 'bitcast' 'bitcast_ln87_35' <Predicate = (!icmp_ln83)> <Delay = 0.00>
ST_46 : Operation 1345 [4/4] (4.67ns)   --->   "%mul9_34 = fmul i32 %fc1_out_load_35, i32 %bitcast_ln87_35" [src/gtsrb_cnn.cpp:87]   --->   Operation 1345 'fmul' 'mul9_34' <Predicate = (!icmp_ln83)> <Delay = 4.67> <CoreInst = "FMul_maxdsp">   --->   Core 30 'FMul_maxdsp' <Latency = 3> <II = 1> <Delay = 4.67> <FuncUnit> <Opcode : 'fmul'> <InPorts = 2> <OutPorts = 1>
ST_46 : Operation 1346 [1/1] (7.30ns)   --->   "%gmem4_addr_37_read = read i32 @_ssdm_op_Read.m_axi.i32P1A, i32 %gmem4_addr_37" [src/gtsrb_cnn.cpp:87]   --->   Operation 1346 'read' 'gmem4_addr_37_read' <Predicate = (!icmp_ln83)> <Delay = 7.30> <CoreInst = "m_axi">   --->   Core 121 'm_axi' <Latency = 0> <II = 1> <Delay = 1.00> <Adapter> <Opcode : 'read' 'write' 'readreq' 'writereq' 'writeresp'>
ST_46 : Operation 1347 [1/7] (7.30ns)   --->   "%gmem4_load_38_req = readreq i1 @_ssdm_op_ReadReq.m_axi.i32P1A, i32 %gmem4_addr_38, i32 1" [src/gtsrb_cnn.cpp:87]   --->   Operation 1347 'readreq' 'gmem4_load_38_req' <Predicate = (!icmp_ln83)> <Delay = 7.30> <CoreInst = "m_axi">   --->   Core 121 'm_axi' <Latency = 0> <II = 1> <Delay = 1.00> <Adapter> <Opcode : 'read' 'write' 'readreq' 'writereq' 'writeresp'>
ST_46 : Operation 1348 [2/7] (7.30ns)   --->   "%gmem4_load_39_req = readreq i1 @_ssdm_op_ReadReq.m_axi.i32P1A, i32 %gmem4_addr_39, i32 1" [src/gtsrb_cnn.cpp:87]   --->   Operation 1348 'readreq' 'gmem4_load_39_req' <Predicate = (!icmp_ln83)> <Delay = 7.30> <CoreInst = "m_axi">   --->   Core 121 'm_axi' <Latency = 0> <II = 1> <Delay = 1.00> <Adapter> <Opcode : 'read' 'write' 'readreq' 'writereq' 'writeresp'>
ST_46 : Operation 1349 [3/7] (7.30ns)   --->   "%gmem4_load_40_req = readreq i1 @_ssdm_op_ReadReq.m_axi.i32P1A, i32 %gmem4_addr_40, i32 1" [src/gtsrb_cnn.cpp:87]   --->   Operation 1349 'readreq' 'gmem4_load_40_req' <Predicate = (!icmp_ln83)> <Delay = 7.30> <CoreInst = "m_axi">   --->   Core 121 'm_axi' <Latency = 0> <II = 1> <Delay = 1.00> <Adapter> <Opcode : 'read' 'write' 'readreq' 'writereq' 'writeresp'>
ST_46 : Operation 1350 [4/7] (7.30ns)   --->   "%gmem4_load_41_req = readreq i1 @_ssdm_op_ReadReq.m_axi.i32P1A, i32 %gmem4_addr_41, i32 1" [src/gtsrb_cnn.cpp:87]   --->   Operation 1350 'readreq' 'gmem4_load_41_req' <Predicate = (!icmp_ln83)> <Delay = 7.30> <CoreInst = "m_axi">   --->   Core 121 'm_axi' <Latency = 0> <II = 1> <Delay = 1.00> <Adapter> <Opcode : 'read' 'write' 'readreq' 'writereq' 'writeresp'>
ST_46 : Operation 1351 [5/7] (7.30ns)   --->   "%gmem4_load_42_req = readreq i1 @_ssdm_op_ReadReq.m_axi.i32P1A, i32 %gmem4_addr_42, i32 1" [src/gtsrb_cnn.cpp:87]   --->   Operation 1351 'readreq' 'gmem4_load_42_req' <Predicate = (!icmp_ln83)> <Delay = 7.30> <CoreInst = "m_axi">   --->   Core 121 'm_axi' <Latency = 0> <II = 1> <Delay = 1.00> <Adapter> <Opcode : 'read' 'write' 'readreq' 'writereq' 'writeresp'>
ST_46 : Operation 1352 [6/7] (7.30ns)   --->   "%gmem4_load_43_req = readreq i1 @_ssdm_op_ReadReq.m_axi.i32P1A, i32 %gmem4_addr_43, i32 1" [src/gtsrb_cnn.cpp:87]   --->   Operation 1352 'readreq' 'gmem4_load_43_req' <Predicate = (!icmp_ln83)> <Delay = 7.30> <CoreInst = "m_axi">   --->   Core 121 'm_axi' <Latency = 0> <II = 1> <Delay = 1.00> <Adapter> <Opcode : 'read' 'write' 'readreq' 'writereq' 'writeresp'>
ST_46 : Operation 1353 [7/7] (7.30ns)   --->   "%gmem4_load_44_req = readreq i1 @_ssdm_op_ReadReq.m_axi.i32P1A, i32 %gmem4_addr_44, i32 1" [src/gtsrb_cnn.cpp:87]   --->   Operation 1353 'readreq' 'gmem4_load_44_req' <Predicate = (!icmp_ln83)> <Delay = 7.30> <CoreInst = "m_axi">   --->   Core 121 'm_axi' <Latency = 0> <II = 1> <Delay = 1.00> <Adapter> <Opcode : 'read' 'write' 'readreq' 'writereq' 'writeresp'>
ST_46 : Operation 1354 [1/1] (0.92ns)   --->   "%add_ln87_87 = add i9 %zext_ln87_3, i9 356" [src/gtsrb_cnn.cpp:87]   --->   Operation 1354 'add' 'add_ln87_87' <Predicate = (!icmp_ln83)> <Delay = 0.92> <CoreInst = "Adder">   --->   Core 1 'Adder' <Latency = 0> <II = 1> <Delay = 0.92> <FuncUnit> <Opcode : 'add' 'sub'> <InPorts = 2> <OutPorts = 1>
ST_46 : Operation 1355 [1/1] (0.00ns)   --->   "%tmp_19 = bitconcatenate i11 @_ssdm_op_BitConcatenate.i11.i9.i2, i9 %add_ln87_87, i2 0" [src/gtsrb_cnn.cpp:87]   --->   Operation 1355 'bitconcatenate' 'tmp_19' <Predicate = (!icmp_ln83)> <Delay = 0.00>
ST_46 : Operation 1356 [1/1] (0.00ns)   --->   "%sext_ln87_79 = sext i11 %tmp_19" [src/gtsrb_cnn.cpp:87]   --->   Operation 1356 'sext' 'sext_ln87_79' <Predicate = (!icmp_ln83)> <Delay = 0.00>
ST_46 : Operation 1357 [1/1] (0.00ns)   --->   "%zext_ln87_50 = zext i13 %sext_ln87_79" [src/gtsrb_cnn.cpp:87]   --->   Operation 1357 'zext' 'zext_ln87_50' <Predicate = (!icmp_ln83)> <Delay = 0.00>
ST_46 : Operation 1358 [1/1] (1.47ns)   --->   "%add_ln87_88 = add i64 %zext_ln87_50, i64 %W_read" [src/gtsrb_cnn.cpp:87]   --->   Operation 1358 'add' 'add_ln87_88' <Predicate = (!icmp_ln83)> <Delay = 1.47> <CoreInst = "Adder">   --->   Core 1 'Adder' <Latency = 0> <II = 1> <Delay = 1.47> <FuncUnit> <Opcode : 'add' 'sub'> <InPorts = 2> <OutPorts = 1>
ST_46 : Operation 1359 [1/1] (0.00ns)   --->   "%trunc_ln87_43 = partselect i62 @_ssdm_op_PartSelect.i62.i64.i32.i32, i64 %add_ln87_88, i32 2, i32 63" [src/gtsrb_cnn.cpp:87]   --->   Operation 1359 'partselect' 'trunc_ln87_43' <Predicate = (!icmp_ln83)> <Delay = 0.00>
ST_46 : Operation 1360 [1/1] (0.00ns)   --->   "%sext_ln87_44 = sext i62 %trunc_ln87_43" [src/gtsrb_cnn.cpp:87]   --->   Operation 1360 'sext' 'sext_ln87_44' <Predicate = (!icmp_ln83)> <Delay = 0.00>
ST_46 : Operation 1361 [1/1] (0.00ns)   --->   "%gmem4_addr_45 = getelementptr i32 %gmem4, i64 %sext_ln87_44" [src/gtsrb_cnn.cpp:87]   --->   Operation 1361 'getelementptr' 'gmem4_addr_45' <Predicate = (!icmp_ln83)> <Delay = 0.00>

State 47 <SV = 46> <Delay = 7.30>
ST_47 : Operation 1362 [3/5] (6.01ns)   --->   "%acc_1_6 = fadd i32 %acc_1_5, i32 %mul9_6" [src/gtsrb_cnn.cpp:87]   --->   Operation 1362 'fadd' 'acc_1_6' <Predicate = (!icmp_ln83)> <Delay = 6.01> <CoreInst = "FAddSub_fulldsp">   --->   Core 18 'FAddSub_fulldsp' <Latency = 4> <II = 1> <Delay = 6.01> <FuncUnit> <Opcode : 'fadd' 'fsub'> <InPorts = 2> <OutPorts = 1>
ST_47 : Operation 1363 [1/4] (4.67ns)   --->   "%mul9_32 = fmul i32 %fc1_out_load_33, i32 %bitcast_ln87_33" [src/gtsrb_cnn.cpp:87]   --->   Operation 1363 'fmul' 'mul9_32' <Predicate = (!icmp_ln83)> <Delay = 4.67> <CoreInst = "FMul_maxdsp">   --->   Core 30 'FMul_maxdsp' <Latency = 3> <II = 1> <Delay = 4.67> <FuncUnit> <Opcode : 'fmul'> <InPorts = 2> <OutPorts = 1>
ST_47 : Operation 1364 [2/4] (4.67ns)   --->   "%mul9_33 = fmul i32 %fc1_out_load_34, i32 %bitcast_ln87_34" [src/gtsrb_cnn.cpp:87]   --->   Operation 1364 'fmul' 'mul9_33' <Predicate = (!icmp_ln83)> <Delay = 4.67> <CoreInst = "FMul_maxdsp">   --->   Core 30 'FMul_maxdsp' <Latency = 3> <II = 1> <Delay = 4.67> <FuncUnit> <Opcode : 'fmul'> <InPorts = 2> <OutPorts = 1>
ST_47 : Operation 1365 [3/4] (4.67ns)   --->   "%mul9_34 = fmul i32 %fc1_out_load_35, i32 %bitcast_ln87_35" [src/gtsrb_cnn.cpp:87]   --->   Operation 1365 'fmul' 'mul9_34' <Predicate = (!icmp_ln83)> <Delay = 4.67> <CoreInst = "FMul_maxdsp">   --->   Core 30 'FMul_maxdsp' <Latency = 3> <II = 1> <Delay = 4.67> <FuncUnit> <Opcode : 'fmul'> <InPorts = 2> <OutPorts = 1>
ST_47 : Operation 1366 [1/1] (0.00ns)   --->   "%bitcast_ln87_36 = bitcast i32 %gmem4_addr_37_read" [src/gtsrb_cnn.cpp:87]   --->   Operation 1366 'bitcast' 'bitcast_ln87_36' <Predicate = (!icmp_ln83)> <Delay = 0.00>
ST_47 : Operation 1367 [4/4] (4.67ns)   --->   "%mul9_35 = fmul i32 %fc1_out_load_36, i32 %bitcast_ln87_36" [src/gtsrb_cnn.cpp:87]   --->   Operation 1367 'fmul' 'mul9_35' <Predicate = (!icmp_ln83)> <Delay = 4.67> <CoreInst = "FMul_maxdsp">   --->   Core 30 'FMul_maxdsp' <Latency = 3> <II = 1> <Delay = 4.67> <FuncUnit> <Opcode : 'fmul'> <InPorts = 2> <OutPorts = 1>
ST_47 : Operation 1368 [1/1] (7.30ns)   --->   "%gmem4_addr_38_read = read i32 @_ssdm_op_Read.m_axi.i32P1A, i32 %gmem4_addr_38" [src/gtsrb_cnn.cpp:87]   --->   Operation 1368 'read' 'gmem4_addr_38_read' <Predicate = (!icmp_ln83)> <Delay = 7.30> <CoreInst = "m_axi">   --->   Core 121 'm_axi' <Latency = 0> <II = 1> <Delay = 1.00> <Adapter> <Opcode : 'read' 'write' 'readreq' 'writereq' 'writeresp'>
ST_47 : Operation 1369 [1/7] (7.30ns)   --->   "%gmem4_load_39_req = readreq i1 @_ssdm_op_ReadReq.m_axi.i32P1A, i32 %gmem4_addr_39, i32 1" [src/gtsrb_cnn.cpp:87]   --->   Operation 1369 'readreq' 'gmem4_load_39_req' <Predicate = (!icmp_ln83)> <Delay = 7.30> <CoreInst = "m_axi">   --->   Core 121 'm_axi' <Latency = 0> <II = 1> <Delay = 1.00> <Adapter> <Opcode : 'read' 'write' 'readreq' 'writereq' 'writeresp'>
ST_47 : Operation 1370 [2/7] (7.30ns)   --->   "%gmem4_load_40_req = readreq i1 @_ssdm_op_ReadReq.m_axi.i32P1A, i32 %gmem4_addr_40, i32 1" [src/gtsrb_cnn.cpp:87]   --->   Operation 1370 'readreq' 'gmem4_load_40_req' <Predicate = (!icmp_ln83)> <Delay = 7.30> <CoreInst = "m_axi">   --->   Core 121 'm_axi' <Latency = 0> <II = 1> <Delay = 1.00> <Adapter> <Opcode : 'read' 'write' 'readreq' 'writereq' 'writeresp'>
ST_47 : Operation 1371 [3/7] (7.30ns)   --->   "%gmem4_load_41_req = readreq i1 @_ssdm_op_ReadReq.m_axi.i32P1A, i32 %gmem4_addr_41, i32 1" [src/gtsrb_cnn.cpp:87]   --->   Operation 1371 'readreq' 'gmem4_load_41_req' <Predicate = (!icmp_ln83)> <Delay = 7.30> <CoreInst = "m_axi">   --->   Core 121 'm_axi' <Latency = 0> <II = 1> <Delay = 1.00> <Adapter> <Opcode : 'read' 'write' 'readreq' 'writereq' 'writeresp'>
ST_47 : Operation 1372 [4/7] (7.30ns)   --->   "%gmem4_load_42_req = readreq i1 @_ssdm_op_ReadReq.m_axi.i32P1A, i32 %gmem4_addr_42, i32 1" [src/gtsrb_cnn.cpp:87]   --->   Operation 1372 'readreq' 'gmem4_load_42_req' <Predicate = (!icmp_ln83)> <Delay = 7.30> <CoreInst = "m_axi">   --->   Core 121 'm_axi' <Latency = 0> <II = 1> <Delay = 1.00> <Adapter> <Opcode : 'read' 'write' 'readreq' 'writereq' 'writeresp'>
ST_47 : Operation 1373 [5/7] (7.30ns)   --->   "%gmem4_load_43_req = readreq i1 @_ssdm_op_ReadReq.m_axi.i32P1A, i32 %gmem4_addr_43, i32 1" [src/gtsrb_cnn.cpp:87]   --->   Operation 1373 'readreq' 'gmem4_load_43_req' <Predicate = (!icmp_ln83)> <Delay = 7.30> <CoreInst = "m_axi">   --->   Core 121 'm_axi' <Latency = 0> <II = 1> <Delay = 1.00> <Adapter> <Opcode : 'read' 'write' 'readreq' 'writereq' 'writeresp'>
ST_47 : Operation 1374 [6/7] (7.30ns)   --->   "%gmem4_load_44_req = readreq i1 @_ssdm_op_ReadReq.m_axi.i32P1A, i32 %gmem4_addr_44, i32 1" [src/gtsrb_cnn.cpp:87]   --->   Operation 1374 'readreq' 'gmem4_load_44_req' <Predicate = (!icmp_ln83)> <Delay = 7.30> <CoreInst = "m_axi">   --->   Core 121 'm_axi' <Latency = 0> <II = 1> <Delay = 1.00> <Adapter> <Opcode : 'read' 'write' 'readreq' 'writereq' 'writeresp'>
ST_47 : Operation 1375 [7/7] (7.30ns)   --->   "%gmem4_load_45_req = readreq i1 @_ssdm_op_ReadReq.m_axi.i32P1A, i32 %gmem4_addr_45, i32 1" [src/gtsrb_cnn.cpp:87]   --->   Operation 1375 'readreq' 'gmem4_load_45_req' <Predicate = (!icmp_ln83)> <Delay = 7.30> <CoreInst = "m_axi">   --->   Core 121 'm_axi' <Latency = 0> <II = 1> <Delay = 1.00> <Adapter> <Opcode : 'read' 'write' 'readreq' 'writereq' 'writeresp'>
ST_47 : Operation 1376 [1/1] (0.90ns)   --->   "%add_ln87_89 = add i8 %zext_ln87_2, i8 143" [src/gtsrb_cnn.cpp:87]   --->   Operation 1376 'add' 'add_ln87_89' <Predicate = (!icmp_ln83)> <Delay = 0.90> <CoreInst = "Adder">   --->   Core 1 'Adder' <Latency = 0> <II = 1> <Delay = 0.90> <FuncUnit> <Opcode : 'add' 'sub'> <InPorts = 2> <OutPorts = 1>
ST_47 : Operation 1377 [1/1] (0.00ns)   --->   "%tmp_20 = bitconcatenate i10 @_ssdm_op_BitConcatenate.i10.i8.i2, i8 %add_ln87_89, i2 0" [src/gtsrb_cnn.cpp:87]   --->   Operation 1377 'bitconcatenate' 'tmp_20' <Predicate = (!icmp_ln83)> <Delay = 0.00>
ST_47 : Operation 1378 [1/1] (0.00ns)   --->   "%sext_ln87_80 = sext i10 %tmp_20" [src/gtsrb_cnn.cpp:87]   --->   Operation 1378 'sext' 'sext_ln87_80' <Predicate = (!icmp_ln83)> <Delay = 0.00>
ST_47 : Operation 1379 [1/1] (0.00ns)   --->   "%zext_ln87_51 = zext i13 %sext_ln87_80" [src/gtsrb_cnn.cpp:87]   --->   Operation 1379 'zext' 'zext_ln87_51' <Predicate = (!icmp_ln83)> <Delay = 0.00>
ST_47 : Operation 1380 [1/1] (1.47ns)   --->   "%add_ln87_90 = add i64 %zext_ln87_51, i64 %W_read" [src/gtsrb_cnn.cpp:87]   --->   Operation 1380 'add' 'add_ln87_90' <Predicate = (!icmp_ln83)> <Delay = 1.47> <CoreInst = "Adder">   --->   Core 1 'Adder' <Latency = 0> <II = 1> <Delay = 1.47> <FuncUnit> <Opcode : 'add' 'sub'> <InPorts = 2> <OutPorts = 1>
ST_47 : Operation 1381 [1/1] (0.00ns)   --->   "%trunc_ln87_44 = partselect i62 @_ssdm_op_PartSelect.i62.i64.i32.i32, i64 %add_ln87_90, i32 2, i32 63" [src/gtsrb_cnn.cpp:87]   --->   Operation 1381 'partselect' 'trunc_ln87_44' <Predicate = (!icmp_ln83)> <Delay = 0.00>
ST_47 : Operation 1382 [1/1] (0.00ns)   --->   "%sext_ln87_45 = sext i62 %trunc_ln87_44" [src/gtsrb_cnn.cpp:87]   --->   Operation 1382 'sext' 'sext_ln87_45' <Predicate = (!icmp_ln83)> <Delay = 0.00>
ST_47 : Operation 1383 [1/1] (0.00ns)   --->   "%gmem4_addr_46 = getelementptr i32 %gmem4, i64 %sext_ln87_45" [src/gtsrb_cnn.cpp:87]   --->   Operation 1383 'getelementptr' 'gmem4_addr_46' <Predicate = (!icmp_ln83)> <Delay = 0.00>

State 48 <SV = 47> <Delay = 7.30>
ST_48 : Operation 1384 [2/5] (6.01ns)   --->   "%acc_1_6 = fadd i32 %acc_1_5, i32 %mul9_6" [src/gtsrb_cnn.cpp:87]   --->   Operation 1384 'fadd' 'acc_1_6' <Predicate = (!icmp_ln83)> <Delay = 6.01> <CoreInst = "FAddSub_fulldsp">   --->   Core 18 'FAddSub_fulldsp' <Latency = 4> <II = 1> <Delay = 6.01> <FuncUnit> <Opcode : 'fadd' 'fsub'> <InPorts = 2> <OutPorts = 1>
ST_48 : Operation 1385 [1/4] (4.67ns)   --->   "%mul9_33 = fmul i32 %fc1_out_load_34, i32 %bitcast_ln87_34" [src/gtsrb_cnn.cpp:87]   --->   Operation 1385 'fmul' 'mul9_33' <Predicate = (!icmp_ln83)> <Delay = 4.67> <CoreInst = "FMul_maxdsp">   --->   Core 30 'FMul_maxdsp' <Latency = 3> <II = 1> <Delay = 4.67> <FuncUnit> <Opcode : 'fmul'> <InPorts = 2> <OutPorts = 1>
ST_48 : Operation 1386 [2/4] (4.67ns)   --->   "%mul9_34 = fmul i32 %fc1_out_load_35, i32 %bitcast_ln87_35" [src/gtsrb_cnn.cpp:87]   --->   Operation 1386 'fmul' 'mul9_34' <Predicate = (!icmp_ln83)> <Delay = 4.67> <CoreInst = "FMul_maxdsp">   --->   Core 30 'FMul_maxdsp' <Latency = 3> <II = 1> <Delay = 4.67> <FuncUnit> <Opcode : 'fmul'> <InPorts = 2> <OutPorts = 1>
ST_48 : Operation 1387 [3/4] (4.67ns)   --->   "%mul9_35 = fmul i32 %fc1_out_load_36, i32 %bitcast_ln87_36" [src/gtsrb_cnn.cpp:87]   --->   Operation 1387 'fmul' 'mul9_35' <Predicate = (!icmp_ln83)> <Delay = 4.67> <CoreInst = "FMul_maxdsp">   --->   Core 30 'FMul_maxdsp' <Latency = 3> <II = 1> <Delay = 4.67> <FuncUnit> <Opcode : 'fmul'> <InPorts = 2> <OutPorts = 1>
ST_48 : Operation 1388 [1/1] (0.00ns)   --->   "%bitcast_ln87_37 = bitcast i32 %gmem4_addr_38_read" [src/gtsrb_cnn.cpp:87]   --->   Operation 1388 'bitcast' 'bitcast_ln87_37' <Predicate = (!icmp_ln83)> <Delay = 0.00>
ST_48 : Operation 1389 [4/4] (4.67ns)   --->   "%mul9_36 = fmul i32 %fc1_out_load_37, i32 %bitcast_ln87_37" [src/gtsrb_cnn.cpp:87]   --->   Operation 1389 'fmul' 'mul9_36' <Predicate = (!icmp_ln83)> <Delay = 4.67> <CoreInst = "FMul_maxdsp">   --->   Core 30 'FMul_maxdsp' <Latency = 3> <II = 1> <Delay = 4.67> <FuncUnit> <Opcode : 'fmul'> <InPorts = 2> <OutPorts = 1>
ST_48 : Operation 1390 [1/1] (7.30ns)   --->   "%gmem4_addr_39_read = read i32 @_ssdm_op_Read.m_axi.i32P1A, i32 %gmem4_addr_39" [src/gtsrb_cnn.cpp:87]   --->   Operation 1390 'read' 'gmem4_addr_39_read' <Predicate = (!icmp_ln83)> <Delay = 7.30> <CoreInst = "m_axi">   --->   Core 121 'm_axi' <Latency = 0> <II = 1> <Delay = 1.00> <Adapter> <Opcode : 'read' 'write' 'readreq' 'writereq' 'writeresp'>
ST_48 : Operation 1391 [1/7] (7.30ns)   --->   "%gmem4_load_40_req = readreq i1 @_ssdm_op_ReadReq.m_axi.i32P1A, i32 %gmem4_addr_40, i32 1" [src/gtsrb_cnn.cpp:87]   --->   Operation 1391 'readreq' 'gmem4_load_40_req' <Predicate = (!icmp_ln83)> <Delay = 7.30> <CoreInst = "m_axi">   --->   Core 121 'm_axi' <Latency = 0> <II = 1> <Delay = 1.00> <Adapter> <Opcode : 'read' 'write' 'readreq' 'writereq' 'writeresp'>
ST_48 : Operation 1392 [2/7] (7.30ns)   --->   "%gmem4_load_41_req = readreq i1 @_ssdm_op_ReadReq.m_axi.i32P1A, i32 %gmem4_addr_41, i32 1" [src/gtsrb_cnn.cpp:87]   --->   Operation 1392 'readreq' 'gmem4_load_41_req' <Predicate = (!icmp_ln83)> <Delay = 7.30> <CoreInst = "m_axi">   --->   Core 121 'm_axi' <Latency = 0> <II = 1> <Delay = 1.00> <Adapter> <Opcode : 'read' 'write' 'readreq' 'writereq' 'writeresp'>
ST_48 : Operation 1393 [3/7] (7.30ns)   --->   "%gmem4_load_42_req = readreq i1 @_ssdm_op_ReadReq.m_axi.i32P1A, i32 %gmem4_addr_42, i32 1" [src/gtsrb_cnn.cpp:87]   --->   Operation 1393 'readreq' 'gmem4_load_42_req' <Predicate = (!icmp_ln83)> <Delay = 7.30> <CoreInst = "m_axi">   --->   Core 121 'm_axi' <Latency = 0> <II = 1> <Delay = 1.00> <Adapter> <Opcode : 'read' 'write' 'readreq' 'writereq' 'writeresp'>
ST_48 : Operation 1394 [4/7] (7.30ns)   --->   "%gmem4_load_43_req = readreq i1 @_ssdm_op_ReadReq.m_axi.i32P1A, i32 %gmem4_addr_43, i32 1" [src/gtsrb_cnn.cpp:87]   --->   Operation 1394 'readreq' 'gmem4_load_43_req' <Predicate = (!icmp_ln83)> <Delay = 7.30> <CoreInst = "m_axi">   --->   Core 121 'm_axi' <Latency = 0> <II = 1> <Delay = 1.00> <Adapter> <Opcode : 'read' 'write' 'readreq' 'writereq' 'writeresp'>
ST_48 : Operation 1395 [5/7] (7.30ns)   --->   "%gmem4_load_44_req = readreq i1 @_ssdm_op_ReadReq.m_axi.i32P1A, i32 %gmem4_addr_44, i32 1" [src/gtsrb_cnn.cpp:87]   --->   Operation 1395 'readreq' 'gmem4_load_44_req' <Predicate = (!icmp_ln83)> <Delay = 7.30> <CoreInst = "m_axi">   --->   Core 121 'm_axi' <Latency = 0> <II = 1> <Delay = 1.00> <Adapter> <Opcode : 'read' 'write' 'readreq' 'writereq' 'writeresp'>
ST_48 : Operation 1396 [6/7] (7.30ns)   --->   "%gmem4_load_45_req = readreq i1 @_ssdm_op_ReadReq.m_axi.i32P1A, i32 %gmem4_addr_45, i32 1" [src/gtsrb_cnn.cpp:87]   --->   Operation 1396 'readreq' 'gmem4_load_45_req' <Predicate = (!icmp_ln83)> <Delay = 7.30> <CoreInst = "m_axi">   --->   Core 121 'm_axi' <Latency = 0> <II = 1> <Delay = 1.00> <Adapter> <Opcode : 'read' 'write' 'readreq' 'writereq' 'writeresp'>
ST_48 : Operation 1397 [7/7] (7.30ns)   --->   "%gmem4_load_46_req = readreq i1 @_ssdm_op_ReadReq.m_axi.i32P1A, i32 %gmem4_addr_46, i32 1" [src/gtsrb_cnn.cpp:87]   --->   Operation 1397 'readreq' 'gmem4_load_46_req' <Predicate = (!icmp_ln83)> <Delay = 7.30> <CoreInst = "m_axi">   --->   Core 121 'm_axi' <Latency = 0> <II = 1> <Delay = 1.00> <Adapter> <Opcode : 'read' 'write' 'readreq' 'writereq' 'writeresp'>
ST_48 : Operation 1398 [1/1] (0.90ns)   --->   "%add_ln87_91 = add i8 %zext_ln87_2, i8 186" [src/gtsrb_cnn.cpp:87]   --->   Operation 1398 'add' 'add_ln87_91' <Predicate = (!icmp_ln83)> <Delay = 0.90> <CoreInst = "Adder">   --->   Core 1 'Adder' <Latency = 0> <II = 1> <Delay = 0.90> <FuncUnit> <Opcode : 'add' 'sub'> <InPorts = 2> <OutPorts = 1>
ST_48 : Operation 1399 [1/1] (0.00ns)   --->   "%tmp_21 = bitconcatenate i10 @_ssdm_op_BitConcatenate.i10.i8.i2, i8 %add_ln87_91, i2 0" [src/gtsrb_cnn.cpp:87]   --->   Operation 1399 'bitconcatenate' 'tmp_21' <Predicate = (!icmp_ln83)> <Delay = 0.00>
ST_48 : Operation 1400 [1/1] (0.00ns)   --->   "%sext_ln87_81 = sext i10 %tmp_21" [src/gtsrb_cnn.cpp:87]   --->   Operation 1400 'sext' 'sext_ln87_81' <Predicate = (!icmp_ln83)> <Delay = 0.00>
ST_48 : Operation 1401 [1/1] (0.00ns)   --->   "%zext_ln87_52 = zext i13 %sext_ln87_81" [src/gtsrb_cnn.cpp:87]   --->   Operation 1401 'zext' 'zext_ln87_52' <Predicate = (!icmp_ln83)> <Delay = 0.00>
ST_48 : Operation 1402 [1/1] (1.47ns)   --->   "%add_ln87_92 = add i64 %zext_ln87_52, i64 %W_read" [src/gtsrb_cnn.cpp:87]   --->   Operation 1402 'add' 'add_ln87_92' <Predicate = (!icmp_ln83)> <Delay = 1.47> <CoreInst = "Adder">   --->   Core 1 'Adder' <Latency = 0> <II = 1> <Delay = 1.47> <FuncUnit> <Opcode : 'add' 'sub'> <InPorts = 2> <OutPorts = 1>
ST_48 : Operation 1403 [1/1] (0.00ns)   --->   "%trunc_ln87_45 = partselect i62 @_ssdm_op_PartSelect.i62.i64.i32.i32, i64 %add_ln87_92, i32 2, i32 63" [src/gtsrb_cnn.cpp:87]   --->   Operation 1403 'partselect' 'trunc_ln87_45' <Predicate = (!icmp_ln83)> <Delay = 0.00>
ST_48 : Operation 1404 [1/1] (0.00ns)   --->   "%sext_ln87_46 = sext i62 %trunc_ln87_45" [src/gtsrb_cnn.cpp:87]   --->   Operation 1404 'sext' 'sext_ln87_46' <Predicate = (!icmp_ln83)> <Delay = 0.00>
ST_48 : Operation 1405 [1/1] (0.00ns)   --->   "%gmem4_addr_47 = getelementptr i32 %gmem4, i64 %sext_ln87_46" [src/gtsrb_cnn.cpp:87]   --->   Operation 1405 'getelementptr' 'gmem4_addr_47' <Predicate = (!icmp_ln83)> <Delay = 0.00>

State 49 <SV = 48> <Delay = 7.30>
ST_49 : Operation 1406 [1/1] (0.00ns)   --->   "%zext_ln87 = zext i6 %j" [src/gtsrb_cnn.cpp:87]   --->   Operation 1406 'zext' 'zext_ln87' <Predicate = (!icmp_ln83)> <Delay = 0.00>
ST_49 : Operation 1407 [1/5] (6.01ns)   --->   "%acc_1_6 = fadd i32 %acc_1_5, i32 %mul9_6" [src/gtsrb_cnn.cpp:87]   --->   Operation 1407 'fadd' 'acc_1_6' <Predicate = (!icmp_ln83)> <Delay = 6.01> <CoreInst = "FAddSub_fulldsp">   --->   Core 18 'FAddSub_fulldsp' <Latency = 4> <II = 1> <Delay = 6.01> <FuncUnit> <Opcode : 'fadd' 'fsub'> <InPorts = 2> <OutPorts = 1>
ST_49 : Operation 1408 [1/4] (4.67ns)   --->   "%mul9_34 = fmul i32 %fc1_out_load_35, i32 %bitcast_ln87_35" [src/gtsrb_cnn.cpp:87]   --->   Operation 1408 'fmul' 'mul9_34' <Predicate = (!icmp_ln83)> <Delay = 4.67> <CoreInst = "FMul_maxdsp">   --->   Core 30 'FMul_maxdsp' <Latency = 3> <II = 1> <Delay = 4.67> <FuncUnit> <Opcode : 'fmul'> <InPorts = 2> <OutPorts = 1>
ST_49 : Operation 1409 [2/4] (4.67ns)   --->   "%mul9_35 = fmul i32 %fc1_out_load_36, i32 %bitcast_ln87_36" [src/gtsrb_cnn.cpp:87]   --->   Operation 1409 'fmul' 'mul9_35' <Predicate = (!icmp_ln83)> <Delay = 4.67> <CoreInst = "FMul_maxdsp">   --->   Core 30 'FMul_maxdsp' <Latency = 3> <II = 1> <Delay = 4.67> <FuncUnit> <Opcode : 'fmul'> <InPorts = 2> <OutPorts = 1>
ST_49 : Operation 1410 [3/4] (4.67ns)   --->   "%mul9_36 = fmul i32 %fc1_out_load_37, i32 %bitcast_ln87_37" [src/gtsrb_cnn.cpp:87]   --->   Operation 1410 'fmul' 'mul9_36' <Predicate = (!icmp_ln83)> <Delay = 4.67> <CoreInst = "FMul_maxdsp">   --->   Core 30 'FMul_maxdsp' <Latency = 3> <II = 1> <Delay = 4.67> <FuncUnit> <Opcode : 'fmul'> <InPorts = 2> <OutPorts = 1>
ST_49 : Operation 1411 [1/1] (0.00ns)   --->   "%bitcast_ln87_38 = bitcast i32 %gmem4_addr_39_read" [src/gtsrb_cnn.cpp:87]   --->   Operation 1411 'bitcast' 'bitcast_ln87_38' <Predicate = (!icmp_ln83)> <Delay = 0.00>
ST_49 : Operation 1412 [4/4] (4.67ns)   --->   "%mul9_37 = fmul i32 %fc1_out_load_38, i32 %bitcast_ln87_38" [src/gtsrb_cnn.cpp:87]   --->   Operation 1412 'fmul' 'mul9_37' <Predicate = (!icmp_ln83)> <Delay = 4.67> <CoreInst = "FMul_maxdsp">   --->   Core 30 'FMul_maxdsp' <Latency = 3> <II = 1> <Delay = 4.67> <FuncUnit> <Opcode : 'fmul'> <InPorts = 2> <OutPorts = 1>
ST_49 : Operation 1413 [1/1] (7.30ns)   --->   "%gmem4_addr_40_read = read i32 @_ssdm_op_Read.m_axi.i32P1A, i32 %gmem4_addr_40" [src/gtsrb_cnn.cpp:87]   --->   Operation 1413 'read' 'gmem4_addr_40_read' <Predicate = (!icmp_ln83)> <Delay = 7.30> <CoreInst = "m_axi">   --->   Core 121 'm_axi' <Latency = 0> <II = 1> <Delay = 1.00> <Adapter> <Opcode : 'read' 'write' 'readreq' 'writereq' 'writeresp'>
ST_49 : Operation 1414 [1/7] (7.30ns)   --->   "%gmem4_load_41_req = readreq i1 @_ssdm_op_ReadReq.m_axi.i32P1A, i32 %gmem4_addr_41, i32 1" [src/gtsrb_cnn.cpp:87]   --->   Operation 1414 'readreq' 'gmem4_load_41_req' <Predicate = (!icmp_ln83)> <Delay = 7.30> <CoreInst = "m_axi">   --->   Core 121 'm_axi' <Latency = 0> <II = 1> <Delay = 1.00> <Adapter> <Opcode : 'read' 'write' 'readreq' 'writereq' 'writeresp'>
ST_49 : Operation 1415 [2/7] (7.30ns)   --->   "%gmem4_load_42_req = readreq i1 @_ssdm_op_ReadReq.m_axi.i32P1A, i32 %gmem4_addr_42, i32 1" [src/gtsrb_cnn.cpp:87]   --->   Operation 1415 'readreq' 'gmem4_load_42_req' <Predicate = (!icmp_ln83)> <Delay = 7.30> <CoreInst = "m_axi">   --->   Core 121 'm_axi' <Latency = 0> <II = 1> <Delay = 1.00> <Adapter> <Opcode : 'read' 'write' 'readreq' 'writereq' 'writeresp'>
ST_49 : Operation 1416 [3/7] (7.30ns)   --->   "%gmem4_load_43_req = readreq i1 @_ssdm_op_ReadReq.m_axi.i32P1A, i32 %gmem4_addr_43, i32 1" [src/gtsrb_cnn.cpp:87]   --->   Operation 1416 'readreq' 'gmem4_load_43_req' <Predicate = (!icmp_ln83)> <Delay = 7.30> <CoreInst = "m_axi">   --->   Core 121 'm_axi' <Latency = 0> <II = 1> <Delay = 1.00> <Adapter> <Opcode : 'read' 'write' 'readreq' 'writereq' 'writeresp'>
ST_49 : Operation 1417 [4/7] (7.30ns)   --->   "%gmem4_load_44_req = readreq i1 @_ssdm_op_ReadReq.m_axi.i32P1A, i32 %gmem4_addr_44, i32 1" [src/gtsrb_cnn.cpp:87]   --->   Operation 1417 'readreq' 'gmem4_load_44_req' <Predicate = (!icmp_ln83)> <Delay = 7.30> <CoreInst = "m_axi">   --->   Core 121 'm_axi' <Latency = 0> <II = 1> <Delay = 1.00> <Adapter> <Opcode : 'read' 'write' 'readreq' 'writereq' 'writeresp'>
ST_49 : Operation 1418 [5/7] (7.30ns)   --->   "%gmem4_load_45_req = readreq i1 @_ssdm_op_ReadReq.m_axi.i32P1A, i32 %gmem4_addr_45, i32 1" [src/gtsrb_cnn.cpp:87]   --->   Operation 1418 'readreq' 'gmem4_load_45_req' <Predicate = (!icmp_ln83)> <Delay = 7.30> <CoreInst = "m_axi">   --->   Core 121 'm_axi' <Latency = 0> <II = 1> <Delay = 1.00> <Adapter> <Opcode : 'read' 'write' 'readreq' 'writereq' 'writeresp'>
ST_49 : Operation 1419 [6/7] (7.30ns)   --->   "%gmem4_load_46_req = readreq i1 @_ssdm_op_ReadReq.m_axi.i32P1A, i32 %gmem4_addr_46, i32 1" [src/gtsrb_cnn.cpp:87]   --->   Operation 1419 'readreq' 'gmem4_load_46_req' <Predicate = (!icmp_ln83)> <Delay = 7.30> <CoreInst = "m_axi">   --->   Core 121 'm_axi' <Latency = 0> <II = 1> <Delay = 1.00> <Adapter> <Opcode : 'read' 'write' 'readreq' 'writereq' 'writeresp'>
ST_49 : Operation 1420 [7/7] (7.30ns)   --->   "%gmem4_load_47_req = readreq i1 @_ssdm_op_ReadReq.m_axi.i32P1A, i32 %gmem4_addr_47, i32 1" [src/gtsrb_cnn.cpp:87]   --->   Operation 1420 'readreq' 'gmem4_load_47_req' <Predicate = (!icmp_ln83)> <Delay = 7.30> <CoreInst = "m_axi">   --->   Core 121 'm_axi' <Latency = 0> <II = 1> <Delay = 1.00> <Adapter> <Opcode : 'read' 'write' 'readreq' 'writereq' 'writeresp'>
ST_49 : Operation 1421 [1/1] (0.96ns)   --->   "%add_ln87_93 = add i12 %zext_ln87, i12 2021" [src/gtsrb_cnn.cpp:87]   --->   Operation 1421 'add' 'add_ln87_93' <Predicate = (!icmp_ln83)> <Delay = 0.96> <CoreInst = "Adder">   --->   Core 1 'Adder' <Latency = 0> <II = 1> <Delay = 0.96> <FuncUnit> <Opcode : 'add' 'sub'> <InPorts = 2> <OutPorts = 1>
ST_49 : Operation 1422 [1/1] (0.00ns)   --->   "%shl_ln87_28 = bitconcatenate i14 @_ssdm_op_BitConcatenate.i14.i12.i2, i12 %add_ln87_93, i2 0" [src/gtsrb_cnn.cpp:87]   --->   Operation 1422 'bitconcatenate' 'shl_ln87_28' <Predicate = (!icmp_ln83)> <Delay = 0.00>
ST_49 : Operation 1423 [1/1] (0.00ns)   --->   "%zext_ln87_53 = zext i14 %shl_ln87_28" [src/gtsrb_cnn.cpp:87]   --->   Operation 1423 'zext' 'zext_ln87_53' <Predicate = (!icmp_ln83)> <Delay = 0.00>
ST_49 : Operation 1424 [1/1] (1.47ns)   --->   "%add_ln87_94 = add i64 %zext_ln87_53, i64 %W_read" [src/gtsrb_cnn.cpp:87]   --->   Operation 1424 'add' 'add_ln87_94' <Predicate = (!icmp_ln83)> <Delay = 1.47> <CoreInst = "Adder">   --->   Core 1 'Adder' <Latency = 0> <II = 1> <Delay = 1.47> <FuncUnit> <Opcode : 'add' 'sub'> <InPorts = 2> <OutPorts = 1>
ST_49 : Operation 1425 [1/1] (0.00ns)   --->   "%trunc_ln87_46 = partselect i62 @_ssdm_op_PartSelect.i62.i64.i32.i32, i64 %add_ln87_94, i32 2, i32 63" [src/gtsrb_cnn.cpp:87]   --->   Operation 1425 'partselect' 'trunc_ln87_46' <Predicate = (!icmp_ln83)> <Delay = 0.00>
ST_49 : Operation 1426 [1/1] (0.00ns)   --->   "%sext_ln87_47 = sext i62 %trunc_ln87_46" [src/gtsrb_cnn.cpp:87]   --->   Operation 1426 'sext' 'sext_ln87_47' <Predicate = (!icmp_ln83)> <Delay = 0.00>
ST_49 : Operation 1427 [1/1] (0.00ns)   --->   "%gmem4_addr_48 = getelementptr i32 %gmem4, i64 %sext_ln87_47" [src/gtsrb_cnn.cpp:87]   --->   Operation 1427 'getelementptr' 'gmem4_addr_48' <Predicate = (!icmp_ln83)> <Delay = 0.00>

State 50 <SV = 49> <Delay = 7.30>
ST_50 : Operation 1428 [5/5] (6.01ns)   --->   "%acc_1_7 = fadd i32 %acc_1_6, i32 %mul9_7" [src/gtsrb_cnn.cpp:87]   --->   Operation 1428 'fadd' 'acc_1_7' <Predicate = (!icmp_ln83)> <Delay = 6.01> <CoreInst = "FAddSub_fulldsp">   --->   Core 18 'FAddSub_fulldsp' <Latency = 4> <II = 1> <Delay = 6.01> <FuncUnit> <Opcode : 'fadd' 'fsub'> <InPorts = 2> <OutPorts = 1>
ST_50 : Operation 1429 [1/4] (4.67ns)   --->   "%mul9_35 = fmul i32 %fc1_out_load_36, i32 %bitcast_ln87_36" [src/gtsrb_cnn.cpp:87]   --->   Operation 1429 'fmul' 'mul9_35' <Predicate = (!icmp_ln83)> <Delay = 4.67> <CoreInst = "FMul_maxdsp">   --->   Core 30 'FMul_maxdsp' <Latency = 3> <II = 1> <Delay = 4.67> <FuncUnit> <Opcode : 'fmul'> <InPorts = 2> <OutPorts = 1>
ST_50 : Operation 1430 [2/4] (4.67ns)   --->   "%mul9_36 = fmul i32 %fc1_out_load_37, i32 %bitcast_ln87_37" [src/gtsrb_cnn.cpp:87]   --->   Operation 1430 'fmul' 'mul9_36' <Predicate = (!icmp_ln83)> <Delay = 4.67> <CoreInst = "FMul_maxdsp">   --->   Core 30 'FMul_maxdsp' <Latency = 3> <II = 1> <Delay = 4.67> <FuncUnit> <Opcode : 'fmul'> <InPorts = 2> <OutPorts = 1>
ST_50 : Operation 1431 [3/4] (4.67ns)   --->   "%mul9_37 = fmul i32 %fc1_out_load_38, i32 %bitcast_ln87_38" [src/gtsrb_cnn.cpp:87]   --->   Operation 1431 'fmul' 'mul9_37' <Predicate = (!icmp_ln83)> <Delay = 4.67> <CoreInst = "FMul_maxdsp">   --->   Core 30 'FMul_maxdsp' <Latency = 3> <II = 1> <Delay = 4.67> <FuncUnit> <Opcode : 'fmul'> <InPorts = 2> <OutPorts = 1>
ST_50 : Operation 1432 [1/1] (0.00ns)   --->   "%bitcast_ln87_39 = bitcast i32 %gmem4_addr_40_read" [src/gtsrb_cnn.cpp:87]   --->   Operation 1432 'bitcast' 'bitcast_ln87_39' <Predicate = (!icmp_ln83)> <Delay = 0.00>
ST_50 : Operation 1433 [4/4] (4.67ns)   --->   "%mul9_38 = fmul i32 %fc1_out_load_39, i32 %bitcast_ln87_39" [src/gtsrb_cnn.cpp:87]   --->   Operation 1433 'fmul' 'mul9_38' <Predicate = (!icmp_ln83)> <Delay = 4.67> <CoreInst = "FMul_maxdsp">   --->   Core 30 'FMul_maxdsp' <Latency = 3> <II = 1> <Delay = 4.67> <FuncUnit> <Opcode : 'fmul'> <InPorts = 2> <OutPorts = 1>
ST_50 : Operation 1434 [1/1] (7.30ns)   --->   "%gmem4_addr_41_read = read i32 @_ssdm_op_Read.m_axi.i32P1A, i32 %gmem4_addr_41" [src/gtsrb_cnn.cpp:87]   --->   Operation 1434 'read' 'gmem4_addr_41_read' <Predicate = (!icmp_ln83)> <Delay = 7.30> <CoreInst = "m_axi">   --->   Core 121 'm_axi' <Latency = 0> <II = 1> <Delay = 1.00> <Adapter> <Opcode : 'read' 'write' 'readreq' 'writereq' 'writeresp'>
ST_50 : Operation 1435 [1/7] (7.30ns)   --->   "%gmem4_load_42_req = readreq i1 @_ssdm_op_ReadReq.m_axi.i32P1A, i32 %gmem4_addr_42, i32 1" [src/gtsrb_cnn.cpp:87]   --->   Operation 1435 'readreq' 'gmem4_load_42_req' <Predicate = (!icmp_ln83)> <Delay = 7.30> <CoreInst = "m_axi">   --->   Core 121 'm_axi' <Latency = 0> <II = 1> <Delay = 1.00> <Adapter> <Opcode : 'read' 'write' 'readreq' 'writereq' 'writeresp'>
ST_50 : Operation 1436 [2/7] (7.30ns)   --->   "%gmem4_load_43_req = readreq i1 @_ssdm_op_ReadReq.m_axi.i32P1A, i32 %gmem4_addr_43, i32 1" [src/gtsrb_cnn.cpp:87]   --->   Operation 1436 'readreq' 'gmem4_load_43_req' <Predicate = (!icmp_ln83)> <Delay = 7.30> <CoreInst = "m_axi">   --->   Core 121 'm_axi' <Latency = 0> <II = 1> <Delay = 1.00> <Adapter> <Opcode : 'read' 'write' 'readreq' 'writereq' 'writeresp'>
ST_50 : Operation 1437 [3/7] (7.30ns)   --->   "%gmem4_load_44_req = readreq i1 @_ssdm_op_ReadReq.m_axi.i32P1A, i32 %gmem4_addr_44, i32 1" [src/gtsrb_cnn.cpp:87]   --->   Operation 1437 'readreq' 'gmem4_load_44_req' <Predicate = (!icmp_ln83)> <Delay = 7.30> <CoreInst = "m_axi">   --->   Core 121 'm_axi' <Latency = 0> <II = 1> <Delay = 1.00> <Adapter> <Opcode : 'read' 'write' 'readreq' 'writereq' 'writeresp'>
ST_50 : Operation 1438 [4/7] (7.30ns)   --->   "%gmem4_load_45_req = readreq i1 @_ssdm_op_ReadReq.m_axi.i32P1A, i32 %gmem4_addr_45, i32 1" [src/gtsrb_cnn.cpp:87]   --->   Operation 1438 'readreq' 'gmem4_load_45_req' <Predicate = (!icmp_ln83)> <Delay = 7.30> <CoreInst = "m_axi">   --->   Core 121 'm_axi' <Latency = 0> <II = 1> <Delay = 1.00> <Adapter> <Opcode : 'read' 'write' 'readreq' 'writereq' 'writeresp'>
ST_50 : Operation 1439 [5/7] (7.30ns)   --->   "%gmem4_load_46_req = readreq i1 @_ssdm_op_ReadReq.m_axi.i32P1A, i32 %gmem4_addr_46, i32 1" [src/gtsrb_cnn.cpp:87]   --->   Operation 1439 'readreq' 'gmem4_load_46_req' <Predicate = (!icmp_ln83)> <Delay = 7.30> <CoreInst = "m_axi">   --->   Core 121 'm_axi' <Latency = 0> <II = 1> <Delay = 1.00> <Adapter> <Opcode : 'read' 'write' 'readreq' 'writereq' 'writeresp'>
ST_50 : Operation 1440 [6/7] (7.30ns)   --->   "%gmem4_load_47_req = readreq i1 @_ssdm_op_ReadReq.m_axi.i32P1A, i32 %gmem4_addr_47, i32 1" [src/gtsrb_cnn.cpp:87]   --->   Operation 1440 'readreq' 'gmem4_load_47_req' <Predicate = (!icmp_ln83)> <Delay = 7.30> <CoreInst = "m_axi">   --->   Core 121 'm_axi' <Latency = 0> <II = 1> <Delay = 1.00> <Adapter> <Opcode : 'read' 'write' 'readreq' 'writereq' 'writeresp'>
ST_50 : Operation 1441 [7/7] (7.30ns)   --->   "%gmem4_load_48_req = readreq i1 @_ssdm_op_ReadReq.m_axi.i32P1A, i32 %gmem4_addr_48, i32 1" [src/gtsrb_cnn.cpp:87]   --->   Operation 1441 'readreq' 'gmem4_load_48_req' <Predicate = (!icmp_ln83)> <Delay = 7.30> <CoreInst = "m_axi">   --->   Core 121 'm_axi' <Latency = 0> <II = 1> <Delay = 1.00> <Adapter> <Opcode : 'read' 'write' 'readreq' 'writereq' 'writeresp'>
ST_50 : Operation 1442 [1/1] (0.96ns)   --->   "%add_ln87_95 = add i12 %zext_ln87, i12 2064" [src/gtsrb_cnn.cpp:87]   --->   Operation 1442 'add' 'add_ln87_95' <Predicate = (!icmp_ln83)> <Delay = 0.96> <CoreInst = "Adder">   --->   Core 1 'Adder' <Latency = 0> <II = 1> <Delay = 0.96> <FuncUnit> <Opcode : 'add' 'sub'> <InPorts = 2> <OutPorts = 1>
ST_50 : Operation 1443 [1/1] (0.00ns)   --->   "%shl_ln87_29 = bitconcatenate i14 @_ssdm_op_BitConcatenate.i14.i12.i2, i12 %add_ln87_95, i2 0" [src/gtsrb_cnn.cpp:87]   --->   Operation 1443 'bitconcatenate' 'shl_ln87_29' <Predicate = (!icmp_ln83)> <Delay = 0.00>
ST_50 : Operation 1444 [1/1] (0.00ns)   --->   "%zext_ln87_54 = zext i14 %shl_ln87_29" [src/gtsrb_cnn.cpp:87]   --->   Operation 1444 'zext' 'zext_ln87_54' <Predicate = (!icmp_ln83)> <Delay = 0.00>
ST_50 : Operation 1445 [1/1] (1.47ns)   --->   "%add_ln87_96 = add i64 %zext_ln87_54, i64 %W_read" [src/gtsrb_cnn.cpp:87]   --->   Operation 1445 'add' 'add_ln87_96' <Predicate = (!icmp_ln83)> <Delay = 1.47> <CoreInst = "Adder">   --->   Core 1 'Adder' <Latency = 0> <II = 1> <Delay = 1.47> <FuncUnit> <Opcode : 'add' 'sub'> <InPorts = 2> <OutPorts = 1>
ST_50 : Operation 1446 [1/1] (0.00ns)   --->   "%trunc_ln87_47 = partselect i62 @_ssdm_op_PartSelect.i62.i64.i32.i32, i64 %add_ln87_96, i32 2, i32 63" [src/gtsrb_cnn.cpp:87]   --->   Operation 1446 'partselect' 'trunc_ln87_47' <Predicate = (!icmp_ln83)> <Delay = 0.00>
ST_50 : Operation 1447 [1/1] (0.00ns)   --->   "%sext_ln87_48 = sext i62 %trunc_ln87_47" [src/gtsrb_cnn.cpp:87]   --->   Operation 1447 'sext' 'sext_ln87_48' <Predicate = (!icmp_ln83)> <Delay = 0.00>
ST_50 : Operation 1448 [1/1] (0.00ns)   --->   "%gmem4_addr_49 = getelementptr i32 %gmem4, i64 %sext_ln87_48" [src/gtsrb_cnn.cpp:87]   --->   Operation 1448 'getelementptr' 'gmem4_addr_49' <Predicate = (!icmp_ln83)> <Delay = 0.00>

State 51 <SV = 50> <Delay = 7.30>
ST_51 : Operation 1449 [4/5] (6.01ns)   --->   "%acc_1_7 = fadd i32 %acc_1_6, i32 %mul9_7" [src/gtsrb_cnn.cpp:87]   --->   Operation 1449 'fadd' 'acc_1_7' <Predicate = (!icmp_ln83)> <Delay = 6.01> <CoreInst = "FAddSub_fulldsp">   --->   Core 18 'FAddSub_fulldsp' <Latency = 4> <II = 1> <Delay = 6.01> <FuncUnit> <Opcode : 'fadd' 'fsub'> <InPorts = 2> <OutPorts = 1>
ST_51 : Operation 1450 [1/4] (4.67ns)   --->   "%mul9_36 = fmul i32 %fc1_out_load_37, i32 %bitcast_ln87_37" [src/gtsrb_cnn.cpp:87]   --->   Operation 1450 'fmul' 'mul9_36' <Predicate = (!icmp_ln83)> <Delay = 4.67> <CoreInst = "FMul_maxdsp">   --->   Core 30 'FMul_maxdsp' <Latency = 3> <II = 1> <Delay = 4.67> <FuncUnit> <Opcode : 'fmul'> <InPorts = 2> <OutPorts = 1>
ST_51 : Operation 1451 [2/4] (4.67ns)   --->   "%mul9_37 = fmul i32 %fc1_out_load_38, i32 %bitcast_ln87_38" [src/gtsrb_cnn.cpp:87]   --->   Operation 1451 'fmul' 'mul9_37' <Predicate = (!icmp_ln83)> <Delay = 4.67> <CoreInst = "FMul_maxdsp">   --->   Core 30 'FMul_maxdsp' <Latency = 3> <II = 1> <Delay = 4.67> <FuncUnit> <Opcode : 'fmul'> <InPorts = 2> <OutPorts = 1>
ST_51 : Operation 1452 [3/4] (4.67ns)   --->   "%mul9_38 = fmul i32 %fc1_out_load_39, i32 %bitcast_ln87_39" [src/gtsrb_cnn.cpp:87]   --->   Operation 1452 'fmul' 'mul9_38' <Predicate = (!icmp_ln83)> <Delay = 4.67> <CoreInst = "FMul_maxdsp">   --->   Core 30 'FMul_maxdsp' <Latency = 3> <II = 1> <Delay = 4.67> <FuncUnit> <Opcode : 'fmul'> <InPorts = 2> <OutPorts = 1>
ST_51 : Operation 1453 [1/1] (0.00ns)   --->   "%bitcast_ln87_40 = bitcast i32 %gmem4_addr_41_read" [src/gtsrb_cnn.cpp:87]   --->   Operation 1453 'bitcast' 'bitcast_ln87_40' <Predicate = (!icmp_ln83)> <Delay = 0.00>
ST_51 : Operation 1454 [4/4] (4.67ns)   --->   "%mul9_39 = fmul i32 %fc1_out_load_40, i32 %bitcast_ln87_40" [src/gtsrb_cnn.cpp:87]   --->   Operation 1454 'fmul' 'mul9_39' <Predicate = (!icmp_ln83)> <Delay = 4.67> <CoreInst = "FMul_maxdsp">   --->   Core 30 'FMul_maxdsp' <Latency = 3> <II = 1> <Delay = 4.67> <FuncUnit> <Opcode : 'fmul'> <InPorts = 2> <OutPorts = 1>
ST_51 : Operation 1455 [1/1] (7.30ns)   --->   "%gmem4_addr_42_read = read i32 @_ssdm_op_Read.m_axi.i32P1A, i32 %gmem4_addr_42" [src/gtsrb_cnn.cpp:87]   --->   Operation 1455 'read' 'gmem4_addr_42_read' <Predicate = (!icmp_ln83)> <Delay = 7.30> <CoreInst = "m_axi">   --->   Core 121 'm_axi' <Latency = 0> <II = 1> <Delay = 1.00> <Adapter> <Opcode : 'read' 'write' 'readreq' 'writereq' 'writeresp'>
ST_51 : Operation 1456 [1/7] (7.30ns)   --->   "%gmem4_load_43_req = readreq i1 @_ssdm_op_ReadReq.m_axi.i32P1A, i32 %gmem4_addr_43, i32 1" [src/gtsrb_cnn.cpp:87]   --->   Operation 1456 'readreq' 'gmem4_load_43_req' <Predicate = (!icmp_ln83)> <Delay = 7.30> <CoreInst = "m_axi">   --->   Core 121 'm_axi' <Latency = 0> <II = 1> <Delay = 1.00> <Adapter> <Opcode : 'read' 'write' 'readreq' 'writereq' 'writeresp'>
ST_51 : Operation 1457 [2/7] (7.30ns)   --->   "%gmem4_load_44_req = readreq i1 @_ssdm_op_ReadReq.m_axi.i32P1A, i32 %gmem4_addr_44, i32 1" [src/gtsrb_cnn.cpp:87]   --->   Operation 1457 'readreq' 'gmem4_load_44_req' <Predicate = (!icmp_ln83)> <Delay = 7.30> <CoreInst = "m_axi">   --->   Core 121 'm_axi' <Latency = 0> <II = 1> <Delay = 1.00> <Adapter> <Opcode : 'read' 'write' 'readreq' 'writereq' 'writeresp'>
ST_51 : Operation 1458 [3/7] (7.30ns)   --->   "%gmem4_load_45_req = readreq i1 @_ssdm_op_ReadReq.m_axi.i32P1A, i32 %gmem4_addr_45, i32 1" [src/gtsrb_cnn.cpp:87]   --->   Operation 1458 'readreq' 'gmem4_load_45_req' <Predicate = (!icmp_ln83)> <Delay = 7.30> <CoreInst = "m_axi">   --->   Core 121 'm_axi' <Latency = 0> <II = 1> <Delay = 1.00> <Adapter> <Opcode : 'read' 'write' 'readreq' 'writereq' 'writeresp'>
ST_51 : Operation 1459 [4/7] (7.30ns)   --->   "%gmem4_load_46_req = readreq i1 @_ssdm_op_ReadReq.m_axi.i32P1A, i32 %gmem4_addr_46, i32 1" [src/gtsrb_cnn.cpp:87]   --->   Operation 1459 'readreq' 'gmem4_load_46_req' <Predicate = (!icmp_ln83)> <Delay = 7.30> <CoreInst = "m_axi">   --->   Core 121 'm_axi' <Latency = 0> <II = 1> <Delay = 1.00> <Adapter> <Opcode : 'read' 'write' 'readreq' 'writereq' 'writeresp'>
ST_51 : Operation 1460 [5/7] (7.30ns)   --->   "%gmem4_load_47_req = readreq i1 @_ssdm_op_ReadReq.m_axi.i32P1A, i32 %gmem4_addr_47, i32 1" [src/gtsrb_cnn.cpp:87]   --->   Operation 1460 'readreq' 'gmem4_load_47_req' <Predicate = (!icmp_ln83)> <Delay = 7.30> <CoreInst = "m_axi">   --->   Core 121 'm_axi' <Latency = 0> <II = 1> <Delay = 1.00> <Adapter> <Opcode : 'read' 'write' 'readreq' 'writereq' 'writeresp'>
ST_51 : Operation 1461 [6/7] (7.30ns)   --->   "%gmem4_load_48_req = readreq i1 @_ssdm_op_ReadReq.m_axi.i32P1A, i32 %gmem4_addr_48, i32 1" [src/gtsrb_cnn.cpp:87]   --->   Operation 1461 'readreq' 'gmem4_load_48_req' <Predicate = (!icmp_ln83)> <Delay = 7.30> <CoreInst = "m_axi">   --->   Core 121 'm_axi' <Latency = 0> <II = 1> <Delay = 1.00> <Adapter> <Opcode : 'read' 'write' 'readreq' 'writereq' 'writeresp'>
ST_51 : Operation 1462 [7/7] (7.30ns)   --->   "%gmem4_load_49_req = readreq i1 @_ssdm_op_ReadReq.m_axi.i32P1A, i32 %gmem4_addr_49, i32 1" [src/gtsrb_cnn.cpp:87]   --->   Operation 1462 'readreq' 'gmem4_load_49_req' <Predicate = (!icmp_ln83)> <Delay = 7.30> <CoreInst = "m_axi">   --->   Core 121 'm_axi' <Latency = 0> <II = 1> <Delay = 1.00> <Adapter> <Opcode : 'read' 'write' 'readreq' 'writereq' 'writeresp'>
ST_51 : Operation 1463 [1/1] (0.96ns)   --->   "%add_ln87_97 = add i12 %zext_ln87, i12 2107" [src/gtsrb_cnn.cpp:87]   --->   Operation 1463 'add' 'add_ln87_97' <Predicate = (!icmp_ln83)> <Delay = 0.96> <CoreInst = "Adder">   --->   Core 1 'Adder' <Latency = 0> <II = 1> <Delay = 0.96> <FuncUnit> <Opcode : 'add' 'sub'> <InPorts = 2> <OutPorts = 1>
ST_51 : Operation 1464 [1/1] (0.00ns)   --->   "%shl_ln87_30 = bitconcatenate i14 @_ssdm_op_BitConcatenate.i14.i12.i2, i12 %add_ln87_97, i2 0" [src/gtsrb_cnn.cpp:87]   --->   Operation 1464 'bitconcatenate' 'shl_ln87_30' <Predicate = (!icmp_ln83)> <Delay = 0.00>
ST_51 : Operation 1465 [1/1] (0.00ns)   --->   "%zext_ln87_55 = zext i14 %shl_ln87_30" [src/gtsrb_cnn.cpp:87]   --->   Operation 1465 'zext' 'zext_ln87_55' <Predicate = (!icmp_ln83)> <Delay = 0.00>
ST_51 : Operation 1466 [1/1] (1.47ns)   --->   "%add_ln87_98 = add i64 %zext_ln87_55, i64 %W_read" [src/gtsrb_cnn.cpp:87]   --->   Operation 1466 'add' 'add_ln87_98' <Predicate = (!icmp_ln83)> <Delay = 1.47> <CoreInst = "Adder">   --->   Core 1 'Adder' <Latency = 0> <II = 1> <Delay = 1.47> <FuncUnit> <Opcode : 'add' 'sub'> <InPorts = 2> <OutPorts = 1>
ST_51 : Operation 1467 [1/1] (0.00ns)   --->   "%trunc_ln87_48 = partselect i62 @_ssdm_op_PartSelect.i62.i64.i32.i32, i64 %add_ln87_98, i32 2, i32 63" [src/gtsrb_cnn.cpp:87]   --->   Operation 1467 'partselect' 'trunc_ln87_48' <Predicate = (!icmp_ln83)> <Delay = 0.00>
ST_51 : Operation 1468 [1/1] (0.00ns)   --->   "%sext_ln87_49 = sext i62 %trunc_ln87_48" [src/gtsrb_cnn.cpp:87]   --->   Operation 1468 'sext' 'sext_ln87_49' <Predicate = (!icmp_ln83)> <Delay = 0.00>
ST_51 : Operation 1469 [1/1] (0.00ns)   --->   "%gmem4_addr_50 = getelementptr i32 %gmem4, i64 %sext_ln87_49" [src/gtsrb_cnn.cpp:87]   --->   Operation 1469 'getelementptr' 'gmem4_addr_50' <Predicate = (!icmp_ln83)> <Delay = 0.00>

State 52 <SV = 51> <Delay = 7.30>
ST_52 : Operation 1470 [3/5] (6.01ns)   --->   "%acc_1_7 = fadd i32 %acc_1_6, i32 %mul9_7" [src/gtsrb_cnn.cpp:87]   --->   Operation 1470 'fadd' 'acc_1_7' <Predicate = (!icmp_ln83)> <Delay = 6.01> <CoreInst = "FAddSub_fulldsp">   --->   Core 18 'FAddSub_fulldsp' <Latency = 4> <II = 1> <Delay = 6.01> <FuncUnit> <Opcode : 'fadd' 'fsub'> <InPorts = 2> <OutPorts = 1>
ST_52 : Operation 1471 [1/4] (4.67ns)   --->   "%mul9_37 = fmul i32 %fc1_out_load_38, i32 %bitcast_ln87_38" [src/gtsrb_cnn.cpp:87]   --->   Operation 1471 'fmul' 'mul9_37' <Predicate = (!icmp_ln83)> <Delay = 4.67> <CoreInst = "FMul_maxdsp">   --->   Core 30 'FMul_maxdsp' <Latency = 3> <II = 1> <Delay = 4.67> <FuncUnit> <Opcode : 'fmul'> <InPorts = 2> <OutPorts = 1>
ST_52 : Operation 1472 [2/4] (4.67ns)   --->   "%mul9_38 = fmul i32 %fc1_out_load_39, i32 %bitcast_ln87_39" [src/gtsrb_cnn.cpp:87]   --->   Operation 1472 'fmul' 'mul9_38' <Predicate = (!icmp_ln83)> <Delay = 4.67> <CoreInst = "FMul_maxdsp">   --->   Core 30 'FMul_maxdsp' <Latency = 3> <II = 1> <Delay = 4.67> <FuncUnit> <Opcode : 'fmul'> <InPorts = 2> <OutPorts = 1>
ST_52 : Operation 1473 [3/4] (4.67ns)   --->   "%mul9_39 = fmul i32 %fc1_out_load_40, i32 %bitcast_ln87_40" [src/gtsrb_cnn.cpp:87]   --->   Operation 1473 'fmul' 'mul9_39' <Predicate = (!icmp_ln83)> <Delay = 4.67> <CoreInst = "FMul_maxdsp">   --->   Core 30 'FMul_maxdsp' <Latency = 3> <II = 1> <Delay = 4.67> <FuncUnit> <Opcode : 'fmul'> <InPorts = 2> <OutPorts = 1>
ST_52 : Operation 1474 [1/1] (0.00ns)   --->   "%bitcast_ln87_41 = bitcast i32 %gmem4_addr_42_read" [src/gtsrb_cnn.cpp:87]   --->   Operation 1474 'bitcast' 'bitcast_ln87_41' <Predicate = (!icmp_ln83)> <Delay = 0.00>
ST_52 : Operation 1475 [4/4] (4.67ns)   --->   "%mul9_40 = fmul i32 %fc1_out_load_41, i32 %bitcast_ln87_41" [src/gtsrb_cnn.cpp:87]   --->   Operation 1475 'fmul' 'mul9_40' <Predicate = (!icmp_ln83)> <Delay = 4.67> <CoreInst = "FMul_maxdsp">   --->   Core 30 'FMul_maxdsp' <Latency = 3> <II = 1> <Delay = 4.67> <FuncUnit> <Opcode : 'fmul'> <InPorts = 2> <OutPorts = 1>
ST_52 : Operation 1476 [1/1] (7.30ns)   --->   "%gmem4_addr_43_read = read i32 @_ssdm_op_Read.m_axi.i32P1A, i32 %gmem4_addr_43" [src/gtsrb_cnn.cpp:87]   --->   Operation 1476 'read' 'gmem4_addr_43_read' <Predicate = (!icmp_ln83)> <Delay = 7.30> <CoreInst = "m_axi">   --->   Core 121 'm_axi' <Latency = 0> <II = 1> <Delay = 1.00> <Adapter> <Opcode : 'read' 'write' 'readreq' 'writereq' 'writeresp'>
ST_52 : Operation 1477 [1/7] (7.30ns)   --->   "%gmem4_load_44_req = readreq i1 @_ssdm_op_ReadReq.m_axi.i32P1A, i32 %gmem4_addr_44, i32 1" [src/gtsrb_cnn.cpp:87]   --->   Operation 1477 'readreq' 'gmem4_load_44_req' <Predicate = (!icmp_ln83)> <Delay = 7.30> <CoreInst = "m_axi">   --->   Core 121 'm_axi' <Latency = 0> <II = 1> <Delay = 1.00> <Adapter> <Opcode : 'read' 'write' 'readreq' 'writereq' 'writeresp'>
ST_52 : Operation 1478 [2/7] (7.30ns)   --->   "%gmem4_load_45_req = readreq i1 @_ssdm_op_ReadReq.m_axi.i32P1A, i32 %gmem4_addr_45, i32 1" [src/gtsrb_cnn.cpp:87]   --->   Operation 1478 'readreq' 'gmem4_load_45_req' <Predicate = (!icmp_ln83)> <Delay = 7.30> <CoreInst = "m_axi">   --->   Core 121 'm_axi' <Latency = 0> <II = 1> <Delay = 1.00> <Adapter> <Opcode : 'read' 'write' 'readreq' 'writereq' 'writeresp'>
ST_52 : Operation 1479 [3/7] (7.30ns)   --->   "%gmem4_load_46_req = readreq i1 @_ssdm_op_ReadReq.m_axi.i32P1A, i32 %gmem4_addr_46, i32 1" [src/gtsrb_cnn.cpp:87]   --->   Operation 1479 'readreq' 'gmem4_load_46_req' <Predicate = (!icmp_ln83)> <Delay = 7.30> <CoreInst = "m_axi">   --->   Core 121 'm_axi' <Latency = 0> <II = 1> <Delay = 1.00> <Adapter> <Opcode : 'read' 'write' 'readreq' 'writereq' 'writeresp'>
ST_52 : Operation 1480 [4/7] (7.30ns)   --->   "%gmem4_load_47_req = readreq i1 @_ssdm_op_ReadReq.m_axi.i32P1A, i32 %gmem4_addr_47, i32 1" [src/gtsrb_cnn.cpp:87]   --->   Operation 1480 'readreq' 'gmem4_load_47_req' <Predicate = (!icmp_ln83)> <Delay = 7.30> <CoreInst = "m_axi">   --->   Core 121 'm_axi' <Latency = 0> <II = 1> <Delay = 1.00> <Adapter> <Opcode : 'read' 'write' 'readreq' 'writereq' 'writeresp'>
ST_52 : Operation 1481 [5/7] (7.30ns)   --->   "%gmem4_load_48_req = readreq i1 @_ssdm_op_ReadReq.m_axi.i32P1A, i32 %gmem4_addr_48, i32 1" [src/gtsrb_cnn.cpp:87]   --->   Operation 1481 'readreq' 'gmem4_load_48_req' <Predicate = (!icmp_ln83)> <Delay = 7.30> <CoreInst = "m_axi">   --->   Core 121 'm_axi' <Latency = 0> <II = 1> <Delay = 1.00> <Adapter> <Opcode : 'read' 'write' 'readreq' 'writereq' 'writeresp'>
ST_52 : Operation 1482 [6/7] (7.30ns)   --->   "%gmem4_load_49_req = readreq i1 @_ssdm_op_ReadReq.m_axi.i32P1A, i32 %gmem4_addr_49, i32 1" [src/gtsrb_cnn.cpp:87]   --->   Operation 1482 'readreq' 'gmem4_load_49_req' <Predicate = (!icmp_ln83)> <Delay = 7.30> <CoreInst = "m_axi">   --->   Core 121 'm_axi' <Latency = 0> <II = 1> <Delay = 1.00> <Adapter> <Opcode : 'read' 'write' 'readreq' 'writereq' 'writeresp'>
ST_52 : Operation 1483 [7/7] (7.30ns)   --->   "%gmem4_load_50_req = readreq i1 @_ssdm_op_ReadReq.m_axi.i32P1A, i32 %gmem4_addr_50, i32 1" [src/gtsrb_cnn.cpp:87]   --->   Operation 1483 'readreq' 'gmem4_load_50_req' <Predicate = (!icmp_ln83)> <Delay = 7.30> <CoreInst = "m_axi">   --->   Core 121 'm_axi' <Latency = 0> <II = 1> <Delay = 1.00> <Adapter> <Opcode : 'read' 'write' 'readreq' 'writereq' 'writeresp'>
ST_52 : Operation 1484 [1/1] (0.96ns)   --->   "%add_ln87_99 = add i12 %zext_ln87, i12 2150" [src/gtsrb_cnn.cpp:87]   --->   Operation 1484 'add' 'add_ln87_99' <Predicate = (!icmp_ln83)> <Delay = 0.96> <CoreInst = "Adder">   --->   Core 1 'Adder' <Latency = 0> <II = 1> <Delay = 0.96> <FuncUnit> <Opcode : 'add' 'sub'> <InPorts = 2> <OutPorts = 1>
ST_52 : Operation 1485 [1/1] (0.00ns)   --->   "%shl_ln87_31 = bitconcatenate i14 @_ssdm_op_BitConcatenate.i14.i12.i2, i12 %add_ln87_99, i2 0" [src/gtsrb_cnn.cpp:87]   --->   Operation 1485 'bitconcatenate' 'shl_ln87_31' <Predicate = (!icmp_ln83)> <Delay = 0.00>
ST_52 : Operation 1486 [1/1] (0.00ns)   --->   "%zext_ln87_56 = zext i14 %shl_ln87_31" [src/gtsrb_cnn.cpp:87]   --->   Operation 1486 'zext' 'zext_ln87_56' <Predicate = (!icmp_ln83)> <Delay = 0.00>
ST_52 : Operation 1487 [1/1] (1.47ns)   --->   "%add_ln87_100 = add i64 %zext_ln87_56, i64 %W_read" [src/gtsrb_cnn.cpp:87]   --->   Operation 1487 'add' 'add_ln87_100' <Predicate = (!icmp_ln83)> <Delay = 1.47> <CoreInst = "Adder">   --->   Core 1 'Adder' <Latency = 0> <II = 1> <Delay = 1.47> <FuncUnit> <Opcode : 'add' 'sub'> <InPorts = 2> <OutPorts = 1>
ST_52 : Operation 1488 [1/1] (0.00ns)   --->   "%trunc_ln87_49 = partselect i62 @_ssdm_op_PartSelect.i62.i64.i32.i32, i64 %add_ln87_100, i32 2, i32 63" [src/gtsrb_cnn.cpp:87]   --->   Operation 1488 'partselect' 'trunc_ln87_49' <Predicate = (!icmp_ln83)> <Delay = 0.00>
ST_52 : Operation 1489 [1/1] (0.00ns)   --->   "%sext_ln87_50 = sext i62 %trunc_ln87_49" [src/gtsrb_cnn.cpp:87]   --->   Operation 1489 'sext' 'sext_ln87_50' <Predicate = (!icmp_ln83)> <Delay = 0.00>
ST_52 : Operation 1490 [1/1] (0.00ns)   --->   "%gmem4_addr_51 = getelementptr i32 %gmem4, i64 %sext_ln87_50" [src/gtsrb_cnn.cpp:87]   --->   Operation 1490 'getelementptr' 'gmem4_addr_51' <Predicate = (!icmp_ln83)> <Delay = 0.00>

State 53 <SV = 52> <Delay = 7.30>
ST_53 : Operation 1491 [2/5] (6.01ns)   --->   "%acc_1_7 = fadd i32 %acc_1_6, i32 %mul9_7" [src/gtsrb_cnn.cpp:87]   --->   Operation 1491 'fadd' 'acc_1_7' <Predicate = (!icmp_ln83)> <Delay = 6.01> <CoreInst = "FAddSub_fulldsp">   --->   Core 18 'FAddSub_fulldsp' <Latency = 4> <II = 1> <Delay = 6.01> <FuncUnit> <Opcode : 'fadd' 'fsub'> <InPorts = 2> <OutPorts = 1>
ST_53 : Operation 1492 [1/4] (4.67ns)   --->   "%mul9_38 = fmul i32 %fc1_out_load_39, i32 %bitcast_ln87_39" [src/gtsrb_cnn.cpp:87]   --->   Operation 1492 'fmul' 'mul9_38' <Predicate = (!icmp_ln83)> <Delay = 4.67> <CoreInst = "FMul_maxdsp">   --->   Core 30 'FMul_maxdsp' <Latency = 3> <II = 1> <Delay = 4.67> <FuncUnit> <Opcode : 'fmul'> <InPorts = 2> <OutPorts = 1>
ST_53 : Operation 1493 [2/4] (4.67ns)   --->   "%mul9_39 = fmul i32 %fc1_out_load_40, i32 %bitcast_ln87_40" [src/gtsrb_cnn.cpp:87]   --->   Operation 1493 'fmul' 'mul9_39' <Predicate = (!icmp_ln83)> <Delay = 4.67> <CoreInst = "FMul_maxdsp">   --->   Core 30 'FMul_maxdsp' <Latency = 3> <II = 1> <Delay = 4.67> <FuncUnit> <Opcode : 'fmul'> <InPorts = 2> <OutPorts = 1>
ST_53 : Operation 1494 [3/4] (4.67ns)   --->   "%mul9_40 = fmul i32 %fc1_out_load_41, i32 %bitcast_ln87_41" [src/gtsrb_cnn.cpp:87]   --->   Operation 1494 'fmul' 'mul9_40' <Predicate = (!icmp_ln83)> <Delay = 4.67> <CoreInst = "FMul_maxdsp">   --->   Core 30 'FMul_maxdsp' <Latency = 3> <II = 1> <Delay = 4.67> <FuncUnit> <Opcode : 'fmul'> <InPorts = 2> <OutPorts = 1>
ST_53 : Operation 1495 [1/1] (0.00ns)   --->   "%bitcast_ln87_42 = bitcast i32 %gmem4_addr_43_read" [src/gtsrb_cnn.cpp:87]   --->   Operation 1495 'bitcast' 'bitcast_ln87_42' <Predicate = (!icmp_ln83)> <Delay = 0.00>
ST_53 : Operation 1496 [4/4] (4.67ns)   --->   "%mul9_41 = fmul i32 %fc1_out_load_42, i32 %bitcast_ln87_42" [src/gtsrb_cnn.cpp:87]   --->   Operation 1496 'fmul' 'mul9_41' <Predicate = (!icmp_ln83)> <Delay = 4.67> <CoreInst = "FMul_maxdsp">   --->   Core 30 'FMul_maxdsp' <Latency = 3> <II = 1> <Delay = 4.67> <FuncUnit> <Opcode : 'fmul'> <InPorts = 2> <OutPorts = 1>
ST_53 : Operation 1497 [1/1] (7.30ns)   --->   "%gmem4_addr_44_read = read i32 @_ssdm_op_Read.m_axi.i32P1A, i32 %gmem4_addr_44" [src/gtsrb_cnn.cpp:87]   --->   Operation 1497 'read' 'gmem4_addr_44_read' <Predicate = (!icmp_ln83)> <Delay = 7.30> <CoreInst = "m_axi">   --->   Core 121 'm_axi' <Latency = 0> <II = 1> <Delay = 1.00> <Adapter> <Opcode : 'read' 'write' 'readreq' 'writereq' 'writeresp'>
ST_53 : Operation 1498 [1/7] (7.30ns)   --->   "%gmem4_load_45_req = readreq i1 @_ssdm_op_ReadReq.m_axi.i32P1A, i32 %gmem4_addr_45, i32 1" [src/gtsrb_cnn.cpp:87]   --->   Operation 1498 'readreq' 'gmem4_load_45_req' <Predicate = (!icmp_ln83)> <Delay = 7.30> <CoreInst = "m_axi">   --->   Core 121 'm_axi' <Latency = 0> <II = 1> <Delay = 1.00> <Adapter> <Opcode : 'read' 'write' 'readreq' 'writereq' 'writeresp'>
ST_53 : Operation 1499 [2/7] (7.30ns)   --->   "%gmem4_load_46_req = readreq i1 @_ssdm_op_ReadReq.m_axi.i32P1A, i32 %gmem4_addr_46, i32 1" [src/gtsrb_cnn.cpp:87]   --->   Operation 1499 'readreq' 'gmem4_load_46_req' <Predicate = (!icmp_ln83)> <Delay = 7.30> <CoreInst = "m_axi">   --->   Core 121 'm_axi' <Latency = 0> <II = 1> <Delay = 1.00> <Adapter> <Opcode : 'read' 'write' 'readreq' 'writereq' 'writeresp'>
ST_53 : Operation 1500 [3/7] (7.30ns)   --->   "%gmem4_load_47_req = readreq i1 @_ssdm_op_ReadReq.m_axi.i32P1A, i32 %gmem4_addr_47, i32 1" [src/gtsrb_cnn.cpp:87]   --->   Operation 1500 'readreq' 'gmem4_load_47_req' <Predicate = (!icmp_ln83)> <Delay = 7.30> <CoreInst = "m_axi">   --->   Core 121 'm_axi' <Latency = 0> <II = 1> <Delay = 1.00> <Adapter> <Opcode : 'read' 'write' 'readreq' 'writereq' 'writeresp'>
ST_53 : Operation 1501 [4/7] (7.30ns)   --->   "%gmem4_load_48_req = readreq i1 @_ssdm_op_ReadReq.m_axi.i32P1A, i32 %gmem4_addr_48, i32 1" [src/gtsrb_cnn.cpp:87]   --->   Operation 1501 'readreq' 'gmem4_load_48_req' <Predicate = (!icmp_ln83)> <Delay = 7.30> <CoreInst = "m_axi">   --->   Core 121 'm_axi' <Latency = 0> <II = 1> <Delay = 1.00> <Adapter> <Opcode : 'read' 'write' 'readreq' 'writereq' 'writeresp'>
ST_53 : Operation 1502 [5/7] (7.30ns)   --->   "%gmem4_load_49_req = readreq i1 @_ssdm_op_ReadReq.m_axi.i32P1A, i32 %gmem4_addr_49, i32 1" [src/gtsrb_cnn.cpp:87]   --->   Operation 1502 'readreq' 'gmem4_load_49_req' <Predicate = (!icmp_ln83)> <Delay = 7.30> <CoreInst = "m_axi">   --->   Core 121 'm_axi' <Latency = 0> <II = 1> <Delay = 1.00> <Adapter> <Opcode : 'read' 'write' 'readreq' 'writereq' 'writeresp'>
ST_53 : Operation 1503 [6/7] (7.30ns)   --->   "%gmem4_load_50_req = readreq i1 @_ssdm_op_ReadReq.m_axi.i32P1A, i32 %gmem4_addr_50, i32 1" [src/gtsrb_cnn.cpp:87]   --->   Operation 1503 'readreq' 'gmem4_load_50_req' <Predicate = (!icmp_ln83)> <Delay = 7.30> <CoreInst = "m_axi">   --->   Core 121 'm_axi' <Latency = 0> <II = 1> <Delay = 1.00> <Adapter> <Opcode : 'read' 'write' 'readreq' 'writereq' 'writeresp'>
ST_53 : Operation 1504 [7/7] (7.30ns)   --->   "%gmem4_load_51_req = readreq i1 @_ssdm_op_ReadReq.m_axi.i32P1A, i32 %gmem4_addr_51, i32 1" [src/gtsrb_cnn.cpp:87]   --->   Operation 1504 'readreq' 'gmem4_load_51_req' <Predicate = (!icmp_ln83)> <Delay = 7.30> <CoreInst = "m_axi">   --->   Core 121 'm_axi' <Latency = 0> <II = 1> <Delay = 1.00> <Adapter> <Opcode : 'read' 'write' 'readreq' 'writereq' 'writeresp'>
ST_53 : Operation 1505 [1/1] (0.96ns)   --->   "%add_ln87_101 = add i12 %zext_ln87, i12 2193" [src/gtsrb_cnn.cpp:87]   --->   Operation 1505 'add' 'add_ln87_101' <Predicate = (!icmp_ln83)> <Delay = 0.96> <CoreInst = "Adder">   --->   Core 1 'Adder' <Latency = 0> <II = 1> <Delay = 0.96> <FuncUnit> <Opcode : 'add' 'sub'> <InPorts = 2> <OutPorts = 1>
ST_53 : Operation 1506 [1/1] (0.00ns)   --->   "%shl_ln87_32 = bitconcatenate i14 @_ssdm_op_BitConcatenate.i14.i12.i2, i12 %add_ln87_101, i2 0" [src/gtsrb_cnn.cpp:87]   --->   Operation 1506 'bitconcatenate' 'shl_ln87_32' <Predicate = (!icmp_ln83)> <Delay = 0.00>
ST_53 : Operation 1507 [1/1] (0.00ns)   --->   "%zext_ln87_57 = zext i14 %shl_ln87_32" [src/gtsrb_cnn.cpp:87]   --->   Operation 1507 'zext' 'zext_ln87_57' <Predicate = (!icmp_ln83)> <Delay = 0.00>
ST_53 : Operation 1508 [1/1] (1.47ns)   --->   "%add_ln87_102 = add i64 %zext_ln87_57, i64 %W_read" [src/gtsrb_cnn.cpp:87]   --->   Operation 1508 'add' 'add_ln87_102' <Predicate = (!icmp_ln83)> <Delay = 1.47> <CoreInst = "Adder">   --->   Core 1 'Adder' <Latency = 0> <II = 1> <Delay = 1.47> <FuncUnit> <Opcode : 'add' 'sub'> <InPorts = 2> <OutPorts = 1>
ST_53 : Operation 1509 [1/1] (0.00ns)   --->   "%trunc_ln87_50 = partselect i62 @_ssdm_op_PartSelect.i62.i64.i32.i32, i64 %add_ln87_102, i32 2, i32 63" [src/gtsrb_cnn.cpp:87]   --->   Operation 1509 'partselect' 'trunc_ln87_50' <Predicate = (!icmp_ln83)> <Delay = 0.00>
ST_53 : Operation 1510 [1/1] (0.00ns)   --->   "%sext_ln87_51 = sext i62 %trunc_ln87_50" [src/gtsrb_cnn.cpp:87]   --->   Operation 1510 'sext' 'sext_ln87_51' <Predicate = (!icmp_ln83)> <Delay = 0.00>
ST_53 : Operation 1511 [1/1] (0.00ns)   --->   "%gmem4_addr_52 = getelementptr i32 %gmem4, i64 %sext_ln87_51" [src/gtsrb_cnn.cpp:87]   --->   Operation 1511 'getelementptr' 'gmem4_addr_52' <Predicate = (!icmp_ln83)> <Delay = 0.00>

State 54 <SV = 53> <Delay = 7.30>
ST_54 : Operation 1512 [1/5] (6.01ns)   --->   "%acc_1_7 = fadd i32 %acc_1_6, i32 %mul9_7" [src/gtsrb_cnn.cpp:87]   --->   Operation 1512 'fadd' 'acc_1_7' <Predicate = (!icmp_ln83)> <Delay = 6.01> <CoreInst = "FAddSub_fulldsp">   --->   Core 18 'FAddSub_fulldsp' <Latency = 4> <II = 1> <Delay = 6.01> <FuncUnit> <Opcode : 'fadd' 'fsub'> <InPorts = 2> <OutPorts = 1>
ST_54 : Operation 1513 [1/4] (4.67ns)   --->   "%mul9_39 = fmul i32 %fc1_out_load_40, i32 %bitcast_ln87_40" [src/gtsrb_cnn.cpp:87]   --->   Operation 1513 'fmul' 'mul9_39' <Predicate = (!icmp_ln83)> <Delay = 4.67> <CoreInst = "FMul_maxdsp">   --->   Core 30 'FMul_maxdsp' <Latency = 3> <II = 1> <Delay = 4.67> <FuncUnit> <Opcode : 'fmul'> <InPorts = 2> <OutPorts = 1>
ST_54 : Operation 1514 [2/4] (4.67ns)   --->   "%mul9_40 = fmul i32 %fc1_out_load_41, i32 %bitcast_ln87_41" [src/gtsrb_cnn.cpp:87]   --->   Operation 1514 'fmul' 'mul9_40' <Predicate = (!icmp_ln83)> <Delay = 4.67> <CoreInst = "FMul_maxdsp">   --->   Core 30 'FMul_maxdsp' <Latency = 3> <II = 1> <Delay = 4.67> <FuncUnit> <Opcode : 'fmul'> <InPorts = 2> <OutPorts = 1>
ST_54 : Operation 1515 [3/4] (4.67ns)   --->   "%mul9_41 = fmul i32 %fc1_out_load_42, i32 %bitcast_ln87_42" [src/gtsrb_cnn.cpp:87]   --->   Operation 1515 'fmul' 'mul9_41' <Predicate = (!icmp_ln83)> <Delay = 4.67> <CoreInst = "FMul_maxdsp">   --->   Core 30 'FMul_maxdsp' <Latency = 3> <II = 1> <Delay = 4.67> <FuncUnit> <Opcode : 'fmul'> <InPorts = 2> <OutPorts = 1>
ST_54 : Operation 1516 [1/1] (0.00ns)   --->   "%bitcast_ln87_43 = bitcast i32 %gmem4_addr_44_read" [src/gtsrb_cnn.cpp:87]   --->   Operation 1516 'bitcast' 'bitcast_ln87_43' <Predicate = (!icmp_ln83)> <Delay = 0.00>
ST_54 : Operation 1517 [4/4] (4.67ns)   --->   "%mul9_42 = fmul i32 %fc1_out_load_43, i32 %bitcast_ln87_43" [src/gtsrb_cnn.cpp:87]   --->   Operation 1517 'fmul' 'mul9_42' <Predicate = (!icmp_ln83)> <Delay = 4.67> <CoreInst = "FMul_maxdsp">   --->   Core 30 'FMul_maxdsp' <Latency = 3> <II = 1> <Delay = 4.67> <FuncUnit> <Opcode : 'fmul'> <InPorts = 2> <OutPorts = 1>
ST_54 : Operation 1518 [1/1] (7.30ns)   --->   "%gmem4_addr_45_read = read i32 @_ssdm_op_Read.m_axi.i32P1A, i32 %gmem4_addr_45" [src/gtsrb_cnn.cpp:87]   --->   Operation 1518 'read' 'gmem4_addr_45_read' <Predicate = (!icmp_ln83)> <Delay = 7.30> <CoreInst = "m_axi">   --->   Core 121 'm_axi' <Latency = 0> <II = 1> <Delay = 1.00> <Adapter> <Opcode : 'read' 'write' 'readreq' 'writereq' 'writeresp'>
ST_54 : Operation 1519 [1/7] (7.30ns)   --->   "%gmem4_load_46_req = readreq i1 @_ssdm_op_ReadReq.m_axi.i32P1A, i32 %gmem4_addr_46, i32 1" [src/gtsrb_cnn.cpp:87]   --->   Operation 1519 'readreq' 'gmem4_load_46_req' <Predicate = (!icmp_ln83)> <Delay = 7.30> <CoreInst = "m_axi">   --->   Core 121 'm_axi' <Latency = 0> <II = 1> <Delay = 1.00> <Adapter> <Opcode : 'read' 'write' 'readreq' 'writereq' 'writeresp'>
ST_54 : Operation 1520 [2/7] (7.30ns)   --->   "%gmem4_load_47_req = readreq i1 @_ssdm_op_ReadReq.m_axi.i32P1A, i32 %gmem4_addr_47, i32 1" [src/gtsrb_cnn.cpp:87]   --->   Operation 1520 'readreq' 'gmem4_load_47_req' <Predicate = (!icmp_ln83)> <Delay = 7.30> <CoreInst = "m_axi">   --->   Core 121 'm_axi' <Latency = 0> <II = 1> <Delay = 1.00> <Adapter> <Opcode : 'read' 'write' 'readreq' 'writereq' 'writeresp'>
ST_54 : Operation 1521 [3/7] (7.30ns)   --->   "%gmem4_load_48_req = readreq i1 @_ssdm_op_ReadReq.m_axi.i32P1A, i32 %gmem4_addr_48, i32 1" [src/gtsrb_cnn.cpp:87]   --->   Operation 1521 'readreq' 'gmem4_load_48_req' <Predicate = (!icmp_ln83)> <Delay = 7.30> <CoreInst = "m_axi">   --->   Core 121 'm_axi' <Latency = 0> <II = 1> <Delay = 1.00> <Adapter> <Opcode : 'read' 'write' 'readreq' 'writereq' 'writeresp'>
ST_54 : Operation 1522 [4/7] (7.30ns)   --->   "%gmem4_load_49_req = readreq i1 @_ssdm_op_ReadReq.m_axi.i32P1A, i32 %gmem4_addr_49, i32 1" [src/gtsrb_cnn.cpp:87]   --->   Operation 1522 'readreq' 'gmem4_load_49_req' <Predicate = (!icmp_ln83)> <Delay = 7.30> <CoreInst = "m_axi">   --->   Core 121 'm_axi' <Latency = 0> <II = 1> <Delay = 1.00> <Adapter> <Opcode : 'read' 'write' 'readreq' 'writereq' 'writeresp'>
ST_54 : Operation 1523 [5/7] (7.30ns)   --->   "%gmem4_load_50_req = readreq i1 @_ssdm_op_ReadReq.m_axi.i32P1A, i32 %gmem4_addr_50, i32 1" [src/gtsrb_cnn.cpp:87]   --->   Operation 1523 'readreq' 'gmem4_load_50_req' <Predicate = (!icmp_ln83)> <Delay = 7.30> <CoreInst = "m_axi">   --->   Core 121 'm_axi' <Latency = 0> <II = 1> <Delay = 1.00> <Adapter> <Opcode : 'read' 'write' 'readreq' 'writereq' 'writeresp'>
ST_54 : Operation 1524 [6/7] (7.30ns)   --->   "%gmem4_load_51_req = readreq i1 @_ssdm_op_ReadReq.m_axi.i32P1A, i32 %gmem4_addr_51, i32 1" [src/gtsrb_cnn.cpp:87]   --->   Operation 1524 'readreq' 'gmem4_load_51_req' <Predicate = (!icmp_ln83)> <Delay = 7.30> <CoreInst = "m_axi">   --->   Core 121 'm_axi' <Latency = 0> <II = 1> <Delay = 1.00> <Adapter> <Opcode : 'read' 'write' 'readreq' 'writereq' 'writeresp'>
ST_54 : Operation 1525 [7/7] (7.30ns)   --->   "%gmem4_load_52_req = readreq i1 @_ssdm_op_ReadReq.m_axi.i32P1A, i32 %gmem4_addr_52, i32 1" [src/gtsrb_cnn.cpp:87]   --->   Operation 1525 'readreq' 'gmem4_load_52_req' <Predicate = (!icmp_ln83)> <Delay = 7.30> <CoreInst = "m_axi">   --->   Core 121 'm_axi' <Latency = 0> <II = 1> <Delay = 1.00> <Adapter> <Opcode : 'read' 'write' 'readreq' 'writereq' 'writeresp'>
ST_54 : Operation 1526 [1/1] (0.96ns)   --->   "%add_ln87_103 = add i12 %zext_ln87, i12 2236" [src/gtsrb_cnn.cpp:87]   --->   Operation 1526 'add' 'add_ln87_103' <Predicate = (!icmp_ln83)> <Delay = 0.96> <CoreInst = "Adder">   --->   Core 1 'Adder' <Latency = 0> <II = 1> <Delay = 0.96> <FuncUnit> <Opcode : 'add' 'sub'> <InPorts = 2> <OutPorts = 1>
ST_54 : Operation 1527 [1/1] (0.00ns)   --->   "%shl_ln87_33 = bitconcatenate i14 @_ssdm_op_BitConcatenate.i14.i12.i2, i12 %add_ln87_103, i2 0" [src/gtsrb_cnn.cpp:87]   --->   Operation 1527 'bitconcatenate' 'shl_ln87_33' <Predicate = (!icmp_ln83)> <Delay = 0.00>
ST_54 : Operation 1528 [1/1] (0.00ns)   --->   "%zext_ln87_58 = zext i14 %shl_ln87_33" [src/gtsrb_cnn.cpp:87]   --->   Operation 1528 'zext' 'zext_ln87_58' <Predicate = (!icmp_ln83)> <Delay = 0.00>
ST_54 : Operation 1529 [1/1] (1.47ns)   --->   "%add_ln87_104 = add i64 %zext_ln87_58, i64 %W_read" [src/gtsrb_cnn.cpp:87]   --->   Operation 1529 'add' 'add_ln87_104' <Predicate = (!icmp_ln83)> <Delay = 1.47> <CoreInst = "Adder">   --->   Core 1 'Adder' <Latency = 0> <II = 1> <Delay = 1.47> <FuncUnit> <Opcode : 'add' 'sub'> <InPorts = 2> <OutPorts = 1>
ST_54 : Operation 1530 [1/1] (0.00ns)   --->   "%trunc_ln87_51 = partselect i62 @_ssdm_op_PartSelect.i62.i64.i32.i32, i64 %add_ln87_104, i32 2, i32 63" [src/gtsrb_cnn.cpp:87]   --->   Operation 1530 'partselect' 'trunc_ln87_51' <Predicate = (!icmp_ln83)> <Delay = 0.00>
ST_54 : Operation 1531 [1/1] (0.00ns)   --->   "%sext_ln87_52 = sext i62 %trunc_ln87_51" [src/gtsrb_cnn.cpp:87]   --->   Operation 1531 'sext' 'sext_ln87_52' <Predicate = (!icmp_ln83)> <Delay = 0.00>
ST_54 : Operation 1532 [1/1] (0.00ns)   --->   "%gmem4_addr_53 = getelementptr i32 %gmem4, i64 %sext_ln87_52" [src/gtsrb_cnn.cpp:87]   --->   Operation 1532 'getelementptr' 'gmem4_addr_53' <Predicate = (!icmp_ln83)> <Delay = 0.00>

State 55 <SV = 54> <Delay = 7.30>
ST_55 : Operation 1533 [5/5] (6.01ns)   --->   "%acc_1_8 = fadd i32 %acc_1_7, i32 %mul9_8" [src/gtsrb_cnn.cpp:87]   --->   Operation 1533 'fadd' 'acc_1_8' <Predicate = (!icmp_ln83)> <Delay = 6.01> <CoreInst = "FAddSub_fulldsp">   --->   Core 18 'FAddSub_fulldsp' <Latency = 4> <II = 1> <Delay = 6.01> <FuncUnit> <Opcode : 'fadd' 'fsub'> <InPorts = 2> <OutPorts = 1>
ST_55 : Operation 1534 [1/4] (4.67ns)   --->   "%mul9_40 = fmul i32 %fc1_out_load_41, i32 %bitcast_ln87_41" [src/gtsrb_cnn.cpp:87]   --->   Operation 1534 'fmul' 'mul9_40' <Predicate = (!icmp_ln83)> <Delay = 4.67> <CoreInst = "FMul_maxdsp">   --->   Core 30 'FMul_maxdsp' <Latency = 3> <II = 1> <Delay = 4.67> <FuncUnit> <Opcode : 'fmul'> <InPorts = 2> <OutPorts = 1>
ST_55 : Operation 1535 [2/4] (4.67ns)   --->   "%mul9_41 = fmul i32 %fc1_out_load_42, i32 %bitcast_ln87_42" [src/gtsrb_cnn.cpp:87]   --->   Operation 1535 'fmul' 'mul9_41' <Predicate = (!icmp_ln83)> <Delay = 4.67> <CoreInst = "FMul_maxdsp">   --->   Core 30 'FMul_maxdsp' <Latency = 3> <II = 1> <Delay = 4.67> <FuncUnit> <Opcode : 'fmul'> <InPorts = 2> <OutPorts = 1>
ST_55 : Operation 1536 [3/4] (4.67ns)   --->   "%mul9_42 = fmul i32 %fc1_out_load_43, i32 %bitcast_ln87_43" [src/gtsrb_cnn.cpp:87]   --->   Operation 1536 'fmul' 'mul9_42' <Predicate = (!icmp_ln83)> <Delay = 4.67> <CoreInst = "FMul_maxdsp">   --->   Core 30 'FMul_maxdsp' <Latency = 3> <II = 1> <Delay = 4.67> <FuncUnit> <Opcode : 'fmul'> <InPorts = 2> <OutPorts = 1>
ST_55 : Operation 1537 [1/1] (0.00ns)   --->   "%bitcast_ln87_44 = bitcast i32 %gmem4_addr_45_read" [src/gtsrb_cnn.cpp:87]   --->   Operation 1537 'bitcast' 'bitcast_ln87_44' <Predicate = (!icmp_ln83)> <Delay = 0.00>
ST_55 : Operation 1538 [4/4] (4.67ns)   --->   "%mul9_43 = fmul i32 %fc1_out_load_44, i32 %bitcast_ln87_44" [src/gtsrb_cnn.cpp:87]   --->   Operation 1538 'fmul' 'mul9_43' <Predicate = (!icmp_ln83)> <Delay = 4.67> <CoreInst = "FMul_maxdsp">   --->   Core 30 'FMul_maxdsp' <Latency = 3> <II = 1> <Delay = 4.67> <FuncUnit> <Opcode : 'fmul'> <InPorts = 2> <OutPorts = 1>
ST_55 : Operation 1539 [1/1] (7.30ns)   --->   "%gmem4_addr_46_read = read i32 @_ssdm_op_Read.m_axi.i32P1A, i32 %gmem4_addr_46" [src/gtsrb_cnn.cpp:87]   --->   Operation 1539 'read' 'gmem4_addr_46_read' <Predicate = (!icmp_ln83)> <Delay = 7.30> <CoreInst = "m_axi">   --->   Core 121 'm_axi' <Latency = 0> <II = 1> <Delay = 1.00> <Adapter> <Opcode : 'read' 'write' 'readreq' 'writereq' 'writeresp'>
ST_55 : Operation 1540 [1/7] (7.30ns)   --->   "%gmem4_load_47_req = readreq i1 @_ssdm_op_ReadReq.m_axi.i32P1A, i32 %gmem4_addr_47, i32 1" [src/gtsrb_cnn.cpp:87]   --->   Operation 1540 'readreq' 'gmem4_load_47_req' <Predicate = (!icmp_ln83)> <Delay = 7.30> <CoreInst = "m_axi">   --->   Core 121 'm_axi' <Latency = 0> <II = 1> <Delay = 1.00> <Adapter> <Opcode : 'read' 'write' 'readreq' 'writereq' 'writeresp'>
ST_55 : Operation 1541 [2/7] (7.30ns)   --->   "%gmem4_load_48_req = readreq i1 @_ssdm_op_ReadReq.m_axi.i32P1A, i32 %gmem4_addr_48, i32 1" [src/gtsrb_cnn.cpp:87]   --->   Operation 1541 'readreq' 'gmem4_load_48_req' <Predicate = (!icmp_ln83)> <Delay = 7.30> <CoreInst = "m_axi">   --->   Core 121 'm_axi' <Latency = 0> <II = 1> <Delay = 1.00> <Adapter> <Opcode : 'read' 'write' 'readreq' 'writereq' 'writeresp'>
ST_55 : Operation 1542 [3/7] (7.30ns)   --->   "%gmem4_load_49_req = readreq i1 @_ssdm_op_ReadReq.m_axi.i32P1A, i32 %gmem4_addr_49, i32 1" [src/gtsrb_cnn.cpp:87]   --->   Operation 1542 'readreq' 'gmem4_load_49_req' <Predicate = (!icmp_ln83)> <Delay = 7.30> <CoreInst = "m_axi">   --->   Core 121 'm_axi' <Latency = 0> <II = 1> <Delay = 1.00> <Adapter> <Opcode : 'read' 'write' 'readreq' 'writereq' 'writeresp'>
ST_55 : Operation 1543 [4/7] (7.30ns)   --->   "%gmem4_load_50_req = readreq i1 @_ssdm_op_ReadReq.m_axi.i32P1A, i32 %gmem4_addr_50, i32 1" [src/gtsrb_cnn.cpp:87]   --->   Operation 1543 'readreq' 'gmem4_load_50_req' <Predicate = (!icmp_ln83)> <Delay = 7.30> <CoreInst = "m_axi">   --->   Core 121 'm_axi' <Latency = 0> <II = 1> <Delay = 1.00> <Adapter> <Opcode : 'read' 'write' 'readreq' 'writereq' 'writeresp'>
ST_55 : Operation 1544 [5/7] (7.30ns)   --->   "%gmem4_load_51_req = readreq i1 @_ssdm_op_ReadReq.m_axi.i32P1A, i32 %gmem4_addr_51, i32 1" [src/gtsrb_cnn.cpp:87]   --->   Operation 1544 'readreq' 'gmem4_load_51_req' <Predicate = (!icmp_ln83)> <Delay = 7.30> <CoreInst = "m_axi">   --->   Core 121 'm_axi' <Latency = 0> <II = 1> <Delay = 1.00> <Adapter> <Opcode : 'read' 'write' 'readreq' 'writereq' 'writeresp'>
ST_55 : Operation 1545 [6/7] (7.30ns)   --->   "%gmem4_load_52_req = readreq i1 @_ssdm_op_ReadReq.m_axi.i32P1A, i32 %gmem4_addr_52, i32 1" [src/gtsrb_cnn.cpp:87]   --->   Operation 1545 'readreq' 'gmem4_load_52_req' <Predicate = (!icmp_ln83)> <Delay = 7.30> <CoreInst = "m_axi">   --->   Core 121 'm_axi' <Latency = 0> <II = 1> <Delay = 1.00> <Adapter> <Opcode : 'read' 'write' 'readreq' 'writereq' 'writeresp'>
ST_55 : Operation 1546 [7/7] (7.30ns)   --->   "%gmem4_load_53_req = readreq i1 @_ssdm_op_ReadReq.m_axi.i32P1A, i32 %gmem4_addr_53, i32 1" [src/gtsrb_cnn.cpp:87]   --->   Operation 1546 'readreq' 'gmem4_load_53_req' <Predicate = (!icmp_ln83)> <Delay = 7.30> <CoreInst = "m_axi">   --->   Core 121 'm_axi' <Latency = 0> <II = 1> <Delay = 1.00> <Adapter> <Opcode : 'read' 'write' 'readreq' 'writereq' 'writeresp'>
ST_55 : Operation 1547 [1/1] (0.96ns)   --->   "%add_ln87_105 = add i12 %zext_ln87, i12 2279" [src/gtsrb_cnn.cpp:87]   --->   Operation 1547 'add' 'add_ln87_105' <Predicate = (!icmp_ln83)> <Delay = 0.96> <CoreInst = "Adder">   --->   Core 1 'Adder' <Latency = 0> <II = 1> <Delay = 0.96> <FuncUnit> <Opcode : 'add' 'sub'> <InPorts = 2> <OutPorts = 1>
ST_55 : Operation 1548 [1/1] (0.00ns)   --->   "%shl_ln87_34 = bitconcatenate i14 @_ssdm_op_BitConcatenate.i14.i12.i2, i12 %add_ln87_105, i2 0" [src/gtsrb_cnn.cpp:87]   --->   Operation 1548 'bitconcatenate' 'shl_ln87_34' <Predicate = (!icmp_ln83)> <Delay = 0.00>
ST_55 : Operation 1549 [1/1] (0.00ns)   --->   "%zext_ln87_59 = zext i14 %shl_ln87_34" [src/gtsrb_cnn.cpp:87]   --->   Operation 1549 'zext' 'zext_ln87_59' <Predicate = (!icmp_ln83)> <Delay = 0.00>
ST_55 : Operation 1550 [1/1] (1.47ns)   --->   "%add_ln87_106 = add i64 %zext_ln87_59, i64 %W_read" [src/gtsrb_cnn.cpp:87]   --->   Operation 1550 'add' 'add_ln87_106' <Predicate = (!icmp_ln83)> <Delay = 1.47> <CoreInst = "Adder">   --->   Core 1 'Adder' <Latency = 0> <II = 1> <Delay = 1.47> <FuncUnit> <Opcode : 'add' 'sub'> <InPorts = 2> <OutPorts = 1>
ST_55 : Operation 1551 [1/1] (0.00ns)   --->   "%trunc_ln87_52 = partselect i62 @_ssdm_op_PartSelect.i62.i64.i32.i32, i64 %add_ln87_106, i32 2, i32 63" [src/gtsrb_cnn.cpp:87]   --->   Operation 1551 'partselect' 'trunc_ln87_52' <Predicate = (!icmp_ln83)> <Delay = 0.00>
ST_55 : Operation 1552 [1/1] (0.00ns)   --->   "%sext_ln87_53 = sext i62 %trunc_ln87_52" [src/gtsrb_cnn.cpp:87]   --->   Operation 1552 'sext' 'sext_ln87_53' <Predicate = (!icmp_ln83)> <Delay = 0.00>
ST_55 : Operation 1553 [1/1] (0.00ns)   --->   "%gmem4_addr_54 = getelementptr i32 %gmem4, i64 %sext_ln87_53" [src/gtsrb_cnn.cpp:87]   --->   Operation 1553 'getelementptr' 'gmem4_addr_54' <Predicate = (!icmp_ln83)> <Delay = 0.00>

State 56 <SV = 55> <Delay = 7.30>
ST_56 : Operation 1554 [4/5] (6.01ns)   --->   "%acc_1_8 = fadd i32 %acc_1_7, i32 %mul9_8" [src/gtsrb_cnn.cpp:87]   --->   Operation 1554 'fadd' 'acc_1_8' <Predicate = (!icmp_ln83)> <Delay = 6.01> <CoreInst = "FAddSub_fulldsp">   --->   Core 18 'FAddSub_fulldsp' <Latency = 4> <II = 1> <Delay = 6.01> <FuncUnit> <Opcode : 'fadd' 'fsub'> <InPorts = 2> <OutPorts = 1>
ST_56 : Operation 1555 [1/4] (4.67ns)   --->   "%mul9_41 = fmul i32 %fc1_out_load_42, i32 %bitcast_ln87_42" [src/gtsrb_cnn.cpp:87]   --->   Operation 1555 'fmul' 'mul9_41' <Predicate = (!icmp_ln83)> <Delay = 4.67> <CoreInst = "FMul_maxdsp">   --->   Core 30 'FMul_maxdsp' <Latency = 3> <II = 1> <Delay = 4.67> <FuncUnit> <Opcode : 'fmul'> <InPorts = 2> <OutPorts = 1>
ST_56 : Operation 1556 [2/4] (4.67ns)   --->   "%mul9_42 = fmul i32 %fc1_out_load_43, i32 %bitcast_ln87_43" [src/gtsrb_cnn.cpp:87]   --->   Operation 1556 'fmul' 'mul9_42' <Predicate = (!icmp_ln83)> <Delay = 4.67> <CoreInst = "FMul_maxdsp">   --->   Core 30 'FMul_maxdsp' <Latency = 3> <II = 1> <Delay = 4.67> <FuncUnit> <Opcode : 'fmul'> <InPorts = 2> <OutPorts = 1>
ST_56 : Operation 1557 [3/4] (4.67ns)   --->   "%mul9_43 = fmul i32 %fc1_out_load_44, i32 %bitcast_ln87_44" [src/gtsrb_cnn.cpp:87]   --->   Operation 1557 'fmul' 'mul9_43' <Predicate = (!icmp_ln83)> <Delay = 4.67> <CoreInst = "FMul_maxdsp">   --->   Core 30 'FMul_maxdsp' <Latency = 3> <II = 1> <Delay = 4.67> <FuncUnit> <Opcode : 'fmul'> <InPorts = 2> <OutPorts = 1>
ST_56 : Operation 1558 [1/1] (0.00ns)   --->   "%bitcast_ln87_45 = bitcast i32 %gmem4_addr_46_read" [src/gtsrb_cnn.cpp:87]   --->   Operation 1558 'bitcast' 'bitcast_ln87_45' <Predicate = (!icmp_ln83)> <Delay = 0.00>
ST_56 : Operation 1559 [4/4] (4.67ns)   --->   "%mul9_44 = fmul i32 %fc1_out_load_45, i32 %bitcast_ln87_45" [src/gtsrb_cnn.cpp:87]   --->   Operation 1559 'fmul' 'mul9_44' <Predicate = (!icmp_ln83)> <Delay = 4.67> <CoreInst = "FMul_maxdsp">   --->   Core 30 'FMul_maxdsp' <Latency = 3> <II = 1> <Delay = 4.67> <FuncUnit> <Opcode : 'fmul'> <InPorts = 2> <OutPorts = 1>
ST_56 : Operation 1560 [1/1] (7.30ns)   --->   "%gmem4_addr_47_read = read i32 @_ssdm_op_Read.m_axi.i32P1A, i32 %gmem4_addr_47" [src/gtsrb_cnn.cpp:87]   --->   Operation 1560 'read' 'gmem4_addr_47_read' <Predicate = (!icmp_ln83)> <Delay = 7.30> <CoreInst = "m_axi">   --->   Core 121 'm_axi' <Latency = 0> <II = 1> <Delay = 1.00> <Adapter> <Opcode : 'read' 'write' 'readreq' 'writereq' 'writeresp'>
ST_56 : Operation 1561 [1/7] (7.30ns)   --->   "%gmem4_load_48_req = readreq i1 @_ssdm_op_ReadReq.m_axi.i32P1A, i32 %gmem4_addr_48, i32 1" [src/gtsrb_cnn.cpp:87]   --->   Operation 1561 'readreq' 'gmem4_load_48_req' <Predicate = (!icmp_ln83)> <Delay = 7.30> <CoreInst = "m_axi">   --->   Core 121 'm_axi' <Latency = 0> <II = 1> <Delay = 1.00> <Adapter> <Opcode : 'read' 'write' 'readreq' 'writereq' 'writeresp'>
ST_56 : Operation 1562 [2/7] (7.30ns)   --->   "%gmem4_load_49_req = readreq i1 @_ssdm_op_ReadReq.m_axi.i32P1A, i32 %gmem4_addr_49, i32 1" [src/gtsrb_cnn.cpp:87]   --->   Operation 1562 'readreq' 'gmem4_load_49_req' <Predicate = (!icmp_ln83)> <Delay = 7.30> <CoreInst = "m_axi">   --->   Core 121 'm_axi' <Latency = 0> <II = 1> <Delay = 1.00> <Adapter> <Opcode : 'read' 'write' 'readreq' 'writereq' 'writeresp'>
ST_56 : Operation 1563 [3/7] (7.30ns)   --->   "%gmem4_load_50_req = readreq i1 @_ssdm_op_ReadReq.m_axi.i32P1A, i32 %gmem4_addr_50, i32 1" [src/gtsrb_cnn.cpp:87]   --->   Operation 1563 'readreq' 'gmem4_load_50_req' <Predicate = (!icmp_ln83)> <Delay = 7.30> <CoreInst = "m_axi">   --->   Core 121 'm_axi' <Latency = 0> <II = 1> <Delay = 1.00> <Adapter> <Opcode : 'read' 'write' 'readreq' 'writereq' 'writeresp'>
ST_56 : Operation 1564 [4/7] (7.30ns)   --->   "%gmem4_load_51_req = readreq i1 @_ssdm_op_ReadReq.m_axi.i32P1A, i32 %gmem4_addr_51, i32 1" [src/gtsrb_cnn.cpp:87]   --->   Operation 1564 'readreq' 'gmem4_load_51_req' <Predicate = (!icmp_ln83)> <Delay = 7.30> <CoreInst = "m_axi">   --->   Core 121 'm_axi' <Latency = 0> <II = 1> <Delay = 1.00> <Adapter> <Opcode : 'read' 'write' 'readreq' 'writereq' 'writeresp'>
ST_56 : Operation 1565 [5/7] (7.30ns)   --->   "%gmem4_load_52_req = readreq i1 @_ssdm_op_ReadReq.m_axi.i32P1A, i32 %gmem4_addr_52, i32 1" [src/gtsrb_cnn.cpp:87]   --->   Operation 1565 'readreq' 'gmem4_load_52_req' <Predicate = (!icmp_ln83)> <Delay = 7.30> <CoreInst = "m_axi">   --->   Core 121 'm_axi' <Latency = 0> <II = 1> <Delay = 1.00> <Adapter> <Opcode : 'read' 'write' 'readreq' 'writereq' 'writeresp'>
ST_56 : Operation 1566 [6/7] (7.30ns)   --->   "%gmem4_load_53_req = readreq i1 @_ssdm_op_ReadReq.m_axi.i32P1A, i32 %gmem4_addr_53, i32 1" [src/gtsrb_cnn.cpp:87]   --->   Operation 1566 'readreq' 'gmem4_load_53_req' <Predicate = (!icmp_ln83)> <Delay = 7.30> <CoreInst = "m_axi">   --->   Core 121 'm_axi' <Latency = 0> <II = 1> <Delay = 1.00> <Adapter> <Opcode : 'read' 'write' 'readreq' 'writereq' 'writeresp'>
ST_56 : Operation 1567 [7/7] (7.30ns)   --->   "%gmem4_load_54_req = readreq i1 @_ssdm_op_ReadReq.m_axi.i32P1A, i32 %gmem4_addr_54, i32 1" [src/gtsrb_cnn.cpp:87]   --->   Operation 1567 'readreq' 'gmem4_load_54_req' <Predicate = (!icmp_ln83)> <Delay = 7.30> <CoreInst = "m_axi">   --->   Core 121 'm_axi' <Latency = 0> <II = 1> <Delay = 1.00> <Adapter> <Opcode : 'read' 'write' 'readreq' 'writereq' 'writeresp'>
ST_56 : Operation 1568 [1/1] (0.96ns)   --->   "%add_ln87_107 = add i12 %zext_ln87, i12 2322" [src/gtsrb_cnn.cpp:87]   --->   Operation 1568 'add' 'add_ln87_107' <Predicate = (!icmp_ln83)> <Delay = 0.96> <CoreInst = "Adder">   --->   Core 1 'Adder' <Latency = 0> <II = 1> <Delay = 0.96> <FuncUnit> <Opcode : 'add' 'sub'> <InPorts = 2> <OutPorts = 1>
ST_56 : Operation 1569 [1/1] (0.00ns)   --->   "%shl_ln87_35 = bitconcatenate i14 @_ssdm_op_BitConcatenate.i14.i12.i2, i12 %add_ln87_107, i2 0" [src/gtsrb_cnn.cpp:87]   --->   Operation 1569 'bitconcatenate' 'shl_ln87_35' <Predicate = (!icmp_ln83)> <Delay = 0.00>
ST_56 : Operation 1570 [1/1] (0.00ns)   --->   "%zext_ln87_60 = zext i14 %shl_ln87_35" [src/gtsrb_cnn.cpp:87]   --->   Operation 1570 'zext' 'zext_ln87_60' <Predicate = (!icmp_ln83)> <Delay = 0.00>
ST_56 : Operation 1571 [1/1] (1.47ns)   --->   "%add_ln87_108 = add i64 %zext_ln87_60, i64 %W_read" [src/gtsrb_cnn.cpp:87]   --->   Operation 1571 'add' 'add_ln87_108' <Predicate = (!icmp_ln83)> <Delay = 1.47> <CoreInst = "Adder">   --->   Core 1 'Adder' <Latency = 0> <II = 1> <Delay = 1.47> <FuncUnit> <Opcode : 'add' 'sub'> <InPorts = 2> <OutPorts = 1>
ST_56 : Operation 1572 [1/1] (0.00ns)   --->   "%trunc_ln87_53 = partselect i62 @_ssdm_op_PartSelect.i62.i64.i32.i32, i64 %add_ln87_108, i32 2, i32 63" [src/gtsrb_cnn.cpp:87]   --->   Operation 1572 'partselect' 'trunc_ln87_53' <Predicate = (!icmp_ln83)> <Delay = 0.00>
ST_56 : Operation 1573 [1/1] (0.00ns)   --->   "%sext_ln87_54 = sext i62 %trunc_ln87_53" [src/gtsrb_cnn.cpp:87]   --->   Operation 1573 'sext' 'sext_ln87_54' <Predicate = (!icmp_ln83)> <Delay = 0.00>
ST_56 : Operation 1574 [1/1] (0.00ns)   --->   "%gmem4_addr_55 = getelementptr i32 %gmem4, i64 %sext_ln87_54" [src/gtsrb_cnn.cpp:87]   --->   Operation 1574 'getelementptr' 'gmem4_addr_55' <Predicate = (!icmp_ln83)> <Delay = 0.00>

State 57 <SV = 56> <Delay = 7.30>
ST_57 : Operation 1575 [3/5] (6.01ns)   --->   "%acc_1_8 = fadd i32 %acc_1_7, i32 %mul9_8" [src/gtsrb_cnn.cpp:87]   --->   Operation 1575 'fadd' 'acc_1_8' <Predicate = (!icmp_ln83)> <Delay = 6.01> <CoreInst = "FAddSub_fulldsp">   --->   Core 18 'FAddSub_fulldsp' <Latency = 4> <II = 1> <Delay = 6.01> <FuncUnit> <Opcode : 'fadd' 'fsub'> <InPorts = 2> <OutPorts = 1>
ST_57 : Operation 1576 [1/4] (4.67ns)   --->   "%mul9_42 = fmul i32 %fc1_out_load_43, i32 %bitcast_ln87_43" [src/gtsrb_cnn.cpp:87]   --->   Operation 1576 'fmul' 'mul9_42' <Predicate = (!icmp_ln83)> <Delay = 4.67> <CoreInst = "FMul_maxdsp">   --->   Core 30 'FMul_maxdsp' <Latency = 3> <II = 1> <Delay = 4.67> <FuncUnit> <Opcode : 'fmul'> <InPorts = 2> <OutPorts = 1>
ST_57 : Operation 1577 [2/4] (4.67ns)   --->   "%mul9_43 = fmul i32 %fc1_out_load_44, i32 %bitcast_ln87_44" [src/gtsrb_cnn.cpp:87]   --->   Operation 1577 'fmul' 'mul9_43' <Predicate = (!icmp_ln83)> <Delay = 4.67> <CoreInst = "FMul_maxdsp">   --->   Core 30 'FMul_maxdsp' <Latency = 3> <II = 1> <Delay = 4.67> <FuncUnit> <Opcode : 'fmul'> <InPorts = 2> <OutPorts = 1>
ST_57 : Operation 1578 [3/4] (4.67ns)   --->   "%mul9_44 = fmul i32 %fc1_out_load_45, i32 %bitcast_ln87_45" [src/gtsrb_cnn.cpp:87]   --->   Operation 1578 'fmul' 'mul9_44' <Predicate = (!icmp_ln83)> <Delay = 4.67> <CoreInst = "FMul_maxdsp">   --->   Core 30 'FMul_maxdsp' <Latency = 3> <II = 1> <Delay = 4.67> <FuncUnit> <Opcode : 'fmul'> <InPorts = 2> <OutPorts = 1>
ST_57 : Operation 1579 [1/1] (0.00ns)   --->   "%bitcast_ln87_46 = bitcast i32 %gmem4_addr_47_read" [src/gtsrb_cnn.cpp:87]   --->   Operation 1579 'bitcast' 'bitcast_ln87_46' <Predicate = (!icmp_ln83)> <Delay = 0.00>
ST_57 : Operation 1580 [4/4] (4.67ns)   --->   "%mul9_45 = fmul i32 %fc1_out_load_46, i32 %bitcast_ln87_46" [src/gtsrb_cnn.cpp:87]   --->   Operation 1580 'fmul' 'mul9_45' <Predicate = (!icmp_ln83)> <Delay = 4.67> <CoreInst = "FMul_maxdsp">   --->   Core 30 'FMul_maxdsp' <Latency = 3> <II = 1> <Delay = 4.67> <FuncUnit> <Opcode : 'fmul'> <InPorts = 2> <OutPorts = 1>
ST_57 : Operation 1581 [1/1] (7.30ns)   --->   "%gmem4_addr_48_read = read i32 @_ssdm_op_Read.m_axi.i32P1A, i32 %gmem4_addr_48" [src/gtsrb_cnn.cpp:87]   --->   Operation 1581 'read' 'gmem4_addr_48_read' <Predicate = (!icmp_ln83)> <Delay = 7.30> <CoreInst = "m_axi">   --->   Core 121 'm_axi' <Latency = 0> <II = 1> <Delay = 1.00> <Adapter> <Opcode : 'read' 'write' 'readreq' 'writereq' 'writeresp'>
ST_57 : Operation 1582 [1/7] (7.30ns)   --->   "%gmem4_load_49_req = readreq i1 @_ssdm_op_ReadReq.m_axi.i32P1A, i32 %gmem4_addr_49, i32 1" [src/gtsrb_cnn.cpp:87]   --->   Operation 1582 'readreq' 'gmem4_load_49_req' <Predicate = (!icmp_ln83)> <Delay = 7.30> <CoreInst = "m_axi">   --->   Core 121 'm_axi' <Latency = 0> <II = 1> <Delay = 1.00> <Adapter> <Opcode : 'read' 'write' 'readreq' 'writereq' 'writeresp'>
ST_57 : Operation 1583 [2/7] (7.30ns)   --->   "%gmem4_load_50_req = readreq i1 @_ssdm_op_ReadReq.m_axi.i32P1A, i32 %gmem4_addr_50, i32 1" [src/gtsrb_cnn.cpp:87]   --->   Operation 1583 'readreq' 'gmem4_load_50_req' <Predicate = (!icmp_ln83)> <Delay = 7.30> <CoreInst = "m_axi">   --->   Core 121 'm_axi' <Latency = 0> <II = 1> <Delay = 1.00> <Adapter> <Opcode : 'read' 'write' 'readreq' 'writereq' 'writeresp'>
ST_57 : Operation 1584 [3/7] (7.30ns)   --->   "%gmem4_load_51_req = readreq i1 @_ssdm_op_ReadReq.m_axi.i32P1A, i32 %gmem4_addr_51, i32 1" [src/gtsrb_cnn.cpp:87]   --->   Operation 1584 'readreq' 'gmem4_load_51_req' <Predicate = (!icmp_ln83)> <Delay = 7.30> <CoreInst = "m_axi">   --->   Core 121 'm_axi' <Latency = 0> <II = 1> <Delay = 1.00> <Adapter> <Opcode : 'read' 'write' 'readreq' 'writereq' 'writeresp'>
ST_57 : Operation 1585 [4/7] (7.30ns)   --->   "%gmem4_load_52_req = readreq i1 @_ssdm_op_ReadReq.m_axi.i32P1A, i32 %gmem4_addr_52, i32 1" [src/gtsrb_cnn.cpp:87]   --->   Operation 1585 'readreq' 'gmem4_load_52_req' <Predicate = (!icmp_ln83)> <Delay = 7.30> <CoreInst = "m_axi">   --->   Core 121 'm_axi' <Latency = 0> <II = 1> <Delay = 1.00> <Adapter> <Opcode : 'read' 'write' 'readreq' 'writereq' 'writeresp'>
ST_57 : Operation 1586 [5/7] (7.30ns)   --->   "%gmem4_load_53_req = readreq i1 @_ssdm_op_ReadReq.m_axi.i32P1A, i32 %gmem4_addr_53, i32 1" [src/gtsrb_cnn.cpp:87]   --->   Operation 1586 'readreq' 'gmem4_load_53_req' <Predicate = (!icmp_ln83)> <Delay = 7.30> <CoreInst = "m_axi">   --->   Core 121 'm_axi' <Latency = 0> <II = 1> <Delay = 1.00> <Adapter> <Opcode : 'read' 'write' 'readreq' 'writereq' 'writeresp'>
ST_57 : Operation 1587 [6/7] (7.30ns)   --->   "%gmem4_load_54_req = readreq i1 @_ssdm_op_ReadReq.m_axi.i32P1A, i32 %gmem4_addr_54, i32 1" [src/gtsrb_cnn.cpp:87]   --->   Operation 1587 'readreq' 'gmem4_load_54_req' <Predicate = (!icmp_ln83)> <Delay = 7.30> <CoreInst = "m_axi">   --->   Core 121 'm_axi' <Latency = 0> <II = 1> <Delay = 1.00> <Adapter> <Opcode : 'read' 'write' 'readreq' 'writereq' 'writeresp'>
ST_57 : Operation 1588 [7/7] (7.30ns)   --->   "%gmem4_load_55_req = readreq i1 @_ssdm_op_ReadReq.m_axi.i32P1A, i32 %gmem4_addr_55, i32 1" [src/gtsrb_cnn.cpp:87]   --->   Operation 1588 'readreq' 'gmem4_load_55_req' <Predicate = (!icmp_ln83)> <Delay = 7.30> <CoreInst = "m_axi">   --->   Core 121 'm_axi' <Latency = 0> <II = 1> <Delay = 1.00> <Adapter> <Opcode : 'read' 'write' 'readreq' 'writereq' 'writeresp'>
ST_57 : Operation 1589 [1/1] (0.96ns)   --->   "%add_ln87_109 = add i12 %zext_ln87, i12 2365" [src/gtsrb_cnn.cpp:87]   --->   Operation 1589 'add' 'add_ln87_109' <Predicate = (!icmp_ln83)> <Delay = 0.96> <CoreInst = "Adder">   --->   Core 1 'Adder' <Latency = 0> <II = 1> <Delay = 0.96> <FuncUnit> <Opcode : 'add' 'sub'> <InPorts = 2> <OutPorts = 1>
ST_57 : Operation 1590 [1/1] (0.00ns)   --->   "%shl_ln87_36 = bitconcatenate i14 @_ssdm_op_BitConcatenate.i14.i12.i2, i12 %add_ln87_109, i2 0" [src/gtsrb_cnn.cpp:87]   --->   Operation 1590 'bitconcatenate' 'shl_ln87_36' <Predicate = (!icmp_ln83)> <Delay = 0.00>
ST_57 : Operation 1591 [1/1] (0.00ns)   --->   "%zext_ln87_61 = zext i14 %shl_ln87_36" [src/gtsrb_cnn.cpp:87]   --->   Operation 1591 'zext' 'zext_ln87_61' <Predicate = (!icmp_ln83)> <Delay = 0.00>
ST_57 : Operation 1592 [1/1] (1.47ns)   --->   "%add_ln87_110 = add i64 %zext_ln87_61, i64 %W_read" [src/gtsrb_cnn.cpp:87]   --->   Operation 1592 'add' 'add_ln87_110' <Predicate = (!icmp_ln83)> <Delay = 1.47> <CoreInst = "Adder">   --->   Core 1 'Adder' <Latency = 0> <II = 1> <Delay = 1.47> <FuncUnit> <Opcode : 'add' 'sub'> <InPorts = 2> <OutPorts = 1>
ST_57 : Operation 1593 [1/1] (0.00ns)   --->   "%trunc_ln87_54 = partselect i62 @_ssdm_op_PartSelect.i62.i64.i32.i32, i64 %add_ln87_110, i32 2, i32 63" [src/gtsrb_cnn.cpp:87]   --->   Operation 1593 'partselect' 'trunc_ln87_54' <Predicate = (!icmp_ln83)> <Delay = 0.00>
ST_57 : Operation 1594 [1/1] (0.00ns)   --->   "%sext_ln87_55 = sext i62 %trunc_ln87_54" [src/gtsrb_cnn.cpp:87]   --->   Operation 1594 'sext' 'sext_ln87_55' <Predicate = (!icmp_ln83)> <Delay = 0.00>
ST_57 : Operation 1595 [1/1] (0.00ns)   --->   "%gmem4_addr_56 = getelementptr i32 %gmem4, i64 %sext_ln87_55" [src/gtsrb_cnn.cpp:87]   --->   Operation 1595 'getelementptr' 'gmem4_addr_56' <Predicate = (!icmp_ln83)> <Delay = 0.00>

State 58 <SV = 57> <Delay = 7.30>
ST_58 : Operation 1596 [2/5] (6.01ns)   --->   "%acc_1_8 = fadd i32 %acc_1_7, i32 %mul9_8" [src/gtsrb_cnn.cpp:87]   --->   Operation 1596 'fadd' 'acc_1_8' <Predicate = (!icmp_ln83)> <Delay = 6.01> <CoreInst = "FAddSub_fulldsp">   --->   Core 18 'FAddSub_fulldsp' <Latency = 4> <II = 1> <Delay = 6.01> <FuncUnit> <Opcode : 'fadd' 'fsub'> <InPorts = 2> <OutPorts = 1>
ST_58 : Operation 1597 [1/4] (4.67ns)   --->   "%mul9_43 = fmul i32 %fc1_out_load_44, i32 %bitcast_ln87_44" [src/gtsrb_cnn.cpp:87]   --->   Operation 1597 'fmul' 'mul9_43' <Predicate = (!icmp_ln83)> <Delay = 4.67> <CoreInst = "FMul_maxdsp">   --->   Core 30 'FMul_maxdsp' <Latency = 3> <II = 1> <Delay = 4.67> <FuncUnit> <Opcode : 'fmul'> <InPorts = 2> <OutPorts = 1>
ST_58 : Operation 1598 [2/4] (4.67ns)   --->   "%mul9_44 = fmul i32 %fc1_out_load_45, i32 %bitcast_ln87_45" [src/gtsrb_cnn.cpp:87]   --->   Operation 1598 'fmul' 'mul9_44' <Predicate = (!icmp_ln83)> <Delay = 4.67> <CoreInst = "FMul_maxdsp">   --->   Core 30 'FMul_maxdsp' <Latency = 3> <II = 1> <Delay = 4.67> <FuncUnit> <Opcode : 'fmul'> <InPorts = 2> <OutPorts = 1>
ST_58 : Operation 1599 [3/4] (4.67ns)   --->   "%mul9_45 = fmul i32 %fc1_out_load_46, i32 %bitcast_ln87_46" [src/gtsrb_cnn.cpp:87]   --->   Operation 1599 'fmul' 'mul9_45' <Predicate = (!icmp_ln83)> <Delay = 4.67> <CoreInst = "FMul_maxdsp">   --->   Core 30 'FMul_maxdsp' <Latency = 3> <II = 1> <Delay = 4.67> <FuncUnit> <Opcode : 'fmul'> <InPorts = 2> <OutPorts = 1>
ST_58 : Operation 1600 [1/1] (0.00ns)   --->   "%bitcast_ln87_47 = bitcast i32 %gmem4_addr_48_read" [src/gtsrb_cnn.cpp:87]   --->   Operation 1600 'bitcast' 'bitcast_ln87_47' <Predicate = (!icmp_ln83)> <Delay = 0.00>
ST_58 : Operation 1601 [4/4] (4.67ns)   --->   "%mul9_46 = fmul i32 %fc1_out_load_47, i32 %bitcast_ln87_47" [src/gtsrb_cnn.cpp:87]   --->   Operation 1601 'fmul' 'mul9_46' <Predicate = (!icmp_ln83)> <Delay = 4.67> <CoreInst = "FMul_maxdsp">   --->   Core 30 'FMul_maxdsp' <Latency = 3> <II = 1> <Delay = 4.67> <FuncUnit> <Opcode : 'fmul'> <InPorts = 2> <OutPorts = 1>
ST_58 : Operation 1602 [1/1] (7.30ns)   --->   "%gmem4_addr_49_read = read i32 @_ssdm_op_Read.m_axi.i32P1A, i32 %gmem4_addr_49" [src/gtsrb_cnn.cpp:87]   --->   Operation 1602 'read' 'gmem4_addr_49_read' <Predicate = (!icmp_ln83)> <Delay = 7.30> <CoreInst = "m_axi">   --->   Core 121 'm_axi' <Latency = 0> <II = 1> <Delay = 1.00> <Adapter> <Opcode : 'read' 'write' 'readreq' 'writereq' 'writeresp'>
ST_58 : Operation 1603 [1/7] (7.30ns)   --->   "%gmem4_load_50_req = readreq i1 @_ssdm_op_ReadReq.m_axi.i32P1A, i32 %gmem4_addr_50, i32 1" [src/gtsrb_cnn.cpp:87]   --->   Operation 1603 'readreq' 'gmem4_load_50_req' <Predicate = (!icmp_ln83)> <Delay = 7.30> <CoreInst = "m_axi">   --->   Core 121 'm_axi' <Latency = 0> <II = 1> <Delay = 1.00> <Adapter> <Opcode : 'read' 'write' 'readreq' 'writereq' 'writeresp'>
ST_58 : Operation 1604 [2/7] (7.30ns)   --->   "%gmem4_load_51_req = readreq i1 @_ssdm_op_ReadReq.m_axi.i32P1A, i32 %gmem4_addr_51, i32 1" [src/gtsrb_cnn.cpp:87]   --->   Operation 1604 'readreq' 'gmem4_load_51_req' <Predicate = (!icmp_ln83)> <Delay = 7.30> <CoreInst = "m_axi">   --->   Core 121 'm_axi' <Latency = 0> <II = 1> <Delay = 1.00> <Adapter> <Opcode : 'read' 'write' 'readreq' 'writereq' 'writeresp'>
ST_58 : Operation 1605 [3/7] (7.30ns)   --->   "%gmem4_load_52_req = readreq i1 @_ssdm_op_ReadReq.m_axi.i32P1A, i32 %gmem4_addr_52, i32 1" [src/gtsrb_cnn.cpp:87]   --->   Operation 1605 'readreq' 'gmem4_load_52_req' <Predicate = (!icmp_ln83)> <Delay = 7.30> <CoreInst = "m_axi">   --->   Core 121 'm_axi' <Latency = 0> <II = 1> <Delay = 1.00> <Adapter> <Opcode : 'read' 'write' 'readreq' 'writereq' 'writeresp'>
ST_58 : Operation 1606 [4/7] (7.30ns)   --->   "%gmem4_load_53_req = readreq i1 @_ssdm_op_ReadReq.m_axi.i32P1A, i32 %gmem4_addr_53, i32 1" [src/gtsrb_cnn.cpp:87]   --->   Operation 1606 'readreq' 'gmem4_load_53_req' <Predicate = (!icmp_ln83)> <Delay = 7.30> <CoreInst = "m_axi">   --->   Core 121 'm_axi' <Latency = 0> <II = 1> <Delay = 1.00> <Adapter> <Opcode : 'read' 'write' 'readreq' 'writereq' 'writeresp'>
ST_58 : Operation 1607 [5/7] (7.30ns)   --->   "%gmem4_load_54_req = readreq i1 @_ssdm_op_ReadReq.m_axi.i32P1A, i32 %gmem4_addr_54, i32 1" [src/gtsrb_cnn.cpp:87]   --->   Operation 1607 'readreq' 'gmem4_load_54_req' <Predicate = (!icmp_ln83)> <Delay = 7.30> <CoreInst = "m_axi">   --->   Core 121 'm_axi' <Latency = 0> <II = 1> <Delay = 1.00> <Adapter> <Opcode : 'read' 'write' 'readreq' 'writereq' 'writeresp'>
ST_58 : Operation 1608 [6/7] (7.30ns)   --->   "%gmem4_load_55_req = readreq i1 @_ssdm_op_ReadReq.m_axi.i32P1A, i32 %gmem4_addr_55, i32 1" [src/gtsrb_cnn.cpp:87]   --->   Operation 1608 'readreq' 'gmem4_load_55_req' <Predicate = (!icmp_ln83)> <Delay = 7.30> <CoreInst = "m_axi">   --->   Core 121 'm_axi' <Latency = 0> <II = 1> <Delay = 1.00> <Adapter> <Opcode : 'read' 'write' 'readreq' 'writereq' 'writeresp'>
ST_58 : Operation 1609 [7/7] (7.30ns)   --->   "%gmem4_load_56_req = readreq i1 @_ssdm_op_ReadReq.m_axi.i32P1A, i32 %gmem4_addr_56, i32 1" [src/gtsrb_cnn.cpp:87]   --->   Operation 1609 'readreq' 'gmem4_load_56_req' <Predicate = (!icmp_ln83)> <Delay = 7.30> <CoreInst = "m_axi">   --->   Core 121 'm_axi' <Latency = 0> <II = 1> <Delay = 1.00> <Adapter> <Opcode : 'read' 'write' 'readreq' 'writereq' 'writeresp'>
ST_58 : Operation 1610 [1/1] (0.96ns)   --->   "%add_ln87_111 = add i12 %zext_ln87, i12 2408" [src/gtsrb_cnn.cpp:87]   --->   Operation 1610 'add' 'add_ln87_111' <Predicate = (!icmp_ln83)> <Delay = 0.96> <CoreInst = "Adder">   --->   Core 1 'Adder' <Latency = 0> <II = 1> <Delay = 0.96> <FuncUnit> <Opcode : 'add' 'sub'> <InPorts = 2> <OutPorts = 1>
ST_58 : Operation 1611 [1/1] (0.00ns)   --->   "%shl_ln87_37 = bitconcatenate i14 @_ssdm_op_BitConcatenate.i14.i12.i2, i12 %add_ln87_111, i2 0" [src/gtsrb_cnn.cpp:87]   --->   Operation 1611 'bitconcatenate' 'shl_ln87_37' <Predicate = (!icmp_ln83)> <Delay = 0.00>
ST_58 : Operation 1612 [1/1] (0.00ns)   --->   "%zext_ln87_62 = zext i14 %shl_ln87_37" [src/gtsrb_cnn.cpp:87]   --->   Operation 1612 'zext' 'zext_ln87_62' <Predicate = (!icmp_ln83)> <Delay = 0.00>
ST_58 : Operation 1613 [1/1] (1.47ns)   --->   "%add_ln87_112 = add i64 %zext_ln87_62, i64 %W_read" [src/gtsrb_cnn.cpp:87]   --->   Operation 1613 'add' 'add_ln87_112' <Predicate = (!icmp_ln83)> <Delay = 1.47> <CoreInst = "Adder">   --->   Core 1 'Adder' <Latency = 0> <II = 1> <Delay = 1.47> <FuncUnit> <Opcode : 'add' 'sub'> <InPorts = 2> <OutPorts = 1>
ST_58 : Operation 1614 [1/1] (0.00ns)   --->   "%trunc_ln87_55 = partselect i62 @_ssdm_op_PartSelect.i62.i64.i32.i32, i64 %add_ln87_112, i32 2, i32 63" [src/gtsrb_cnn.cpp:87]   --->   Operation 1614 'partselect' 'trunc_ln87_55' <Predicate = (!icmp_ln83)> <Delay = 0.00>
ST_58 : Operation 1615 [1/1] (0.00ns)   --->   "%sext_ln87_56 = sext i62 %trunc_ln87_55" [src/gtsrb_cnn.cpp:87]   --->   Operation 1615 'sext' 'sext_ln87_56' <Predicate = (!icmp_ln83)> <Delay = 0.00>
ST_58 : Operation 1616 [1/1] (0.00ns)   --->   "%gmem4_addr_57 = getelementptr i32 %gmem4, i64 %sext_ln87_56" [src/gtsrb_cnn.cpp:87]   --->   Operation 1616 'getelementptr' 'gmem4_addr_57' <Predicate = (!icmp_ln83)> <Delay = 0.00>

State 59 <SV = 58> <Delay = 7.30>
ST_59 : Operation 1617 [1/5] (6.01ns)   --->   "%acc_1_8 = fadd i32 %acc_1_7, i32 %mul9_8" [src/gtsrb_cnn.cpp:87]   --->   Operation 1617 'fadd' 'acc_1_8' <Predicate = (!icmp_ln83)> <Delay = 6.01> <CoreInst = "FAddSub_fulldsp">   --->   Core 18 'FAddSub_fulldsp' <Latency = 4> <II = 1> <Delay = 6.01> <FuncUnit> <Opcode : 'fadd' 'fsub'> <InPorts = 2> <OutPorts = 1>
ST_59 : Operation 1618 [1/4] (4.67ns)   --->   "%mul9_44 = fmul i32 %fc1_out_load_45, i32 %bitcast_ln87_45" [src/gtsrb_cnn.cpp:87]   --->   Operation 1618 'fmul' 'mul9_44' <Predicate = (!icmp_ln83)> <Delay = 4.67> <CoreInst = "FMul_maxdsp">   --->   Core 30 'FMul_maxdsp' <Latency = 3> <II = 1> <Delay = 4.67> <FuncUnit> <Opcode : 'fmul'> <InPorts = 2> <OutPorts = 1>
ST_59 : Operation 1619 [2/4] (4.67ns)   --->   "%mul9_45 = fmul i32 %fc1_out_load_46, i32 %bitcast_ln87_46" [src/gtsrb_cnn.cpp:87]   --->   Operation 1619 'fmul' 'mul9_45' <Predicate = (!icmp_ln83)> <Delay = 4.67> <CoreInst = "FMul_maxdsp">   --->   Core 30 'FMul_maxdsp' <Latency = 3> <II = 1> <Delay = 4.67> <FuncUnit> <Opcode : 'fmul'> <InPorts = 2> <OutPorts = 1>
ST_59 : Operation 1620 [3/4] (4.67ns)   --->   "%mul9_46 = fmul i32 %fc1_out_load_47, i32 %bitcast_ln87_47" [src/gtsrb_cnn.cpp:87]   --->   Operation 1620 'fmul' 'mul9_46' <Predicate = (!icmp_ln83)> <Delay = 4.67> <CoreInst = "FMul_maxdsp">   --->   Core 30 'FMul_maxdsp' <Latency = 3> <II = 1> <Delay = 4.67> <FuncUnit> <Opcode : 'fmul'> <InPorts = 2> <OutPorts = 1>
ST_59 : Operation 1621 [1/1] (0.00ns)   --->   "%bitcast_ln87_48 = bitcast i32 %gmem4_addr_49_read" [src/gtsrb_cnn.cpp:87]   --->   Operation 1621 'bitcast' 'bitcast_ln87_48' <Predicate = (!icmp_ln83)> <Delay = 0.00>
ST_59 : Operation 1622 [4/4] (4.67ns)   --->   "%mul9_47 = fmul i32 %fc1_out_load_48, i32 %bitcast_ln87_48" [src/gtsrb_cnn.cpp:87]   --->   Operation 1622 'fmul' 'mul9_47' <Predicate = (!icmp_ln83)> <Delay = 4.67> <CoreInst = "FMul_maxdsp">   --->   Core 30 'FMul_maxdsp' <Latency = 3> <II = 1> <Delay = 4.67> <FuncUnit> <Opcode : 'fmul'> <InPorts = 2> <OutPorts = 1>
ST_59 : Operation 1623 [1/1] (7.30ns)   --->   "%gmem4_addr_50_read = read i32 @_ssdm_op_Read.m_axi.i32P1A, i32 %gmem4_addr_50" [src/gtsrb_cnn.cpp:87]   --->   Operation 1623 'read' 'gmem4_addr_50_read' <Predicate = (!icmp_ln83)> <Delay = 7.30> <CoreInst = "m_axi">   --->   Core 121 'm_axi' <Latency = 0> <II = 1> <Delay = 1.00> <Adapter> <Opcode : 'read' 'write' 'readreq' 'writereq' 'writeresp'>
ST_59 : Operation 1624 [1/7] (7.30ns)   --->   "%gmem4_load_51_req = readreq i1 @_ssdm_op_ReadReq.m_axi.i32P1A, i32 %gmem4_addr_51, i32 1" [src/gtsrb_cnn.cpp:87]   --->   Operation 1624 'readreq' 'gmem4_load_51_req' <Predicate = (!icmp_ln83)> <Delay = 7.30> <CoreInst = "m_axi">   --->   Core 121 'm_axi' <Latency = 0> <II = 1> <Delay = 1.00> <Adapter> <Opcode : 'read' 'write' 'readreq' 'writereq' 'writeresp'>
ST_59 : Operation 1625 [2/7] (7.30ns)   --->   "%gmem4_load_52_req = readreq i1 @_ssdm_op_ReadReq.m_axi.i32P1A, i32 %gmem4_addr_52, i32 1" [src/gtsrb_cnn.cpp:87]   --->   Operation 1625 'readreq' 'gmem4_load_52_req' <Predicate = (!icmp_ln83)> <Delay = 7.30> <CoreInst = "m_axi">   --->   Core 121 'm_axi' <Latency = 0> <II = 1> <Delay = 1.00> <Adapter> <Opcode : 'read' 'write' 'readreq' 'writereq' 'writeresp'>
ST_59 : Operation 1626 [3/7] (7.30ns)   --->   "%gmem4_load_53_req = readreq i1 @_ssdm_op_ReadReq.m_axi.i32P1A, i32 %gmem4_addr_53, i32 1" [src/gtsrb_cnn.cpp:87]   --->   Operation 1626 'readreq' 'gmem4_load_53_req' <Predicate = (!icmp_ln83)> <Delay = 7.30> <CoreInst = "m_axi">   --->   Core 121 'm_axi' <Latency = 0> <II = 1> <Delay = 1.00> <Adapter> <Opcode : 'read' 'write' 'readreq' 'writereq' 'writeresp'>
ST_59 : Operation 1627 [4/7] (7.30ns)   --->   "%gmem4_load_54_req = readreq i1 @_ssdm_op_ReadReq.m_axi.i32P1A, i32 %gmem4_addr_54, i32 1" [src/gtsrb_cnn.cpp:87]   --->   Operation 1627 'readreq' 'gmem4_load_54_req' <Predicate = (!icmp_ln83)> <Delay = 7.30> <CoreInst = "m_axi">   --->   Core 121 'm_axi' <Latency = 0> <II = 1> <Delay = 1.00> <Adapter> <Opcode : 'read' 'write' 'readreq' 'writereq' 'writeresp'>
ST_59 : Operation 1628 [5/7] (7.30ns)   --->   "%gmem4_load_55_req = readreq i1 @_ssdm_op_ReadReq.m_axi.i32P1A, i32 %gmem4_addr_55, i32 1" [src/gtsrb_cnn.cpp:87]   --->   Operation 1628 'readreq' 'gmem4_load_55_req' <Predicate = (!icmp_ln83)> <Delay = 7.30> <CoreInst = "m_axi">   --->   Core 121 'm_axi' <Latency = 0> <II = 1> <Delay = 1.00> <Adapter> <Opcode : 'read' 'write' 'readreq' 'writereq' 'writeresp'>
ST_59 : Operation 1629 [6/7] (7.30ns)   --->   "%gmem4_load_56_req = readreq i1 @_ssdm_op_ReadReq.m_axi.i32P1A, i32 %gmem4_addr_56, i32 1" [src/gtsrb_cnn.cpp:87]   --->   Operation 1629 'readreq' 'gmem4_load_56_req' <Predicate = (!icmp_ln83)> <Delay = 7.30> <CoreInst = "m_axi">   --->   Core 121 'm_axi' <Latency = 0> <II = 1> <Delay = 1.00> <Adapter> <Opcode : 'read' 'write' 'readreq' 'writereq' 'writeresp'>
ST_59 : Operation 1630 [7/7] (7.30ns)   --->   "%gmem4_load_57_req = readreq i1 @_ssdm_op_ReadReq.m_axi.i32P1A, i32 %gmem4_addr_57, i32 1" [src/gtsrb_cnn.cpp:87]   --->   Operation 1630 'readreq' 'gmem4_load_57_req' <Predicate = (!icmp_ln83)> <Delay = 7.30> <CoreInst = "m_axi">   --->   Core 121 'm_axi' <Latency = 0> <II = 1> <Delay = 1.00> <Adapter> <Opcode : 'read' 'write' 'readreq' 'writereq' 'writeresp'>
ST_59 : Operation 1631 [1/1] (0.96ns)   --->   "%add_ln87_113 = add i12 %zext_ln87, i12 2451" [src/gtsrb_cnn.cpp:87]   --->   Operation 1631 'add' 'add_ln87_113' <Predicate = (!icmp_ln83)> <Delay = 0.96> <CoreInst = "Adder">   --->   Core 1 'Adder' <Latency = 0> <II = 1> <Delay = 0.96> <FuncUnit> <Opcode : 'add' 'sub'> <InPorts = 2> <OutPorts = 1>
ST_59 : Operation 1632 [1/1] (0.00ns)   --->   "%shl_ln87_38 = bitconcatenate i14 @_ssdm_op_BitConcatenate.i14.i12.i2, i12 %add_ln87_113, i2 0" [src/gtsrb_cnn.cpp:87]   --->   Operation 1632 'bitconcatenate' 'shl_ln87_38' <Predicate = (!icmp_ln83)> <Delay = 0.00>
ST_59 : Operation 1633 [1/1] (0.00ns)   --->   "%zext_ln87_63 = zext i14 %shl_ln87_38" [src/gtsrb_cnn.cpp:87]   --->   Operation 1633 'zext' 'zext_ln87_63' <Predicate = (!icmp_ln83)> <Delay = 0.00>
ST_59 : Operation 1634 [1/1] (1.47ns)   --->   "%add_ln87_114 = add i64 %zext_ln87_63, i64 %W_read" [src/gtsrb_cnn.cpp:87]   --->   Operation 1634 'add' 'add_ln87_114' <Predicate = (!icmp_ln83)> <Delay = 1.47> <CoreInst = "Adder">   --->   Core 1 'Adder' <Latency = 0> <II = 1> <Delay = 1.47> <FuncUnit> <Opcode : 'add' 'sub'> <InPorts = 2> <OutPorts = 1>
ST_59 : Operation 1635 [1/1] (0.00ns)   --->   "%trunc_ln87_56 = partselect i62 @_ssdm_op_PartSelect.i62.i64.i32.i32, i64 %add_ln87_114, i32 2, i32 63" [src/gtsrb_cnn.cpp:87]   --->   Operation 1635 'partselect' 'trunc_ln87_56' <Predicate = (!icmp_ln83)> <Delay = 0.00>
ST_59 : Operation 1636 [1/1] (0.00ns)   --->   "%sext_ln87_57 = sext i62 %trunc_ln87_56" [src/gtsrb_cnn.cpp:87]   --->   Operation 1636 'sext' 'sext_ln87_57' <Predicate = (!icmp_ln83)> <Delay = 0.00>
ST_59 : Operation 1637 [1/1] (0.00ns)   --->   "%gmem4_addr_58 = getelementptr i32 %gmem4, i64 %sext_ln87_57" [src/gtsrb_cnn.cpp:87]   --->   Operation 1637 'getelementptr' 'gmem4_addr_58' <Predicate = (!icmp_ln83)> <Delay = 0.00>

State 60 <SV = 59> <Delay = 7.30>
ST_60 : Operation 1638 [5/5] (6.01ns)   --->   "%acc_1_9 = fadd i32 %acc_1_8, i32 %mul9_9" [src/gtsrb_cnn.cpp:87]   --->   Operation 1638 'fadd' 'acc_1_9' <Predicate = (!icmp_ln83)> <Delay = 6.01> <CoreInst = "FAddSub_fulldsp">   --->   Core 18 'FAddSub_fulldsp' <Latency = 4> <II = 1> <Delay = 6.01> <FuncUnit> <Opcode : 'fadd' 'fsub'> <InPorts = 2> <OutPorts = 1>
ST_60 : Operation 1639 [1/4] (4.67ns)   --->   "%mul9_45 = fmul i32 %fc1_out_load_46, i32 %bitcast_ln87_46" [src/gtsrb_cnn.cpp:87]   --->   Operation 1639 'fmul' 'mul9_45' <Predicate = (!icmp_ln83)> <Delay = 4.67> <CoreInst = "FMul_maxdsp">   --->   Core 30 'FMul_maxdsp' <Latency = 3> <II = 1> <Delay = 4.67> <FuncUnit> <Opcode : 'fmul'> <InPorts = 2> <OutPorts = 1>
ST_60 : Operation 1640 [2/4] (4.67ns)   --->   "%mul9_46 = fmul i32 %fc1_out_load_47, i32 %bitcast_ln87_47" [src/gtsrb_cnn.cpp:87]   --->   Operation 1640 'fmul' 'mul9_46' <Predicate = (!icmp_ln83)> <Delay = 4.67> <CoreInst = "FMul_maxdsp">   --->   Core 30 'FMul_maxdsp' <Latency = 3> <II = 1> <Delay = 4.67> <FuncUnit> <Opcode : 'fmul'> <InPorts = 2> <OutPorts = 1>
ST_60 : Operation 1641 [3/4] (4.67ns)   --->   "%mul9_47 = fmul i32 %fc1_out_load_48, i32 %bitcast_ln87_48" [src/gtsrb_cnn.cpp:87]   --->   Operation 1641 'fmul' 'mul9_47' <Predicate = (!icmp_ln83)> <Delay = 4.67> <CoreInst = "FMul_maxdsp">   --->   Core 30 'FMul_maxdsp' <Latency = 3> <II = 1> <Delay = 4.67> <FuncUnit> <Opcode : 'fmul'> <InPorts = 2> <OutPorts = 1>
ST_60 : Operation 1642 [1/1] (0.00ns)   --->   "%bitcast_ln87_49 = bitcast i32 %gmem4_addr_50_read" [src/gtsrb_cnn.cpp:87]   --->   Operation 1642 'bitcast' 'bitcast_ln87_49' <Predicate = (!icmp_ln83)> <Delay = 0.00>
ST_60 : Operation 1643 [4/4] (4.67ns)   --->   "%mul9_48 = fmul i32 %fc1_out_load_49, i32 %bitcast_ln87_49" [src/gtsrb_cnn.cpp:87]   --->   Operation 1643 'fmul' 'mul9_48' <Predicate = (!icmp_ln83)> <Delay = 4.67> <CoreInst = "FMul_maxdsp">   --->   Core 30 'FMul_maxdsp' <Latency = 3> <II = 1> <Delay = 4.67> <FuncUnit> <Opcode : 'fmul'> <InPorts = 2> <OutPorts = 1>
ST_60 : Operation 1644 [1/1] (7.30ns)   --->   "%gmem4_addr_51_read = read i32 @_ssdm_op_Read.m_axi.i32P1A, i32 %gmem4_addr_51" [src/gtsrb_cnn.cpp:87]   --->   Operation 1644 'read' 'gmem4_addr_51_read' <Predicate = (!icmp_ln83)> <Delay = 7.30> <CoreInst = "m_axi">   --->   Core 121 'm_axi' <Latency = 0> <II = 1> <Delay = 1.00> <Adapter> <Opcode : 'read' 'write' 'readreq' 'writereq' 'writeresp'>
ST_60 : Operation 1645 [1/7] (7.30ns)   --->   "%gmem4_load_52_req = readreq i1 @_ssdm_op_ReadReq.m_axi.i32P1A, i32 %gmem4_addr_52, i32 1" [src/gtsrb_cnn.cpp:87]   --->   Operation 1645 'readreq' 'gmem4_load_52_req' <Predicate = (!icmp_ln83)> <Delay = 7.30> <CoreInst = "m_axi">   --->   Core 121 'm_axi' <Latency = 0> <II = 1> <Delay = 1.00> <Adapter> <Opcode : 'read' 'write' 'readreq' 'writereq' 'writeresp'>
ST_60 : Operation 1646 [2/7] (7.30ns)   --->   "%gmem4_load_53_req = readreq i1 @_ssdm_op_ReadReq.m_axi.i32P1A, i32 %gmem4_addr_53, i32 1" [src/gtsrb_cnn.cpp:87]   --->   Operation 1646 'readreq' 'gmem4_load_53_req' <Predicate = (!icmp_ln83)> <Delay = 7.30> <CoreInst = "m_axi">   --->   Core 121 'm_axi' <Latency = 0> <II = 1> <Delay = 1.00> <Adapter> <Opcode : 'read' 'write' 'readreq' 'writereq' 'writeresp'>
ST_60 : Operation 1647 [3/7] (7.30ns)   --->   "%gmem4_load_54_req = readreq i1 @_ssdm_op_ReadReq.m_axi.i32P1A, i32 %gmem4_addr_54, i32 1" [src/gtsrb_cnn.cpp:87]   --->   Operation 1647 'readreq' 'gmem4_load_54_req' <Predicate = (!icmp_ln83)> <Delay = 7.30> <CoreInst = "m_axi">   --->   Core 121 'm_axi' <Latency = 0> <II = 1> <Delay = 1.00> <Adapter> <Opcode : 'read' 'write' 'readreq' 'writereq' 'writeresp'>
ST_60 : Operation 1648 [4/7] (7.30ns)   --->   "%gmem4_load_55_req = readreq i1 @_ssdm_op_ReadReq.m_axi.i32P1A, i32 %gmem4_addr_55, i32 1" [src/gtsrb_cnn.cpp:87]   --->   Operation 1648 'readreq' 'gmem4_load_55_req' <Predicate = (!icmp_ln83)> <Delay = 7.30> <CoreInst = "m_axi">   --->   Core 121 'm_axi' <Latency = 0> <II = 1> <Delay = 1.00> <Adapter> <Opcode : 'read' 'write' 'readreq' 'writereq' 'writeresp'>
ST_60 : Operation 1649 [5/7] (7.30ns)   --->   "%gmem4_load_56_req = readreq i1 @_ssdm_op_ReadReq.m_axi.i32P1A, i32 %gmem4_addr_56, i32 1" [src/gtsrb_cnn.cpp:87]   --->   Operation 1649 'readreq' 'gmem4_load_56_req' <Predicate = (!icmp_ln83)> <Delay = 7.30> <CoreInst = "m_axi">   --->   Core 121 'm_axi' <Latency = 0> <II = 1> <Delay = 1.00> <Adapter> <Opcode : 'read' 'write' 'readreq' 'writereq' 'writeresp'>
ST_60 : Operation 1650 [6/7] (7.30ns)   --->   "%gmem4_load_57_req = readreq i1 @_ssdm_op_ReadReq.m_axi.i32P1A, i32 %gmem4_addr_57, i32 1" [src/gtsrb_cnn.cpp:87]   --->   Operation 1650 'readreq' 'gmem4_load_57_req' <Predicate = (!icmp_ln83)> <Delay = 7.30> <CoreInst = "m_axi">   --->   Core 121 'm_axi' <Latency = 0> <II = 1> <Delay = 1.00> <Adapter> <Opcode : 'read' 'write' 'readreq' 'writereq' 'writeresp'>
ST_60 : Operation 1651 [7/7] (7.30ns)   --->   "%gmem4_load_58_req = readreq i1 @_ssdm_op_ReadReq.m_axi.i32P1A, i32 %gmem4_addr_58, i32 1" [src/gtsrb_cnn.cpp:87]   --->   Operation 1651 'readreq' 'gmem4_load_58_req' <Predicate = (!icmp_ln83)> <Delay = 7.30> <CoreInst = "m_axi">   --->   Core 121 'm_axi' <Latency = 0> <II = 1> <Delay = 1.00> <Adapter> <Opcode : 'read' 'write' 'readreq' 'writereq' 'writeresp'>
ST_60 : Operation 1652 [1/1] (0.96ns)   --->   "%add_ln87_115 = add i12 %zext_ln87, i12 2494" [src/gtsrb_cnn.cpp:87]   --->   Operation 1652 'add' 'add_ln87_115' <Predicate = (!icmp_ln83)> <Delay = 0.96> <CoreInst = "Adder">   --->   Core 1 'Adder' <Latency = 0> <II = 1> <Delay = 0.96> <FuncUnit> <Opcode : 'add' 'sub'> <InPorts = 2> <OutPorts = 1>
ST_60 : Operation 1653 [1/1] (0.00ns)   --->   "%shl_ln87_39 = bitconcatenate i14 @_ssdm_op_BitConcatenate.i14.i12.i2, i12 %add_ln87_115, i2 0" [src/gtsrb_cnn.cpp:87]   --->   Operation 1653 'bitconcatenate' 'shl_ln87_39' <Predicate = (!icmp_ln83)> <Delay = 0.00>
ST_60 : Operation 1654 [1/1] (0.00ns)   --->   "%zext_ln87_64 = zext i14 %shl_ln87_39" [src/gtsrb_cnn.cpp:87]   --->   Operation 1654 'zext' 'zext_ln87_64' <Predicate = (!icmp_ln83)> <Delay = 0.00>
ST_60 : Operation 1655 [1/1] (1.47ns)   --->   "%add_ln87_116 = add i64 %zext_ln87_64, i64 %W_read" [src/gtsrb_cnn.cpp:87]   --->   Operation 1655 'add' 'add_ln87_116' <Predicate = (!icmp_ln83)> <Delay = 1.47> <CoreInst = "Adder">   --->   Core 1 'Adder' <Latency = 0> <II = 1> <Delay = 1.47> <FuncUnit> <Opcode : 'add' 'sub'> <InPorts = 2> <OutPorts = 1>
ST_60 : Operation 1656 [1/1] (0.00ns)   --->   "%trunc_ln87_57 = partselect i62 @_ssdm_op_PartSelect.i62.i64.i32.i32, i64 %add_ln87_116, i32 2, i32 63" [src/gtsrb_cnn.cpp:87]   --->   Operation 1656 'partselect' 'trunc_ln87_57' <Predicate = (!icmp_ln83)> <Delay = 0.00>
ST_60 : Operation 1657 [1/1] (0.00ns)   --->   "%sext_ln87_58 = sext i62 %trunc_ln87_57" [src/gtsrb_cnn.cpp:87]   --->   Operation 1657 'sext' 'sext_ln87_58' <Predicate = (!icmp_ln83)> <Delay = 0.00>
ST_60 : Operation 1658 [1/1] (0.00ns)   --->   "%gmem4_addr_59 = getelementptr i32 %gmem4, i64 %sext_ln87_58" [src/gtsrb_cnn.cpp:87]   --->   Operation 1658 'getelementptr' 'gmem4_addr_59' <Predicate = (!icmp_ln83)> <Delay = 0.00>

State 61 <SV = 60> <Delay = 7.30>
ST_61 : Operation 1659 [4/5] (6.01ns)   --->   "%acc_1_9 = fadd i32 %acc_1_8, i32 %mul9_9" [src/gtsrb_cnn.cpp:87]   --->   Operation 1659 'fadd' 'acc_1_9' <Predicate = (!icmp_ln83)> <Delay = 6.01> <CoreInst = "FAddSub_fulldsp">   --->   Core 18 'FAddSub_fulldsp' <Latency = 4> <II = 1> <Delay = 6.01> <FuncUnit> <Opcode : 'fadd' 'fsub'> <InPorts = 2> <OutPorts = 1>
ST_61 : Operation 1660 [1/4] (4.67ns)   --->   "%mul9_46 = fmul i32 %fc1_out_load_47, i32 %bitcast_ln87_47" [src/gtsrb_cnn.cpp:87]   --->   Operation 1660 'fmul' 'mul9_46' <Predicate = (!icmp_ln83)> <Delay = 4.67> <CoreInst = "FMul_maxdsp">   --->   Core 30 'FMul_maxdsp' <Latency = 3> <II = 1> <Delay = 4.67> <FuncUnit> <Opcode : 'fmul'> <InPorts = 2> <OutPorts = 1>
ST_61 : Operation 1661 [2/4] (4.67ns)   --->   "%mul9_47 = fmul i32 %fc1_out_load_48, i32 %bitcast_ln87_48" [src/gtsrb_cnn.cpp:87]   --->   Operation 1661 'fmul' 'mul9_47' <Predicate = (!icmp_ln83)> <Delay = 4.67> <CoreInst = "FMul_maxdsp">   --->   Core 30 'FMul_maxdsp' <Latency = 3> <II = 1> <Delay = 4.67> <FuncUnit> <Opcode : 'fmul'> <InPorts = 2> <OutPorts = 1>
ST_61 : Operation 1662 [3/4] (4.67ns)   --->   "%mul9_48 = fmul i32 %fc1_out_load_49, i32 %bitcast_ln87_49" [src/gtsrb_cnn.cpp:87]   --->   Operation 1662 'fmul' 'mul9_48' <Predicate = (!icmp_ln83)> <Delay = 4.67> <CoreInst = "FMul_maxdsp">   --->   Core 30 'FMul_maxdsp' <Latency = 3> <II = 1> <Delay = 4.67> <FuncUnit> <Opcode : 'fmul'> <InPorts = 2> <OutPorts = 1>
ST_61 : Operation 1663 [1/1] (0.00ns)   --->   "%bitcast_ln87_50 = bitcast i32 %gmem4_addr_51_read" [src/gtsrb_cnn.cpp:87]   --->   Operation 1663 'bitcast' 'bitcast_ln87_50' <Predicate = (!icmp_ln83)> <Delay = 0.00>
ST_61 : Operation 1664 [4/4] (4.67ns)   --->   "%mul9_49 = fmul i32 %fc1_out_load_50, i32 %bitcast_ln87_50" [src/gtsrb_cnn.cpp:87]   --->   Operation 1664 'fmul' 'mul9_49' <Predicate = (!icmp_ln83)> <Delay = 4.67> <CoreInst = "FMul_maxdsp">   --->   Core 30 'FMul_maxdsp' <Latency = 3> <II = 1> <Delay = 4.67> <FuncUnit> <Opcode : 'fmul'> <InPorts = 2> <OutPorts = 1>
ST_61 : Operation 1665 [1/1] (7.30ns)   --->   "%gmem4_addr_52_read = read i32 @_ssdm_op_Read.m_axi.i32P1A, i32 %gmem4_addr_52" [src/gtsrb_cnn.cpp:87]   --->   Operation 1665 'read' 'gmem4_addr_52_read' <Predicate = (!icmp_ln83)> <Delay = 7.30> <CoreInst = "m_axi">   --->   Core 121 'm_axi' <Latency = 0> <II = 1> <Delay = 1.00> <Adapter> <Opcode : 'read' 'write' 'readreq' 'writereq' 'writeresp'>
ST_61 : Operation 1666 [1/7] (7.30ns)   --->   "%gmem4_load_53_req = readreq i1 @_ssdm_op_ReadReq.m_axi.i32P1A, i32 %gmem4_addr_53, i32 1" [src/gtsrb_cnn.cpp:87]   --->   Operation 1666 'readreq' 'gmem4_load_53_req' <Predicate = (!icmp_ln83)> <Delay = 7.30> <CoreInst = "m_axi">   --->   Core 121 'm_axi' <Latency = 0> <II = 1> <Delay = 1.00> <Adapter> <Opcode : 'read' 'write' 'readreq' 'writereq' 'writeresp'>
ST_61 : Operation 1667 [2/7] (7.30ns)   --->   "%gmem4_load_54_req = readreq i1 @_ssdm_op_ReadReq.m_axi.i32P1A, i32 %gmem4_addr_54, i32 1" [src/gtsrb_cnn.cpp:87]   --->   Operation 1667 'readreq' 'gmem4_load_54_req' <Predicate = (!icmp_ln83)> <Delay = 7.30> <CoreInst = "m_axi">   --->   Core 121 'm_axi' <Latency = 0> <II = 1> <Delay = 1.00> <Adapter> <Opcode : 'read' 'write' 'readreq' 'writereq' 'writeresp'>
ST_61 : Operation 1668 [3/7] (7.30ns)   --->   "%gmem4_load_55_req = readreq i1 @_ssdm_op_ReadReq.m_axi.i32P1A, i32 %gmem4_addr_55, i32 1" [src/gtsrb_cnn.cpp:87]   --->   Operation 1668 'readreq' 'gmem4_load_55_req' <Predicate = (!icmp_ln83)> <Delay = 7.30> <CoreInst = "m_axi">   --->   Core 121 'm_axi' <Latency = 0> <II = 1> <Delay = 1.00> <Adapter> <Opcode : 'read' 'write' 'readreq' 'writereq' 'writeresp'>
ST_61 : Operation 1669 [4/7] (7.30ns)   --->   "%gmem4_load_56_req = readreq i1 @_ssdm_op_ReadReq.m_axi.i32P1A, i32 %gmem4_addr_56, i32 1" [src/gtsrb_cnn.cpp:87]   --->   Operation 1669 'readreq' 'gmem4_load_56_req' <Predicate = (!icmp_ln83)> <Delay = 7.30> <CoreInst = "m_axi">   --->   Core 121 'm_axi' <Latency = 0> <II = 1> <Delay = 1.00> <Adapter> <Opcode : 'read' 'write' 'readreq' 'writereq' 'writeresp'>
ST_61 : Operation 1670 [5/7] (7.30ns)   --->   "%gmem4_load_57_req = readreq i1 @_ssdm_op_ReadReq.m_axi.i32P1A, i32 %gmem4_addr_57, i32 1" [src/gtsrb_cnn.cpp:87]   --->   Operation 1670 'readreq' 'gmem4_load_57_req' <Predicate = (!icmp_ln83)> <Delay = 7.30> <CoreInst = "m_axi">   --->   Core 121 'm_axi' <Latency = 0> <II = 1> <Delay = 1.00> <Adapter> <Opcode : 'read' 'write' 'readreq' 'writereq' 'writeresp'>
ST_61 : Operation 1671 [6/7] (7.30ns)   --->   "%gmem4_load_58_req = readreq i1 @_ssdm_op_ReadReq.m_axi.i32P1A, i32 %gmem4_addr_58, i32 1" [src/gtsrb_cnn.cpp:87]   --->   Operation 1671 'readreq' 'gmem4_load_58_req' <Predicate = (!icmp_ln83)> <Delay = 7.30> <CoreInst = "m_axi">   --->   Core 121 'm_axi' <Latency = 0> <II = 1> <Delay = 1.00> <Adapter> <Opcode : 'read' 'write' 'readreq' 'writereq' 'writeresp'>
ST_61 : Operation 1672 [7/7] (7.30ns)   --->   "%gmem4_load_59_req = readreq i1 @_ssdm_op_ReadReq.m_axi.i32P1A, i32 %gmem4_addr_59, i32 1" [src/gtsrb_cnn.cpp:87]   --->   Operation 1672 'readreq' 'gmem4_load_59_req' <Predicate = (!icmp_ln83)> <Delay = 7.30> <CoreInst = "m_axi">   --->   Core 121 'm_axi' <Latency = 0> <II = 1> <Delay = 1.00> <Adapter> <Opcode : 'read' 'write' 'readreq' 'writereq' 'writeresp'>
ST_61 : Operation 1673 [1/1] (0.96ns)   --->   "%add_ln87_117 = add i12 %zext_ln87, i12 2537" [src/gtsrb_cnn.cpp:87]   --->   Operation 1673 'add' 'add_ln87_117' <Predicate = (!icmp_ln83)> <Delay = 0.96> <CoreInst = "Adder">   --->   Core 1 'Adder' <Latency = 0> <II = 1> <Delay = 0.96> <FuncUnit> <Opcode : 'add' 'sub'> <InPorts = 2> <OutPorts = 1>
ST_61 : Operation 1674 [1/1] (0.00ns)   --->   "%shl_ln87_40 = bitconcatenate i14 @_ssdm_op_BitConcatenate.i14.i12.i2, i12 %add_ln87_117, i2 0" [src/gtsrb_cnn.cpp:87]   --->   Operation 1674 'bitconcatenate' 'shl_ln87_40' <Predicate = (!icmp_ln83)> <Delay = 0.00>
ST_61 : Operation 1675 [1/1] (0.00ns)   --->   "%zext_ln87_65 = zext i14 %shl_ln87_40" [src/gtsrb_cnn.cpp:87]   --->   Operation 1675 'zext' 'zext_ln87_65' <Predicate = (!icmp_ln83)> <Delay = 0.00>
ST_61 : Operation 1676 [1/1] (1.47ns)   --->   "%add_ln87_118 = add i64 %zext_ln87_65, i64 %W_read" [src/gtsrb_cnn.cpp:87]   --->   Operation 1676 'add' 'add_ln87_118' <Predicate = (!icmp_ln83)> <Delay = 1.47> <CoreInst = "Adder">   --->   Core 1 'Adder' <Latency = 0> <II = 1> <Delay = 1.47> <FuncUnit> <Opcode : 'add' 'sub'> <InPorts = 2> <OutPorts = 1>
ST_61 : Operation 1677 [1/1] (0.00ns)   --->   "%trunc_ln87_58 = partselect i62 @_ssdm_op_PartSelect.i62.i64.i32.i32, i64 %add_ln87_118, i32 2, i32 63" [src/gtsrb_cnn.cpp:87]   --->   Operation 1677 'partselect' 'trunc_ln87_58' <Predicate = (!icmp_ln83)> <Delay = 0.00>
ST_61 : Operation 1678 [1/1] (0.00ns)   --->   "%sext_ln87_59 = sext i62 %trunc_ln87_58" [src/gtsrb_cnn.cpp:87]   --->   Operation 1678 'sext' 'sext_ln87_59' <Predicate = (!icmp_ln83)> <Delay = 0.00>
ST_61 : Operation 1679 [1/1] (0.00ns)   --->   "%gmem4_addr_60 = getelementptr i32 %gmem4, i64 %sext_ln87_59" [src/gtsrb_cnn.cpp:87]   --->   Operation 1679 'getelementptr' 'gmem4_addr_60' <Predicate = (!icmp_ln83)> <Delay = 0.00>

State 62 <SV = 61> <Delay = 7.30>
ST_62 : Operation 1680 [3/5] (6.01ns)   --->   "%acc_1_9 = fadd i32 %acc_1_8, i32 %mul9_9" [src/gtsrb_cnn.cpp:87]   --->   Operation 1680 'fadd' 'acc_1_9' <Predicate = (!icmp_ln83)> <Delay = 6.01> <CoreInst = "FAddSub_fulldsp">   --->   Core 18 'FAddSub_fulldsp' <Latency = 4> <II = 1> <Delay = 6.01> <FuncUnit> <Opcode : 'fadd' 'fsub'> <InPorts = 2> <OutPorts = 1>
ST_62 : Operation 1681 [1/4] (4.67ns)   --->   "%mul9_47 = fmul i32 %fc1_out_load_48, i32 %bitcast_ln87_48" [src/gtsrb_cnn.cpp:87]   --->   Operation 1681 'fmul' 'mul9_47' <Predicate = (!icmp_ln83)> <Delay = 4.67> <CoreInst = "FMul_maxdsp">   --->   Core 30 'FMul_maxdsp' <Latency = 3> <II = 1> <Delay = 4.67> <FuncUnit> <Opcode : 'fmul'> <InPorts = 2> <OutPorts = 1>
ST_62 : Operation 1682 [2/4] (4.67ns)   --->   "%mul9_48 = fmul i32 %fc1_out_load_49, i32 %bitcast_ln87_49" [src/gtsrb_cnn.cpp:87]   --->   Operation 1682 'fmul' 'mul9_48' <Predicate = (!icmp_ln83)> <Delay = 4.67> <CoreInst = "FMul_maxdsp">   --->   Core 30 'FMul_maxdsp' <Latency = 3> <II = 1> <Delay = 4.67> <FuncUnit> <Opcode : 'fmul'> <InPorts = 2> <OutPorts = 1>
ST_62 : Operation 1683 [3/4] (4.67ns)   --->   "%mul9_49 = fmul i32 %fc1_out_load_50, i32 %bitcast_ln87_50" [src/gtsrb_cnn.cpp:87]   --->   Operation 1683 'fmul' 'mul9_49' <Predicate = (!icmp_ln83)> <Delay = 4.67> <CoreInst = "FMul_maxdsp">   --->   Core 30 'FMul_maxdsp' <Latency = 3> <II = 1> <Delay = 4.67> <FuncUnit> <Opcode : 'fmul'> <InPorts = 2> <OutPorts = 1>
ST_62 : Operation 1684 [1/1] (0.00ns)   --->   "%bitcast_ln87_51 = bitcast i32 %gmem4_addr_52_read" [src/gtsrb_cnn.cpp:87]   --->   Operation 1684 'bitcast' 'bitcast_ln87_51' <Predicate = (!icmp_ln83)> <Delay = 0.00>
ST_62 : Operation 1685 [4/4] (4.67ns)   --->   "%mul9_50 = fmul i32 %fc1_out_load_51, i32 %bitcast_ln87_51" [src/gtsrb_cnn.cpp:87]   --->   Operation 1685 'fmul' 'mul9_50' <Predicate = (!icmp_ln83)> <Delay = 4.67> <CoreInst = "FMul_maxdsp">   --->   Core 30 'FMul_maxdsp' <Latency = 3> <II = 1> <Delay = 4.67> <FuncUnit> <Opcode : 'fmul'> <InPorts = 2> <OutPorts = 1>
ST_62 : Operation 1686 [1/1] (7.30ns)   --->   "%gmem4_addr_53_read = read i32 @_ssdm_op_Read.m_axi.i32P1A, i32 %gmem4_addr_53" [src/gtsrb_cnn.cpp:87]   --->   Operation 1686 'read' 'gmem4_addr_53_read' <Predicate = (!icmp_ln83)> <Delay = 7.30> <CoreInst = "m_axi">   --->   Core 121 'm_axi' <Latency = 0> <II = 1> <Delay = 1.00> <Adapter> <Opcode : 'read' 'write' 'readreq' 'writereq' 'writeresp'>
ST_62 : Operation 1687 [1/7] (7.30ns)   --->   "%gmem4_load_54_req = readreq i1 @_ssdm_op_ReadReq.m_axi.i32P1A, i32 %gmem4_addr_54, i32 1" [src/gtsrb_cnn.cpp:87]   --->   Operation 1687 'readreq' 'gmem4_load_54_req' <Predicate = (!icmp_ln83)> <Delay = 7.30> <CoreInst = "m_axi">   --->   Core 121 'm_axi' <Latency = 0> <II = 1> <Delay = 1.00> <Adapter> <Opcode : 'read' 'write' 'readreq' 'writereq' 'writeresp'>
ST_62 : Operation 1688 [2/7] (7.30ns)   --->   "%gmem4_load_55_req = readreq i1 @_ssdm_op_ReadReq.m_axi.i32P1A, i32 %gmem4_addr_55, i32 1" [src/gtsrb_cnn.cpp:87]   --->   Operation 1688 'readreq' 'gmem4_load_55_req' <Predicate = (!icmp_ln83)> <Delay = 7.30> <CoreInst = "m_axi">   --->   Core 121 'm_axi' <Latency = 0> <II = 1> <Delay = 1.00> <Adapter> <Opcode : 'read' 'write' 'readreq' 'writereq' 'writeresp'>
ST_62 : Operation 1689 [3/7] (7.30ns)   --->   "%gmem4_load_56_req = readreq i1 @_ssdm_op_ReadReq.m_axi.i32P1A, i32 %gmem4_addr_56, i32 1" [src/gtsrb_cnn.cpp:87]   --->   Operation 1689 'readreq' 'gmem4_load_56_req' <Predicate = (!icmp_ln83)> <Delay = 7.30> <CoreInst = "m_axi">   --->   Core 121 'm_axi' <Latency = 0> <II = 1> <Delay = 1.00> <Adapter> <Opcode : 'read' 'write' 'readreq' 'writereq' 'writeresp'>
ST_62 : Operation 1690 [4/7] (7.30ns)   --->   "%gmem4_load_57_req = readreq i1 @_ssdm_op_ReadReq.m_axi.i32P1A, i32 %gmem4_addr_57, i32 1" [src/gtsrb_cnn.cpp:87]   --->   Operation 1690 'readreq' 'gmem4_load_57_req' <Predicate = (!icmp_ln83)> <Delay = 7.30> <CoreInst = "m_axi">   --->   Core 121 'm_axi' <Latency = 0> <II = 1> <Delay = 1.00> <Adapter> <Opcode : 'read' 'write' 'readreq' 'writereq' 'writeresp'>
ST_62 : Operation 1691 [5/7] (7.30ns)   --->   "%gmem4_load_58_req = readreq i1 @_ssdm_op_ReadReq.m_axi.i32P1A, i32 %gmem4_addr_58, i32 1" [src/gtsrb_cnn.cpp:87]   --->   Operation 1691 'readreq' 'gmem4_load_58_req' <Predicate = (!icmp_ln83)> <Delay = 7.30> <CoreInst = "m_axi">   --->   Core 121 'm_axi' <Latency = 0> <II = 1> <Delay = 1.00> <Adapter> <Opcode : 'read' 'write' 'readreq' 'writereq' 'writeresp'>
ST_62 : Operation 1692 [6/7] (7.30ns)   --->   "%gmem4_load_59_req = readreq i1 @_ssdm_op_ReadReq.m_axi.i32P1A, i32 %gmem4_addr_59, i32 1" [src/gtsrb_cnn.cpp:87]   --->   Operation 1692 'readreq' 'gmem4_load_59_req' <Predicate = (!icmp_ln83)> <Delay = 7.30> <CoreInst = "m_axi">   --->   Core 121 'm_axi' <Latency = 0> <II = 1> <Delay = 1.00> <Adapter> <Opcode : 'read' 'write' 'readreq' 'writereq' 'writeresp'>
ST_62 : Operation 1693 [7/7] (7.30ns)   --->   "%gmem4_load_60_req = readreq i1 @_ssdm_op_ReadReq.m_axi.i32P1A, i32 %gmem4_addr_60, i32 1" [src/gtsrb_cnn.cpp:87]   --->   Operation 1693 'readreq' 'gmem4_load_60_req' <Predicate = (!icmp_ln83)> <Delay = 7.30> <CoreInst = "m_axi">   --->   Core 121 'm_axi' <Latency = 0> <II = 1> <Delay = 1.00> <Adapter> <Opcode : 'read' 'write' 'readreq' 'writereq' 'writeresp'>
ST_62 : Operation 1694 [1/1] (0.96ns)   --->   "%add_ln87_119 = add i12 %zext_ln87, i12 2580" [src/gtsrb_cnn.cpp:87]   --->   Operation 1694 'add' 'add_ln87_119' <Predicate = (!icmp_ln83)> <Delay = 0.96> <CoreInst = "Adder">   --->   Core 1 'Adder' <Latency = 0> <II = 1> <Delay = 0.96> <FuncUnit> <Opcode : 'add' 'sub'> <InPorts = 2> <OutPorts = 1>
ST_62 : Operation 1695 [1/1] (0.00ns)   --->   "%shl_ln87_41 = bitconcatenate i14 @_ssdm_op_BitConcatenate.i14.i12.i2, i12 %add_ln87_119, i2 0" [src/gtsrb_cnn.cpp:87]   --->   Operation 1695 'bitconcatenate' 'shl_ln87_41' <Predicate = (!icmp_ln83)> <Delay = 0.00>
ST_62 : Operation 1696 [1/1] (0.00ns)   --->   "%zext_ln87_66 = zext i14 %shl_ln87_41" [src/gtsrb_cnn.cpp:87]   --->   Operation 1696 'zext' 'zext_ln87_66' <Predicate = (!icmp_ln83)> <Delay = 0.00>
ST_62 : Operation 1697 [1/1] (1.47ns)   --->   "%add_ln87_120 = add i64 %zext_ln87_66, i64 %W_read" [src/gtsrb_cnn.cpp:87]   --->   Operation 1697 'add' 'add_ln87_120' <Predicate = (!icmp_ln83)> <Delay = 1.47> <CoreInst = "Adder">   --->   Core 1 'Adder' <Latency = 0> <II = 1> <Delay = 1.47> <FuncUnit> <Opcode : 'add' 'sub'> <InPorts = 2> <OutPorts = 1>
ST_62 : Operation 1698 [1/1] (0.00ns)   --->   "%trunc_ln87_59 = partselect i62 @_ssdm_op_PartSelect.i62.i64.i32.i32, i64 %add_ln87_120, i32 2, i32 63" [src/gtsrb_cnn.cpp:87]   --->   Operation 1698 'partselect' 'trunc_ln87_59' <Predicate = (!icmp_ln83)> <Delay = 0.00>
ST_62 : Operation 1699 [1/1] (0.00ns)   --->   "%sext_ln87_60 = sext i62 %trunc_ln87_59" [src/gtsrb_cnn.cpp:87]   --->   Operation 1699 'sext' 'sext_ln87_60' <Predicate = (!icmp_ln83)> <Delay = 0.00>
ST_62 : Operation 1700 [1/1] (0.00ns)   --->   "%gmem4_addr_61 = getelementptr i32 %gmem4, i64 %sext_ln87_60" [src/gtsrb_cnn.cpp:87]   --->   Operation 1700 'getelementptr' 'gmem4_addr_61' <Predicate = (!icmp_ln83)> <Delay = 0.00>

State 63 <SV = 62> <Delay = 7.30>
ST_63 : Operation 1701 [2/5] (6.01ns)   --->   "%acc_1_9 = fadd i32 %acc_1_8, i32 %mul9_9" [src/gtsrb_cnn.cpp:87]   --->   Operation 1701 'fadd' 'acc_1_9' <Predicate = (!icmp_ln83)> <Delay = 6.01> <CoreInst = "FAddSub_fulldsp">   --->   Core 18 'FAddSub_fulldsp' <Latency = 4> <II = 1> <Delay = 6.01> <FuncUnit> <Opcode : 'fadd' 'fsub'> <InPorts = 2> <OutPorts = 1>
ST_63 : Operation 1702 [1/4] (4.67ns)   --->   "%mul9_48 = fmul i32 %fc1_out_load_49, i32 %bitcast_ln87_49" [src/gtsrb_cnn.cpp:87]   --->   Operation 1702 'fmul' 'mul9_48' <Predicate = (!icmp_ln83)> <Delay = 4.67> <CoreInst = "FMul_maxdsp">   --->   Core 30 'FMul_maxdsp' <Latency = 3> <II = 1> <Delay = 4.67> <FuncUnit> <Opcode : 'fmul'> <InPorts = 2> <OutPorts = 1>
ST_63 : Operation 1703 [2/4] (4.67ns)   --->   "%mul9_49 = fmul i32 %fc1_out_load_50, i32 %bitcast_ln87_50" [src/gtsrb_cnn.cpp:87]   --->   Operation 1703 'fmul' 'mul9_49' <Predicate = (!icmp_ln83)> <Delay = 4.67> <CoreInst = "FMul_maxdsp">   --->   Core 30 'FMul_maxdsp' <Latency = 3> <II = 1> <Delay = 4.67> <FuncUnit> <Opcode : 'fmul'> <InPorts = 2> <OutPorts = 1>
ST_63 : Operation 1704 [3/4] (4.67ns)   --->   "%mul9_50 = fmul i32 %fc1_out_load_51, i32 %bitcast_ln87_51" [src/gtsrb_cnn.cpp:87]   --->   Operation 1704 'fmul' 'mul9_50' <Predicate = (!icmp_ln83)> <Delay = 4.67> <CoreInst = "FMul_maxdsp">   --->   Core 30 'FMul_maxdsp' <Latency = 3> <II = 1> <Delay = 4.67> <FuncUnit> <Opcode : 'fmul'> <InPorts = 2> <OutPorts = 1>
ST_63 : Operation 1705 [1/1] (0.00ns)   --->   "%bitcast_ln87_52 = bitcast i32 %gmem4_addr_53_read" [src/gtsrb_cnn.cpp:87]   --->   Operation 1705 'bitcast' 'bitcast_ln87_52' <Predicate = (!icmp_ln83)> <Delay = 0.00>
ST_63 : Operation 1706 [4/4] (4.67ns)   --->   "%mul9_51 = fmul i32 %fc1_out_load_52, i32 %bitcast_ln87_52" [src/gtsrb_cnn.cpp:87]   --->   Operation 1706 'fmul' 'mul9_51' <Predicate = (!icmp_ln83)> <Delay = 4.67> <CoreInst = "FMul_maxdsp">   --->   Core 30 'FMul_maxdsp' <Latency = 3> <II = 1> <Delay = 4.67> <FuncUnit> <Opcode : 'fmul'> <InPorts = 2> <OutPorts = 1>
ST_63 : Operation 1707 [1/1] (7.30ns)   --->   "%gmem4_addr_54_read = read i32 @_ssdm_op_Read.m_axi.i32P1A, i32 %gmem4_addr_54" [src/gtsrb_cnn.cpp:87]   --->   Operation 1707 'read' 'gmem4_addr_54_read' <Predicate = (!icmp_ln83)> <Delay = 7.30> <CoreInst = "m_axi">   --->   Core 121 'm_axi' <Latency = 0> <II = 1> <Delay = 1.00> <Adapter> <Opcode : 'read' 'write' 'readreq' 'writereq' 'writeresp'>
ST_63 : Operation 1708 [1/7] (7.30ns)   --->   "%gmem4_load_55_req = readreq i1 @_ssdm_op_ReadReq.m_axi.i32P1A, i32 %gmem4_addr_55, i32 1" [src/gtsrb_cnn.cpp:87]   --->   Operation 1708 'readreq' 'gmem4_load_55_req' <Predicate = (!icmp_ln83)> <Delay = 7.30> <CoreInst = "m_axi">   --->   Core 121 'm_axi' <Latency = 0> <II = 1> <Delay = 1.00> <Adapter> <Opcode : 'read' 'write' 'readreq' 'writereq' 'writeresp'>
ST_63 : Operation 1709 [2/7] (7.30ns)   --->   "%gmem4_load_56_req = readreq i1 @_ssdm_op_ReadReq.m_axi.i32P1A, i32 %gmem4_addr_56, i32 1" [src/gtsrb_cnn.cpp:87]   --->   Operation 1709 'readreq' 'gmem4_load_56_req' <Predicate = (!icmp_ln83)> <Delay = 7.30> <CoreInst = "m_axi">   --->   Core 121 'm_axi' <Latency = 0> <II = 1> <Delay = 1.00> <Adapter> <Opcode : 'read' 'write' 'readreq' 'writereq' 'writeresp'>
ST_63 : Operation 1710 [3/7] (7.30ns)   --->   "%gmem4_load_57_req = readreq i1 @_ssdm_op_ReadReq.m_axi.i32P1A, i32 %gmem4_addr_57, i32 1" [src/gtsrb_cnn.cpp:87]   --->   Operation 1710 'readreq' 'gmem4_load_57_req' <Predicate = (!icmp_ln83)> <Delay = 7.30> <CoreInst = "m_axi">   --->   Core 121 'm_axi' <Latency = 0> <II = 1> <Delay = 1.00> <Adapter> <Opcode : 'read' 'write' 'readreq' 'writereq' 'writeresp'>
ST_63 : Operation 1711 [4/7] (7.30ns)   --->   "%gmem4_load_58_req = readreq i1 @_ssdm_op_ReadReq.m_axi.i32P1A, i32 %gmem4_addr_58, i32 1" [src/gtsrb_cnn.cpp:87]   --->   Operation 1711 'readreq' 'gmem4_load_58_req' <Predicate = (!icmp_ln83)> <Delay = 7.30> <CoreInst = "m_axi">   --->   Core 121 'm_axi' <Latency = 0> <II = 1> <Delay = 1.00> <Adapter> <Opcode : 'read' 'write' 'readreq' 'writereq' 'writeresp'>
ST_63 : Operation 1712 [5/7] (7.30ns)   --->   "%gmem4_load_59_req = readreq i1 @_ssdm_op_ReadReq.m_axi.i32P1A, i32 %gmem4_addr_59, i32 1" [src/gtsrb_cnn.cpp:87]   --->   Operation 1712 'readreq' 'gmem4_load_59_req' <Predicate = (!icmp_ln83)> <Delay = 7.30> <CoreInst = "m_axi">   --->   Core 121 'm_axi' <Latency = 0> <II = 1> <Delay = 1.00> <Adapter> <Opcode : 'read' 'write' 'readreq' 'writereq' 'writeresp'>
ST_63 : Operation 1713 [6/7] (7.30ns)   --->   "%gmem4_load_60_req = readreq i1 @_ssdm_op_ReadReq.m_axi.i32P1A, i32 %gmem4_addr_60, i32 1" [src/gtsrb_cnn.cpp:87]   --->   Operation 1713 'readreq' 'gmem4_load_60_req' <Predicate = (!icmp_ln83)> <Delay = 7.30> <CoreInst = "m_axi">   --->   Core 121 'm_axi' <Latency = 0> <II = 1> <Delay = 1.00> <Adapter> <Opcode : 'read' 'write' 'readreq' 'writereq' 'writeresp'>
ST_63 : Operation 1714 [7/7] (7.30ns)   --->   "%gmem4_load_61_req = readreq i1 @_ssdm_op_ReadReq.m_axi.i32P1A, i32 %gmem4_addr_61, i32 1" [src/gtsrb_cnn.cpp:87]   --->   Operation 1714 'readreq' 'gmem4_load_61_req' <Predicate = (!icmp_ln83)> <Delay = 7.30> <CoreInst = "m_axi">   --->   Core 121 'm_axi' <Latency = 0> <II = 1> <Delay = 1.00> <Adapter> <Opcode : 'read' 'write' 'readreq' 'writereq' 'writeresp'>
ST_63 : Operation 1715 [1/1] (0.96ns)   --->   "%add_ln87_121 = add i12 %zext_ln87, i12 2623" [src/gtsrb_cnn.cpp:87]   --->   Operation 1715 'add' 'add_ln87_121' <Predicate = (!icmp_ln83)> <Delay = 0.96> <CoreInst = "Adder">   --->   Core 1 'Adder' <Latency = 0> <II = 1> <Delay = 0.96> <FuncUnit> <Opcode : 'add' 'sub'> <InPorts = 2> <OutPorts = 1>
ST_63 : Operation 1716 [1/1] (0.00ns)   --->   "%shl_ln87_42 = bitconcatenate i14 @_ssdm_op_BitConcatenate.i14.i12.i2, i12 %add_ln87_121, i2 0" [src/gtsrb_cnn.cpp:87]   --->   Operation 1716 'bitconcatenate' 'shl_ln87_42' <Predicate = (!icmp_ln83)> <Delay = 0.00>
ST_63 : Operation 1717 [1/1] (0.00ns)   --->   "%zext_ln87_67 = zext i14 %shl_ln87_42" [src/gtsrb_cnn.cpp:87]   --->   Operation 1717 'zext' 'zext_ln87_67' <Predicate = (!icmp_ln83)> <Delay = 0.00>
ST_63 : Operation 1718 [1/1] (1.47ns)   --->   "%add_ln87_122 = add i64 %zext_ln87_67, i64 %W_read" [src/gtsrb_cnn.cpp:87]   --->   Operation 1718 'add' 'add_ln87_122' <Predicate = (!icmp_ln83)> <Delay = 1.47> <CoreInst = "Adder">   --->   Core 1 'Adder' <Latency = 0> <II = 1> <Delay = 1.47> <FuncUnit> <Opcode : 'add' 'sub'> <InPorts = 2> <OutPorts = 1>
ST_63 : Operation 1719 [1/1] (0.00ns)   --->   "%trunc_ln87_60 = partselect i62 @_ssdm_op_PartSelect.i62.i64.i32.i32, i64 %add_ln87_122, i32 2, i32 63" [src/gtsrb_cnn.cpp:87]   --->   Operation 1719 'partselect' 'trunc_ln87_60' <Predicate = (!icmp_ln83)> <Delay = 0.00>
ST_63 : Operation 1720 [1/1] (0.00ns)   --->   "%sext_ln87_61 = sext i62 %trunc_ln87_60" [src/gtsrb_cnn.cpp:87]   --->   Operation 1720 'sext' 'sext_ln87_61' <Predicate = (!icmp_ln83)> <Delay = 0.00>
ST_63 : Operation 1721 [1/1] (0.00ns)   --->   "%gmem4_addr_62 = getelementptr i32 %gmem4, i64 %sext_ln87_61" [src/gtsrb_cnn.cpp:87]   --->   Operation 1721 'getelementptr' 'gmem4_addr_62' <Predicate = (!icmp_ln83)> <Delay = 0.00>

State 64 <SV = 63> <Delay = 7.30>
ST_64 : Operation 1722 [1/5] (6.01ns)   --->   "%acc_1_9 = fadd i32 %acc_1_8, i32 %mul9_9" [src/gtsrb_cnn.cpp:87]   --->   Operation 1722 'fadd' 'acc_1_9' <Predicate = (!icmp_ln83)> <Delay = 6.01> <CoreInst = "FAddSub_fulldsp">   --->   Core 18 'FAddSub_fulldsp' <Latency = 4> <II = 1> <Delay = 6.01> <FuncUnit> <Opcode : 'fadd' 'fsub'> <InPorts = 2> <OutPorts = 1>
ST_64 : Operation 1723 [1/4] (4.67ns)   --->   "%mul9_49 = fmul i32 %fc1_out_load_50, i32 %bitcast_ln87_50" [src/gtsrb_cnn.cpp:87]   --->   Operation 1723 'fmul' 'mul9_49' <Predicate = (!icmp_ln83)> <Delay = 4.67> <CoreInst = "FMul_maxdsp">   --->   Core 30 'FMul_maxdsp' <Latency = 3> <II = 1> <Delay = 4.67> <FuncUnit> <Opcode : 'fmul'> <InPorts = 2> <OutPorts = 1>
ST_64 : Operation 1724 [2/4] (4.67ns)   --->   "%mul9_50 = fmul i32 %fc1_out_load_51, i32 %bitcast_ln87_51" [src/gtsrb_cnn.cpp:87]   --->   Operation 1724 'fmul' 'mul9_50' <Predicate = (!icmp_ln83)> <Delay = 4.67> <CoreInst = "FMul_maxdsp">   --->   Core 30 'FMul_maxdsp' <Latency = 3> <II = 1> <Delay = 4.67> <FuncUnit> <Opcode : 'fmul'> <InPorts = 2> <OutPorts = 1>
ST_64 : Operation 1725 [3/4] (4.67ns)   --->   "%mul9_51 = fmul i32 %fc1_out_load_52, i32 %bitcast_ln87_52" [src/gtsrb_cnn.cpp:87]   --->   Operation 1725 'fmul' 'mul9_51' <Predicate = (!icmp_ln83)> <Delay = 4.67> <CoreInst = "FMul_maxdsp">   --->   Core 30 'FMul_maxdsp' <Latency = 3> <II = 1> <Delay = 4.67> <FuncUnit> <Opcode : 'fmul'> <InPorts = 2> <OutPorts = 1>
ST_64 : Operation 1726 [1/1] (0.00ns)   --->   "%bitcast_ln87_53 = bitcast i32 %gmem4_addr_54_read" [src/gtsrb_cnn.cpp:87]   --->   Operation 1726 'bitcast' 'bitcast_ln87_53' <Predicate = (!icmp_ln83)> <Delay = 0.00>
ST_64 : Operation 1727 [4/4] (4.67ns)   --->   "%mul9_52 = fmul i32 %fc1_out_load_53, i32 %bitcast_ln87_53" [src/gtsrb_cnn.cpp:87]   --->   Operation 1727 'fmul' 'mul9_52' <Predicate = (!icmp_ln83)> <Delay = 4.67> <CoreInst = "FMul_maxdsp">   --->   Core 30 'FMul_maxdsp' <Latency = 3> <II = 1> <Delay = 4.67> <FuncUnit> <Opcode : 'fmul'> <InPorts = 2> <OutPorts = 1>
ST_64 : Operation 1728 [1/1] (7.30ns)   --->   "%gmem4_addr_55_read = read i32 @_ssdm_op_Read.m_axi.i32P1A, i32 %gmem4_addr_55" [src/gtsrb_cnn.cpp:87]   --->   Operation 1728 'read' 'gmem4_addr_55_read' <Predicate = (!icmp_ln83)> <Delay = 7.30> <CoreInst = "m_axi">   --->   Core 121 'm_axi' <Latency = 0> <II = 1> <Delay = 1.00> <Adapter> <Opcode : 'read' 'write' 'readreq' 'writereq' 'writeresp'>
ST_64 : Operation 1729 [1/7] (7.30ns)   --->   "%gmem4_load_56_req = readreq i1 @_ssdm_op_ReadReq.m_axi.i32P1A, i32 %gmem4_addr_56, i32 1" [src/gtsrb_cnn.cpp:87]   --->   Operation 1729 'readreq' 'gmem4_load_56_req' <Predicate = (!icmp_ln83)> <Delay = 7.30> <CoreInst = "m_axi">   --->   Core 121 'm_axi' <Latency = 0> <II = 1> <Delay = 1.00> <Adapter> <Opcode : 'read' 'write' 'readreq' 'writereq' 'writeresp'>
ST_64 : Operation 1730 [2/7] (7.30ns)   --->   "%gmem4_load_57_req = readreq i1 @_ssdm_op_ReadReq.m_axi.i32P1A, i32 %gmem4_addr_57, i32 1" [src/gtsrb_cnn.cpp:87]   --->   Operation 1730 'readreq' 'gmem4_load_57_req' <Predicate = (!icmp_ln83)> <Delay = 7.30> <CoreInst = "m_axi">   --->   Core 121 'm_axi' <Latency = 0> <II = 1> <Delay = 1.00> <Adapter> <Opcode : 'read' 'write' 'readreq' 'writereq' 'writeresp'>
ST_64 : Operation 1731 [3/7] (7.30ns)   --->   "%gmem4_load_58_req = readreq i1 @_ssdm_op_ReadReq.m_axi.i32P1A, i32 %gmem4_addr_58, i32 1" [src/gtsrb_cnn.cpp:87]   --->   Operation 1731 'readreq' 'gmem4_load_58_req' <Predicate = (!icmp_ln83)> <Delay = 7.30> <CoreInst = "m_axi">   --->   Core 121 'm_axi' <Latency = 0> <II = 1> <Delay = 1.00> <Adapter> <Opcode : 'read' 'write' 'readreq' 'writereq' 'writeresp'>
ST_64 : Operation 1732 [4/7] (7.30ns)   --->   "%gmem4_load_59_req = readreq i1 @_ssdm_op_ReadReq.m_axi.i32P1A, i32 %gmem4_addr_59, i32 1" [src/gtsrb_cnn.cpp:87]   --->   Operation 1732 'readreq' 'gmem4_load_59_req' <Predicate = (!icmp_ln83)> <Delay = 7.30> <CoreInst = "m_axi">   --->   Core 121 'm_axi' <Latency = 0> <II = 1> <Delay = 1.00> <Adapter> <Opcode : 'read' 'write' 'readreq' 'writereq' 'writeresp'>
ST_64 : Operation 1733 [5/7] (7.30ns)   --->   "%gmem4_load_60_req = readreq i1 @_ssdm_op_ReadReq.m_axi.i32P1A, i32 %gmem4_addr_60, i32 1" [src/gtsrb_cnn.cpp:87]   --->   Operation 1733 'readreq' 'gmem4_load_60_req' <Predicate = (!icmp_ln83)> <Delay = 7.30> <CoreInst = "m_axi">   --->   Core 121 'm_axi' <Latency = 0> <II = 1> <Delay = 1.00> <Adapter> <Opcode : 'read' 'write' 'readreq' 'writereq' 'writeresp'>
ST_64 : Operation 1734 [6/7] (7.30ns)   --->   "%gmem4_load_61_req = readreq i1 @_ssdm_op_ReadReq.m_axi.i32P1A, i32 %gmem4_addr_61, i32 1" [src/gtsrb_cnn.cpp:87]   --->   Operation 1734 'readreq' 'gmem4_load_61_req' <Predicate = (!icmp_ln83)> <Delay = 7.30> <CoreInst = "m_axi">   --->   Core 121 'm_axi' <Latency = 0> <II = 1> <Delay = 1.00> <Adapter> <Opcode : 'read' 'write' 'readreq' 'writereq' 'writeresp'>
ST_64 : Operation 1735 [7/7] (7.30ns)   --->   "%gmem4_load_62_req = readreq i1 @_ssdm_op_ReadReq.m_axi.i32P1A, i32 %gmem4_addr_62, i32 1" [src/gtsrb_cnn.cpp:87]   --->   Operation 1735 'readreq' 'gmem4_load_62_req' <Predicate = (!icmp_ln83)> <Delay = 7.30> <CoreInst = "m_axi">   --->   Core 121 'm_axi' <Latency = 0> <II = 1> <Delay = 1.00> <Adapter> <Opcode : 'read' 'write' 'readreq' 'writereq' 'writeresp'>
ST_64 : Operation 1736 [1/1] (0.96ns)   --->   "%add_ln87_123 = add i12 %zext_ln87, i12 2666" [src/gtsrb_cnn.cpp:87]   --->   Operation 1736 'add' 'add_ln87_123' <Predicate = (!icmp_ln83)> <Delay = 0.96> <CoreInst = "Adder">   --->   Core 1 'Adder' <Latency = 0> <II = 1> <Delay = 0.96> <FuncUnit> <Opcode : 'add' 'sub'> <InPorts = 2> <OutPorts = 1>
ST_64 : Operation 1737 [1/1] (0.00ns)   --->   "%shl_ln87_43 = bitconcatenate i14 @_ssdm_op_BitConcatenate.i14.i12.i2, i12 %add_ln87_123, i2 0" [src/gtsrb_cnn.cpp:87]   --->   Operation 1737 'bitconcatenate' 'shl_ln87_43' <Predicate = (!icmp_ln83)> <Delay = 0.00>
ST_64 : Operation 1738 [1/1] (0.00ns)   --->   "%zext_ln87_68 = zext i14 %shl_ln87_43" [src/gtsrb_cnn.cpp:87]   --->   Operation 1738 'zext' 'zext_ln87_68' <Predicate = (!icmp_ln83)> <Delay = 0.00>
ST_64 : Operation 1739 [1/1] (1.47ns)   --->   "%add_ln87_124 = add i64 %zext_ln87_68, i64 %W_read" [src/gtsrb_cnn.cpp:87]   --->   Operation 1739 'add' 'add_ln87_124' <Predicate = (!icmp_ln83)> <Delay = 1.47> <CoreInst = "Adder">   --->   Core 1 'Adder' <Latency = 0> <II = 1> <Delay = 1.47> <FuncUnit> <Opcode : 'add' 'sub'> <InPorts = 2> <OutPorts = 1>
ST_64 : Operation 1740 [1/1] (0.00ns)   --->   "%trunc_ln87_61 = partselect i62 @_ssdm_op_PartSelect.i62.i64.i32.i32, i64 %add_ln87_124, i32 2, i32 63" [src/gtsrb_cnn.cpp:87]   --->   Operation 1740 'partselect' 'trunc_ln87_61' <Predicate = (!icmp_ln83)> <Delay = 0.00>
ST_64 : Operation 1741 [1/1] (0.00ns)   --->   "%sext_ln87_62 = sext i62 %trunc_ln87_61" [src/gtsrb_cnn.cpp:87]   --->   Operation 1741 'sext' 'sext_ln87_62' <Predicate = (!icmp_ln83)> <Delay = 0.00>
ST_64 : Operation 1742 [1/1] (0.00ns)   --->   "%gmem4_addr_63 = getelementptr i32 %gmem4, i64 %sext_ln87_62" [src/gtsrb_cnn.cpp:87]   --->   Operation 1742 'getelementptr' 'gmem4_addr_63' <Predicate = (!icmp_ln83)> <Delay = 0.00>

State 65 <SV = 64> <Delay = 7.30>
ST_65 : Operation 1743 [1/1] (0.88ns)   --->   "%add_ln83 = add i6 %j, i6 1" [src/gtsrb_cnn.cpp:83]   --->   Operation 1743 'add' 'add_ln83' <Predicate = true> <Delay = 0.88> <CoreInst = "Adder">   --->   Core 1 'Adder' <Latency = 0> <II = 1> <Delay = 0.88> <FuncUnit> <Opcode : 'add' 'sub'> <InPorts = 2> <OutPorts = 1>
ST_65 : Operation 1744 [5/5] (6.01ns)   --->   "%acc_1_s = fadd i32 %acc_1_9, i32 %mul9_s" [src/gtsrb_cnn.cpp:87]   --->   Operation 1744 'fadd' 'acc_1_s' <Predicate = (!icmp_ln83)> <Delay = 6.01> <CoreInst = "FAddSub_fulldsp">   --->   Core 18 'FAddSub_fulldsp' <Latency = 4> <II = 1> <Delay = 6.01> <FuncUnit> <Opcode : 'fadd' 'fsub'> <InPorts = 2> <OutPorts = 1>
ST_65 : Operation 1745 [1/4] (4.67ns)   --->   "%mul9_50 = fmul i32 %fc1_out_load_51, i32 %bitcast_ln87_51" [src/gtsrb_cnn.cpp:87]   --->   Operation 1745 'fmul' 'mul9_50' <Predicate = (!icmp_ln83)> <Delay = 4.67> <CoreInst = "FMul_maxdsp">   --->   Core 30 'FMul_maxdsp' <Latency = 3> <II = 1> <Delay = 4.67> <FuncUnit> <Opcode : 'fmul'> <InPorts = 2> <OutPorts = 1>
ST_65 : Operation 1746 [2/4] (4.67ns)   --->   "%mul9_51 = fmul i32 %fc1_out_load_52, i32 %bitcast_ln87_52" [src/gtsrb_cnn.cpp:87]   --->   Operation 1746 'fmul' 'mul9_51' <Predicate = (!icmp_ln83)> <Delay = 4.67> <CoreInst = "FMul_maxdsp">   --->   Core 30 'FMul_maxdsp' <Latency = 3> <II = 1> <Delay = 4.67> <FuncUnit> <Opcode : 'fmul'> <InPorts = 2> <OutPorts = 1>
ST_65 : Operation 1747 [3/4] (4.67ns)   --->   "%mul9_52 = fmul i32 %fc1_out_load_53, i32 %bitcast_ln87_53" [src/gtsrb_cnn.cpp:87]   --->   Operation 1747 'fmul' 'mul9_52' <Predicate = (!icmp_ln83)> <Delay = 4.67> <CoreInst = "FMul_maxdsp">   --->   Core 30 'FMul_maxdsp' <Latency = 3> <II = 1> <Delay = 4.67> <FuncUnit> <Opcode : 'fmul'> <InPorts = 2> <OutPorts = 1>
ST_65 : Operation 1748 [1/1] (0.00ns)   --->   "%bitcast_ln87_54 = bitcast i32 %gmem4_addr_55_read" [src/gtsrb_cnn.cpp:87]   --->   Operation 1748 'bitcast' 'bitcast_ln87_54' <Predicate = (!icmp_ln83)> <Delay = 0.00>
ST_65 : Operation 1749 [4/4] (4.67ns)   --->   "%mul9_53 = fmul i32 %fc1_out_load_54, i32 %bitcast_ln87_54" [src/gtsrb_cnn.cpp:87]   --->   Operation 1749 'fmul' 'mul9_53' <Predicate = (!icmp_ln83)> <Delay = 4.67> <CoreInst = "FMul_maxdsp">   --->   Core 30 'FMul_maxdsp' <Latency = 3> <II = 1> <Delay = 4.67> <FuncUnit> <Opcode : 'fmul'> <InPorts = 2> <OutPorts = 1>
ST_65 : Operation 1750 [1/1] (7.30ns)   --->   "%gmem4_addr_56_read = read i32 @_ssdm_op_Read.m_axi.i32P1A, i32 %gmem4_addr_56" [src/gtsrb_cnn.cpp:87]   --->   Operation 1750 'read' 'gmem4_addr_56_read' <Predicate = (!icmp_ln83)> <Delay = 7.30> <CoreInst = "m_axi">   --->   Core 121 'm_axi' <Latency = 0> <II = 1> <Delay = 1.00> <Adapter> <Opcode : 'read' 'write' 'readreq' 'writereq' 'writeresp'>
ST_65 : Operation 1751 [1/7] (7.30ns)   --->   "%gmem4_load_57_req = readreq i1 @_ssdm_op_ReadReq.m_axi.i32P1A, i32 %gmem4_addr_57, i32 1" [src/gtsrb_cnn.cpp:87]   --->   Operation 1751 'readreq' 'gmem4_load_57_req' <Predicate = (!icmp_ln83)> <Delay = 7.30> <CoreInst = "m_axi">   --->   Core 121 'm_axi' <Latency = 0> <II = 1> <Delay = 1.00> <Adapter> <Opcode : 'read' 'write' 'readreq' 'writereq' 'writeresp'>
ST_65 : Operation 1752 [2/7] (7.30ns)   --->   "%gmem4_load_58_req = readreq i1 @_ssdm_op_ReadReq.m_axi.i32P1A, i32 %gmem4_addr_58, i32 1" [src/gtsrb_cnn.cpp:87]   --->   Operation 1752 'readreq' 'gmem4_load_58_req' <Predicate = (!icmp_ln83)> <Delay = 7.30> <CoreInst = "m_axi">   --->   Core 121 'm_axi' <Latency = 0> <II = 1> <Delay = 1.00> <Adapter> <Opcode : 'read' 'write' 'readreq' 'writereq' 'writeresp'>
ST_65 : Operation 1753 [3/7] (7.30ns)   --->   "%gmem4_load_59_req = readreq i1 @_ssdm_op_ReadReq.m_axi.i32P1A, i32 %gmem4_addr_59, i32 1" [src/gtsrb_cnn.cpp:87]   --->   Operation 1753 'readreq' 'gmem4_load_59_req' <Predicate = (!icmp_ln83)> <Delay = 7.30> <CoreInst = "m_axi">   --->   Core 121 'm_axi' <Latency = 0> <II = 1> <Delay = 1.00> <Adapter> <Opcode : 'read' 'write' 'readreq' 'writereq' 'writeresp'>
ST_65 : Operation 1754 [4/7] (7.30ns)   --->   "%gmem4_load_60_req = readreq i1 @_ssdm_op_ReadReq.m_axi.i32P1A, i32 %gmem4_addr_60, i32 1" [src/gtsrb_cnn.cpp:87]   --->   Operation 1754 'readreq' 'gmem4_load_60_req' <Predicate = (!icmp_ln83)> <Delay = 7.30> <CoreInst = "m_axi">   --->   Core 121 'm_axi' <Latency = 0> <II = 1> <Delay = 1.00> <Adapter> <Opcode : 'read' 'write' 'readreq' 'writereq' 'writeresp'>
ST_65 : Operation 1755 [5/7] (7.30ns)   --->   "%gmem4_load_61_req = readreq i1 @_ssdm_op_ReadReq.m_axi.i32P1A, i32 %gmem4_addr_61, i32 1" [src/gtsrb_cnn.cpp:87]   --->   Operation 1755 'readreq' 'gmem4_load_61_req' <Predicate = (!icmp_ln83)> <Delay = 7.30> <CoreInst = "m_axi">   --->   Core 121 'm_axi' <Latency = 0> <II = 1> <Delay = 1.00> <Adapter> <Opcode : 'read' 'write' 'readreq' 'writereq' 'writeresp'>
ST_65 : Operation 1756 [6/7] (7.30ns)   --->   "%gmem4_load_62_req = readreq i1 @_ssdm_op_ReadReq.m_axi.i32P1A, i32 %gmem4_addr_62, i32 1" [src/gtsrb_cnn.cpp:87]   --->   Operation 1756 'readreq' 'gmem4_load_62_req' <Predicate = (!icmp_ln83)> <Delay = 7.30> <CoreInst = "m_axi">   --->   Core 121 'm_axi' <Latency = 0> <II = 1> <Delay = 1.00> <Adapter> <Opcode : 'read' 'write' 'readreq' 'writereq' 'writeresp'>
ST_65 : Operation 1757 [7/7] (7.30ns)   --->   "%gmem4_load_63_req = readreq i1 @_ssdm_op_ReadReq.m_axi.i32P1A, i32 %gmem4_addr_63, i32 1" [src/gtsrb_cnn.cpp:87]   --->   Operation 1757 'readreq' 'gmem4_load_63_req' <Predicate = (!icmp_ln83)> <Delay = 7.30> <CoreInst = "m_axi">   --->   Core 121 'm_axi' <Latency = 0> <II = 1> <Delay = 1.00> <Adapter> <Opcode : 'read' 'write' 'readreq' 'writereq' 'writeresp'>
ST_65 : Operation 1758 [1/1] (0.96ns)   --->   "%add_ln87_125 = add i12 %zext_ln87, i12 2709" [src/gtsrb_cnn.cpp:87]   --->   Operation 1758 'add' 'add_ln87_125' <Predicate = (!icmp_ln83)> <Delay = 0.96> <CoreInst = "Adder">   --->   Core 1 'Adder' <Latency = 0> <II = 1> <Delay = 0.96> <FuncUnit> <Opcode : 'add' 'sub'> <InPorts = 2> <OutPorts = 1>
ST_65 : Operation 1759 [1/1] (0.00ns)   --->   "%shl_ln87_44 = bitconcatenate i14 @_ssdm_op_BitConcatenate.i14.i12.i2, i12 %add_ln87_125, i2 0" [src/gtsrb_cnn.cpp:87]   --->   Operation 1759 'bitconcatenate' 'shl_ln87_44' <Predicate = (!icmp_ln83)> <Delay = 0.00>
ST_65 : Operation 1760 [1/1] (0.00ns)   --->   "%zext_ln87_69 = zext i14 %shl_ln87_44" [src/gtsrb_cnn.cpp:87]   --->   Operation 1760 'zext' 'zext_ln87_69' <Predicate = (!icmp_ln83)> <Delay = 0.00>
ST_65 : Operation 1761 [1/1] (1.47ns)   --->   "%add_ln87_126 = add i64 %zext_ln87_69, i64 %W_read" [src/gtsrb_cnn.cpp:87]   --->   Operation 1761 'add' 'add_ln87_126' <Predicate = (!icmp_ln83)> <Delay = 1.47> <CoreInst = "Adder">   --->   Core 1 'Adder' <Latency = 0> <II = 1> <Delay = 1.47> <FuncUnit> <Opcode : 'add' 'sub'> <InPorts = 2> <OutPorts = 1>
ST_65 : Operation 1762 [1/1] (0.00ns)   --->   "%trunc_ln87_62 = partselect i62 @_ssdm_op_PartSelect.i62.i64.i32.i32, i64 %add_ln87_126, i32 2, i32 63" [src/gtsrb_cnn.cpp:87]   --->   Operation 1762 'partselect' 'trunc_ln87_62' <Predicate = (!icmp_ln83)> <Delay = 0.00>
ST_65 : Operation 1763 [1/1] (0.00ns)   --->   "%sext_ln87_63 = sext i62 %trunc_ln87_62" [src/gtsrb_cnn.cpp:87]   --->   Operation 1763 'sext' 'sext_ln87_63' <Predicate = (!icmp_ln83)> <Delay = 0.00>
ST_65 : Operation 1764 [1/1] (0.00ns)   --->   "%gmem4_addr_64 = getelementptr i32 %gmem4, i64 %sext_ln87_63" [src/gtsrb_cnn.cpp:87]   --->   Operation 1764 'getelementptr' 'gmem4_addr_64' <Predicate = (!icmp_ln83)> <Delay = 0.00>
ST_65 : Operation 1765 [1/1] (0.48ns)   --->   "%store_ln83 = store i6 %add_ln83, i6 %wbase" [src/gtsrb_cnn.cpp:83]   --->   Operation 1765 'store' 'store_ln83' <Predicate = (!icmp_ln83)> <Delay = 0.48>

State 66 <SV = 65> <Delay = 7.30>
ST_66 : Operation 1766 [4/5] (6.01ns)   --->   "%acc_1_s = fadd i32 %acc_1_9, i32 %mul9_s" [src/gtsrb_cnn.cpp:87]   --->   Operation 1766 'fadd' 'acc_1_s' <Predicate = (!icmp_ln83)> <Delay = 6.01> <CoreInst = "FAddSub_fulldsp">   --->   Core 18 'FAddSub_fulldsp' <Latency = 4> <II = 1> <Delay = 6.01> <FuncUnit> <Opcode : 'fadd' 'fsub'> <InPorts = 2> <OutPorts = 1>
ST_66 : Operation 1767 [1/4] (4.67ns)   --->   "%mul9_51 = fmul i32 %fc1_out_load_52, i32 %bitcast_ln87_52" [src/gtsrb_cnn.cpp:87]   --->   Operation 1767 'fmul' 'mul9_51' <Predicate = (!icmp_ln83)> <Delay = 4.67> <CoreInst = "FMul_maxdsp">   --->   Core 30 'FMul_maxdsp' <Latency = 3> <II = 1> <Delay = 4.67> <FuncUnit> <Opcode : 'fmul'> <InPorts = 2> <OutPorts = 1>
ST_66 : Operation 1768 [2/4] (4.67ns)   --->   "%mul9_52 = fmul i32 %fc1_out_load_53, i32 %bitcast_ln87_53" [src/gtsrb_cnn.cpp:87]   --->   Operation 1768 'fmul' 'mul9_52' <Predicate = (!icmp_ln83)> <Delay = 4.67> <CoreInst = "FMul_maxdsp">   --->   Core 30 'FMul_maxdsp' <Latency = 3> <II = 1> <Delay = 4.67> <FuncUnit> <Opcode : 'fmul'> <InPorts = 2> <OutPorts = 1>
ST_66 : Operation 1769 [3/4] (4.67ns)   --->   "%mul9_53 = fmul i32 %fc1_out_load_54, i32 %bitcast_ln87_54" [src/gtsrb_cnn.cpp:87]   --->   Operation 1769 'fmul' 'mul9_53' <Predicate = (!icmp_ln83)> <Delay = 4.67> <CoreInst = "FMul_maxdsp">   --->   Core 30 'FMul_maxdsp' <Latency = 3> <II = 1> <Delay = 4.67> <FuncUnit> <Opcode : 'fmul'> <InPorts = 2> <OutPorts = 1>
ST_66 : Operation 1770 [1/1] (0.00ns)   --->   "%bitcast_ln87_55 = bitcast i32 %gmem4_addr_56_read" [src/gtsrb_cnn.cpp:87]   --->   Operation 1770 'bitcast' 'bitcast_ln87_55' <Predicate = (!icmp_ln83)> <Delay = 0.00>
ST_66 : Operation 1771 [4/4] (4.67ns)   --->   "%mul9_54 = fmul i32 %fc1_out_load_55, i32 %bitcast_ln87_55" [src/gtsrb_cnn.cpp:87]   --->   Operation 1771 'fmul' 'mul9_54' <Predicate = (!icmp_ln83)> <Delay = 4.67> <CoreInst = "FMul_maxdsp">   --->   Core 30 'FMul_maxdsp' <Latency = 3> <II = 1> <Delay = 4.67> <FuncUnit> <Opcode : 'fmul'> <InPorts = 2> <OutPorts = 1>
ST_66 : Operation 1772 [1/1] (7.30ns)   --->   "%gmem4_addr_57_read = read i32 @_ssdm_op_Read.m_axi.i32P1A, i32 %gmem4_addr_57" [src/gtsrb_cnn.cpp:87]   --->   Operation 1772 'read' 'gmem4_addr_57_read' <Predicate = (!icmp_ln83)> <Delay = 7.30> <CoreInst = "m_axi">   --->   Core 121 'm_axi' <Latency = 0> <II = 1> <Delay = 1.00> <Adapter> <Opcode : 'read' 'write' 'readreq' 'writereq' 'writeresp'>
ST_66 : Operation 1773 [1/7] (7.30ns)   --->   "%gmem4_load_58_req = readreq i1 @_ssdm_op_ReadReq.m_axi.i32P1A, i32 %gmem4_addr_58, i32 1" [src/gtsrb_cnn.cpp:87]   --->   Operation 1773 'readreq' 'gmem4_load_58_req' <Predicate = (!icmp_ln83)> <Delay = 7.30> <CoreInst = "m_axi">   --->   Core 121 'm_axi' <Latency = 0> <II = 1> <Delay = 1.00> <Adapter> <Opcode : 'read' 'write' 'readreq' 'writereq' 'writeresp'>
ST_66 : Operation 1774 [2/7] (7.30ns)   --->   "%gmem4_load_59_req = readreq i1 @_ssdm_op_ReadReq.m_axi.i32P1A, i32 %gmem4_addr_59, i32 1" [src/gtsrb_cnn.cpp:87]   --->   Operation 1774 'readreq' 'gmem4_load_59_req' <Predicate = (!icmp_ln83)> <Delay = 7.30> <CoreInst = "m_axi">   --->   Core 121 'm_axi' <Latency = 0> <II = 1> <Delay = 1.00> <Adapter> <Opcode : 'read' 'write' 'readreq' 'writereq' 'writeresp'>
ST_66 : Operation 1775 [3/7] (7.30ns)   --->   "%gmem4_load_60_req = readreq i1 @_ssdm_op_ReadReq.m_axi.i32P1A, i32 %gmem4_addr_60, i32 1" [src/gtsrb_cnn.cpp:87]   --->   Operation 1775 'readreq' 'gmem4_load_60_req' <Predicate = (!icmp_ln83)> <Delay = 7.30> <CoreInst = "m_axi">   --->   Core 121 'm_axi' <Latency = 0> <II = 1> <Delay = 1.00> <Adapter> <Opcode : 'read' 'write' 'readreq' 'writereq' 'writeresp'>
ST_66 : Operation 1776 [4/7] (7.30ns)   --->   "%gmem4_load_61_req = readreq i1 @_ssdm_op_ReadReq.m_axi.i32P1A, i32 %gmem4_addr_61, i32 1" [src/gtsrb_cnn.cpp:87]   --->   Operation 1776 'readreq' 'gmem4_load_61_req' <Predicate = (!icmp_ln83)> <Delay = 7.30> <CoreInst = "m_axi">   --->   Core 121 'm_axi' <Latency = 0> <II = 1> <Delay = 1.00> <Adapter> <Opcode : 'read' 'write' 'readreq' 'writereq' 'writeresp'>
ST_66 : Operation 1777 [5/7] (7.30ns)   --->   "%gmem4_load_62_req = readreq i1 @_ssdm_op_ReadReq.m_axi.i32P1A, i32 %gmem4_addr_62, i32 1" [src/gtsrb_cnn.cpp:87]   --->   Operation 1777 'readreq' 'gmem4_load_62_req' <Predicate = (!icmp_ln83)> <Delay = 7.30> <CoreInst = "m_axi">   --->   Core 121 'm_axi' <Latency = 0> <II = 1> <Delay = 1.00> <Adapter> <Opcode : 'read' 'write' 'readreq' 'writereq' 'writeresp'>
ST_66 : Operation 1778 [6/7] (7.30ns)   --->   "%gmem4_load_63_req = readreq i1 @_ssdm_op_ReadReq.m_axi.i32P1A, i32 %gmem4_addr_63, i32 1" [src/gtsrb_cnn.cpp:87]   --->   Operation 1778 'readreq' 'gmem4_load_63_req' <Predicate = (!icmp_ln83)> <Delay = 7.30> <CoreInst = "m_axi">   --->   Core 121 'm_axi' <Latency = 0> <II = 1> <Delay = 1.00> <Adapter> <Opcode : 'read' 'write' 'readreq' 'writereq' 'writeresp'>
ST_66 : Operation 1779 [7/7] (7.30ns)   --->   "%gmem4_load_64_req = readreq i1 @_ssdm_op_ReadReq.m_axi.i32P1A, i32 %gmem4_addr_64, i32 1" [src/gtsrb_cnn.cpp:87]   --->   Operation 1779 'readreq' 'gmem4_load_64_req' <Predicate = (!icmp_ln83)> <Delay = 7.30> <CoreInst = "m_axi">   --->   Core 121 'm_axi' <Latency = 0> <II = 1> <Delay = 1.00> <Adapter> <Opcode : 'read' 'write' 'readreq' 'writereq' 'writeresp'>

State 67 <SV = 66> <Delay = 7.30>
ST_67 : Operation 1780 [3/5] (6.01ns)   --->   "%acc_1_s = fadd i32 %acc_1_9, i32 %mul9_s" [src/gtsrb_cnn.cpp:87]   --->   Operation 1780 'fadd' 'acc_1_s' <Predicate = (!icmp_ln83)> <Delay = 6.01> <CoreInst = "FAddSub_fulldsp">   --->   Core 18 'FAddSub_fulldsp' <Latency = 4> <II = 1> <Delay = 6.01> <FuncUnit> <Opcode : 'fadd' 'fsub'> <InPorts = 2> <OutPorts = 1>
ST_67 : Operation 1781 [1/4] (4.67ns)   --->   "%mul9_52 = fmul i32 %fc1_out_load_53, i32 %bitcast_ln87_53" [src/gtsrb_cnn.cpp:87]   --->   Operation 1781 'fmul' 'mul9_52' <Predicate = (!icmp_ln83)> <Delay = 4.67> <CoreInst = "FMul_maxdsp">   --->   Core 30 'FMul_maxdsp' <Latency = 3> <II = 1> <Delay = 4.67> <FuncUnit> <Opcode : 'fmul'> <InPorts = 2> <OutPorts = 1>
ST_67 : Operation 1782 [2/4] (4.67ns)   --->   "%mul9_53 = fmul i32 %fc1_out_load_54, i32 %bitcast_ln87_54" [src/gtsrb_cnn.cpp:87]   --->   Operation 1782 'fmul' 'mul9_53' <Predicate = (!icmp_ln83)> <Delay = 4.67> <CoreInst = "FMul_maxdsp">   --->   Core 30 'FMul_maxdsp' <Latency = 3> <II = 1> <Delay = 4.67> <FuncUnit> <Opcode : 'fmul'> <InPorts = 2> <OutPorts = 1>
ST_67 : Operation 1783 [3/4] (4.67ns)   --->   "%mul9_54 = fmul i32 %fc1_out_load_55, i32 %bitcast_ln87_55" [src/gtsrb_cnn.cpp:87]   --->   Operation 1783 'fmul' 'mul9_54' <Predicate = (!icmp_ln83)> <Delay = 4.67> <CoreInst = "FMul_maxdsp">   --->   Core 30 'FMul_maxdsp' <Latency = 3> <II = 1> <Delay = 4.67> <FuncUnit> <Opcode : 'fmul'> <InPorts = 2> <OutPorts = 1>
ST_67 : Operation 1784 [1/1] (0.00ns)   --->   "%bitcast_ln87_56 = bitcast i32 %gmem4_addr_57_read" [src/gtsrb_cnn.cpp:87]   --->   Operation 1784 'bitcast' 'bitcast_ln87_56' <Predicate = (!icmp_ln83)> <Delay = 0.00>
ST_67 : Operation 1785 [4/4] (4.67ns)   --->   "%mul9_55 = fmul i32 %fc1_out_load_56, i32 %bitcast_ln87_56" [src/gtsrb_cnn.cpp:87]   --->   Operation 1785 'fmul' 'mul9_55' <Predicate = (!icmp_ln83)> <Delay = 4.67> <CoreInst = "FMul_maxdsp">   --->   Core 30 'FMul_maxdsp' <Latency = 3> <II = 1> <Delay = 4.67> <FuncUnit> <Opcode : 'fmul'> <InPorts = 2> <OutPorts = 1>
ST_67 : Operation 1786 [1/1] (7.30ns)   --->   "%gmem4_addr_58_read = read i32 @_ssdm_op_Read.m_axi.i32P1A, i32 %gmem4_addr_58" [src/gtsrb_cnn.cpp:87]   --->   Operation 1786 'read' 'gmem4_addr_58_read' <Predicate = (!icmp_ln83)> <Delay = 7.30> <CoreInst = "m_axi">   --->   Core 121 'm_axi' <Latency = 0> <II = 1> <Delay = 1.00> <Adapter> <Opcode : 'read' 'write' 'readreq' 'writereq' 'writeresp'>
ST_67 : Operation 1787 [1/7] (7.30ns)   --->   "%gmem4_load_59_req = readreq i1 @_ssdm_op_ReadReq.m_axi.i32P1A, i32 %gmem4_addr_59, i32 1" [src/gtsrb_cnn.cpp:87]   --->   Operation 1787 'readreq' 'gmem4_load_59_req' <Predicate = (!icmp_ln83)> <Delay = 7.30> <CoreInst = "m_axi">   --->   Core 121 'm_axi' <Latency = 0> <II = 1> <Delay = 1.00> <Adapter> <Opcode : 'read' 'write' 'readreq' 'writereq' 'writeresp'>
ST_67 : Operation 1788 [2/7] (7.30ns)   --->   "%gmem4_load_60_req = readreq i1 @_ssdm_op_ReadReq.m_axi.i32P1A, i32 %gmem4_addr_60, i32 1" [src/gtsrb_cnn.cpp:87]   --->   Operation 1788 'readreq' 'gmem4_load_60_req' <Predicate = (!icmp_ln83)> <Delay = 7.30> <CoreInst = "m_axi">   --->   Core 121 'm_axi' <Latency = 0> <II = 1> <Delay = 1.00> <Adapter> <Opcode : 'read' 'write' 'readreq' 'writereq' 'writeresp'>
ST_67 : Operation 1789 [3/7] (7.30ns)   --->   "%gmem4_load_61_req = readreq i1 @_ssdm_op_ReadReq.m_axi.i32P1A, i32 %gmem4_addr_61, i32 1" [src/gtsrb_cnn.cpp:87]   --->   Operation 1789 'readreq' 'gmem4_load_61_req' <Predicate = (!icmp_ln83)> <Delay = 7.30> <CoreInst = "m_axi">   --->   Core 121 'm_axi' <Latency = 0> <II = 1> <Delay = 1.00> <Adapter> <Opcode : 'read' 'write' 'readreq' 'writereq' 'writeresp'>
ST_67 : Operation 1790 [4/7] (7.30ns)   --->   "%gmem4_load_62_req = readreq i1 @_ssdm_op_ReadReq.m_axi.i32P1A, i32 %gmem4_addr_62, i32 1" [src/gtsrb_cnn.cpp:87]   --->   Operation 1790 'readreq' 'gmem4_load_62_req' <Predicate = (!icmp_ln83)> <Delay = 7.30> <CoreInst = "m_axi">   --->   Core 121 'm_axi' <Latency = 0> <II = 1> <Delay = 1.00> <Adapter> <Opcode : 'read' 'write' 'readreq' 'writereq' 'writeresp'>
ST_67 : Operation 1791 [5/7] (7.30ns)   --->   "%gmem4_load_63_req = readreq i1 @_ssdm_op_ReadReq.m_axi.i32P1A, i32 %gmem4_addr_63, i32 1" [src/gtsrb_cnn.cpp:87]   --->   Operation 1791 'readreq' 'gmem4_load_63_req' <Predicate = (!icmp_ln83)> <Delay = 7.30> <CoreInst = "m_axi">   --->   Core 121 'm_axi' <Latency = 0> <II = 1> <Delay = 1.00> <Adapter> <Opcode : 'read' 'write' 'readreq' 'writereq' 'writeresp'>
ST_67 : Operation 1792 [6/7] (7.30ns)   --->   "%gmem4_load_64_req = readreq i1 @_ssdm_op_ReadReq.m_axi.i32P1A, i32 %gmem4_addr_64, i32 1" [src/gtsrb_cnn.cpp:87]   --->   Operation 1792 'readreq' 'gmem4_load_64_req' <Predicate = (!icmp_ln83)> <Delay = 7.30> <CoreInst = "m_axi">   --->   Core 121 'm_axi' <Latency = 0> <II = 1> <Delay = 1.00> <Adapter> <Opcode : 'read' 'write' 'readreq' 'writereq' 'writeresp'>

State 68 <SV = 67> <Delay = 7.30>
ST_68 : Operation 1793 [2/5] (6.01ns)   --->   "%acc_1_s = fadd i32 %acc_1_9, i32 %mul9_s" [src/gtsrb_cnn.cpp:87]   --->   Operation 1793 'fadd' 'acc_1_s' <Predicate = (!icmp_ln83)> <Delay = 6.01> <CoreInst = "FAddSub_fulldsp">   --->   Core 18 'FAddSub_fulldsp' <Latency = 4> <II = 1> <Delay = 6.01> <FuncUnit> <Opcode : 'fadd' 'fsub'> <InPorts = 2> <OutPorts = 1>
ST_68 : Operation 1794 [1/4] (4.67ns)   --->   "%mul9_53 = fmul i32 %fc1_out_load_54, i32 %bitcast_ln87_54" [src/gtsrb_cnn.cpp:87]   --->   Operation 1794 'fmul' 'mul9_53' <Predicate = (!icmp_ln83)> <Delay = 4.67> <CoreInst = "FMul_maxdsp">   --->   Core 30 'FMul_maxdsp' <Latency = 3> <II = 1> <Delay = 4.67> <FuncUnit> <Opcode : 'fmul'> <InPorts = 2> <OutPorts = 1>
ST_68 : Operation 1795 [2/4] (4.67ns)   --->   "%mul9_54 = fmul i32 %fc1_out_load_55, i32 %bitcast_ln87_55" [src/gtsrb_cnn.cpp:87]   --->   Operation 1795 'fmul' 'mul9_54' <Predicate = (!icmp_ln83)> <Delay = 4.67> <CoreInst = "FMul_maxdsp">   --->   Core 30 'FMul_maxdsp' <Latency = 3> <II = 1> <Delay = 4.67> <FuncUnit> <Opcode : 'fmul'> <InPorts = 2> <OutPorts = 1>
ST_68 : Operation 1796 [3/4] (4.67ns)   --->   "%mul9_55 = fmul i32 %fc1_out_load_56, i32 %bitcast_ln87_56" [src/gtsrb_cnn.cpp:87]   --->   Operation 1796 'fmul' 'mul9_55' <Predicate = (!icmp_ln83)> <Delay = 4.67> <CoreInst = "FMul_maxdsp">   --->   Core 30 'FMul_maxdsp' <Latency = 3> <II = 1> <Delay = 4.67> <FuncUnit> <Opcode : 'fmul'> <InPorts = 2> <OutPorts = 1>
ST_68 : Operation 1797 [1/1] (0.00ns)   --->   "%bitcast_ln87_57 = bitcast i32 %gmem4_addr_58_read" [src/gtsrb_cnn.cpp:87]   --->   Operation 1797 'bitcast' 'bitcast_ln87_57' <Predicate = (!icmp_ln83)> <Delay = 0.00>
ST_68 : Operation 1798 [4/4] (4.67ns)   --->   "%mul9_56 = fmul i32 %fc1_out_load_57, i32 %bitcast_ln87_57" [src/gtsrb_cnn.cpp:87]   --->   Operation 1798 'fmul' 'mul9_56' <Predicate = (!icmp_ln83)> <Delay = 4.67> <CoreInst = "FMul_maxdsp">   --->   Core 30 'FMul_maxdsp' <Latency = 3> <II = 1> <Delay = 4.67> <FuncUnit> <Opcode : 'fmul'> <InPorts = 2> <OutPorts = 1>
ST_68 : Operation 1799 [1/1] (7.30ns)   --->   "%gmem4_addr_59_read = read i32 @_ssdm_op_Read.m_axi.i32P1A, i32 %gmem4_addr_59" [src/gtsrb_cnn.cpp:87]   --->   Operation 1799 'read' 'gmem4_addr_59_read' <Predicate = (!icmp_ln83)> <Delay = 7.30> <CoreInst = "m_axi">   --->   Core 121 'm_axi' <Latency = 0> <II = 1> <Delay = 1.00> <Adapter> <Opcode : 'read' 'write' 'readreq' 'writereq' 'writeresp'>
ST_68 : Operation 1800 [1/7] (7.30ns)   --->   "%gmem4_load_60_req = readreq i1 @_ssdm_op_ReadReq.m_axi.i32P1A, i32 %gmem4_addr_60, i32 1" [src/gtsrb_cnn.cpp:87]   --->   Operation 1800 'readreq' 'gmem4_load_60_req' <Predicate = (!icmp_ln83)> <Delay = 7.30> <CoreInst = "m_axi">   --->   Core 121 'm_axi' <Latency = 0> <II = 1> <Delay = 1.00> <Adapter> <Opcode : 'read' 'write' 'readreq' 'writereq' 'writeresp'>
ST_68 : Operation 1801 [2/7] (7.30ns)   --->   "%gmem4_load_61_req = readreq i1 @_ssdm_op_ReadReq.m_axi.i32P1A, i32 %gmem4_addr_61, i32 1" [src/gtsrb_cnn.cpp:87]   --->   Operation 1801 'readreq' 'gmem4_load_61_req' <Predicate = (!icmp_ln83)> <Delay = 7.30> <CoreInst = "m_axi">   --->   Core 121 'm_axi' <Latency = 0> <II = 1> <Delay = 1.00> <Adapter> <Opcode : 'read' 'write' 'readreq' 'writereq' 'writeresp'>
ST_68 : Operation 1802 [3/7] (7.30ns)   --->   "%gmem4_load_62_req = readreq i1 @_ssdm_op_ReadReq.m_axi.i32P1A, i32 %gmem4_addr_62, i32 1" [src/gtsrb_cnn.cpp:87]   --->   Operation 1802 'readreq' 'gmem4_load_62_req' <Predicate = (!icmp_ln83)> <Delay = 7.30> <CoreInst = "m_axi">   --->   Core 121 'm_axi' <Latency = 0> <II = 1> <Delay = 1.00> <Adapter> <Opcode : 'read' 'write' 'readreq' 'writereq' 'writeresp'>
ST_68 : Operation 1803 [4/7] (7.30ns)   --->   "%gmem4_load_63_req = readreq i1 @_ssdm_op_ReadReq.m_axi.i32P1A, i32 %gmem4_addr_63, i32 1" [src/gtsrb_cnn.cpp:87]   --->   Operation 1803 'readreq' 'gmem4_load_63_req' <Predicate = (!icmp_ln83)> <Delay = 7.30> <CoreInst = "m_axi">   --->   Core 121 'm_axi' <Latency = 0> <II = 1> <Delay = 1.00> <Adapter> <Opcode : 'read' 'write' 'readreq' 'writereq' 'writeresp'>
ST_68 : Operation 1804 [5/7] (7.30ns)   --->   "%gmem4_load_64_req = readreq i1 @_ssdm_op_ReadReq.m_axi.i32P1A, i32 %gmem4_addr_64, i32 1" [src/gtsrb_cnn.cpp:87]   --->   Operation 1804 'readreq' 'gmem4_load_64_req' <Predicate = (!icmp_ln83)> <Delay = 7.30> <CoreInst = "m_axi">   --->   Core 121 'm_axi' <Latency = 0> <II = 1> <Delay = 1.00> <Adapter> <Opcode : 'read' 'write' 'readreq' 'writereq' 'writeresp'>

State 69 <SV = 68> <Delay = 7.30>
ST_69 : Operation 1805 [1/5] (6.01ns)   --->   "%acc_1_s = fadd i32 %acc_1_9, i32 %mul9_s" [src/gtsrb_cnn.cpp:87]   --->   Operation 1805 'fadd' 'acc_1_s' <Predicate = (!icmp_ln83)> <Delay = 6.01> <CoreInst = "FAddSub_fulldsp">   --->   Core 18 'FAddSub_fulldsp' <Latency = 4> <II = 1> <Delay = 6.01> <FuncUnit> <Opcode : 'fadd' 'fsub'> <InPorts = 2> <OutPorts = 1>
ST_69 : Operation 1806 [1/4] (4.67ns)   --->   "%mul9_54 = fmul i32 %fc1_out_load_55, i32 %bitcast_ln87_55" [src/gtsrb_cnn.cpp:87]   --->   Operation 1806 'fmul' 'mul9_54' <Predicate = (!icmp_ln83)> <Delay = 4.67> <CoreInst = "FMul_maxdsp">   --->   Core 30 'FMul_maxdsp' <Latency = 3> <II = 1> <Delay = 4.67> <FuncUnit> <Opcode : 'fmul'> <InPorts = 2> <OutPorts = 1>
ST_69 : Operation 1807 [2/4] (4.67ns)   --->   "%mul9_55 = fmul i32 %fc1_out_load_56, i32 %bitcast_ln87_56" [src/gtsrb_cnn.cpp:87]   --->   Operation 1807 'fmul' 'mul9_55' <Predicate = (!icmp_ln83)> <Delay = 4.67> <CoreInst = "FMul_maxdsp">   --->   Core 30 'FMul_maxdsp' <Latency = 3> <II = 1> <Delay = 4.67> <FuncUnit> <Opcode : 'fmul'> <InPorts = 2> <OutPorts = 1>
ST_69 : Operation 1808 [3/4] (4.67ns)   --->   "%mul9_56 = fmul i32 %fc1_out_load_57, i32 %bitcast_ln87_57" [src/gtsrb_cnn.cpp:87]   --->   Operation 1808 'fmul' 'mul9_56' <Predicate = (!icmp_ln83)> <Delay = 4.67> <CoreInst = "FMul_maxdsp">   --->   Core 30 'FMul_maxdsp' <Latency = 3> <II = 1> <Delay = 4.67> <FuncUnit> <Opcode : 'fmul'> <InPorts = 2> <OutPorts = 1>
ST_69 : Operation 1809 [1/1] (0.00ns)   --->   "%bitcast_ln87_58 = bitcast i32 %gmem4_addr_59_read" [src/gtsrb_cnn.cpp:87]   --->   Operation 1809 'bitcast' 'bitcast_ln87_58' <Predicate = (!icmp_ln83)> <Delay = 0.00>
ST_69 : Operation 1810 [4/4] (4.67ns)   --->   "%mul9_57 = fmul i32 %fc1_out_load_58, i32 %bitcast_ln87_58" [src/gtsrb_cnn.cpp:87]   --->   Operation 1810 'fmul' 'mul9_57' <Predicate = (!icmp_ln83)> <Delay = 4.67> <CoreInst = "FMul_maxdsp">   --->   Core 30 'FMul_maxdsp' <Latency = 3> <II = 1> <Delay = 4.67> <FuncUnit> <Opcode : 'fmul'> <InPorts = 2> <OutPorts = 1>
ST_69 : Operation 1811 [1/1] (7.30ns)   --->   "%gmem4_addr_60_read = read i32 @_ssdm_op_Read.m_axi.i32P1A, i32 %gmem4_addr_60" [src/gtsrb_cnn.cpp:87]   --->   Operation 1811 'read' 'gmem4_addr_60_read' <Predicate = (!icmp_ln83)> <Delay = 7.30> <CoreInst = "m_axi">   --->   Core 121 'm_axi' <Latency = 0> <II = 1> <Delay = 1.00> <Adapter> <Opcode : 'read' 'write' 'readreq' 'writereq' 'writeresp'>
ST_69 : Operation 1812 [1/7] (7.30ns)   --->   "%gmem4_load_61_req = readreq i1 @_ssdm_op_ReadReq.m_axi.i32P1A, i32 %gmem4_addr_61, i32 1" [src/gtsrb_cnn.cpp:87]   --->   Operation 1812 'readreq' 'gmem4_load_61_req' <Predicate = (!icmp_ln83)> <Delay = 7.30> <CoreInst = "m_axi">   --->   Core 121 'm_axi' <Latency = 0> <II = 1> <Delay = 1.00> <Adapter> <Opcode : 'read' 'write' 'readreq' 'writereq' 'writeresp'>
ST_69 : Operation 1813 [2/7] (7.30ns)   --->   "%gmem4_load_62_req = readreq i1 @_ssdm_op_ReadReq.m_axi.i32P1A, i32 %gmem4_addr_62, i32 1" [src/gtsrb_cnn.cpp:87]   --->   Operation 1813 'readreq' 'gmem4_load_62_req' <Predicate = (!icmp_ln83)> <Delay = 7.30> <CoreInst = "m_axi">   --->   Core 121 'm_axi' <Latency = 0> <II = 1> <Delay = 1.00> <Adapter> <Opcode : 'read' 'write' 'readreq' 'writereq' 'writeresp'>
ST_69 : Operation 1814 [3/7] (7.30ns)   --->   "%gmem4_load_63_req = readreq i1 @_ssdm_op_ReadReq.m_axi.i32P1A, i32 %gmem4_addr_63, i32 1" [src/gtsrb_cnn.cpp:87]   --->   Operation 1814 'readreq' 'gmem4_load_63_req' <Predicate = (!icmp_ln83)> <Delay = 7.30> <CoreInst = "m_axi">   --->   Core 121 'm_axi' <Latency = 0> <II = 1> <Delay = 1.00> <Adapter> <Opcode : 'read' 'write' 'readreq' 'writereq' 'writeresp'>
ST_69 : Operation 1815 [4/7] (7.30ns)   --->   "%gmem4_load_64_req = readreq i1 @_ssdm_op_ReadReq.m_axi.i32P1A, i32 %gmem4_addr_64, i32 1" [src/gtsrb_cnn.cpp:87]   --->   Operation 1815 'readreq' 'gmem4_load_64_req' <Predicate = (!icmp_ln83)> <Delay = 7.30> <CoreInst = "m_axi">   --->   Core 121 'm_axi' <Latency = 0> <II = 1> <Delay = 1.00> <Adapter> <Opcode : 'read' 'write' 'readreq' 'writereq' 'writeresp'>

State 70 <SV = 69> <Delay = 7.30>
ST_70 : Operation 1816 [5/5] (6.01ns)   --->   "%acc_1_10 = fadd i32 %acc_1_s, i32 %mul9_10" [src/gtsrb_cnn.cpp:87]   --->   Operation 1816 'fadd' 'acc_1_10' <Predicate = (!icmp_ln83)> <Delay = 6.01> <CoreInst = "FAddSub_fulldsp">   --->   Core 18 'FAddSub_fulldsp' <Latency = 4> <II = 1> <Delay = 6.01> <FuncUnit> <Opcode : 'fadd' 'fsub'> <InPorts = 2> <OutPorts = 1>
ST_70 : Operation 1817 [1/4] (4.67ns)   --->   "%mul9_55 = fmul i32 %fc1_out_load_56, i32 %bitcast_ln87_56" [src/gtsrb_cnn.cpp:87]   --->   Operation 1817 'fmul' 'mul9_55' <Predicate = (!icmp_ln83)> <Delay = 4.67> <CoreInst = "FMul_maxdsp">   --->   Core 30 'FMul_maxdsp' <Latency = 3> <II = 1> <Delay = 4.67> <FuncUnit> <Opcode : 'fmul'> <InPorts = 2> <OutPorts = 1>
ST_70 : Operation 1818 [2/4] (4.67ns)   --->   "%mul9_56 = fmul i32 %fc1_out_load_57, i32 %bitcast_ln87_57" [src/gtsrb_cnn.cpp:87]   --->   Operation 1818 'fmul' 'mul9_56' <Predicate = (!icmp_ln83)> <Delay = 4.67> <CoreInst = "FMul_maxdsp">   --->   Core 30 'FMul_maxdsp' <Latency = 3> <II = 1> <Delay = 4.67> <FuncUnit> <Opcode : 'fmul'> <InPorts = 2> <OutPorts = 1>
ST_70 : Operation 1819 [3/4] (4.67ns)   --->   "%mul9_57 = fmul i32 %fc1_out_load_58, i32 %bitcast_ln87_58" [src/gtsrb_cnn.cpp:87]   --->   Operation 1819 'fmul' 'mul9_57' <Predicate = (!icmp_ln83)> <Delay = 4.67> <CoreInst = "FMul_maxdsp">   --->   Core 30 'FMul_maxdsp' <Latency = 3> <II = 1> <Delay = 4.67> <FuncUnit> <Opcode : 'fmul'> <InPorts = 2> <OutPorts = 1>
ST_70 : Operation 1820 [1/1] (0.00ns)   --->   "%bitcast_ln87_59 = bitcast i32 %gmem4_addr_60_read" [src/gtsrb_cnn.cpp:87]   --->   Operation 1820 'bitcast' 'bitcast_ln87_59' <Predicate = (!icmp_ln83)> <Delay = 0.00>
ST_70 : Operation 1821 [4/4] (4.67ns)   --->   "%mul9_58 = fmul i32 %fc1_out_load_59, i32 %bitcast_ln87_59" [src/gtsrb_cnn.cpp:87]   --->   Operation 1821 'fmul' 'mul9_58' <Predicate = (!icmp_ln83)> <Delay = 4.67> <CoreInst = "FMul_maxdsp">   --->   Core 30 'FMul_maxdsp' <Latency = 3> <II = 1> <Delay = 4.67> <FuncUnit> <Opcode : 'fmul'> <InPorts = 2> <OutPorts = 1>
ST_70 : Operation 1822 [1/1] (7.30ns)   --->   "%gmem4_addr_61_read = read i32 @_ssdm_op_Read.m_axi.i32P1A, i32 %gmem4_addr_61" [src/gtsrb_cnn.cpp:87]   --->   Operation 1822 'read' 'gmem4_addr_61_read' <Predicate = (!icmp_ln83)> <Delay = 7.30> <CoreInst = "m_axi">   --->   Core 121 'm_axi' <Latency = 0> <II = 1> <Delay = 1.00> <Adapter> <Opcode : 'read' 'write' 'readreq' 'writereq' 'writeresp'>
ST_70 : Operation 1823 [1/7] (7.30ns)   --->   "%gmem4_load_62_req = readreq i1 @_ssdm_op_ReadReq.m_axi.i32P1A, i32 %gmem4_addr_62, i32 1" [src/gtsrb_cnn.cpp:87]   --->   Operation 1823 'readreq' 'gmem4_load_62_req' <Predicate = (!icmp_ln83)> <Delay = 7.30> <CoreInst = "m_axi">   --->   Core 121 'm_axi' <Latency = 0> <II = 1> <Delay = 1.00> <Adapter> <Opcode : 'read' 'write' 'readreq' 'writereq' 'writeresp'>
ST_70 : Operation 1824 [2/7] (7.30ns)   --->   "%gmem4_load_63_req = readreq i1 @_ssdm_op_ReadReq.m_axi.i32P1A, i32 %gmem4_addr_63, i32 1" [src/gtsrb_cnn.cpp:87]   --->   Operation 1824 'readreq' 'gmem4_load_63_req' <Predicate = (!icmp_ln83)> <Delay = 7.30> <CoreInst = "m_axi">   --->   Core 121 'm_axi' <Latency = 0> <II = 1> <Delay = 1.00> <Adapter> <Opcode : 'read' 'write' 'readreq' 'writereq' 'writeresp'>
ST_70 : Operation 1825 [3/7] (7.30ns)   --->   "%gmem4_load_64_req = readreq i1 @_ssdm_op_ReadReq.m_axi.i32P1A, i32 %gmem4_addr_64, i32 1" [src/gtsrb_cnn.cpp:87]   --->   Operation 1825 'readreq' 'gmem4_load_64_req' <Predicate = (!icmp_ln83)> <Delay = 7.30> <CoreInst = "m_axi">   --->   Core 121 'm_axi' <Latency = 0> <II = 1> <Delay = 1.00> <Adapter> <Opcode : 'read' 'write' 'readreq' 'writereq' 'writeresp'>

State 71 <SV = 70> <Delay = 7.30>
ST_71 : Operation 1826 [4/5] (6.01ns)   --->   "%acc_1_10 = fadd i32 %acc_1_s, i32 %mul9_10" [src/gtsrb_cnn.cpp:87]   --->   Operation 1826 'fadd' 'acc_1_10' <Predicate = (!icmp_ln83)> <Delay = 6.01> <CoreInst = "FAddSub_fulldsp">   --->   Core 18 'FAddSub_fulldsp' <Latency = 4> <II = 1> <Delay = 6.01> <FuncUnit> <Opcode : 'fadd' 'fsub'> <InPorts = 2> <OutPorts = 1>
ST_71 : Operation 1827 [1/4] (4.67ns)   --->   "%mul9_56 = fmul i32 %fc1_out_load_57, i32 %bitcast_ln87_57" [src/gtsrb_cnn.cpp:87]   --->   Operation 1827 'fmul' 'mul9_56' <Predicate = (!icmp_ln83)> <Delay = 4.67> <CoreInst = "FMul_maxdsp">   --->   Core 30 'FMul_maxdsp' <Latency = 3> <II = 1> <Delay = 4.67> <FuncUnit> <Opcode : 'fmul'> <InPorts = 2> <OutPorts = 1>
ST_71 : Operation 1828 [2/4] (4.67ns)   --->   "%mul9_57 = fmul i32 %fc1_out_load_58, i32 %bitcast_ln87_58" [src/gtsrb_cnn.cpp:87]   --->   Operation 1828 'fmul' 'mul9_57' <Predicate = (!icmp_ln83)> <Delay = 4.67> <CoreInst = "FMul_maxdsp">   --->   Core 30 'FMul_maxdsp' <Latency = 3> <II = 1> <Delay = 4.67> <FuncUnit> <Opcode : 'fmul'> <InPorts = 2> <OutPorts = 1>
ST_71 : Operation 1829 [3/4] (4.67ns)   --->   "%mul9_58 = fmul i32 %fc1_out_load_59, i32 %bitcast_ln87_59" [src/gtsrb_cnn.cpp:87]   --->   Operation 1829 'fmul' 'mul9_58' <Predicate = (!icmp_ln83)> <Delay = 4.67> <CoreInst = "FMul_maxdsp">   --->   Core 30 'FMul_maxdsp' <Latency = 3> <II = 1> <Delay = 4.67> <FuncUnit> <Opcode : 'fmul'> <InPorts = 2> <OutPorts = 1>
ST_71 : Operation 1830 [1/1] (0.00ns)   --->   "%bitcast_ln87_60 = bitcast i32 %gmem4_addr_61_read" [src/gtsrb_cnn.cpp:87]   --->   Operation 1830 'bitcast' 'bitcast_ln87_60' <Predicate = (!icmp_ln83)> <Delay = 0.00>
ST_71 : Operation 1831 [4/4] (4.67ns)   --->   "%mul9_59 = fmul i32 %fc1_out_load_60, i32 %bitcast_ln87_60" [src/gtsrb_cnn.cpp:87]   --->   Operation 1831 'fmul' 'mul9_59' <Predicate = (!icmp_ln83)> <Delay = 4.67> <CoreInst = "FMul_maxdsp">   --->   Core 30 'FMul_maxdsp' <Latency = 3> <II = 1> <Delay = 4.67> <FuncUnit> <Opcode : 'fmul'> <InPorts = 2> <OutPorts = 1>
ST_71 : Operation 1832 [1/1] (7.30ns)   --->   "%gmem4_addr_62_read = read i32 @_ssdm_op_Read.m_axi.i32P1A, i32 %gmem4_addr_62" [src/gtsrb_cnn.cpp:87]   --->   Operation 1832 'read' 'gmem4_addr_62_read' <Predicate = (!icmp_ln83)> <Delay = 7.30> <CoreInst = "m_axi">   --->   Core 121 'm_axi' <Latency = 0> <II = 1> <Delay = 1.00> <Adapter> <Opcode : 'read' 'write' 'readreq' 'writereq' 'writeresp'>
ST_71 : Operation 1833 [1/7] (7.30ns)   --->   "%gmem4_load_63_req = readreq i1 @_ssdm_op_ReadReq.m_axi.i32P1A, i32 %gmem4_addr_63, i32 1" [src/gtsrb_cnn.cpp:87]   --->   Operation 1833 'readreq' 'gmem4_load_63_req' <Predicate = (!icmp_ln83)> <Delay = 7.30> <CoreInst = "m_axi">   --->   Core 121 'm_axi' <Latency = 0> <II = 1> <Delay = 1.00> <Adapter> <Opcode : 'read' 'write' 'readreq' 'writereq' 'writeresp'>
ST_71 : Operation 1834 [2/7] (7.30ns)   --->   "%gmem4_load_64_req = readreq i1 @_ssdm_op_ReadReq.m_axi.i32P1A, i32 %gmem4_addr_64, i32 1" [src/gtsrb_cnn.cpp:87]   --->   Operation 1834 'readreq' 'gmem4_load_64_req' <Predicate = (!icmp_ln83)> <Delay = 7.30> <CoreInst = "m_axi">   --->   Core 121 'm_axi' <Latency = 0> <II = 1> <Delay = 1.00> <Adapter> <Opcode : 'read' 'write' 'readreq' 'writereq' 'writeresp'>

State 72 <SV = 71> <Delay = 7.30>
ST_72 : Operation 1835 [3/5] (6.01ns)   --->   "%acc_1_10 = fadd i32 %acc_1_s, i32 %mul9_10" [src/gtsrb_cnn.cpp:87]   --->   Operation 1835 'fadd' 'acc_1_10' <Predicate = (!icmp_ln83)> <Delay = 6.01> <CoreInst = "FAddSub_fulldsp">   --->   Core 18 'FAddSub_fulldsp' <Latency = 4> <II = 1> <Delay = 6.01> <FuncUnit> <Opcode : 'fadd' 'fsub'> <InPorts = 2> <OutPorts = 1>
ST_72 : Operation 1836 [1/4] (4.67ns)   --->   "%mul9_57 = fmul i32 %fc1_out_load_58, i32 %bitcast_ln87_58" [src/gtsrb_cnn.cpp:87]   --->   Operation 1836 'fmul' 'mul9_57' <Predicate = (!icmp_ln83)> <Delay = 4.67> <CoreInst = "FMul_maxdsp">   --->   Core 30 'FMul_maxdsp' <Latency = 3> <II = 1> <Delay = 4.67> <FuncUnit> <Opcode : 'fmul'> <InPorts = 2> <OutPorts = 1>
ST_72 : Operation 1837 [2/4] (4.67ns)   --->   "%mul9_58 = fmul i32 %fc1_out_load_59, i32 %bitcast_ln87_59" [src/gtsrb_cnn.cpp:87]   --->   Operation 1837 'fmul' 'mul9_58' <Predicate = (!icmp_ln83)> <Delay = 4.67> <CoreInst = "FMul_maxdsp">   --->   Core 30 'FMul_maxdsp' <Latency = 3> <II = 1> <Delay = 4.67> <FuncUnit> <Opcode : 'fmul'> <InPorts = 2> <OutPorts = 1>
ST_72 : Operation 1838 [3/4] (4.67ns)   --->   "%mul9_59 = fmul i32 %fc1_out_load_60, i32 %bitcast_ln87_60" [src/gtsrb_cnn.cpp:87]   --->   Operation 1838 'fmul' 'mul9_59' <Predicate = (!icmp_ln83)> <Delay = 4.67> <CoreInst = "FMul_maxdsp">   --->   Core 30 'FMul_maxdsp' <Latency = 3> <II = 1> <Delay = 4.67> <FuncUnit> <Opcode : 'fmul'> <InPorts = 2> <OutPorts = 1>
ST_72 : Operation 1839 [1/1] (0.00ns)   --->   "%bitcast_ln87_61 = bitcast i32 %gmem4_addr_62_read" [src/gtsrb_cnn.cpp:87]   --->   Operation 1839 'bitcast' 'bitcast_ln87_61' <Predicate = (!icmp_ln83)> <Delay = 0.00>
ST_72 : Operation 1840 [4/4] (4.67ns)   --->   "%mul9_60 = fmul i32 %fc1_out_load_61, i32 %bitcast_ln87_61" [src/gtsrb_cnn.cpp:87]   --->   Operation 1840 'fmul' 'mul9_60' <Predicate = (!icmp_ln83)> <Delay = 4.67> <CoreInst = "FMul_maxdsp">   --->   Core 30 'FMul_maxdsp' <Latency = 3> <II = 1> <Delay = 4.67> <FuncUnit> <Opcode : 'fmul'> <InPorts = 2> <OutPorts = 1>
ST_72 : Operation 1841 [1/1] (7.30ns)   --->   "%gmem4_addr_63_read = read i32 @_ssdm_op_Read.m_axi.i32P1A, i32 %gmem4_addr_63" [src/gtsrb_cnn.cpp:87]   --->   Operation 1841 'read' 'gmem4_addr_63_read' <Predicate = (!icmp_ln83)> <Delay = 7.30> <CoreInst = "m_axi">   --->   Core 121 'm_axi' <Latency = 0> <II = 1> <Delay = 1.00> <Adapter> <Opcode : 'read' 'write' 'readreq' 'writereq' 'writeresp'>
ST_72 : Operation 1842 [1/7] (7.30ns)   --->   "%gmem4_load_64_req = readreq i1 @_ssdm_op_ReadReq.m_axi.i32P1A, i32 %gmem4_addr_64, i32 1" [src/gtsrb_cnn.cpp:87]   --->   Operation 1842 'readreq' 'gmem4_load_64_req' <Predicate = (!icmp_ln83)> <Delay = 7.30> <CoreInst = "m_axi">   --->   Core 121 'm_axi' <Latency = 0> <II = 1> <Delay = 1.00> <Adapter> <Opcode : 'read' 'write' 'readreq' 'writereq' 'writeresp'>

State 73 <SV = 72> <Delay = 7.30>
ST_73 : Operation 1843 [2/5] (6.01ns)   --->   "%acc_1_10 = fadd i32 %acc_1_s, i32 %mul9_10" [src/gtsrb_cnn.cpp:87]   --->   Operation 1843 'fadd' 'acc_1_10' <Predicate = (!icmp_ln83)> <Delay = 6.01> <CoreInst = "FAddSub_fulldsp">   --->   Core 18 'FAddSub_fulldsp' <Latency = 4> <II = 1> <Delay = 6.01> <FuncUnit> <Opcode : 'fadd' 'fsub'> <InPorts = 2> <OutPorts = 1>
ST_73 : Operation 1844 [1/4] (4.67ns)   --->   "%mul9_58 = fmul i32 %fc1_out_load_59, i32 %bitcast_ln87_59" [src/gtsrb_cnn.cpp:87]   --->   Operation 1844 'fmul' 'mul9_58' <Predicate = (!icmp_ln83)> <Delay = 4.67> <CoreInst = "FMul_maxdsp">   --->   Core 30 'FMul_maxdsp' <Latency = 3> <II = 1> <Delay = 4.67> <FuncUnit> <Opcode : 'fmul'> <InPorts = 2> <OutPorts = 1>
ST_73 : Operation 1845 [2/4] (4.67ns)   --->   "%mul9_59 = fmul i32 %fc1_out_load_60, i32 %bitcast_ln87_60" [src/gtsrb_cnn.cpp:87]   --->   Operation 1845 'fmul' 'mul9_59' <Predicate = (!icmp_ln83)> <Delay = 4.67> <CoreInst = "FMul_maxdsp">   --->   Core 30 'FMul_maxdsp' <Latency = 3> <II = 1> <Delay = 4.67> <FuncUnit> <Opcode : 'fmul'> <InPorts = 2> <OutPorts = 1>
ST_73 : Operation 1846 [3/4] (4.67ns)   --->   "%mul9_60 = fmul i32 %fc1_out_load_61, i32 %bitcast_ln87_61" [src/gtsrb_cnn.cpp:87]   --->   Operation 1846 'fmul' 'mul9_60' <Predicate = (!icmp_ln83)> <Delay = 4.67> <CoreInst = "FMul_maxdsp">   --->   Core 30 'FMul_maxdsp' <Latency = 3> <II = 1> <Delay = 4.67> <FuncUnit> <Opcode : 'fmul'> <InPorts = 2> <OutPorts = 1>
ST_73 : Operation 1847 [1/1] (0.00ns)   --->   "%bitcast_ln87_62 = bitcast i32 %gmem4_addr_63_read" [src/gtsrb_cnn.cpp:87]   --->   Operation 1847 'bitcast' 'bitcast_ln87_62' <Predicate = (!icmp_ln83)> <Delay = 0.00>
ST_73 : Operation 1848 [4/4] (4.67ns)   --->   "%mul9_61 = fmul i32 %fc1_out_load_62, i32 %bitcast_ln87_62" [src/gtsrb_cnn.cpp:87]   --->   Operation 1848 'fmul' 'mul9_61' <Predicate = (!icmp_ln83)> <Delay = 4.67> <CoreInst = "FMul_maxdsp">   --->   Core 30 'FMul_maxdsp' <Latency = 3> <II = 1> <Delay = 4.67> <FuncUnit> <Opcode : 'fmul'> <InPorts = 2> <OutPorts = 1>
ST_73 : Operation 1849 [1/1] (7.30ns)   --->   "%gmem4_addr_64_read = read i32 @_ssdm_op_Read.m_axi.i32P1A, i32 %gmem4_addr_64" [src/gtsrb_cnn.cpp:87]   --->   Operation 1849 'read' 'gmem4_addr_64_read' <Predicate = (!icmp_ln83)> <Delay = 7.30> <CoreInst = "m_axi">   --->   Core 121 'm_axi' <Latency = 0> <II = 1> <Delay = 1.00> <Adapter> <Opcode : 'read' 'write' 'readreq' 'writereq' 'writeresp'>

State 74 <SV = 73> <Delay = 6.01>
ST_74 : Operation 1850 [1/5] (6.01ns)   --->   "%acc_1_10 = fadd i32 %acc_1_s, i32 %mul9_10" [src/gtsrb_cnn.cpp:87]   --->   Operation 1850 'fadd' 'acc_1_10' <Predicate = (!icmp_ln83)> <Delay = 6.01> <CoreInst = "FAddSub_fulldsp">   --->   Core 18 'FAddSub_fulldsp' <Latency = 4> <II = 1> <Delay = 6.01> <FuncUnit> <Opcode : 'fadd' 'fsub'> <InPorts = 2> <OutPorts = 1>
ST_74 : Operation 1851 [1/4] (4.67ns)   --->   "%mul9_59 = fmul i32 %fc1_out_load_60, i32 %bitcast_ln87_60" [src/gtsrb_cnn.cpp:87]   --->   Operation 1851 'fmul' 'mul9_59' <Predicate = (!icmp_ln83)> <Delay = 4.67> <CoreInst = "FMul_maxdsp">   --->   Core 30 'FMul_maxdsp' <Latency = 3> <II = 1> <Delay = 4.67> <FuncUnit> <Opcode : 'fmul'> <InPorts = 2> <OutPorts = 1>
ST_74 : Operation 1852 [2/4] (4.67ns)   --->   "%mul9_60 = fmul i32 %fc1_out_load_61, i32 %bitcast_ln87_61" [src/gtsrb_cnn.cpp:87]   --->   Operation 1852 'fmul' 'mul9_60' <Predicate = (!icmp_ln83)> <Delay = 4.67> <CoreInst = "FMul_maxdsp">   --->   Core 30 'FMul_maxdsp' <Latency = 3> <II = 1> <Delay = 4.67> <FuncUnit> <Opcode : 'fmul'> <InPorts = 2> <OutPorts = 1>
ST_74 : Operation 1853 [3/4] (4.67ns)   --->   "%mul9_61 = fmul i32 %fc1_out_load_62, i32 %bitcast_ln87_62" [src/gtsrb_cnn.cpp:87]   --->   Operation 1853 'fmul' 'mul9_61' <Predicate = (!icmp_ln83)> <Delay = 4.67> <CoreInst = "FMul_maxdsp">   --->   Core 30 'FMul_maxdsp' <Latency = 3> <II = 1> <Delay = 4.67> <FuncUnit> <Opcode : 'fmul'> <InPorts = 2> <OutPorts = 1>
ST_74 : Operation 1854 [1/1] (0.00ns)   --->   "%bitcast_ln87_63 = bitcast i32 %gmem4_addr_64_read" [src/gtsrb_cnn.cpp:87]   --->   Operation 1854 'bitcast' 'bitcast_ln87_63' <Predicate = (!icmp_ln83)> <Delay = 0.00>
ST_74 : Operation 1855 [4/4] (4.67ns)   --->   "%mul9_62 = fmul i32 %fc1_out_load_63, i32 %bitcast_ln87_63" [src/gtsrb_cnn.cpp:87]   --->   Operation 1855 'fmul' 'mul9_62' <Predicate = (!icmp_ln83)> <Delay = 4.67> <CoreInst = "FMul_maxdsp">   --->   Core 30 'FMul_maxdsp' <Latency = 3> <II = 1> <Delay = 4.67> <FuncUnit> <Opcode : 'fmul'> <InPorts = 2> <OutPorts = 1>

State 75 <SV = 74> <Delay = 6.01>
ST_75 : Operation 1856 [5/5] (6.01ns)   --->   "%acc_1_11 = fadd i32 %acc_1_10, i32 %mul9_11" [src/gtsrb_cnn.cpp:87]   --->   Operation 1856 'fadd' 'acc_1_11' <Predicate = (!icmp_ln83)> <Delay = 6.01> <CoreInst = "FAddSub_fulldsp">   --->   Core 18 'FAddSub_fulldsp' <Latency = 4> <II = 1> <Delay = 6.01> <FuncUnit> <Opcode : 'fadd' 'fsub'> <InPorts = 2> <OutPorts = 1>
ST_75 : Operation 1857 [1/4] (4.67ns)   --->   "%mul9_60 = fmul i32 %fc1_out_load_61, i32 %bitcast_ln87_61" [src/gtsrb_cnn.cpp:87]   --->   Operation 1857 'fmul' 'mul9_60' <Predicate = (!icmp_ln83)> <Delay = 4.67> <CoreInst = "FMul_maxdsp">   --->   Core 30 'FMul_maxdsp' <Latency = 3> <II = 1> <Delay = 4.67> <FuncUnit> <Opcode : 'fmul'> <InPorts = 2> <OutPorts = 1>
ST_75 : Operation 1858 [2/4] (4.67ns)   --->   "%mul9_61 = fmul i32 %fc1_out_load_62, i32 %bitcast_ln87_62" [src/gtsrb_cnn.cpp:87]   --->   Operation 1858 'fmul' 'mul9_61' <Predicate = (!icmp_ln83)> <Delay = 4.67> <CoreInst = "FMul_maxdsp">   --->   Core 30 'FMul_maxdsp' <Latency = 3> <II = 1> <Delay = 4.67> <FuncUnit> <Opcode : 'fmul'> <InPorts = 2> <OutPorts = 1>
ST_75 : Operation 1859 [3/4] (4.67ns)   --->   "%mul9_62 = fmul i32 %fc1_out_load_63, i32 %bitcast_ln87_63" [src/gtsrb_cnn.cpp:87]   --->   Operation 1859 'fmul' 'mul9_62' <Predicate = (!icmp_ln83)> <Delay = 4.67> <CoreInst = "FMul_maxdsp">   --->   Core 30 'FMul_maxdsp' <Latency = 3> <II = 1> <Delay = 4.67> <FuncUnit> <Opcode : 'fmul'> <InPorts = 2> <OutPorts = 1>

State 76 <SV = 75> <Delay = 6.01>
ST_76 : Operation 1860 [4/5] (6.01ns)   --->   "%acc_1_11 = fadd i32 %acc_1_10, i32 %mul9_11" [src/gtsrb_cnn.cpp:87]   --->   Operation 1860 'fadd' 'acc_1_11' <Predicate = (!icmp_ln83)> <Delay = 6.01> <CoreInst = "FAddSub_fulldsp">   --->   Core 18 'FAddSub_fulldsp' <Latency = 4> <II = 1> <Delay = 6.01> <FuncUnit> <Opcode : 'fadd' 'fsub'> <InPorts = 2> <OutPorts = 1>
ST_76 : Operation 1861 [1/4] (4.67ns)   --->   "%mul9_61 = fmul i32 %fc1_out_load_62, i32 %bitcast_ln87_62" [src/gtsrb_cnn.cpp:87]   --->   Operation 1861 'fmul' 'mul9_61' <Predicate = (!icmp_ln83)> <Delay = 4.67> <CoreInst = "FMul_maxdsp">   --->   Core 30 'FMul_maxdsp' <Latency = 3> <II = 1> <Delay = 4.67> <FuncUnit> <Opcode : 'fmul'> <InPorts = 2> <OutPorts = 1>
ST_76 : Operation 1862 [2/4] (4.67ns)   --->   "%mul9_62 = fmul i32 %fc1_out_load_63, i32 %bitcast_ln87_63" [src/gtsrb_cnn.cpp:87]   --->   Operation 1862 'fmul' 'mul9_62' <Predicate = (!icmp_ln83)> <Delay = 4.67> <CoreInst = "FMul_maxdsp">   --->   Core 30 'FMul_maxdsp' <Latency = 3> <II = 1> <Delay = 4.67> <FuncUnit> <Opcode : 'fmul'> <InPorts = 2> <OutPorts = 1>

State 77 <SV = 76> <Delay = 6.01>
ST_77 : Operation 1863 [3/5] (6.01ns)   --->   "%acc_1_11 = fadd i32 %acc_1_10, i32 %mul9_11" [src/gtsrb_cnn.cpp:87]   --->   Operation 1863 'fadd' 'acc_1_11' <Predicate = (!icmp_ln83)> <Delay = 6.01> <CoreInst = "FAddSub_fulldsp">   --->   Core 18 'FAddSub_fulldsp' <Latency = 4> <II = 1> <Delay = 6.01> <FuncUnit> <Opcode : 'fadd' 'fsub'> <InPorts = 2> <OutPorts = 1>
ST_77 : Operation 1864 [1/4] (4.67ns)   --->   "%mul9_62 = fmul i32 %fc1_out_load_63, i32 %bitcast_ln87_63" [src/gtsrb_cnn.cpp:87]   --->   Operation 1864 'fmul' 'mul9_62' <Predicate = (!icmp_ln83)> <Delay = 4.67> <CoreInst = "FMul_maxdsp">   --->   Core 30 'FMul_maxdsp' <Latency = 3> <II = 1> <Delay = 4.67> <FuncUnit> <Opcode : 'fmul'> <InPorts = 2> <OutPorts = 1>

State 78 <SV = 77> <Delay = 6.01>
ST_78 : Operation 1865 [2/5] (6.01ns)   --->   "%acc_1_11 = fadd i32 %acc_1_10, i32 %mul9_11" [src/gtsrb_cnn.cpp:87]   --->   Operation 1865 'fadd' 'acc_1_11' <Predicate = (!icmp_ln83)> <Delay = 6.01> <CoreInst = "FAddSub_fulldsp">   --->   Core 18 'FAddSub_fulldsp' <Latency = 4> <II = 1> <Delay = 6.01> <FuncUnit> <Opcode : 'fadd' 'fsub'> <InPorts = 2> <OutPorts = 1>

State 79 <SV = 78> <Delay = 6.01>
ST_79 : Operation 1866 [1/5] (6.01ns)   --->   "%acc_1_11 = fadd i32 %acc_1_10, i32 %mul9_11" [src/gtsrb_cnn.cpp:87]   --->   Operation 1866 'fadd' 'acc_1_11' <Predicate = (!icmp_ln83)> <Delay = 6.01> <CoreInst = "FAddSub_fulldsp">   --->   Core 18 'FAddSub_fulldsp' <Latency = 4> <II = 1> <Delay = 6.01> <FuncUnit> <Opcode : 'fadd' 'fsub'> <InPorts = 2> <OutPorts = 1>

State 80 <SV = 79> <Delay = 0.00>

State 81 <SV = 80> <Delay = 6.01>
ST_81 : Operation 1867 [5/5] (6.01ns)   --->   "%acc_1_12 = fadd i32 %acc_1_11, i32 %mul9_12" [src/gtsrb_cnn.cpp:87]   --->   Operation 1867 'fadd' 'acc_1_12' <Predicate = (!icmp_ln83)> <Delay = 6.01> <CoreInst = "FAddSub_fulldsp">   --->   Core 18 'FAddSub_fulldsp' <Latency = 4> <II = 1> <Delay = 6.01> <FuncUnit> <Opcode : 'fadd' 'fsub'> <InPorts = 2> <OutPorts = 1>

State 82 <SV = 81> <Delay = 6.01>
ST_82 : Operation 1868 [4/5] (6.01ns)   --->   "%acc_1_12 = fadd i32 %acc_1_11, i32 %mul9_12" [src/gtsrb_cnn.cpp:87]   --->   Operation 1868 'fadd' 'acc_1_12' <Predicate = (!icmp_ln83)> <Delay = 6.01> <CoreInst = "FAddSub_fulldsp">   --->   Core 18 'FAddSub_fulldsp' <Latency = 4> <II = 1> <Delay = 6.01> <FuncUnit> <Opcode : 'fadd' 'fsub'> <InPorts = 2> <OutPorts = 1>

State 83 <SV = 82> <Delay = 6.01>
ST_83 : Operation 1869 [3/5] (6.01ns)   --->   "%acc_1_12 = fadd i32 %acc_1_11, i32 %mul9_12" [src/gtsrb_cnn.cpp:87]   --->   Operation 1869 'fadd' 'acc_1_12' <Predicate = (!icmp_ln83)> <Delay = 6.01> <CoreInst = "FAddSub_fulldsp">   --->   Core 18 'FAddSub_fulldsp' <Latency = 4> <II = 1> <Delay = 6.01> <FuncUnit> <Opcode : 'fadd' 'fsub'> <InPorts = 2> <OutPorts = 1>

State 84 <SV = 83> <Delay = 6.01>
ST_84 : Operation 1870 [2/5] (6.01ns)   --->   "%acc_1_12 = fadd i32 %acc_1_11, i32 %mul9_12" [src/gtsrb_cnn.cpp:87]   --->   Operation 1870 'fadd' 'acc_1_12' <Predicate = (!icmp_ln83)> <Delay = 6.01> <CoreInst = "FAddSub_fulldsp">   --->   Core 18 'FAddSub_fulldsp' <Latency = 4> <II = 1> <Delay = 6.01> <FuncUnit> <Opcode : 'fadd' 'fsub'> <InPorts = 2> <OutPorts = 1>

State 85 <SV = 84> <Delay = 6.01>
ST_85 : Operation 1871 [1/5] (6.01ns)   --->   "%acc_1_12 = fadd i32 %acc_1_11, i32 %mul9_12" [src/gtsrb_cnn.cpp:87]   --->   Operation 1871 'fadd' 'acc_1_12' <Predicate = (!icmp_ln83)> <Delay = 6.01> <CoreInst = "FAddSub_fulldsp">   --->   Core 18 'FAddSub_fulldsp' <Latency = 4> <II = 1> <Delay = 6.01> <FuncUnit> <Opcode : 'fadd' 'fsub'> <InPorts = 2> <OutPorts = 1>

State 86 <SV = 85> <Delay = 6.01>
ST_86 : Operation 1872 [5/5] (6.01ns)   --->   "%acc_1_13 = fadd i32 %acc_1_12, i32 %mul9_13" [src/gtsrb_cnn.cpp:87]   --->   Operation 1872 'fadd' 'acc_1_13' <Predicate = (!icmp_ln83)> <Delay = 6.01> <CoreInst = "FAddSub_fulldsp">   --->   Core 18 'FAddSub_fulldsp' <Latency = 4> <II = 1> <Delay = 6.01> <FuncUnit> <Opcode : 'fadd' 'fsub'> <InPorts = 2> <OutPorts = 1>

State 87 <SV = 86> <Delay = 6.01>
ST_87 : Operation 1873 [4/5] (6.01ns)   --->   "%acc_1_13 = fadd i32 %acc_1_12, i32 %mul9_13" [src/gtsrb_cnn.cpp:87]   --->   Operation 1873 'fadd' 'acc_1_13' <Predicate = (!icmp_ln83)> <Delay = 6.01> <CoreInst = "FAddSub_fulldsp">   --->   Core 18 'FAddSub_fulldsp' <Latency = 4> <II = 1> <Delay = 6.01> <FuncUnit> <Opcode : 'fadd' 'fsub'> <InPorts = 2> <OutPorts = 1>

State 88 <SV = 87> <Delay = 6.01>
ST_88 : Operation 1874 [3/5] (6.01ns)   --->   "%acc_1_13 = fadd i32 %acc_1_12, i32 %mul9_13" [src/gtsrb_cnn.cpp:87]   --->   Operation 1874 'fadd' 'acc_1_13' <Predicate = (!icmp_ln83)> <Delay = 6.01> <CoreInst = "FAddSub_fulldsp">   --->   Core 18 'FAddSub_fulldsp' <Latency = 4> <II = 1> <Delay = 6.01> <FuncUnit> <Opcode : 'fadd' 'fsub'> <InPorts = 2> <OutPorts = 1>

State 89 <SV = 88> <Delay = 6.01>
ST_89 : Operation 1875 [2/5] (6.01ns)   --->   "%acc_1_13 = fadd i32 %acc_1_12, i32 %mul9_13" [src/gtsrb_cnn.cpp:87]   --->   Operation 1875 'fadd' 'acc_1_13' <Predicate = (!icmp_ln83)> <Delay = 6.01> <CoreInst = "FAddSub_fulldsp">   --->   Core 18 'FAddSub_fulldsp' <Latency = 4> <II = 1> <Delay = 6.01> <FuncUnit> <Opcode : 'fadd' 'fsub'> <InPorts = 2> <OutPorts = 1>

State 90 <SV = 89> <Delay = 6.01>
ST_90 : Operation 1876 [1/5] (6.01ns)   --->   "%acc_1_13 = fadd i32 %acc_1_12, i32 %mul9_13" [src/gtsrb_cnn.cpp:87]   --->   Operation 1876 'fadd' 'acc_1_13' <Predicate = (!icmp_ln83)> <Delay = 6.01> <CoreInst = "FAddSub_fulldsp">   --->   Core 18 'FAddSub_fulldsp' <Latency = 4> <II = 1> <Delay = 6.01> <FuncUnit> <Opcode : 'fadd' 'fsub'> <InPorts = 2> <OutPorts = 1>

State 91 <SV = 90> <Delay = 6.01>
ST_91 : Operation 1877 [5/5] (6.01ns)   --->   "%acc_1_14 = fadd i32 %acc_1_13, i32 %mul9_14" [src/gtsrb_cnn.cpp:87]   --->   Operation 1877 'fadd' 'acc_1_14' <Predicate = (!icmp_ln83)> <Delay = 6.01> <CoreInst = "FAddSub_fulldsp">   --->   Core 18 'FAddSub_fulldsp' <Latency = 4> <II = 1> <Delay = 6.01> <FuncUnit> <Opcode : 'fadd' 'fsub'> <InPorts = 2> <OutPorts = 1>

State 92 <SV = 91> <Delay = 6.01>
ST_92 : Operation 1878 [4/5] (6.01ns)   --->   "%acc_1_14 = fadd i32 %acc_1_13, i32 %mul9_14" [src/gtsrb_cnn.cpp:87]   --->   Operation 1878 'fadd' 'acc_1_14' <Predicate = (!icmp_ln83)> <Delay = 6.01> <CoreInst = "FAddSub_fulldsp">   --->   Core 18 'FAddSub_fulldsp' <Latency = 4> <II = 1> <Delay = 6.01> <FuncUnit> <Opcode : 'fadd' 'fsub'> <InPorts = 2> <OutPorts = 1>

State 93 <SV = 92> <Delay = 6.01>
ST_93 : Operation 1879 [3/5] (6.01ns)   --->   "%acc_1_14 = fadd i32 %acc_1_13, i32 %mul9_14" [src/gtsrb_cnn.cpp:87]   --->   Operation 1879 'fadd' 'acc_1_14' <Predicate = (!icmp_ln83)> <Delay = 6.01> <CoreInst = "FAddSub_fulldsp">   --->   Core 18 'FAddSub_fulldsp' <Latency = 4> <II = 1> <Delay = 6.01> <FuncUnit> <Opcode : 'fadd' 'fsub'> <InPorts = 2> <OutPorts = 1>

State 94 <SV = 93> <Delay = 6.01>
ST_94 : Operation 1880 [2/5] (6.01ns)   --->   "%acc_1_14 = fadd i32 %acc_1_13, i32 %mul9_14" [src/gtsrb_cnn.cpp:87]   --->   Operation 1880 'fadd' 'acc_1_14' <Predicate = (!icmp_ln83)> <Delay = 6.01> <CoreInst = "FAddSub_fulldsp">   --->   Core 18 'FAddSub_fulldsp' <Latency = 4> <II = 1> <Delay = 6.01> <FuncUnit> <Opcode : 'fadd' 'fsub'> <InPorts = 2> <OutPorts = 1>

State 95 <SV = 94> <Delay = 6.01>
ST_95 : Operation 1881 [1/5] (6.01ns)   --->   "%acc_1_14 = fadd i32 %acc_1_13, i32 %mul9_14" [src/gtsrb_cnn.cpp:87]   --->   Operation 1881 'fadd' 'acc_1_14' <Predicate = (!icmp_ln83)> <Delay = 6.01> <CoreInst = "FAddSub_fulldsp">   --->   Core 18 'FAddSub_fulldsp' <Latency = 4> <II = 1> <Delay = 6.01> <FuncUnit> <Opcode : 'fadd' 'fsub'> <InPorts = 2> <OutPorts = 1>

State 96 <SV = 95> <Delay = 6.01>
ST_96 : Operation 1882 [5/5] (6.01ns)   --->   "%acc_1_15 = fadd i32 %acc_1_14, i32 %mul9_15" [src/gtsrb_cnn.cpp:87]   --->   Operation 1882 'fadd' 'acc_1_15' <Predicate = (!icmp_ln83)> <Delay = 6.01> <CoreInst = "FAddSub_fulldsp">   --->   Core 18 'FAddSub_fulldsp' <Latency = 4> <II = 1> <Delay = 6.01> <FuncUnit> <Opcode : 'fadd' 'fsub'> <InPorts = 2> <OutPorts = 1>

State 97 <SV = 96> <Delay = 6.01>
ST_97 : Operation 1883 [4/5] (6.01ns)   --->   "%acc_1_15 = fadd i32 %acc_1_14, i32 %mul9_15" [src/gtsrb_cnn.cpp:87]   --->   Operation 1883 'fadd' 'acc_1_15' <Predicate = (!icmp_ln83)> <Delay = 6.01> <CoreInst = "FAddSub_fulldsp">   --->   Core 18 'FAddSub_fulldsp' <Latency = 4> <II = 1> <Delay = 6.01> <FuncUnit> <Opcode : 'fadd' 'fsub'> <InPorts = 2> <OutPorts = 1>

State 98 <SV = 97> <Delay = 6.01>
ST_98 : Operation 1884 [3/5] (6.01ns)   --->   "%acc_1_15 = fadd i32 %acc_1_14, i32 %mul9_15" [src/gtsrb_cnn.cpp:87]   --->   Operation 1884 'fadd' 'acc_1_15' <Predicate = (!icmp_ln83)> <Delay = 6.01> <CoreInst = "FAddSub_fulldsp">   --->   Core 18 'FAddSub_fulldsp' <Latency = 4> <II = 1> <Delay = 6.01> <FuncUnit> <Opcode : 'fadd' 'fsub'> <InPorts = 2> <OutPorts = 1>

State 99 <SV = 98> <Delay = 6.01>
ST_99 : Operation 1885 [2/5] (6.01ns)   --->   "%acc_1_15 = fadd i32 %acc_1_14, i32 %mul9_15" [src/gtsrb_cnn.cpp:87]   --->   Operation 1885 'fadd' 'acc_1_15' <Predicate = (!icmp_ln83)> <Delay = 6.01> <CoreInst = "FAddSub_fulldsp">   --->   Core 18 'FAddSub_fulldsp' <Latency = 4> <II = 1> <Delay = 6.01> <FuncUnit> <Opcode : 'fadd' 'fsub'> <InPorts = 2> <OutPorts = 1>

State 100 <SV = 99> <Delay = 6.01>
ST_100 : Operation 1886 [1/5] (6.01ns)   --->   "%acc_1_15 = fadd i32 %acc_1_14, i32 %mul9_15" [src/gtsrb_cnn.cpp:87]   --->   Operation 1886 'fadd' 'acc_1_15' <Predicate = (!icmp_ln83)> <Delay = 6.01> <CoreInst = "FAddSub_fulldsp">   --->   Core 18 'FAddSub_fulldsp' <Latency = 4> <II = 1> <Delay = 6.01> <FuncUnit> <Opcode : 'fadd' 'fsub'> <InPorts = 2> <OutPorts = 1>

State 101 <SV = 100> <Delay = 6.01>
ST_101 : Operation 1887 [5/5] (6.01ns)   --->   "%acc_1_16 = fadd i32 %acc_1_15, i32 %mul9_16" [src/gtsrb_cnn.cpp:87]   --->   Operation 1887 'fadd' 'acc_1_16' <Predicate = (!icmp_ln83)> <Delay = 6.01> <CoreInst = "FAddSub_fulldsp">   --->   Core 18 'FAddSub_fulldsp' <Latency = 4> <II = 1> <Delay = 6.01> <FuncUnit> <Opcode : 'fadd' 'fsub'> <InPorts = 2> <OutPorts = 1>

State 102 <SV = 101> <Delay = 6.01>
ST_102 : Operation 1888 [4/5] (6.01ns)   --->   "%acc_1_16 = fadd i32 %acc_1_15, i32 %mul9_16" [src/gtsrb_cnn.cpp:87]   --->   Operation 1888 'fadd' 'acc_1_16' <Predicate = (!icmp_ln83)> <Delay = 6.01> <CoreInst = "FAddSub_fulldsp">   --->   Core 18 'FAddSub_fulldsp' <Latency = 4> <II = 1> <Delay = 6.01> <FuncUnit> <Opcode : 'fadd' 'fsub'> <InPorts = 2> <OutPorts = 1>

State 103 <SV = 102> <Delay = 6.01>
ST_103 : Operation 1889 [3/5] (6.01ns)   --->   "%acc_1_16 = fadd i32 %acc_1_15, i32 %mul9_16" [src/gtsrb_cnn.cpp:87]   --->   Operation 1889 'fadd' 'acc_1_16' <Predicate = (!icmp_ln83)> <Delay = 6.01> <CoreInst = "FAddSub_fulldsp">   --->   Core 18 'FAddSub_fulldsp' <Latency = 4> <II = 1> <Delay = 6.01> <FuncUnit> <Opcode : 'fadd' 'fsub'> <InPorts = 2> <OutPorts = 1>

State 104 <SV = 103> <Delay = 6.01>
ST_104 : Operation 1890 [2/5] (6.01ns)   --->   "%acc_1_16 = fadd i32 %acc_1_15, i32 %mul9_16" [src/gtsrb_cnn.cpp:87]   --->   Operation 1890 'fadd' 'acc_1_16' <Predicate = (!icmp_ln83)> <Delay = 6.01> <CoreInst = "FAddSub_fulldsp">   --->   Core 18 'FAddSub_fulldsp' <Latency = 4> <II = 1> <Delay = 6.01> <FuncUnit> <Opcode : 'fadd' 'fsub'> <InPorts = 2> <OutPorts = 1>

State 105 <SV = 104> <Delay = 6.01>
ST_105 : Operation 1891 [1/5] (6.01ns)   --->   "%acc_1_16 = fadd i32 %acc_1_15, i32 %mul9_16" [src/gtsrb_cnn.cpp:87]   --->   Operation 1891 'fadd' 'acc_1_16' <Predicate = (!icmp_ln83)> <Delay = 6.01> <CoreInst = "FAddSub_fulldsp">   --->   Core 18 'FAddSub_fulldsp' <Latency = 4> <II = 1> <Delay = 6.01> <FuncUnit> <Opcode : 'fadd' 'fsub'> <InPorts = 2> <OutPorts = 1>

State 106 <SV = 105> <Delay = 6.01>
ST_106 : Operation 1892 [5/5] (6.01ns)   --->   "%acc_1_17 = fadd i32 %acc_1_16, i32 %mul9_17" [src/gtsrb_cnn.cpp:87]   --->   Operation 1892 'fadd' 'acc_1_17' <Predicate = (!icmp_ln83)> <Delay = 6.01> <CoreInst = "FAddSub_fulldsp">   --->   Core 18 'FAddSub_fulldsp' <Latency = 4> <II = 1> <Delay = 6.01> <FuncUnit> <Opcode : 'fadd' 'fsub'> <InPorts = 2> <OutPorts = 1>

State 107 <SV = 106> <Delay = 6.01>
ST_107 : Operation 1893 [4/5] (6.01ns)   --->   "%acc_1_17 = fadd i32 %acc_1_16, i32 %mul9_17" [src/gtsrb_cnn.cpp:87]   --->   Operation 1893 'fadd' 'acc_1_17' <Predicate = (!icmp_ln83)> <Delay = 6.01> <CoreInst = "FAddSub_fulldsp">   --->   Core 18 'FAddSub_fulldsp' <Latency = 4> <II = 1> <Delay = 6.01> <FuncUnit> <Opcode : 'fadd' 'fsub'> <InPorts = 2> <OutPorts = 1>

State 108 <SV = 107> <Delay = 6.01>
ST_108 : Operation 1894 [3/5] (6.01ns)   --->   "%acc_1_17 = fadd i32 %acc_1_16, i32 %mul9_17" [src/gtsrb_cnn.cpp:87]   --->   Operation 1894 'fadd' 'acc_1_17' <Predicate = (!icmp_ln83)> <Delay = 6.01> <CoreInst = "FAddSub_fulldsp">   --->   Core 18 'FAddSub_fulldsp' <Latency = 4> <II = 1> <Delay = 6.01> <FuncUnit> <Opcode : 'fadd' 'fsub'> <InPorts = 2> <OutPorts = 1>

State 109 <SV = 108> <Delay = 6.01>
ST_109 : Operation 1895 [2/5] (6.01ns)   --->   "%acc_1_17 = fadd i32 %acc_1_16, i32 %mul9_17" [src/gtsrb_cnn.cpp:87]   --->   Operation 1895 'fadd' 'acc_1_17' <Predicate = (!icmp_ln83)> <Delay = 6.01> <CoreInst = "FAddSub_fulldsp">   --->   Core 18 'FAddSub_fulldsp' <Latency = 4> <II = 1> <Delay = 6.01> <FuncUnit> <Opcode : 'fadd' 'fsub'> <InPorts = 2> <OutPorts = 1>

State 110 <SV = 109> <Delay = 6.01>
ST_110 : Operation 1896 [1/5] (6.01ns)   --->   "%acc_1_17 = fadd i32 %acc_1_16, i32 %mul9_17" [src/gtsrb_cnn.cpp:87]   --->   Operation 1896 'fadd' 'acc_1_17' <Predicate = (!icmp_ln83)> <Delay = 6.01> <CoreInst = "FAddSub_fulldsp">   --->   Core 18 'FAddSub_fulldsp' <Latency = 4> <II = 1> <Delay = 6.01> <FuncUnit> <Opcode : 'fadd' 'fsub'> <InPorts = 2> <OutPorts = 1>

State 111 <SV = 110> <Delay = 6.01>
ST_111 : Operation 1897 [5/5] (6.01ns)   --->   "%acc_1_18 = fadd i32 %acc_1_17, i32 %mul9_18" [src/gtsrb_cnn.cpp:87]   --->   Operation 1897 'fadd' 'acc_1_18' <Predicate = (!icmp_ln83)> <Delay = 6.01> <CoreInst = "FAddSub_fulldsp">   --->   Core 18 'FAddSub_fulldsp' <Latency = 4> <II = 1> <Delay = 6.01> <FuncUnit> <Opcode : 'fadd' 'fsub'> <InPorts = 2> <OutPorts = 1>

State 112 <SV = 111> <Delay = 6.01>
ST_112 : Operation 1898 [4/5] (6.01ns)   --->   "%acc_1_18 = fadd i32 %acc_1_17, i32 %mul9_18" [src/gtsrb_cnn.cpp:87]   --->   Operation 1898 'fadd' 'acc_1_18' <Predicate = (!icmp_ln83)> <Delay = 6.01> <CoreInst = "FAddSub_fulldsp">   --->   Core 18 'FAddSub_fulldsp' <Latency = 4> <II = 1> <Delay = 6.01> <FuncUnit> <Opcode : 'fadd' 'fsub'> <InPorts = 2> <OutPorts = 1>

State 113 <SV = 112> <Delay = 6.01>
ST_113 : Operation 1899 [3/5] (6.01ns)   --->   "%acc_1_18 = fadd i32 %acc_1_17, i32 %mul9_18" [src/gtsrb_cnn.cpp:87]   --->   Operation 1899 'fadd' 'acc_1_18' <Predicate = (!icmp_ln83)> <Delay = 6.01> <CoreInst = "FAddSub_fulldsp">   --->   Core 18 'FAddSub_fulldsp' <Latency = 4> <II = 1> <Delay = 6.01> <FuncUnit> <Opcode : 'fadd' 'fsub'> <InPorts = 2> <OutPorts = 1>

State 114 <SV = 113> <Delay = 6.01>
ST_114 : Operation 1900 [2/5] (6.01ns)   --->   "%acc_1_18 = fadd i32 %acc_1_17, i32 %mul9_18" [src/gtsrb_cnn.cpp:87]   --->   Operation 1900 'fadd' 'acc_1_18' <Predicate = (!icmp_ln83)> <Delay = 6.01> <CoreInst = "FAddSub_fulldsp">   --->   Core 18 'FAddSub_fulldsp' <Latency = 4> <II = 1> <Delay = 6.01> <FuncUnit> <Opcode : 'fadd' 'fsub'> <InPorts = 2> <OutPorts = 1>

State 115 <SV = 114> <Delay = 6.01>
ST_115 : Operation 1901 [1/5] (6.01ns)   --->   "%acc_1_18 = fadd i32 %acc_1_17, i32 %mul9_18" [src/gtsrb_cnn.cpp:87]   --->   Operation 1901 'fadd' 'acc_1_18' <Predicate = (!icmp_ln83)> <Delay = 6.01> <CoreInst = "FAddSub_fulldsp">   --->   Core 18 'FAddSub_fulldsp' <Latency = 4> <II = 1> <Delay = 6.01> <FuncUnit> <Opcode : 'fadd' 'fsub'> <InPorts = 2> <OutPorts = 1>

State 116 <SV = 115> <Delay = 6.01>
ST_116 : Operation 1902 [5/5] (6.01ns)   --->   "%acc_1_19 = fadd i32 %acc_1_18, i32 %mul9_19" [src/gtsrb_cnn.cpp:87]   --->   Operation 1902 'fadd' 'acc_1_19' <Predicate = (!icmp_ln83)> <Delay = 6.01> <CoreInst = "FAddSub_fulldsp">   --->   Core 18 'FAddSub_fulldsp' <Latency = 4> <II = 1> <Delay = 6.01> <FuncUnit> <Opcode : 'fadd' 'fsub'> <InPorts = 2> <OutPorts = 1>

State 117 <SV = 116> <Delay = 6.01>
ST_117 : Operation 1903 [4/5] (6.01ns)   --->   "%acc_1_19 = fadd i32 %acc_1_18, i32 %mul9_19" [src/gtsrb_cnn.cpp:87]   --->   Operation 1903 'fadd' 'acc_1_19' <Predicate = (!icmp_ln83)> <Delay = 6.01> <CoreInst = "FAddSub_fulldsp">   --->   Core 18 'FAddSub_fulldsp' <Latency = 4> <II = 1> <Delay = 6.01> <FuncUnit> <Opcode : 'fadd' 'fsub'> <InPorts = 2> <OutPorts = 1>

State 118 <SV = 117> <Delay = 6.01>
ST_118 : Operation 1904 [3/5] (6.01ns)   --->   "%acc_1_19 = fadd i32 %acc_1_18, i32 %mul9_19" [src/gtsrb_cnn.cpp:87]   --->   Operation 1904 'fadd' 'acc_1_19' <Predicate = (!icmp_ln83)> <Delay = 6.01> <CoreInst = "FAddSub_fulldsp">   --->   Core 18 'FAddSub_fulldsp' <Latency = 4> <II = 1> <Delay = 6.01> <FuncUnit> <Opcode : 'fadd' 'fsub'> <InPorts = 2> <OutPorts = 1>

State 119 <SV = 118> <Delay = 6.01>
ST_119 : Operation 1905 [2/5] (6.01ns)   --->   "%acc_1_19 = fadd i32 %acc_1_18, i32 %mul9_19" [src/gtsrb_cnn.cpp:87]   --->   Operation 1905 'fadd' 'acc_1_19' <Predicate = (!icmp_ln83)> <Delay = 6.01> <CoreInst = "FAddSub_fulldsp">   --->   Core 18 'FAddSub_fulldsp' <Latency = 4> <II = 1> <Delay = 6.01> <FuncUnit> <Opcode : 'fadd' 'fsub'> <InPorts = 2> <OutPorts = 1>

State 120 <SV = 119> <Delay = 6.01>
ST_120 : Operation 1906 [1/5] (6.01ns)   --->   "%acc_1_19 = fadd i32 %acc_1_18, i32 %mul9_19" [src/gtsrb_cnn.cpp:87]   --->   Operation 1906 'fadd' 'acc_1_19' <Predicate = (!icmp_ln83)> <Delay = 6.01> <CoreInst = "FAddSub_fulldsp">   --->   Core 18 'FAddSub_fulldsp' <Latency = 4> <II = 1> <Delay = 6.01> <FuncUnit> <Opcode : 'fadd' 'fsub'> <InPorts = 2> <OutPorts = 1>

State 121 <SV = 120> <Delay = 6.01>
ST_121 : Operation 1907 [5/5] (6.01ns)   --->   "%acc_1_20 = fadd i32 %acc_1_19, i32 %mul9_20" [src/gtsrb_cnn.cpp:87]   --->   Operation 1907 'fadd' 'acc_1_20' <Predicate = (!icmp_ln83)> <Delay = 6.01> <CoreInst = "FAddSub_fulldsp">   --->   Core 18 'FAddSub_fulldsp' <Latency = 4> <II = 1> <Delay = 6.01> <FuncUnit> <Opcode : 'fadd' 'fsub'> <InPorts = 2> <OutPorts = 1>

State 122 <SV = 121> <Delay = 6.01>
ST_122 : Operation 1908 [4/5] (6.01ns)   --->   "%acc_1_20 = fadd i32 %acc_1_19, i32 %mul9_20" [src/gtsrb_cnn.cpp:87]   --->   Operation 1908 'fadd' 'acc_1_20' <Predicate = (!icmp_ln83)> <Delay = 6.01> <CoreInst = "FAddSub_fulldsp">   --->   Core 18 'FAddSub_fulldsp' <Latency = 4> <II = 1> <Delay = 6.01> <FuncUnit> <Opcode : 'fadd' 'fsub'> <InPorts = 2> <OutPorts = 1>

State 123 <SV = 122> <Delay = 6.01>
ST_123 : Operation 1909 [3/5] (6.01ns)   --->   "%acc_1_20 = fadd i32 %acc_1_19, i32 %mul9_20" [src/gtsrb_cnn.cpp:87]   --->   Operation 1909 'fadd' 'acc_1_20' <Predicate = (!icmp_ln83)> <Delay = 6.01> <CoreInst = "FAddSub_fulldsp">   --->   Core 18 'FAddSub_fulldsp' <Latency = 4> <II = 1> <Delay = 6.01> <FuncUnit> <Opcode : 'fadd' 'fsub'> <InPorts = 2> <OutPorts = 1>

State 124 <SV = 123> <Delay = 6.01>
ST_124 : Operation 1910 [2/5] (6.01ns)   --->   "%acc_1_20 = fadd i32 %acc_1_19, i32 %mul9_20" [src/gtsrb_cnn.cpp:87]   --->   Operation 1910 'fadd' 'acc_1_20' <Predicate = (!icmp_ln83)> <Delay = 6.01> <CoreInst = "FAddSub_fulldsp">   --->   Core 18 'FAddSub_fulldsp' <Latency = 4> <II = 1> <Delay = 6.01> <FuncUnit> <Opcode : 'fadd' 'fsub'> <InPorts = 2> <OutPorts = 1>

State 125 <SV = 124> <Delay = 6.01>
ST_125 : Operation 1911 [1/5] (6.01ns)   --->   "%acc_1_20 = fadd i32 %acc_1_19, i32 %mul9_20" [src/gtsrb_cnn.cpp:87]   --->   Operation 1911 'fadd' 'acc_1_20' <Predicate = (!icmp_ln83)> <Delay = 6.01> <CoreInst = "FAddSub_fulldsp">   --->   Core 18 'FAddSub_fulldsp' <Latency = 4> <II = 1> <Delay = 6.01> <FuncUnit> <Opcode : 'fadd' 'fsub'> <InPorts = 2> <OutPorts = 1>

State 126 <SV = 125> <Delay = 6.01>
ST_126 : Operation 1912 [5/5] (6.01ns)   --->   "%acc_1_21 = fadd i32 %acc_1_20, i32 %mul9_21" [src/gtsrb_cnn.cpp:87]   --->   Operation 1912 'fadd' 'acc_1_21' <Predicate = (!icmp_ln83)> <Delay = 6.01> <CoreInst = "FAddSub_fulldsp">   --->   Core 18 'FAddSub_fulldsp' <Latency = 4> <II = 1> <Delay = 6.01> <FuncUnit> <Opcode : 'fadd' 'fsub'> <InPorts = 2> <OutPorts = 1>

State 127 <SV = 126> <Delay = 6.01>
ST_127 : Operation 1913 [4/5] (6.01ns)   --->   "%acc_1_21 = fadd i32 %acc_1_20, i32 %mul9_21" [src/gtsrb_cnn.cpp:87]   --->   Operation 1913 'fadd' 'acc_1_21' <Predicate = (!icmp_ln83)> <Delay = 6.01> <CoreInst = "FAddSub_fulldsp">   --->   Core 18 'FAddSub_fulldsp' <Latency = 4> <II = 1> <Delay = 6.01> <FuncUnit> <Opcode : 'fadd' 'fsub'> <InPorts = 2> <OutPorts = 1>

State 128 <SV = 127> <Delay = 6.01>
ST_128 : Operation 1914 [3/5] (6.01ns)   --->   "%acc_1_21 = fadd i32 %acc_1_20, i32 %mul9_21" [src/gtsrb_cnn.cpp:87]   --->   Operation 1914 'fadd' 'acc_1_21' <Predicate = (!icmp_ln83)> <Delay = 6.01> <CoreInst = "FAddSub_fulldsp">   --->   Core 18 'FAddSub_fulldsp' <Latency = 4> <II = 1> <Delay = 6.01> <FuncUnit> <Opcode : 'fadd' 'fsub'> <InPorts = 2> <OutPorts = 1>

State 129 <SV = 128> <Delay = 6.01>
ST_129 : Operation 1915 [2/5] (6.01ns)   --->   "%acc_1_21 = fadd i32 %acc_1_20, i32 %mul9_21" [src/gtsrb_cnn.cpp:87]   --->   Operation 1915 'fadd' 'acc_1_21' <Predicate = (!icmp_ln83)> <Delay = 6.01> <CoreInst = "FAddSub_fulldsp">   --->   Core 18 'FAddSub_fulldsp' <Latency = 4> <II = 1> <Delay = 6.01> <FuncUnit> <Opcode : 'fadd' 'fsub'> <InPorts = 2> <OutPorts = 1>

State 130 <SV = 129> <Delay = 6.01>
ST_130 : Operation 1916 [1/5] (6.01ns)   --->   "%acc_1_21 = fadd i32 %acc_1_20, i32 %mul9_21" [src/gtsrb_cnn.cpp:87]   --->   Operation 1916 'fadd' 'acc_1_21' <Predicate = (!icmp_ln83)> <Delay = 6.01> <CoreInst = "FAddSub_fulldsp">   --->   Core 18 'FAddSub_fulldsp' <Latency = 4> <II = 1> <Delay = 6.01> <FuncUnit> <Opcode : 'fadd' 'fsub'> <InPorts = 2> <OutPorts = 1>

State 131 <SV = 130> <Delay = 6.01>
ST_131 : Operation 1917 [5/5] (6.01ns)   --->   "%acc_1_22 = fadd i32 %acc_1_21, i32 %mul9_22" [src/gtsrb_cnn.cpp:87]   --->   Operation 1917 'fadd' 'acc_1_22' <Predicate = (!icmp_ln83)> <Delay = 6.01> <CoreInst = "FAddSub_fulldsp">   --->   Core 18 'FAddSub_fulldsp' <Latency = 4> <II = 1> <Delay = 6.01> <FuncUnit> <Opcode : 'fadd' 'fsub'> <InPorts = 2> <OutPorts = 1>

State 132 <SV = 131> <Delay = 6.01>
ST_132 : Operation 1918 [4/5] (6.01ns)   --->   "%acc_1_22 = fadd i32 %acc_1_21, i32 %mul9_22" [src/gtsrb_cnn.cpp:87]   --->   Operation 1918 'fadd' 'acc_1_22' <Predicate = (!icmp_ln83)> <Delay = 6.01> <CoreInst = "FAddSub_fulldsp">   --->   Core 18 'FAddSub_fulldsp' <Latency = 4> <II = 1> <Delay = 6.01> <FuncUnit> <Opcode : 'fadd' 'fsub'> <InPorts = 2> <OutPorts = 1>

State 133 <SV = 132> <Delay = 6.01>
ST_133 : Operation 1919 [3/5] (6.01ns)   --->   "%acc_1_22 = fadd i32 %acc_1_21, i32 %mul9_22" [src/gtsrb_cnn.cpp:87]   --->   Operation 1919 'fadd' 'acc_1_22' <Predicate = (!icmp_ln83)> <Delay = 6.01> <CoreInst = "FAddSub_fulldsp">   --->   Core 18 'FAddSub_fulldsp' <Latency = 4> <II = 1> <Delay = 6.01> <FuncUnit> <Opcode : 'fadd' 'fsub'> <InPorts = 2> <OutPorts = 1>

State 134 <SV = 133> <Delay = 6.01>
ST_134 : Operation 1920 [2/5] (6.01ns)   --->   "%acc_1_22 = fadd i32 %acc_1_21, i32 %mul9_22" [src/gtsrb_cnn.cpp:87]   --->   Operation 1920 'fadd' 'acc_1_22' <Predicate = (!icmp_ln83)> <Delay = 6.01> <CoreInst = "FAddSub_fulldsp">   --->   Core 18 'FAddSub_fulldsp' <Latency = 4> <II = 1> <Delay = 6.01> <FuncUnit> <Opcode : 'fadd' 'fsub'> <InPorts = 2> <OutPorts = 1>

State 135 <SV = 134> <Delay = 6.01>
ST_135 : Operation 1921 [1/5] (6.01ns)   --->   "%acc_1_22 = fadd i32 %acc_1_21, i32 %mul9_22" [src/gtsrb_cnn.cpp:87]   --->   Operation 1921 'fadd' 'acc_1_22' <Predicate = (!icmp_ln83)> <Delay = 6.01> <CoreInst = "FAddSub_fulldsp">   --->   Core 18 'FAddSub_fulldsp' <Latency = 4> <II = 1> <Delay = 6.01> <FuncUnit> <Opcode : 'fadd' 'fsub'> <InPorts = 2> <OutPorts = 1>

State 136 <SV = 135> <Delay = 6.01>
ST_136 : Operation 1922 [5/5] (6.01ns)   --->   "%acc_1_23 = fadd i32 %acc_1_22, i32 %mul9_23" [src/gtsrb_cnn.cpp:87]   --->   Operation 1922 'fadd' 'acc_1_23' <Predicate = (!icmp_ln83)> <Delay = 6.01> <CoreInst = "FAddSub_fulldsp">   --->   Core 18 'FAddSub_fulldsp' <Latency = 4> <II = 1> <Delay = 6.01> <FuncUnit> <Opcode : 'fadd' 'fsub'> <InPorts = 2> <OutPorts = 1>

State 137 <SV = 136> <Delay = 6.01>
ST_137 : Operation 1923 [4/5] (6.01ns)   --->   "%acc_1_23 = fadd i32 %acc_1_22, i32 %mul9_23" [src/gtsrb_cnn.cpp:87]   --->   Operation 1923 'fadd' 'acc_1_23' <Predicate = (!icmp_ln83)> <Delay = 6.01> <CoreInst = "FAddSub_fulldsp">   --->   Core 18 'FAddSub_fulldsp' <Latency = 4> <II = 1> <Delay = 6.01> <FuncUnit> <Opcode : 'fadd' 'fsub'> <InPorts = 2> <OutPorts = 1>

State 138 <SV = 137> <Delay = 6.01>
ST_138 : Operation 1924 [3/5] (6.01ns)   --->   "%acc_1_23 = fadd i32 %acc_1_22, i32 %mul9_23" [src/gtsrb_cnn.cpp:87]   --->   Operation 1924 'fadd' 'acc_1_23' <Predicate = (!icmp_ln83)> <Delay = 6.01> <CoreInst = "FAddSub_fulldsp">   --->   Core 18 'FAddSub_fulldsp' <Latency = 4> <II = 1> <Delay = 6.01> <FuncUnit> <Opcode : 'fadd' 'fsub'> <InPorts = 2> <OutPorts = 1>

State 139 <SV = 138> <Delay = 6.01>
ST_139 : Operation 1925 [2/5] (6.01ns)   --->   "%acc_1_23 = fadd i32 %acc_1_22, i32 %mul9_23" [src/gtsrb_cnn.cpp:87]   --->   Operation 1925 'fadd' 'acc_1_23' <Predicate = (!icmp_ln83)> <Delay = 6.01> <CoreInst = "FAddSub_fulldsp">   --->   Core 18 'FAddSub_fulldsp' <Latency = 4> <II = 1> <Delay = 6.01> <FuncUnit> <Opcode : 'fadd' 'fsub'> <InPorts = 2> <OutPorts = 1>

State 140 <SV = 139> <Delay = 6.01>
ST_140 : Operation 1926 [1/5] (6.01ns)   --->   "%acc_1_23 = fadd i32 %acc_1_22, i32 %mul9_23" [src/gtsrb_cnn.cpp:87]   --->   Operation 1926 'fadd' 'acc_1_23' <Predicate = (!icmp_ln83)> <Delay = 6.01> <CoreInst = "FAddSub_fulldsp">   --->   Core 18 'FAddSub_fulldsp' <Latency = 4> <II = 1> <Delay = 6.01> <FuncUnit> <Opcode : 'fadd' 'fsub'> <InPorts = 2> <OutPorts = 1>

State 141 <SV = 140> <Delay = 6.01>
ST_141 : Operation 1927 [5/5] (6.01ns)   --->   "%acc_1_24 = fadd i32 %acc_1_23, i32 %mul9_24" [src/gtsrb_cnn.cpp:87]   --->   Operation 1927 'fadd' 'acc_1_24' <Predicate = (!icmp_ln83)> <Delay = 6.01> <CoreInst = "FAddSub_fulldsp">   --->   Core 18 'FAddSub_fulldsp' <Latency = 4> <II = 1> <Delay = 6.01> <FuncUnit> <Opcode : 'fadd' 'fsub'> <InPorts = 2> <OutPorts = 1>

State 142 <SV = 141> <Delay = 6.01>
ST_142 : Operation 1928 [4/5] (6.01ns)   --->   "%acc_1_24 = fadd i32 %acc_1_23, i32 %mul9_24" [src/gtsrb_cnn.cpp:87]   --->   Operation 1928 'fadd' 'acc_1_24' <Predicate = (!icmp_ln83)> <Delay = 6.01> <CoreInst = "FAddSub_fulldsp">   --->   Core 18 'FAddSub_fulldsp' <Latency = 4> <II = 1> <Delay = 6.01> <FuncUnit> <Opcode : 'fadd' 'fsub'> <InPorts = 2> <OutPorts = 1>

State 143 <SV = 142> <Delay = 6.01>
ST_143 : Operation 1929 [3/5] (6.01ns)   --->   "%acc_1_24 = fadd i32 %acc_1_23, i32 %mul9_24" [src/gtsrb_cnn.cpp:87]   --->   Operation 1929 'fadd' 'acc_1_24' <Predicate = (!icmp_ln83)> <Delay = 6.01> <CoreInst = "FAddSub_fulldsp">   --->   Core 18 'FAddSub_fulldsp' <Latency = 4> <II = 1> <Delay = 6.01> <FuncUnit> <Opcode : 'fadd' 'fsub'> <InPorts = 2> <OutPorts = 1>

State 144 <SV = 143> <Delay = 6.01>
ST_144 : Operation 1930 [2/5] (6.01ns)   --->   "%acc_1_24 = fadd i32 %acc_1_23, i32 %mul9_24" [src/gtsrb_cnn.cpp:87]   --->   Operation 1930 'fadd' 'acc_1_24' <Predicate = (!icmp_ln83)> <Delay = 6.01> <CoreInst = "FAddSub_fulldsp">   --->   Core 18 'FAddSub_fulldsp' <Latency = 4> <II = 1> <Delay = 6.01> <FuncUnit> <Opcode : 'fadd' 'fsub'> <InPorts = 2> <OutPorts = 1>

State 145 <SV = 144> <Delay = 6.01>
ST_145 : Operation 1931 [1/5] (6.01ns)   --->   "%acc_1_24 = fadd i32 %acc_1_23, i32 %mul9_24" [src/gtsrb_cnn.cpp:87]   --->   Operation 1931 'fadd' 'acc_1_24' <Predicate = (!icmp_ln83)> <Delay = 6.01> <CoreInst = "FAddSub_fulldsp">   --->   Core 18 'FAddSub_fulldsp' <Latency = 4> <II = 1> <Delay = 6.01> <FuncUnit> <Opcode : 'fadd' 'fsub'> <InPorts = 2> <OutPorts = 1>

State 146 <SV = 145> <Delay = 0.00>

State 147 <SV = 146> <Delay = 6.01>
ST_147 : Operation 1932 [5/5] (6.01ns)   --->   "%acc_1_25 = fadd i32 %acc_1_24, i32 %mul9_25" [src/gtsrb_cnn.cpp:87]   --->   Operation 1932 'fadd' 'acc_1_25' <Predicate = (!icmp_ln83)> <Delay = 6.01> <CoreInst = "FAddSub_fulldsp">   --->   Core 18 'FAddSub_fulldsp' <Latency = 4> <II = 1> <Delay = 6.01> <FuncUnit> <Opcode : 'fadd' 'fsub'> <InPorts = 2> <OutPorts = 1>

State 148 <SV = 147> <Delay = 6.01>
ST_148 : Operation 1933 [4/5] (6.01ns)   --->   "%acc_1_25 = fadd i32 %acc_1_24, i32 %mul9_25" [src/gtsrb_cnn.cpp:87]   --->   Operation 1933 'fadd' 'acc_1_25' <Predicate = (!icmp_ln83)> <Delay = 6.01> <CoreInst = "FAddSub_fulldsp">   --->   Core 18 'FAddSub_fulldsp' <Latency = 4> <II = 1> <Delay = 6.01> <FuncUnit> <Opcode : 'fadd' 'fsub'> <InPorts = 2> <OutPorts = 1>

State 149 <SV = 148> <Delay = 6.01>
ST_149 : Operation 1934 [3/5] (6.01ns)   --->   "%acc_1_25 = fadd i32 %acc_1_24, i32 %mul9_25" [src/gtsrb_cnn.cpp:87]   --->   Operation 1934 'fadd' 'acc_1_25' <Predicate = (!icmp_ln83)> <Delay = 6.01> <CoreInst = "FAddSub_fulldsp">   --->   Core 18 'FAddSub_fulldsp' <Latency = 4> <II = 1> <Delay = 6.01> <FuncUnit> <Opcode : 'fadd' 'fsub'> <InPorts = 2> <OutPorts = 1>

State 150 <SV = 149> <Delay = 6.01>
ST_150 : Operation 1935 [2/5] (6.01ns)   --->   "%acc_1_25 = fadd i32 %acc_1_24, i32 %mul9_25" [src/gtsrb_cnn.cpp:87]   --->   Operation 1935 'fadd' 'acc_1_25' <Predicate = (!icmp_ln83)> <Delay = 6.01> <CoreInst = "FAddSub_fulldsp">   --->   Core 18 'FAddSub_fulldsp' <Latency = 4> <II = 1> <Delay = 6.01> <FuncUnit> <Opcode : 'fadd' 'fsub'> <InPorts = 2> <OutPorts = 1>

State 151 <SV = 150> <Delay = 6.01>
ST_151 : Operation 1936 [1/5] (6.01ns)   --->   "%acc_1_25 = fadd i32 %acc_1_24, i32 %mul9_25" [src/gtsrb_cnn.cpp:87]   --->   Operation 1936 'fadd' 'acc_1_25' <Predicate = (!icmp_ln83)> <Delay = 6.01> <CoreInst = "FAddSub_fulldsp">   --->   Core 18 'FAddSub_fulldsp' <Latency = 4> <II = 1> <Delay = 6.01> <FuncUnit> <Opcode : 'fadd' 'fsub'> <InPorts = 2> <OutPorts = 1>

State 152 <SV = 151> <Delay = 6.01>
ST_152 : Operation 1937 [5/5] (6.01ns)   --->   "%acc_1_26 = fadd i32 %acc_1_25, i32 %mul9_26" [src/gtsrb_cnn.cpp:87]   --->   Operation 1937 'fadd' 'acc_1_26' <Predicate = (!icmp_ln83)> <Delay = 6.01> <CoreInst = "FAddSub_fulldsp">   --->   Core 18 'FAddSub_fulldsp' <Latency = 4> <II = 1> <Delay = 6.01> <FuncUnit> <Opcode : 'fadd' 'fsub'> <InPorts = 2> <OutPorts = 1>

State 153 <SV = 152> <Delay = 6.01>
ST_153 : Operation 1938 [4/5] (6.01ns)   --->   "%acc_1_26 = fadd i32 %acc_1_25, i32 %mul9_26" [src/gtsrb_cnn.cpp:87]   --->   Operation 1938 'fadd' 'acc_1_26' <Predicate = (!icmp_ln83)> <Delay = 6.01> <CoreInst = "FAddSub_fulldsp">   --->   Core 18 'FAddSub_fulldsp' <Latency = 4> <II = 1> <Delay = 6.01> <FuncUnit> <Opcode : 'fadd' 'fsub'> <InPorts = 2> <OutPorts = 1>

State 154 <SV = 153> <Delay = 6.01>
ST_154 : Operation 1939 [3/5] (6.01ns)   --->   "%acc_1_26 = fadd i32 %acc_1_25, i32 %mul9_26" [src/gtsrb_cnn.cpp:87]   --->   Operation 1939 'fadd' 'acc_1_26' <Predicate = (!icmp_ln83)> <Delay = 6.01> <CoreInst = "FAddSub_fulldsp">   --->   Core 18 'FAddSub_fulldsp' <Latency = 4> <II = 1> <Delay = 6.01> <FuncUnit> <Opcode : 'fadd' 'fsub'> <InPorts = 2> <OutPorts = 1>

State 155 <SV = 154> <Delay = 6.01>
ST_155 : Operation 1940 [2/5] (6.01ns)   --->   "%acc_1_26 = fadd i32 %acc_1_25, i32 %mul9_26" [src/gtsrb_cnn.cpp:87]   --->   Operation 1940 'fadd' 'acc_1_26' <Predicate = (!icmp_ln83)> <Delay = 6.01> <CoreInst = "FAddSub_fulldsp">   --->   Core 18 'FAddSub_fulldsp' <Latency = 4> <II = 1> <Delay = 6.01> <FuncUnit> <Opcode : 'fadd' 'fsub'> <InPorts = 2> <OutPorts = 1>

State 156 <SV = 155> <Delay = 6.01>
ST_156 : Operation 1941 [1/5] (6.01ns)   --->   "%acc_1_26 = fadd i32 %acc_1_25, i32 %mul9_26" [src/gtsrb_cnn.cpp:87]   --->   Operation 1941 'fadd' 'acc_1_26' <Predicate = (!icmp_ln83)> <Delay = 6.01> <CoreInst = "FAddSub_fulldsp">   --->   Core 18 'FAddSub_fulldsp' <Latency = 4> <II = 1> <Delay = 6.01> <FuncUnit> <Opcode : 'fadd' 'fsub'> <InPorts = 2> <OutPorts = 1>

State 157 <SV = 156> <Delay = 6.01>
ST_157 : Operation 1942 [5/5] (6.01ns)   --->   "%acc_1_27 = fadd i32 %acc_1_26, i32 %mul9_27" [src/gtsrb_cnn.cpp:87]   --->   Operation 1942 'fadd' 'acc_1_27' <Predicate = (!icmp_ln83)> <Delay = 6.01> <CoreInst = "FAddSub_fulldsp">   --->   Core 18 'FAddSub_fulldsp' <Latency = 4> <II = 1> <Delay = 6.01> <FuncUnit> <Opcode : 'fadd' 'fsub'> <InPorts = 2> <OutPorts = 1>

State 158 <SV = 157> <Delay = 6.01>
ST_158 : Operation 1943 [4/5] (6.01ns)   --->   "%acc_1_27 = fadd i32 %acc_1_26, i32 %mul9_27" [src/gtsrb_cnn.cpp:87]   --->   Operation 1943 'fadd' 'acc_1_27' <Predicate = (!icmp_ln83)> <Delay = 6.01> <CoreInst = "FAddSub_fulldsp">   --->   Core 18 'FAddSub_fulldsp' <Latency = 4> <II = 1> <Delay = 6.01> <FuncUnit> <Opcode : 'fadd' 'fsub'> <InPorts = 2> <OutPorts = 1>

State 159 <SV = 158> <Delay = 6.01>
ST_159 : Operation 1944 [3/5] (6.01ns)   --->   "%acc_1_27 = fadd i32 %acc_1_26, i32 %mul9_27" [src/gtsrb_cnn.cpp:87]   --->   Operation 1944 'fadd' 'acc_1_27' <Predicate = (!icmp_ln83)> <Delay = 6.01> <CoreInst = "FAddSub_fulldsp">   --->   Core 18 'FAddSub_fulldsp' <Latency = 4> <II = 1> <Delay = 6.01> <FuncUnit> <Opcode : 'fadd' 'fsub'> <InPorts = 2> <OutPorts = 1>

State 160 <SV = 159> <Delay = 6.01>
ST_160 : Operation 1945 [2/5] (6.01ns)   --->   "%acc_1_27 = fadd i32 %acc_1_26, i32 %mul9_27" [src/gtsrb_cnn.cpp:87]   --->   Operation 1945 'fadd' 'acc_1_27' <Predicate = (!icmp_ln83)> <Delay = 6.01> <CoreInst = "FAddSub_fulldsp">   --->   Core 18 'FAddSub_fulldsp' <Latency = 4> <II = 1> <Delay = 6.01> <FuncUnit> <Opcode : 'fadd' 'fsub'> <InPorts = 2> <OutPorts = 1>

State 161 <SV = 160> <Delay = 6.01>
ST_161 : Operation 1946 [1/5] (6.01ns)   --->   "%acc_1_27 = fadd i32 %acc_1_26, i32 %mul9_27" [src/gtsrb_cnn.cpp:87]   --->   Operation 1946 'fadd' 'acc_1_27' <Predicate = (!icmp_ln83)> <Delay = 6.01> <CoreInst = "FAddSub_fulldsp">   --->   Core 18 'FAddSub_fulldsp' <Latency = 4> <II = 1> <Delay = 6.01> <FuncUnit> <Opcode : 'fadd' 'fsub'> <InPorts = 2> <OutPorts = 1>

State 162 <SV = 161> <Delay = 6.01>
ST_162 : Operation 1947 [5/5] (6.01ns)   --->   "%acc_1_28 = fadd i32 %acc_1_27, i32 %mul9_28" [src/gtsrb_cnn.cpp:87]   --->   Operation 1947 'fadd' 'acc_1_28' <Predicate = (!icmp_ln83)> <Delay = 6.01> <CoreInst = "FAddSub_fulldsp">   --->   Core 18 'FAddSub_fulldsp' <Latency = 4> <II = 1> <Delay = 6.01> <FuncUnit> <Opcode : 'fadd' 'fsub'> <InPorts = 2> <OutPorts = 1>

State 163 <SV = 162> <Delay = 6.01>
ST_163 : Operation 1948 [4/5] (6.01ns)   --->   "%acc_1_28 = fadd i32 %acc_1_27, i32 %mul9_28" [src/gtsrb_cnn.cpp:87]   --->   Operation 1948 'fadd' 'acc_1_28' <Predicate = (!icmp_ln83)> <Delay = 6.01> <CoreInst = "FAddSub_fulldsp">   --->   Core 18 'FAddSub_fulldsp' <Latency = 4> <II = 1> <Delay = 6.01> <FuncUnit> <Opcode : 'fadd' 'fsub'> <InPorts = 2> <OutPorts = 1>

State 164 <SV = 163> <Delay = 6.01>
ST_164 : Operation 1949 [3/5] (6.01ns)   --->   "%acc_1_28 = fadd i32 %acc_1_27, i32 %mul9_28" [src/gtsrb_cnn.cpp:87]   --->   Operation 1949 'fadd' 'acc_1_28' <Predicate = (!icmp_ln83)> <Delay = 6.01> <CoreInst = "FAddSub_fulldsp">   --->   Core 18 'FAddSub_fulldsp' <Latency = 4> <II = 1> <Delay = 6.01> <FuncUnit> <Opcode : 'fadd' 'fsub'> <InPorts = 2> <OutPorts = 1>

State 165 <SV = 164> <Delay = 6.01>
ST_165 : Operation 1950 [2/5] (6.01ns)   --->   "%acc_1_28 = fadd i32 %acc_1_27, i32 %mul9_28" [src/gtsrb_cnn.cpp:87]   --->   Operation 1950 'fadd' 'acc_1_28' <Predicate = (!icmp_ln83)> <Delay = 6.01> <CoreInst = "FAddSub_fulldsp">   --->   Core 18 'FAddSub_fulldsp' <Latency = 4> <II = 1> <Delay = 6.01> <FuncUnit> <Opcode : 'fadd' 'fsub'> <InPorts = 2> <OutPorts = 1>

State 166 <SV = 165> <Delay = 6.01>
ST_166 : Operation 1951 [1/5] (6.01ns)   --->   "%acc_1_28 = fadd i32 %acc_1_27, i32 %mul9_28" [src/gtsrb_cnn.cpp:87]   --->   Operation 1951 'fadd' 'acc_1_28' <Predicate = (!icmp_ln83)> <Delay = 6.01> <CoreInst = "FAddSub_fulldsp">   --->   Core 18 'FAddSub_fulldsp' <Latency = 4> <II = 1> <Delay = 6.01> <FuncUnit> <Opcode : 'fadd' 'fsub'> <InPorts = 2> <OutPorts = 1>

State 167 <SV = 166> <Delay = 6.01>
ST_167 : Operation 1952 [5/5] (6.01ns)   --->   "%acc_1_29 = fadd i32 %acc_1_28, i32 %mul9_29" [src/gtsrb_cnn.cpp:87]   --->   Operation 1952 'fadd' 'acc_1_29' <Predicate = (!icmp_ln83)> <Delay = 6.01> <CoreInst = "FAddSub_fulldsp">   --->   Core 18 'FAddSub_fulldsp' <Latency = 4> <II = 1> <Delay = 6.01> <FuncUnit> <Opcode : 'fadd' 'fsub'> <InPorts = 2> <OutPorts = 1>

State 168 <SV = 167> <Delay = 6.01>
ST_168 : Operation 1953 [4/5] (6.01ns)   --->   "%acc_1_29 = fadd i32 %acc_1_28, i32 %mul9_29" [src/gtsrb_cnn.cpp:87]   --->   Operation 1953 'fadd' 'acc_1_29' <Predicate = (!icmp_ln83)> <Delay = 6.01> <CoreInst = "FAddSub_fulldsp">   --->   Core 18 'FAddSub_fulldsp' <Latency = 4> <II = 1> <Delay = 6.01> <FuncUnit> <Opcode : 'fadd' 'fsub'> <InPorts = 2> <OutPorts = 1>

State 169 <SV = 168> <Delay = 6.01>
ST_169 : Operation 1954 [3/5] (6.01ns)   --->   "%acc_1_29 = fadd i32 %acc_1_28, i32 %mul9_29" [src/gtsrb_cnn.cpp:87]   --->   Operation 1954 'fadd' 'acc_1_29' <Predicate = (!icmp_ln83)> <Delay = 6.01> <CoreInst = "FAddSub_fulldsp">   --->   Core 18 'FAddSub_fulldsp' <Latency = 4> <II = 1> <Delay = 6.01> <FuncUnit> <Opcode : 'fadd' 'fsub'> <InPorts = 2> <OutPorts = 1>

State 170 <SV = 169> <Delay = 6.01>
ST_170 : Operation 1955 [2/5] (6.01ns)   --->   "%acc_1_29 = fadd i32 %acc_1_28, i32 %mul9_29" [src/gtsrb_cnn.cpp:87]   --->   Operation 1955 'fadd' 'acc_1_29' <Predicate = (!icmp_ln83)> <Delay = 6.01> <CoreInst = "FAddSub_fulldsp">   --->   Core 18 'FAddSub_fulldsp' <Latency = 4> <II = 1> <Delay = 6.01> <FuncUnit> <Opcode : 'fadd' 'fsub'> <InPorts = 2> <OutPorts = 1>

State 171 <SV = 170> <Delay = 6.01>
ST_171 : Operation 1956 [1/5] (6.01ns)   --->   "%acc_1_29 = fadd i32 %acc_1_28, i32 %mul9_29" [src/gtsrb_cnn.cpp:87]   --->   Operation 1956 'fadd' 'acc_1_29' <Predicate = (!icmp_ln83)> <Delay = 6.01> <CoreInst = "FAddSub_fulldsp">   --->   Core 18 'FAddSub_fulldsp' <Latency = 4> <II = 1> <Delay = 6.01> <FuncUnit> <Opcode : 'fadd' 'fsub'> <InPorts = 2> <OutPorts = 1>

State 172 <SV = 171> <Delay = 6.01>
ST_172 : Operation 1957 [5/5] (6.01ns)   --->   "%acc_1_30 = fadd i32 %acc_1_29, i32 %mul9_30" [src/gtsrb_cnn.cpp:87]   --->   Operation 1957 'fadd' 'acc_1_30' <Predicate = (!icmp_ln83)> <Delay = 6.01> <CoreInst = "FAddSub_fulldsp">   --->   Core 18 'FAddSub_fulldsp' <Latency = 4> <II = 1> <Delay = 6.01> <FuncUnit> <Opcode : 'fadd' 'fsub'> <InPorts = 2> <OutPorts = 1>

State 173 <SV = 172> <Delay = 6.01>
ST_173 : Operation 1958 [4/5] (6.01ns)   --->   "%acc_1_30 = fadd i32 %acc_1_29, i32 %mul9_30" [src/gtsrb_cnn.cpp:87]   --->   Operation 1958 'fadd' 'acc_1_30' <Predicate = (!icmp_ln83)> <Delay = 6.01> <CoreInst = "FAddSub_fulldsp">   --->   Core 18 'FAddSub_fulldsp' <Latency = 4> <II = 1> <Delay = 6.01> <FuncUnit> <Opcode : 'fadd' 'fsub'> <InPorts = 2> <OutPorts = 1>

State 174 <SV = 173> <Delay = 6.01>
ST_174 : Operation 1959 [3/5] (6.01ns)   --->   "%acc_1_30 = fadd i32 %acc_1_29, i32 %mul9_30" [src/gtsrb_cnn.cpp:87]   --->   Operation 1959 'fadd' 'acc_1_30' <Predicate = (!icmp_ln83)> <Delay = 6.01> <CoreInst = "FAddSub_fulldsp">   --->   Core 18 'FAddSub_fulldsp' <Latency = 4> <II = 1> <Delay = 6.01> <FuncUnit> <Opcode : 'fadd' 'fsub'> <InPorts = 2> <OutPorts = 1>

State 175 <SV = 174> <Delay = 6.01>
ST_175 : Operation 1960 [2/5] (6.01ns)   --->   "%acc_1_30 = fadd i32 %acc_1_29, i32 %mul9_30" [src/gtsrb_cnn.cpp:87]   --->   Operation 1960 'fadd' 'acc_1_30' <Predicate = (!icmp_ln83)> <Delay = 6.01> <CoreInst = "FAddSub_fulldsp">   --->   Core 18 'FAddSub_fulldsp' <Latency = 4> <II = 1> <Delay = 6.01> <FuncUnit> <Opcode : 'fadd' 'fsub'> <InPorts = 2> <OutPorts = 1>

State 176 <SV = 175> <Delay = 6.01>
ST_176 : Operation 1961 [1/5] (6.01ns)   --->   "%acc_1_30 = fadd i32 %acc_1_29, i32 %mul9_30" [src/gtsrb_cnn.cpp:87]   --->   Operation 1961 'fadd' 'acc_1_30' <Predicate = (!icmp_ln83)> <Delay = 6.01> <CoreInst = "FAddSub_fulldsp">   --->   Core 18 'FAddSub_fulldsp' <Latency = 4> <II = 1> <Delay = 6.01> <FuncUnit> <Opcode : 'fadd' 'fsub'> <InPorts = 2> <OutPorts = 1>

State 177 <SV = 176> <Delay = 6.01>
ST_177 : Operation 1962 [5/5] (6.01ns)   --->   "%acc_1_31 = fadd i32 %acc_1_30, i32 %mul9_31" [src/gtsrb_cnn.cpp:87]   --->   Operation 1962 'fadd' 'acc_1_31' <Predicate = (!icmp_ln83)> <Delay = 6.01> <CoreInst = "FAddSub_fulldsp">   --->   Core 18 'FAddSub_fulldsp' <Latency = 4> <II = 1> <Delay = 6.01> <FuncUnit> <Opcode : 'fadd' 'fsub'> <InPorts = 2> <OutPorts = 1>

State 178 <SV = 177> <Delay = 6.01>
ST_178 : Operation 1963 [4/5] (6.01ns)   --->   "%acc_1_31 = fadd i32 %acc_1_30, i32 %mul9_31" [src/gtsrb_cnn.cpp:87]   --->   Operation 1963 'fadd' 'acc_1_31' <Predicate = (!icmp_ln83)> <Delay = 6.01> <CoreInst = "FAddSub_fulldsp">   --->   Core 18 'FAddSub_fulldsp' <Latency = 4> <II = 1> <Delay = 6.01> <FuncUnit> <Opcode : 'fadd' 'fsub'> <InPorts = 2> <OutPorts = 1>

State 179 <SV = 178> <Delay = 6.01>
ST_179 : Operation 1964 [3/5] (6.01ns)   --->   "%acc_1_31 = fadd i32 %acc_1_30, i32 %mul9_31" [src/gtsrb_cnn.cpp:87]   --->   Operation 1964 'fadd' 'acc_1_31' <Predicate = (!icmp_ln83)> <Delay = 6.01> <CoreInst = "FAddSub_fulldsp">   --->   Core 18 'FAddSub_fulldsp' <Latency = 4> <II = 1> <Delay = 6.01> <FuncUnit> <Opcode : 'fadd' 'fsub'> <InPorts = 2> <OutPorts = 1>

State 180 <SV = 179> <Delay = 6.01>
ST_180 : Operation 1965 [2/5] (6.01ns)   --->   "%acc_1_31 = fadd i32 %acc_1_30, i32 %mul9_31" [src/gtsrb_cnn.cpp:87]   --->   Operation 1965 'fadd' 'acc_1_31' <Predicate = (!icmp_ln83)> <Delay = 6.01> <CoreInst = "FAddSub_fulldsp">   --->   Core 18 'FAddSub_fulldsp' <Latency = 4> <II = 1> <Delay = 6.01> <FuncUnit> <Opcode : 'fadd' 'fsub'> <InPorts = 2> <OutPorts = 1>

State 181 <SV = 180> <Delay = 6.01>
ST_181 : Operation 1966 [1/5] (6.01ns)   --->   "%acc_1_31 = fadd i32 %acc_1_30, i32 %mul9_31" [src/gtsrb_cnn.cpp:87]   --->   Operation 1966 'fadd' 'acc_1_31' <Predicate = (!icmp_ln83)> <Delay = 6.01> <CoreInst = "FAddSub_fulldsp">   --->   Core 18 'FAddSub_fulldsp' <Latency = 4> <II = 1> <Delay = 6.01> <FuncUnit> <Opcode : 'fadd' 'fsub'> <InPorts = 2> <OutPorts = 1>

State 182 <SV = 181> <Delay = 6.01>
ST_182 : Operation 1967 [5/5] (6.01ns)   --->   "%acc_1_32 = fadd i32 %acc_1_31, i32 %mul9_32" [src/gtsrb_cnn.cpp:87]   --->   Operation 1967 'fadd' 'acc_1_32' <Predicate = (!icmp_ln83)> <Delay = 6.01> <CoreInst = "FAddSub_fulldsp">   --->   Core 18 'FAddSub_fulldsp' <Latency = 4> <II = 1> <Delay = 6.01> <FuncUnit> <Opcode : 'fadd' 'fsub'> <InPorts = 2> <OutPorts = 1>

State 183 <SV = 182> <Delay = 6.01>
ST_183 : Operation 1968 [4/5] (6.01ns)   --->   "%acc_1_32 = fadd i32 %acc_1_31, i32 %mul9_32" [src/gtsrb_cnn.cpp:87]   --->   Operation 1968 'fadd' 'acc_1_32' <Predicate = (!icmp_ln83)> <Delay = 6.01> <CoreInst = "FAddSub_fulldsp">   --->   Core 18 'FAddSub_fulldsp' <Latency = 4> <II = 1> <Delay = 6.01> <FuncUnit> <Opcode : 'fadd' 'fsub'> <InPorts = 2> <OutPorts = 1>

State 184 <SV = 183> <Delay = 6.01>
ST_184 : Operation 1969 [3/5] (6.01ns)   --->   "%acc_1_32 = fadd i32 %acc_1_31, i32 %mul9_32" [src/gtsrb_cnn.cpp:87]   --->   Operation 1969 'fadd' 'acc_1_32' <Predicate = (!icmp_ln83)> <Delay = 6.01> <CoreInst = "FAddSub_fulldsp">   --->   Core 18 'FAddSub_fulldsp' <Latency = 4> <II = 1> <Delay = 6.01> <FuncUnit> <Opcode : 'fadd' 'fsub'> <InPorts = 2> <OutPorts = 1>

State 185 <SV = 184> <Delay = 6.01>
ST_185 : Operation 1970 [2/5] (6.01ns)   --->   "%acc_1_32 = fadd i32 %acc_1_31, i32 %mul9_32" [src/gtsrb_cnn.cpp:87]   --->   Operation 1970 'fadd' 'acc_1_32' <Predicate = (!icmp_ln83)> <Delay = 6.01> <CoreInst = "FAddSub_fulldsp">   --->   Core 18 'FAddSub_fulldsp' <Latency = 4> <II = 1> <Delay = 6.01> <FuncUnit> <Opcode : 'fadd' 'fsub'> <InPorts = 2> <OutPorts = 1>

State 186 <SV = 185> <Delay = 6.01>
ST_186 : Operation 1971 [1/5] (6.01ns)   --->   "%acc_1_32 = fadd i32 %acc_1_31, i32 %mul9_32" [src/gtsrb_cnn.cpp:87]   --->   Operation 1971 'fadd' 'acc_1_32' <Predicate = (!icmp_ln83)> <Delay = 6.01> <CoreInst = "FAddSub_fulldsp">   --->   Core 18 'FAddSub_fulldsp' <Latency = 4> <II = 1> <Delay = 6.01> <FuncUnit> <Opcode : 'fadd' 'fsub'> <InPorts = 2> <OutPorts = 1>

State 187 <SV = 186> <Delay = 6.01>
ST_187 : Operation 1972 [5/5] (6.01ns)   --->   "%acc_1_33 = fadd i32 %acc_1_32, i32 %mul9_33" [src/gtsrb_cnn.cpp:87]   --->   Operation 1972 'fadd' 'acc_1_33' <Predicate = (!icmp_ln83)> <Delay = 6.01> <CoreInst = "FAddSub_fulldsp">   --->   Core 18 'FAddSub_fulldsp' <Latency = 4> <II = 1> <Delay = 6.01> <FuncUnit> <Opcode : 'fadd' 'fsub'> <InPorts = 2> <OutPorts = 1>

State 188 <SV = 187> <Delay = 6.01>
ST_188 : Operation 1973 [4/5] (6.01ns)   --->   "%acc_1_33 = fadd i32 %acc_1_32, i32 %mul9_33" [src/gtsrb_cnn.cpp:87]   --->   Operation 1973 'fadd' 'acc_1_33' <Predicate = (!icmp_ln83)> <Delay = 6.01> <CoreInst = "FAddSub_fulldsp">   --->   Core 18 'FAddSub_fulldsp' <Latency = 4> <II = 1> <Delay = 6.01> <FuncUnit> <Opcode : 'fadd' 'fsub'> <InPorts = 2> <OutPorts = 1>

State 189 <SV = 188> <Delay = 6.01>
ST_189 : Operation 1974 [3/5] (6.01ns)   --->   "%acc_1_33 = fadd i32 %acc_1_32, i32 %mul9_33" [src/gtsrb_cnn.cpp:87]   --->   Operation 1974 'fadd' 'acc_1_33' <Predicate = (!icmp_ln83)> <Delay = 6.01> <CoreInst = "FAddSub_fulldsp">   --->   Core 18 'FAddSub_fulldsp' <Latency = 4> <II = 1> <Delay = 6.01> <FuncUnit> <Opcode : 'fadd' 'fsub'> <InPorts = 2> <OutPorts = 1>

State 190 <SV = 189> <Delay = 6.01>
ST_190 : Operation 1975 [2/5] (6.01ns)   --->   "%acc_1_33 = fadd i32 %acc_1_32, i32 %mul9_33" [src/gtsrb_cnn.cpp:87]   --->   Operation 1975 'fadd' 'acc_1_33' <Predicate = (!icmp_ln83)> <Delay = 6.01> <CoreInst = "FAddSub_fulldsp">   --->   Core 18 'FAddSub_fulldsp' <Latency = 4> <II = 1> <Delay = 6.01> <FuncUnit> <Opcode : 'fadd' 'fsub'> <InPorts = 2> <OutPorts = 1>

State 191 <SV = 190> <Delay = 6.01>
ST_191 : Operation 1976 [1/5] (6.01ns)   --->   "%acc_1_33 = fadd i32 %acc_1_32, i32 %mul9_33" [src/gtsrb_cnn.cpp:87]   --->   Operation 1976 'fadd' 'acc_1_33' <Predicate = (!icmp_ln83)> <Delay = 6.01> <CoreInst = "FAddSub_fulldsp">   --->   Core 18 'FAddSub_fulldsp' <Latency = 4> <II = 1> <Delay = 6.01> <FuncUnit> <Opcode : 'fadd' 'fsub'> <InPorts = 2> <OutPorts = 1>

State 192 <SV = 191> <Delay = 6.01>
ST_192 : Operation 1977 [5/5] (6.01ns)   --->   "%acc_1_34 = fadd i32 %acc_1_33, i32 %mul9_34" [src/gtsrb_cnn.cpp:87]   --->   Operation 1977 'fadd' 'acc_1_34' <Predicate = (!icmp_ln83)> <Delay = 6.01> <CoreInst = "FAddSub_fulldsp">   --->   Core 18 'FAddSub_fulldsp' <Latency = 4> <II = 1> <Delay = 6.01> <FuncUnit> <Opcode : 'fadd' 'fsub'> <InPorts = 2> <OutPorts = 1>

State 193 <SV = 192> <Delay = 6.01>
ST_193 : Operation 1978 [4/5] (6.01ns)   --->   "%acc_1_34 = fadd i32 %acc_1_33, i32 %mul9_34" [src/gtsrb_cnn.cpp:87]   --->   Operation 1978 'fadd' 'acc_1_34' <Predicate = (!icmp_ln83)> <Delay = 6.01> <CoreInst = "FAddSub_fulldsp">   --->   Core 18 'FAddSub_fulldsp' <Latency = 4> <II = 1> <Delay = 6.01> <FuncUnit> <Opcode : 'fadd' 'fsub'> <InPorts = 2> <OutPorts = 1>

State 194 <SV = 193> <Delay = 6.01>
ST_194 : Operation 1979 [3/5] (6.01ns)   --->   "%acc_1_34 = fadd i32 %acc_1_33, i32 %mul9_34" [src/gtsrb_cnn.cpp:87]   --->   Operation 1979 'fadd' 'acc_1_34' <Predicate = (!icmp_ln83)> <Delay = 6.01> <CoreInst = "FAddSub_fulldsp">   --->   Core 18 'FAddSub_fulldsp' <Latency = 4> <II = 1> <Delay = 6.01> <FuncUnit> <Opcode : 'fadd' 'fsub'> <InPorts = 2> <OutPorts = 1>

State 195 <SV = 194> <Delay = 6.01>
ST_195 : Operation 1980 [2/5] (6.01ns)   --->   "%acc_1_34 = fadd i32 %acc_1_33, i32 %mul9_34" [src/gtsrb_cnn.cpp:87]   --->   Operation 1980 'fadd' 'acc_1_34' <Predicate = (!icmp_ln83)> <Delay = 6.01> <CoreInst = "FAddSub_fulldsp">   --->   Core 18 'FAddSub_fulldsp' <Latency = 4> <II = 1> <Delay = 6.01> <FuncUnit> <Opcode : 'fadd' 'fsub'> <InPorts = 2> <OutPorts = 1>

State 196 <SV = 195> <Delay = 6.01>
ST_196 : Operation 1981 [1/5] (6.01ns)   --->   "%acc_1_34 = fadd i32 %acc_1_33, i32 %mul9_34" [src/gtsrb_cnn.cpp:87]   --->   Operation 1981 'fadd' 'acc_1_34' <Predicate = (!icmp_ln83)> <Delay = 6.01> <CoreInst = "FAddSub_fulldsp">   --->   Core 18 'FAddSub_fulldsp' <Latency = 4> <II = 1> <Delay = 6.01> <FuncUnit> <Opcode : 'fadd' 'fsub'> <InPorts = 2> <OutPorts = 1>

State 197 <SV = 196> <Delay = 6.01>
ST_197 : Operation 1982 [5/5] (6.01ns)   --->   "%acc_1_35 = fadd i32 %acc_1_34, i32 %mul9_35" [src/gtsrb_cnn.cpp:87]   --->   Operation 1982 'fadd' 'acc_1_35' <Predicate = (!icmp_ln83)> <Delay = 6.01> <CoreInst = "FAddSub_fulldsp">   --->   Core 18 'FAddSub_fulldsp' <Latency = 4> <II = 1> <Delay = 6.01> <FuncUnit> <Opcode : 'fadd' 'fsub'> <InPorts = 2> <OutPorts = 1>

State 198 <SV = 197> <Delay = 6.01>
ST_198 : Operation 1983 [4/5] (6.01ns)   --->   "%acc_1_35 = fadd i32 %acc_1_34, i32 %mul9_35" [src/gtsrb_cnn.cpp:87]   --->   Operation 1983 'fadd' 'acc_1_35' <Predicate = (!icmp_ln83)> <Delay = 6.01> <CoreInst = "FAddSub_fulldsp">   --->   Core 18 'FAddSub_fulldsp' <Latency = 4> <II = 1> <Delay = 6.01> <FuncUnit> <Opcode : 'fadd' 'fsub'> <InPorts = 2> <OutPorts = 1>

State 199 <SV = 198> <Delay = 6.01>
ST_199 : Operation 1984 [3/5] (6.01ns)   --->   "%acc_1_35 = fadd i32 %acc_1_34, i32 %mul9_35" [src/gtsrb_cnn.cpp:87]   --->   Operation 1984 'fadd' 'acc_1_35' <Predicate = (!icmp_ln83)> <Delay = 6.01> <CoreInst = "FAddSub_fulldsp">   --->   Core 18 'FAddSub_fulldsp' <Latency = 4> <II = 1> <Delay = 6.01> <FuncUnit> <Opcode : 'fadd' 'fsub'> <InPorts = 2> <OutPorts = 1>

State 200 <SV = 199> <Delay = 6.01>
ST_200 : Operation 1985 [2/5] (6.01ns)   --->   "%acc_1_35 = fadd i32 %acc_1_34, i32 %mul9_35" [src/gtsrb_cnn.cpp:87]   --->   Operation 1985 'fadd' 'acc_1_35' <Predicate = (!icmp_ln83)> <Delay = 6.01> <CoreInst = "FAddSub_fulldsp">   --->   Core 18 'FAddSub_fulldsp' <Latency = 4> <II = 1> <Delay = 6.01> <FuncUnit> <Opcode : 'fadd' 'fsub'> <InPorts = 2> <OutPorts = 1>

State 201 <SV = 200> <Delay = 6.01>
ST_201 : Operation 1986 [1/5] (6.01ns)   --->   "%acc_1_35 = fadd i32 %acc_1_34, i32 %mul9_35" [src/gtsrb_cnn.cpp:87]   --->   Operation 1986 'fadd' 'acc_1_35' <Predicate = (!icmp_ln83)> <Delay = 6.01> <CoreInst = "FAddSub_fulldsp">   --->   Core 18 'FAddSub_fulldsp' <Latency = 4> <II = 1> <Delay = 6.01> <FuncUnit> <Opcode : 'fadd' 'fsub'> <InPorts = 2> <OutPorts = 1>

State 202 <SV = 201> <Delay = 6.01>
ST_202 : Operation 1987 [5/5] (6.01ns)   --->   "%acc_1_36 = fadd i32 %acc_1_35, i32 %mul9_36" [src/gtsrb_cnn.cpp:87]   --->   Operation 1987 'fadd' 'acc_1_36' <Predicate = (!icmp_ln83)> <Delay = 6.01> <CoreInst = "FAddSub_fulldsp">   --->   Core 18 'FAddSub_fulldsp' <Latency = 4> <II = 1> <Delay = 6.01> <FuncUnit> <Opcode : 'fadd' 'fsub'> <InPorts = 2> <OutPorts = 1>

State 203 <SV = 202> <Delay = 6.01>
ST_203 : Operation 1988 [4/5] (6.01ns)   --->   "%acc_1_36 = fadd i32 %acc_1_35, i32 %mul9_36" [src/gtsrb_cnn.cpp:87]   --->   Operation 1988 'fadd' 'acc_1_36' <Predicate = (!icmp_ln83)> <Delay = 6.01> <CoreInst = "FAddSub_fulldsp">   --->   Core 18 'FAddSub_fulldsp' <Latency = 4> <II = 1> <Delay = 6.01> <FuncUnit> <Opcode : 'fadd' 'fsub'> <InPorts = 2> <OutPorts = 1>

State 204 <SV = 203> <Delay = 6.01>
ST_204 : Operation 1989 [3/5] (6.01ns)   --->   "%acc_1_36 = fadd i32 %acc_1_35, i32 %mul9_36" [src/gtsrb_cnn.cpp:87]   --->   Operation 1989 'fadd' 'acc_1_36' <Predicate = (!icmp_ln83)> <Delay = 6.01> <CoreInst = "FAddSub_fulldsp">   --->   Core 18 'FAddSub_fulldsp' <Latency = 4> <II = 1> <Delay = 6.01> <FuncUnit> <Opcode : 'fadd' 'fsub'> <InPorts = 2> <OutPorts = 1>

State 205 <SV = 204> <Delay = 6.01>
ST_205 : Operation 1990 [2/5] (6.01ns)   --->   "%acc_1_36 = fadd i32 %acc_1_35, i32 %mul9_36" [src/gtsrb_cnn.cpp:87]   --->   Operation 1990 'fadd' 'acc_1_36' <Predicate = (!icmp_ln83)> <Delay = 6.01> <CoreInst = "FAddSub_fulldsp">   --->   Core 18 'FAddSub_fulldsp' <Latency = 4> <II = 1> <Delay = 6.01> <FuncUnit> <Opcode : 'fadd' 'fsub'> <InPorts = 2> <OutPorts = 1>

State 206 <SV = 205> <Delay = 6.01>
ST_206 : Operation 1991 [1/5] (6.01ns)   --->   "%acc_1_36 = fadd i32 %acc_1_35, i32 %mul9_36" [src/gtsrb_cnn.cpp:87]   --->   Operation 1991 'fadd' 'acc_1_36' <Predicate = (!icmp_ln83)> <Delay = 6.01> <CoreInst = "FAddSub_fulldsp">   --->   Core 18 'FAddSub_fulldsp' <Latency = 4> <II = 1> <Delay = 6.01> <FuncUnit> <Opcode : 'fadd' 'fsub'> <InPorts = 2> <OutPorts = 1>

State 207 <SV = 206> <Delay = 6.01>
ST_207 : Operation 1992 [5/5] (6.01ns)   --->   "%acc_1_37 = fadd i32 %acc_1_36, i32 %mul9_37" [src/gtsrb_cnn.cpp:87]   --->   Operation 1992 'fadd' 'acc_1_37' <Predicate = (!icmp_ln83)> <Delay = 6.01> <CoreInst = "FAddSub_fulldsp">   --->   Core 18 'FAddSub_fulldsp' <Latency = 4> <II = 1> <Delay = 6.01> <FuncUnit> <Opcode : 'fadd' 'fsub'> <InPorts = 2> <OutPorts = 1>

State 208 <SV = 207> <Delay = 6.01>
ST_208 : Operation 1993 [4/5] (6.01ns)   --->   "%acc_1_37 = fadd i32 %acc_1_36, i32 %mul9_37" [src/gtsrb_cnn.cpp:87]   --->   Operation 1993 'fadd' 'acc_1_37' <Predicate = (!icmp_ln83)> <Delay = 6.01> <CoreInst = "FAddSub_fulldsp">   --->   Core 18 'FAddSub_fulldsp' <Latency = 4> <II = 1> <Delay = 6.01> <FuncUnit> <Opcode : 'fadd' 'fsub'> <InPorts = 2> <OutPorts = 1>

State 209 <SV = 208> <Delay = 6.01>
ST_209 : Operation 1994 [3/5] (6.01ns)   --->   "%acc_1_37 = fadd i32 %acc_1_36, i32 %mul9_37" [src/gtsrb_cnn.cpp:87]   --->   Operation 1994 'fadd' 'acc_1_37' <Predicate = (!icmp_ln83)> <Delay = 6.01> <CoreInst = "FAddSub_fulldsp">   --->   Core 18 'FAddSub_fulldsp' <Latency = 4> <II = 1> <Delay = 6.01> <FuncUnit> <Opcode : 'fadd' 'fsub'> <InPorts = 2> <OutPorts = 1>

State 210 <SV = 209> <Delay = 6.01>
ST_210 : Operation 1995 [2/5] (6.01ns)   --->   "%acc_1_37 = fadd i32 %acc_1_36, i32 %mul9_37" [src/gtsrb_cnn.cpp:87]   --->   Operation 1995 'fadd' 'acc_1_37' <Predicate = (!icmp_ln83)> <Delay = 6.01> <CoreInst = "FAddSub_fulldsp">   --->   Core 18 'FAddSub_fulldsp' <Latency = 4> <II = 1> <Delay = 6.01> <FuncUnit> <Opcode : 'fadd' 'fsub'> <InPorts = 2> <OutPorts = 1>

State 211 <SV = 210> <Delay = 6.01>
ST_211 : Operation 1996 [1/5] (6.01ns)   --->   "%acc_1_37 = fadd i32 %acc_1_36, i32 %mul9_37" [src/gtsrb_cnn.cpp:87]   --->   Operation 1996 'fadd' 'acc_1_37' <Predicate = (!icmp_ln83)> <Delay = 6.01> <CoreInst = "FAddSub_fulldsp">   --->   Core 18 'FAddSub_fulldsp' <Latency = 4> <II = 1> <Delay = 6.01> <FuncUnit> <Opcode : 'fadd' 'fsub'> <InPorts = 2> <OutPorts = 1>

State 212 <SV = 211> <Delay = 0.00>

State 213 <SV = 212> <Delay = 6.01>
ST_213 : Operation 1997 [5/5] (6.01ns)   --->   "%acc_1_38 = fadd i32 %acc_1_37, i32 %mul9_38" [src/gtsrb_cnn.cpp:87]   --->   Operation 1997 'fadd' 'acc_1_38' <Predicate = (!icmp_ln83)> <Delay = 6.01> <CoreInst = "FAddSub_fulldsp">   --->   Core 18 'FAddSub_fulldsp' <Latency = 4> <II = 1> <Delay = 6.01> <FuncUnit> <Opcode : 'fadd' 'fsub'> <InPorts = 2> <OutPorts = 1>

State 214 <SV = 213> <Delay = 6.01>
ST_214 : Operation 1998 [4/5] (6.01ns)   --->   "%acc_1_38 = fadd i32 %acc_1_37, i32 %mul9_38" [src/gtsrb_cnn.cpp:87]   --->   Operation 1998 'fadd' 'acc_1_38' <Predicate = (!icmp_ln83)> <Delay = 6.01> <CoreInst = "FAddSub_fulldsp">   --->   Core 18 'FAddSub_fulldsp' <Latency = 4> <II = 1> <Delay = 6.01> <FuncUnit> <Opcode : 'fadd' 'fsub'> <InPorts = 2> <OutPorts = 1>

State 215 <SV = 214> <Delay = 6.01>
ST_215 : Operation 1999 [3/5] (6.01ns)   --->   "%acc_1_38 = fadd i32 %acc_1_37, i32 %mul9_38" [src/gtsrb_cnn.cpp:87]   --->   Operation 1999 'fadd' 'acc_1_38' <Predicate = (!icmp_ln83)> <Delay = 6.01> <CoreInst = "FAddSub_fulldsp">   --->   Core 18 'FAddSub_fulldsp' <Latency = 4> <II = 1> <Delay = 6.01> <FuncUnit> <Opcode : 'fadd' 'fsub'> <InPorts = 2> <OutPorts = 1>

State 216 <SV = 215> <Delay = 6.01>
ST_216 : Operation 2000 [2/5] (6.01ns)   --->   "%acc_1_38 = fadd i32 %acc_1_37, i32 %mul9_38" [src/gtsrb_cnn.cpp:87]   --->   Operation 2000 'fadd' 'acc_1_38' <Predicate = (!icmp_ln83)> <Delay = 6.01> <CoreInst = "FAddSub_fulldsp">   --->   Core 18 'FAddSub_fulldsp' <Latency = 4> <II = 1> <Delay = 6.01> <FuncUnit> <Opcode : 'fadd' 'fsub'> <InPorts = 2> <OutPorts = 1>

State 217 <SV = 216> <Delay = 6.01>
ST_217 : Operation 2001 [1/5] (6.01ns)   --->   "%acc_1_38 = fadd i32 %acc_1_37, i32 %mul9_38" [src/gtsrb_cnn.cpp:87]   --->   Operation 2001 'fadd' 'acc_1_38' <Predicate = (!icmp_ln83)> <Delay = 6.01> <CoreInst = "FAddSub_fulldsp">   --->   Core 18 'FAddSub_fulldsp' <Latency = 4> <II = 1> <Delay = 6.01> <FuncUnit> <Opcode : 'fadd' 'fsub'> <InPorts = 2> <OutPorts = 1>

State 218 <SV = 217> <Delay = 6.01>
ST_218 : Operation 2002 [5/5] (6.01ns)   --->   "%acc_1_39 = fadd i32 %acc_1_38, i32 %mul9_39" [src/gtsrb_cnn.cpp:87]   --->   Operation 2002 'fadd' 'acc_1_39' <Predicate = (!icmp_ln83)> <Delay = 6.01> <CoreInst = "FAddSub_fulldsp">   --->   Core 18 'FAddSub_fulldsp' <Latency = 4> <II = 1> <Delay = 6.01> <FuncUnit> <Opcode : 'fadd' 'fsub'> <InPorts = 2> <OutPorts = 1>

State 219 <SV = 218> <Delay = 6.01>
ST_219 : Operation 2003 [4/5] (6.01ns)   --->   "%acc_1_39 = fadd i32 %acc_1_38, i32 %mul9_39" [src/gtsrb_cnn.cpp:87]   --->   Operation 2003 'fadd' 'acc_1_39' <Predicate = (!icmp_ln83)> <Delay = 6.01> <CoreInst = "FAddSub_fulldsp">   --->   Core 18 'FAddSub_fulldsp' <Latency = 4> <II = 1> <Delay = 6.01> <FuncUnit> <Opcode : 'fadd' 'fsub'> <InPorts = 2> <OutPorts = 1>

State 220 <SV = 219> <Delay = 6.01>
ST_220 : Operation 2004 [3/5] (6.01ns)   --->   "%acc_1_39 = fadd i32 %acc_1_38, i32 %mul9_39" [src/gtsrb_cnn.cpp:87]   --->   Operation 2004 'fadd' 'acc_1_39' <Predicate = (!icmp_ln83)> <Delay = 6.01> <CoreInst = "FAddSub_fulldsp">   --->   Core 18 'FAddSub_fulldsp' <Latency = 4> <II = 1> <Delay = 6.01> <FuncUnit> <Opcode : 'fadd' 'fsub'> <InPorts = 2> <OutPorts = 1>

State 221 <SV = 220> <Delay = 6.01>
ST_221 : Operation 2005 [2/5] (6.01ns)   --->   "%acc_1_39 = fadd i32 %acc_1_38, i32 %mul9_39" [src/gtsrb_cnn.cpp:87]   --->   Operation 2005 'fadd' 'acc_1_39' <Predicate = (!icmp_ln83)> <Delay = 6.01> <CoreInst = "FAddSub_fulldsp">   --->   Core 18 'FAddSub_fulldsp' <Latency = 4> <II = 1> <Delay = 6.01> <FuncUnit> <Opcode : 'fadd' 'fsub'> <InPorts = 2> <OutPorts = 1>

State 222 <SV = 221> <Delay = 6.01>
ST_222 : Operation 2006 [1/5] (6.01ns)   --->   "%acc_1_39 = fadd i32 %acc_1_38, i32 %mul9_39" [src/gtsrb_cnn.cpp:87]   --->   Operation 2006 'fadd' 'acc_1_39' <Predicate = (!icmp_ln83)> <Delay = 6.01> <CoreInst = "FAddSub_fulldsp">   --->   Core 18 'FAddSub_fulldsp' <Latency = 4> <II = 1> <Delay = 6.01> <FuncUnit> <Opcode : 'fadd' 'fsub'> <InPorts = 2> <OutPorts = 1>

State 223 <SV = 222> <Delay = 6.01>
ST_223 : Operation 2007 [5/5] (6.01ns)   --->   "%acc_1_40 = fadd i32 %acc_1_39, i32 %mul9_40" [src/gtsrb_cnn.cpp:87]   --->   Operation 2007 'fadd' 'acc_1_40' <Predicate = (!icmp_ln83)> <Delay = 6.01> <CoreInst = "FAddSub_fulldsp">   --->   Core 18 'FAddSub_fulldsp' <Latency = 4> <II = 1> <Delay = 6.01> <FuncUnit> <Opcode : 'fadd' 'fsub'> <InPorts = 2> <OutPorts = 1>

State 224 <SV = 223> <Delay = 6.01>
ST_224 : Operation 2008 [4/5] (6.01ns)   --->   "%acc_1_40 = fadd i32 %acc_1_39, i32 %mul9_40" [src/gtsrb_cnn.cpp:87]   --->   Operation 2008 'fadd' 'acc_1_40' <Predicate = (!icmp_ln83)> <Delay = 6.01> <CoreInst = "FAddSub_fulldsp">   --->   Core 18 'FAddSub_fulldsp' <Latency = 4> <II = 1> <Delay = 6.01> <FuncUnit> <Opcode : 'fadd' 'fsub'> <InPorts = 2> <OutPorts = 1>

State 225 <SV = 224> <Delay = 6.01>
ST_225 : Operation 2009 [3/5] (6.01ns)   --->   "%acc_1_40 = fadd i32 %acc_1_39, i32 %mul9_40" [src/gtsrb_cnn.cpp:87]   --->   Operation 2009 'fadd' 'acc_1_40' <Predicate = (!icmp_ln83)> <Delay = 6.01> <CoreInst = "FAddSub_fulldsp">   --->   Core 18 'FAddSub_fulldsp' <Latency = 4> <II = 1> <Delay = 6.01> <FuncUnit> <Opcode : 'fadd' 'fsub'> <InPorts = 2> <OutPorts = 1>

State 226 <SV = 225> <Delay = 6.01>
ST_226 : Operation 2010 [2/5] (6.01ns)   --->   "%acc_1_40 = fadd i32 %acc_1_39, i32 %mul9_40" [src/gtsrb_cnn.cpp:87]   --->   Operation 2010 'fadd' 'acc_1_40' <Predicate = (!icmp_ln83)> <Delay = 6.01> <CoreInst = "FAddSub_fulldsp">   --->   Core 18 'FAddSub_fulldsp' <Latency = 4> <II = 1> <Delay = 6.01> <FuncUnit> <Opcode : 'fadd' 'fsub'> <InPorts = 2> <OutPorts = 1>

State 227 <SV = 226> <Delay = 6.01>
ST_227 : Operation 2011 [1/5] (6.01ns)   --->   "%acc_1_40 = fadd i32 %acc_1_39, i32 %mul9_40" [src/gtsrb_cnn.cpp:87]   --->   Operation 2011 'fadd' 'acc_1_40' <Predicate = (!icmp_ln83)> <Delay = 6.01> <CoreInst = "FAddSub_fulldsp">   --->   Core 18 'FAddSub_fulldsp' <Latency = 4> <II = 1> <Delay = 6.01> <FuncUnit> <Opcode : 'fadd' 'fsub'> <InPorts = 2> <OutPorts = 1>

State 228 <SV = 227> <Delay = 6.01>
ST_228 : Operation 2012 [5/5] (6.01ns)   --->   "%acc_1_41 = fadd i32 %acc_1_40, i32 %mul9_41" [src/gtsrb_cnn.cpp:87]   --->   Operation 2012 'fadd' 'acc_1_41' <Predicate = (!icmp_ln83)> <Delay = 6.01> <CoreInst = "FAddSub_fulldsp">   --->   Core 18 'FAddSub_fulldsp' <Latency = 4> <II = 1> <Delay = 6.01> <FuncUnit> <Opcode : 'fadd' 'fsub'> <InPorts = 2> <OutPorts = 1>

State 229 <SV = 228> <Delay = 6.01>
ST_229 : Operation 2013 [4/5] (6.01ns)   --->   "%acc_1_41 = fadd i32 %acc_1_40, i32 %mul9_41" [src/gtsrb_cnn.cpp:87]   --->   Operation 2013 'fadd' 'acc_1_41' <Predicate = (!icmp_ln83)> <Delay = 6.01> <CoreInst = "FAddSub_fulldsp">   --->   Core 18 'FAddSub_fulldsp' <Latency = 4> <II = 1> <Delay = 6.01> <FuncUnit> <Opcode : 'fadd' 'fsub'> <InPorts = 2> <OutPorts = 1>

State 230 <SV = 229> <Delay = 6.01>
ST_230 : Operation 2014 [3/5] (6.01ns)   --->   "%acc_1_41 = fadd i32 %acc_1_40, i32 %mul9_41" [src/gtsrb_cnn.cpp:87]   --->   Operation 2014 'fadd' 'acc_1_41' <Predicate = (!icmp_ln83)> <Delay = 6.01> <CoreInst = "FAddSub_fulldsp">   --->   Core 18 'FAddSub_fulldsp' <Latency = 4> <II = 1> <Delay = 6.01> <FuncUnit> <Opcode : 'fadd' 'fsub'> <InPorts = 2> <OutPorts = 1>

State 231 <SV = 230> <Delay = 6.01>
ST_231 : Operation 2015 [2/5] (6.01ns)   --->   "%acc_1_41 = fadd i32 %acc_1_40, i32 %mul9_41" [src/gtsrb_cnn.cpp:87]   --->   Operation 2015 'fadd' 'acc_1_41' <Predicate = (!icmp_ln83)> <Delay = 6.01> <CoreInst = "FAddSub_fulldsp">   --->   Core 18 'FAddSub_fulldsp' <Latency = 4> <II = 1> <Delay = 6.01> <FuncUnit> <Opcode : 'fadd' 'fsub'> <InPorts = 2> <OutPorts = 1>

State 232 <SV = 231> <Delay = 6.01>
ST_232 : Operation 2016 [1/5] (6.01ns)   --->   "%acc_1_41 = fadd i32 %acc_1_40, i32 %mul9_41" [src/gtsrb_cnn.cpp:87]   --->   Operation 2016 'fadd' 'acc_1_41' <Predicate = (!icmp_ln83)> <Delay = 6.01> <CoreInst = "FAddSub_fulldsp">   --->   Core 18 'FAddSub_fulldsp' <Latency = 4> <II = 1> <Delay = 6.01> <FuncUnit> <Opcode : 'fadd' 'fsub'> <InPorts = 2> <OutPorts = 1>

State 233 <SV = 232> <Delay = 6.01>
ST_233 : Operation 2017 [5/5] (6.01ns)   --->   "%acc_1_42 = fadd i32 %acc_1_41, i32 %mul9_42" [src/gtsrb_cnn.cpp:87]   --->   Operation 2017 'fadd' 'acc_1_42' <Predicate = (!icmp_ln83)> <Delay = 6.01> <CoreInst = "FAddSub_fulldsp">   --->   Core 18 'FAddSub_fulldsp' <Latency = 4> <II = 1> <Delay = 6.01> <FuncUnit> <Opcode : 'fadd' 'fsub'> <InPorts = 2> <OutPorts = 1>

State 234 <SV = 233> <Delay = 6.01>
ST_234 : Operation 2018 [4/5] (6.01ns)   --->   "%acc_1_42 = fadd i32 %acc_1_41, i32 %mul9_42" [src/gtsrb_cnn.cpp:87]   --->   Operation 2018 'fadd' 'acc_1_42' <Predicate = (!icmp_ln83)> <Delay = 6.01> <CoreInst = "FAddSub_fulldsp">   --->   Core 18 'FAddSub_fulldsp' <Latency = 4> <II = 1> <Delay = 6.01> <FuncUnit> <Opcode : 'fadd' 'fsub'> <InPorts = 2> <OutPorts = 1>

State 235 <SV = 234> <Delay = 6.01>
ST_235 : Operation 2019 [3/5] (6.01ns)   --->   "%acc_1_42 = fadd i32 %acc_1_41, i32 %mul9_42" [src/gtsrb_cnn.cpp:87]   --->   Operation 2019 'fadd' 'acc_1_42' <Predicate = (!icmp_ln83)> <Delay = 6.01> <CoreInst = "FAddSub_fulldsp">   --->   Core 18 'FAddSub_fulldsp' <Latency = 4> <II = 1> <Delay = 6.01> <FuncUnit> <Opcode : 'fadd' 'fsub'> <InPorts = 2> <OutPorts = 1>

State 236 <SV = 235> <Delay = 6.01>
ST_236 : Operation 2020 [2/5] (6.01ns)   --->   "%acc_1_42 = fadd i32 %acc_1_41, i32 %mul9_42" [src/gtsrb_cnn.cpp:87]   --->   Operation 2020 'fadd' 'acc_1_42' <Predicate = (!icmp_ln83)> <Delay = 6.01> <CoreInst = "FAddSub_fulldsp">   --->   Core 18 'FAddSub_fulldsp' <Latency = 4> <II = 1> <Delay = 6.01> <FuncUnit> <Opcode : 'fadd' 'fsub'> <InPorts = 2> <OutPorts = 1>

State 237 <SV = 236> <Delay = 6.01>
ST_237 : Operation 2021 [1/5] (6.01ns)   --->   "%acc_1_42 = fadd i32 %acc_1_41, i32 %mul9_42" [src/gtsrb_cnn.cpp:87]   --->   Operation 2021 'fadd' 'acc_1_42' <Predicate = (!icmp_ln83)> <Delay = 6.01> <CoreInst = "FAddSub_fulldsp">   --->   Core 18 'FAddSub_fulldsp' <Latency = 4> <II = 1> <Delay = 6.01> <FuncUnit> <Opcode : 'fadd' 'fsub'> <InPorts = 2> <OutPorts = 1>

State 238 <SV = 237> <Delay = 6.01>
ST_238 : Operation 2022 [5/5] (6.01ns)   --->   "%acc_1_43 = fadd i32 %acc_1_42, i32 %mul9_43" [src/gtsrb_cnn.cpp:87]   --->   Operation 2022 'fadd' 'acc_1_43' <Predicate = (!icmp_ln83)> <Delay = 6.01> <CoreInst = "FAddSub_fulldsp">   --->   Core 18 'FAddSub_fulldsp' <Latency = 4> <II = 1> <Delay = 6.01> <FuncUnit> <Opcode : 'fadd' 'fsub'> <InPorts = 2> <OutPorts = 1>

State 239 <SV = 238> <Delay = 6.01>
ST_239 : Operation 2023 [4/5] (6.01ns)   --->   "%acc_1_43 = fadd i32 %acc_1_42, i32 %mul9_43" [src/gtsrb_cnn.cpp:87]   --->   Operation 2023 'fadd' 'acc_1_43' <Predicate = (!icmp_ln83)> <Delay = 6.01> <CoreInst = "FAddSub_fulldsp">   --->   Core 18 'FAddSub_fulldsp' <Latency = 4> <II = 1> <Delay = 6.01> <FuncUnit> <Opcode : 'fadd' 'fsub'> <InPorts = 2> <OutPorts = 1>

State 240 <SV = 239> <Delay = 6.01>
ST_240 : Operation 2024 [3/5] (6.01ns)   --->   "%acc_1_43 = fadd i32 %acc_1_42, i32 %mul9_43" [src/gtsrb_cnn.cpp:87]   --->   Operation 2024 'fadd' 'acc_1_43' <Predicate = (!icmp_ln83)> <Delay = 6.01> <CoreInst = "FAddSub_fulldsp">   --->   Core 18 'FAddSub_fulldsp' <Latency = 4> <II = 1> <Delay = 6.01> <FuncUnit> <Opcode : 'fadd' 'fsub'> <InPorts = 2> <OutPorts = 1>

State 241 <SV = 240> <Delay = 6.01>
ST_241 : Operation 2025 [2/5] (6.01ns)   --->   "%acc_1_43 = fadd i32 %acc_1_42, i32 %mul9_43" [src/gtsrb_cnn.cpp:87]   --->   Operation 2025 'fadd' 'acc_1_43' <Predicate = (!icmp_ln83)> <Delay = 6.01> <CoreInst = "FAddSub_fulldsp">   --->   Core 18 'FAddSub_fulldsp' <Latency = 4> <II = 1> <Delay = 6.01> <FuncUnit> <Opcode : 'fadd' 'fsub'> <InPorts = 2> <OutPorts = 1>

State 242 <SV = 241> <Delay = 6.01>
ST_242 : Operation 2026 [1/5] (6.01ns)   --->   "%acc_1_43 = fadd i32 %acc_1_42, i32 %mul9_43" [src/gtsrb_cnn.cpp:87]   --->   Operation 2026 'fadd' 'acc_1_43' <Predicate = (!icmp_ln83)> <Delay = 6.01> <CoreInst = "FAddSub_fulldsp">   --->   Core 18 'FAddSub_fulldsp' <Latency = 4> <II = 1> <Delay = 6.01> <FuncUnit> <Opcode : 'fadd' 'fsub'> <InPorts = 2> <OutPorts = 1>

State 243 <SV = 242> <Delay = 6.01>
ST_243 : Operation 2027 [5/5] (6.01ns)   --->   "%acc_1_44 = fadd i32 %acc_1_43, i32 %mul9_44" [src/gtsrb_cnn.cpp:87]   --->   Operation 2027 'fadd' 'acc_1_44' <Predicate = (!icmp_ln83)> <Delay = 6.01> <CoreInst = "FAddSub_fulldsp">   --->   Core 18 'FAddSub_fulldsp' <Latency = 4> <II = 1> <Delay = 6.01> <FuncUnit> <Opcode : 'fadd' 'fsub'> <InPorts = 2> <OutPorts = 1>

State 244 <SV = 243> <Delay = 6.01>
ST_244 : Operation 2028 [4/5] (6.01ns)   --->   "%acc_1_44 = fadd i32 %acc_1_43, i32 %mul9_44" [src/gtsrb_cnn.cpp:87]   --->   Operation 2028 'fadd' 'acc_1_44' <Predicate = (!icmp_ln83)> <Delay = 6.01> <CoreInst = "FAddSub_fulldsp">   --->   Core 18 'FAddSub_fulldsp' <Latency = 4> <II = 1> <Delay = 6.01> <FuncUnit> <Opcode : 'fadd' 'fsub'> <InPorts = 2> <OutPorts = 1>

State 245 <SV = 244> <Delay = 6.01>
ST_245 : Operation 2029 [3/5] (6.01ns)   --->   "%acc_1_44 = fadd i32 %acc_1_43, i32 %mul9_44" [src/gtsrb_cnn.cpp:87]   --->   Operation 2029 'fadd' 'acc_1_44' <Predicate = (!icmp_ln83)> <Delay = 6.01> <CoreInst = "FAddSub_fulldsp">   --->   Core 18 'FAddSub_fulldsp' <Latency = 4> <II = 1> <Delay = 6.01> <FuncUnit> <Opcode : 'fadd' 'fsub'> <InPorts = 2> <OutPorts = 1>

State 246 <SV = 245> <Delay = 6.01>
ST_246 : Operation 2030 [2/5] (6.01ns)   --->   "%acc_1_44 = fadd i32 %acc_1_43, i32 %mul9_44" [src/gtsrb_cnn.cpp:87]   --->   Operation 2030 'fadd' 'acc_1_44' <Predicate = (!icmp_ln83)> <Delay = 6.01> <CoreInst = "FAddSub_fulldsp">   --->   Core 18 'FAddSub_fulldsp' <Latency = 4> <II = 1> <Delay = 6.01> <FuncUnit> <Opcode : 'fadd' 'fsub'> <InPorts = 2> <OutPorts = 1>

State 247 <SV = 246> <Delay = 6.01>
ST_247 : Operation 2031 [1/5] (6.01ns)   --->   "%acc_1_44 = fadd i32 %acc_1_43, i32 %mul9_44" [src/gtsrb_cnn.cpp:87]   --->   Operation 2031 'fadd' 'acc_1_44' <Predicate = (!icmp_ln83)> <Delay = 6.01> <CoreInst = "FAddSub_fulldsp">   --->   Core 18 'FAddSub_fulldsp' <Latency = 4> <II = 1> <Delay = 6.01> <FuncUnit> <Opcode : 'fadd' 'fsub'> <InPorts = 2> <OutPorts = 1>

State 248 <SV = 247> <Delay = 6.01>
ST_248 : Operation 2032 [5/5] (6.01ns)   --->   "%acc_1_45 = fadd i32 %acc_1_44, i32 %mul9_45" [src/gtsrb_cnn.cpp:87]   --->   Operation 2032 'fadd' 'acc_1_45' <Predicate = (!icmp_ln83)> <Delay = 6.01> <CoreInst = "FAddSub_fulldsp">   --->   Core 18 'FAddSub_fulldsp' <Latency = 4> <II = 1> <Delay = 6.01> <FuncUnit> <Opcode : 'fadd' 'fsub'> <InPorts = 2> <OutPorts = 1>

State 249 <SV = 248> <Delay = 6.01>
ST_249 : Operation 2033 [4/5] (6.01ns)   --->   "%acc_1_45 = fadd i32 %acc_1_44, i32 %mul9_45" [src/gtsrb_cnn.cpp:87]   --->   Operation 2033 'fadd' 'acc_1_45' <Predicate = (!icmp_ln83)> <Delay = 6.01> <CoreInst = "FAddSub_fulldsp">   --->   Core 18 'FAddSub_fulldsp' <Latency = 4> <II = 1> <Delay = 6.01> <FuncUnit> <Opcode : 'fadd' 'fsub'> <InPorts = 2> <OutPorts = 1>

State 250 <SV = 249> <Delay = 6.01>
ST_250 : Operation 2034 [3/5] (6.01ns)   --->   "%acc_1_45 = fadd i32 %acc_1_44, i32 %mul9_45" [src/gtsrb_cnn.cpp:87]   --->   Operation 2034 'fadd' 'acc_1_45' <Predicate = (!icmp_ln83)> <Delay = 6.01> <CoreInst = "FAddSub_fulldsp">   --->   Core 18 'FAddSub_fulldsp' <Latency = 4> <II = 1> <Delay = 6.01> <FuncUnit> <Opcode : 'fadd' 'fsub'> <InPorts = 2> <OutPorts = 1>

State 251 <SV = 250> <Delay = 6.01>
ST_251 : Operation 2035 [2/5] (6.01ns)   --->   "%acc_1_45 = fadd i32 %acc_1_44, i32 %mul9_45" [src/gtsrb_cnn.cpp:87]   --->   Operation 2035 'fadd' 'acc_1_45' <Predicate = (!icmp_ln83)> <Delay = 6.01> <CoreInst = "FAddSub_fulldsp">   --->   Core 18 'FAddSub_fulldsp' <Latency = 4> <II = 1> <Delay = 6.01> <FuncUnit> <Opcode : 'fadd' 'fsub'> <InPorts = 2> <OutPorts = 1>

State 252 <SV = 251> <Delay = 6.01>
ST_252 : Operation 2036 [1/5] (6.01ns)   --->   "%acc_1_45 = fadd i32 %acc_1_44, i32 %mul9_45" [src/gtsrb_cnn.cpp:87]   --->   Operation 2036 'fadd' 'acc_1_45' <Predicate = (!icmp_ln83)> <Delay = 6.01> <CoreInst = "FAddSub_fulldsp">   --->   Core 18 'FAddSub_fulldsp' <Latency = 4> <II = 1> <Delay = 6.01> <FuncUnit> <Opcode : 'fadd' 'fsub'> <InPorts = 2> <OutPorts = 1>

State 253 <SV = 252> <Delay = 6.01>
ST_253 : Operation 2037 [5/5] (6.01ns)   --->   "%acc_1_46 = fadd i32 %acc_1_45, i32 %mul9_46" [src/gtsrb_cnn.cpp:87]   --->   Operation 2037 'fadd' 'acc_1_46' <Predicate = (!icmp_ln83)> <Delay = 6.01> <CoreInst = "FAddSub_fulldsp">   --->   Core 18 'FAddSub_fulldsp' <Latency = 4> <II = 1> <Delay = 6.01> <FuncUnit> <Opcode : 'fadd' 'fsub'> <InPorts = 2> <OutPorts = 1>

State 254 <SV = 253> <Delay = 6.01>
ST_254 : Operation 2038 [4/5] (6.01ns)   --->   "%acc_1_46 = fadd i32 %acc_1_45, i32 %mul9_46" [src/gtsrb_cnn.cpp:87]   --->   Operation 2038 'fadd' 'acc_1_46' <Predicate = (!icmp_ln83)> <Delay = 6.01> <CoreInst = "FAddSub_fulldsp">   --->   Core 18 'FAddSub_fulldsp' <Latency = 4> <II = 1> <Delay = 6.01> <FuncUnit> <Opcode : 'fadd' 'fsub'> <InPorts = 2> <OutPorts = 1>

State 255 <SV = 254> <Delay = 6.01>
ST_255 : Operation 2039 [3/5] (6.01ns)   --->   "%acc_1_46 = fadd i32 %acc_1_45, i32 %mul9_46" [src/gtsrb_cnn.cpp:87]   --->   Operation 2039 'fadd' 'acc_1_46' <Predicate = (!icmp_ln83)> <Delay = 6.01> <CoreInst = "FAddSub_fulldsp">   --->   Core 18 'FAddSub_fulldsp' <Latency = 4> <II = 1> <Delay = 6.01> <FuncUnit> <Opcode : 'fadd' 'fsub'> <InPorts = 2> <OutPorts = 1>

State 256 <SV = 255> <Delay = 6.01>
ST_256 : Operation 2040 [2/5] (6.01ns)   --->   "%acc_1_46 = fadd i32 %acc_1_45, i32 %mul9_46" [src/gtsrb_cnn.cpp:87]   --->   Operation 2040 'fadd' 'acc_1_46' <Predicate = (!icmp_ln83)> <Delay = 6.01> <CoreInst = "FAddSub_fulldsp">   --->   Core 18 'FAddSub_fulldsp' <Latency = 4> <II = 1> <Delay = 6.01> <FuncUnit> <Opcode : 'fadd' 'fsub'> <InPorts = 2> <OutPorts = 1>

State 257 <SV = 256> <Delay = 6.01>
ST_257 : Operation 2041 [1/5] (6.01ns)   --->   "%acc_1_46 = fadd i32 %acc_1_45, i32 %mul9_46" [src/gtsrb_cnn.cpp:87]   --->   Operation 2041 'fadd' 'acc_1_46' <Predicate = (!icmp_ln83)> <Delay = 6.01> <CoreInst = "FAddSub_fulldsp">   --->   Core 18 'FAddSub_fulldsp' <Latency = 4> <II = 1> <Delay = 6.01> <FuncUnit> <Opcode : 'fadd' 'fsub'> <InPorts = 2> <OutPorts = 1>

State 258 <SV = 257> <Delay = 6.01>
ST_258 : Operation 2042 [5/5] (6.01ns)   --->   "%acc_1_47 = fadd i32 %acc_1_46, i32 %mul9_47" [src/gtsrb_cnn.cpp:87]   --->   Operation 2042 'fadd' 'acc_1_47' <Predicate = (!icmp_ln83)> <Delay = 6.01> <CoreInst = "FAddSub_fulldsp">   --->   Core 18 'FAddSub_fulldsp' <Latency = 4> <II = 1> <Delay = 6.01> <FuncUnit> <Opcode : 'fadd' 'fsub'> <InPorts = 2> <OutPorts = 1>

State 259 <SV = 258> <Delay = 6.01>
ST_259 : Operation 2043 [4/5] (6.01ns)   --->   "%acc_1_47 = fadd i32 %acc_1_46, i32 %mul9_47" [src/gtsrb_cnn.cpp:87]   --->   Operation 2043 'fadd' 'acc_1_47' <Predicate = (!icmp_ln83)> <Delay = 6.01> <CoreInst = "FAddSub_fulldsp">   --->   Core 18 'FAddSub_fulldsp' <Latency = 4> <II = 1> <Delay = 6.01> <FuncUnit> <Opcode : 'fadd' 'fsub'> <InPorts = 2> <OutPorts = 1>

State 260 <SV = 259> <Delay = 6.01>
ST_260 : Operation 2044 [3/5] (6.01ns)   --->   "%acc_1_47 = fadd i32 %acc_1_46, i32 %mul9_47" [src/gtsrb_cnn.cpp:87]   --->   Operation 2044 'fadd' 'acc_1_47' <Predicate = (!icmp_ln83)> <Delay = 6.01> <CoreInst = "FAddSub_fulldsp">   --->   Core 18 'FAddSub_fulldsp' <Latency = 4> <II = 1> <Delay = 6.01> <FuncUnit> <Opcode : 'fadd' 'fsub'> <InPorts = 2> <OutPorts = 1>

State 261 <SV = 260> <Delay = 6.01>
ST_261 : Operation 2045 [2/5] (6.01ns)   --->   "%acc_1_47 = fadd i32 %acc_1_46, i32 %mul9_47" [src/gtsrb_cnn.cpp:87]   --->   Operation 2045 'fadd' 'acc_1_47' <Predicate = (!icmp_ln83)> <Delay = 6.01> <CoreInst = "FAddSub_fulldsp">   --->   Core 18 'FAddSub_fulldsp' <Latency = 4> <II = 1> <Delay = 6.01> <FuncUnit> <Opcode : 'fadd' 'fsub'> <InPorts = 2> <OutPorts = 1>

State 262 <SV = 261> <Delay = 6.01>
ST_262 : Operation 2046 [1/5] (6.01ns)   --->   "%acc_1_47 = fadd i32 %acc_1_46, i32 %mul9_47" [src/gtsrb_cnn.cpp:87]   --->   Operation 2046 'fadd' 'acc_1_47' <Predicate = (!icmp_ln83)> <Delay = 6.01> <CoreInst = "FAddSub_fulldsp">   --->   Core 18 'FAddSub_fulldsp' <Latency = 4> <II = 1> <Delay = 6.01> <FuncUnit> <Opcode : 'fadd' 'fsub'> <InPorts = 2> <OutPorts = 1>

State 263 <SV = 262> <Delay = 6.01>
ST_263 : Operation 2047 [5/5] (6.01ns)   --->   "%acc_1_48 = fadd i32 %acc_1_47, i32 %mul9_48" [src/gtsrb_cnn.cpp:87]   --->   Operation 2047 'fadd' 'acc_1_48' <Predicate = (!icmp_ln83)> <Delay = 6.01> <CoreInst = "FAddSub_fulldsp">   --->   Core 18 'FAddSub_fulldsp' <Latency = 4> <II = 1> <Delay = 6.01> <FuncUnit> <Opcode : 'fadd' 'fsub'> <InPorts = 2> <OutPorts = 1>

State 264 <SV = 263> <Delay = 6.01>
ST_264 : Operation 2048 [4/5] (6.01ns)   --->   "%acc_1_48 = fadd i32 %acc_1_47, i32 %mul9_48" [src/gtsrb_cnn.cpp:87]   --->   Operation 2048 'fadd' 'acc_1_48' <Predicate = (!icmp_ln83)> <Delay = 6.01> <CoreInst = "FAddSub_fulldsp">   --->   Core 18 'FAddSub_fulldsp' <Latency = 4> <II = 1> <Delay = 6.01> <FuncUnit> <Opcode : 'fadd' 'fsub'> <InPorts = 2> <OutPorts = 1>

State 265 <SV = 264> <Delay = 6.01>
ST_265 : Operation 2049 [3/5] (6.01ns)   --->   "%acc_1_48 = fadd i32 %acc_1_47, i32 %mul9_48" [src/gtsrb_cnn.cpp:87]   --->   Operation 2049 'fadd' 'acc_1_48' <Predicate = (!icmp_ln83)> <Delay = 6.01> <CoreInst = "FAddSub_fulldsp">   --->   Core 18 'FAddSub_fulldsp' <Latency = 4> <II = 1> <Delay = 6.01> <FuncUnit> <Opcode : 'fadd' 'fsub'> <InPorts = 2> <OutPorts = 1>

State 266 <SV = 265> <Delay = 6.01>
ST_266 : Operation 2050 [2/5] (6.01ns)   --->   "%acc_1_48 = fadd i32 %acc_1_47, i32 %mul9_48" [src/gtsrb_cnn.cpp:87]   --->   Operation 2050 'fadd' 'acc_1_48' <Predicate = (!icmp_ln83)> <Delay = 6.01> <CoreInst = "FAddSub_fulldsp">   --->   Core 18 'FAddSub_fulldsp' <Latency = 4> <II = 1> <Delay = 6.01> <FuncUnit> <Opcode : 'fadd' 'fsub'> <InPorts = 2> <OutPorts = 1>

State 267 <SV = 266> <Delay = 6.01>
ST_267 : Operation 2051 [1/5] (6.01ns)   --->   "%acc_1_48 = fadd i32 %acc_1_47, i32 %mul9_48" [src/gtsrb_cnn.cpp:87]   --->   Operation 2051 'fadd' 'acc_1_48' <Predicate = (!icmp_ln83)> <Delay = 6.01> <CoreInst = "FAddSub_fulldsp">   --->   Core 18 'FAddSub_fulldsp' <Latency = 4> <II = 1> <Delay = 6.01> <FuncUnit> <Opcode : 'fadd' 'fsub'> <InPorts = 2> <OutPorts = 1>

State 268 <SV = 267> <Delay = 6.01>
ST_268 : Operation 2052 [5/5] (6.01ns)   --->   "%acc_1_49 = fadd i32 %acc_1_48, i32 %mul9_49" [src/gtsrb_cnn.cpp:87]   --->   Operation 2052 'fadd' 'acc_1_49' <Predicate = (!icmp_ln83)> <Delay = 6.01> <CoreInst = "FAddSub_fulldsp">   --->   Core 18 'FAddSub_fulldsp' <Latency = 4> <II = 1> <Delay = 6.01> <FuncUnit> <Opcode : 'fadd' 'fsub'> <InPorts = 2> <OutPorts = 1>

State 269 <SV = 268> <Delay = 6.01>
ST_269 : Operation 2053 [4/5] (6.01ns)   --->   "%acc_1_49 = fadd i32 %acc_1_48, i32 %mul9_49" [src/gtsrb_cnn.cpp:87]   --->   Operation 2053 'fadd' 'acc_1_49' <Predicate = (!icmp_ln83)> <Delay = 6.01> <CoreInst = "FAddSub_fulldsp">   --->   Core 18 'FAddSub_fulldsp' <Latency = 4> <II = 1> <Delay = 6.01> <FuncUnit> <Opcode : 'fadd' 'fsub'> <InPorts = 2> <OutPorts = 1>

State 270 <SV = 269> <Delay = 6.01>
ST_270 : Operation 2054 [3/5] (6.01ns)   --->   "%acc_1_49 = fadd i32 %acc_1_48, i32 %mul9_49" [src/gtsrb_cnn.cpp:87]   --->   Operation 2054 'fadd' 'acc_1_49' <Predicate = (!icmp_ln83)> <Delay = 6.01> <CoreInst = "FAddSub_fulldsp">   --->   Core 18 'FAddSub_fulldsp' <Latency = 4> <II = 1> <Delay = 6.01> <FuncUnit> <Opcode : 'fadd' 'fsub'> <InPorts = 2> <OutPorts = 1>

State 271 <SV = 270> <Delay = 6.01>
ST_271 : Operation 2055 [2/5] (6.01ns)   --->   "%acc_1_49 = fadd i32 %acc_1_48, i32 %mul9_49" [src/gtsrb_cnn.cpp:87]   --->   Operation 2055 'fadd' 'acc_1_49' <Predicate = (!icmp_ln83)> <Delay = 6.01> <CoreInst = "FAddSub_fulldsp">   --->   Core 18 'FAddSub_fulldsp' <Latency = 4> <II = 1> <Delay = 6.01> <FuncUnit> <Opcode : 'fadd' 'fsub'> <InPorts = 2> <OutPorts = 1>

State 272 <SV = 271> <Delay = 6.01>
ST_272 : Operation 2056 [1/5] (6.01ns)   --->   "%acc_1_49 = fadd i32 %acc_1_48, i32 %mul9_49" [src/gtsrb_cnn.cpp:87]   --->   Operation 2056 'fadd' 'acc_1_49' <Predicate = (!icmp_ln83)> <Delay = 6.01> <CoreInst = "FAddSub_fulldsp">   --->   Core 18 'FAddSub_fulldsp' <Latency = 4> <II = 1> <Delay = 6.01> <FuncUnit> <Opcode : 'fadd' 'fsub'> <InPorts = 2> <OutPorts = 1>

State 273 <SV = 272> <Delay = 6.01>
ST_273 : Operation 2057 [5/5] (6.01ns)   --->   "%acc_1_50 = fadd i32 %acc_1_49, i32 %mul9_50" [src/gtsrb_cnn.cpp:87]   --->   Operation 2057 'fadd' 'acc_1_50' <Predicate = (!icmp_ln83)> <Delay = 6.01> <CoreInst = "FAddSub_fulldsp">   --->   Core 18 'FAddSub_fulldsp' <Latency = 4> <II = 1> <Delay = 6.01> <FuncUnit> <Opcode : 'fadd' 'fsub'> <InPorts = 2> <OutPorts = 1>

State 274 <SV = 273> <Delay = 6.01>
ST_274 : Operation 2058 [4/5] (6.01ns)   --->   "%acc_1_50 = fadd i32 %acc_1_49, i32 %mul9_50" [src/gtsrb_cnn.cpp:87]   --->   Operation 2058 'fadd' 'acc_1_50' <Predicate = (!icmp_ln83)> <Delay = 6.01> <CoreInst = "FAddSub_fulldsp">   --->   Core 18 'FAddSub_fulldsp' <Latency = 4> <II = 1> <Delay = 6.01> <FuncUnit> <Opcode : 'fadd' 'fsub'> <InPorts = 2> <OutPorts = 1>

State 275 <SV = 274> <Delay = 6.01>
ST_275 : Operation 2059 [3/5] (6.01ns)   --->   "%acc_1_50 = fadd i32 %acc_1_49, i32 %mul9_50" [src/gtsrb_cnn.cpp:87]   --->   Operation 2059 'fadd' 'acc_1_50' <Predicate = (!icmp_ln83)> <Delay = 6.01> <CoreInst = "FAddSub_fulldsp">   --->   Core 18 'FAddSub_fulldsp' <Latency = 4> <II = 1> <Delay = 6.01> <FuncUnit> <Opcode : 'fadd' 'fsub'> <InPorts = 2> <OutPorts = 1>

State 276 <SV = 275> <Delay = 6.01>
ST_276 : Operation 2060 [2/5] (6.01ns)   --->   "%acc_1_50 = fadd i32 %acc_1_49, i32 %mul9_50" [src/gtsrb_cnn.cpp:87]   --->   Operation 2060 'fadd' 'acc_1_50' <Predicate = (!icmp_ln83)> <Delay = 6.01> <CoreInst = "FAddSub_fulldsp">   --->   Core 18 'FAddSub_fulldsp' <Latency = 4> <II = 1> <Delay = 6.01> <FuncUnit> <Opcode : 'fadd' 'fsub'> <InPorts = 2> <OutPorts = 1>

State 277 <SV = 276> <Delay = 6.01>
ST_277 : Operation 2061 [1/5] (6.01ns)   --->   "%acc_1_50 = fadd i32 %acc_1_49, i32 %mul9_50" [src/gtsrb_cnn.cpp:87]   --->   Operation 2061 'fadd' 'acc_1_50' <Predicate = (!icmp_ln83)> <Delay = 6.01> <CoreInst = "FAddSub_fulldsp">   --->   Core 18 'FAddSub_fulldsp' <Latency = 4> <II = 1> <Delay = 6.01> <FuncUnit> <Opcode : 'fadd' 'fsub'> <InPorts = 2> <OutPorts = 1>

State 278 <SV = 277> <Delay = 0.00>

State 279 <SV = 278> <Delay = 6.01>
ST_279 : Operation 2062 [5/5] (6.01ns)   --->   "%acc_1_51 = fadd i32 %acc_1_50, i32 %mul9_51" [src/gtsrb_cnn.cpp:87]   --->   Operation 2062 'fadd' 'acc_1_51' <Predicate = (!icmp_ln83)> <Delay = 6.01> <CoreInst = "FAddSub_fulldsp">   --->   Core 18 'FAddSub_fulldsp' <Latency = 4> <II = 1> <Delay = 6.01> <FuncUnit> <Opcode : 'fadd' 'fsub'> <InPorts = 2> <OutPorts = 1>

State 280 <SV = 279> <Delay = 6.01>
ST_280 : Operation 2063 [4/5] (6.01ns)   --->   "%acc_1_51 = fadd i32 %acc_1_50, i32 %mul9_51" [src/gtsrb_cnn.cpp:87]   --->   Operation 2063 'fadd' 'acc_1_51' <Predicate = (!icmp_ln83)> <Delay = 6.01> <CoreInst = "FAddSub_fulldsp">   --->   Core 18 'FAddSub_fulldsp' <Latency = 4> <II = 1> <Delay = 6.01> <FuncUnit> <Opcode : 'fadd' 'fsub'> <InPorts = 2> <OutPorts = 1>

State 281 <SV = 280> <Delay = 6.01>
ST_281 : Operation 2064 [3/5] (6.01ns)   --->   "%acc_1_51 = fadd i32 %acc_1_50, i32 %mul9_51" [src/gtsrb_cnn.cpp:87]   --->   Operation 2064 'fadd' 'acc_1_51' <Predicate = (!icmp_ln83)> <Delay = 6.01> <CoreInst = "FAddSub_fulldsp">   --->   Core 18 'FAddSub_fulldsp' <Latency = 4> <II = 1> <Delay = 6.01> <FuncUnit> <Opcode : 'fadd' 'fsub'> <InPorts = 2> <OutPorts = 1>

State 282 <SV = 281> <Delay = 6.01>
ST_282 : Operation 2065 [2/5] (6.01ns)   --->   "%acc_1_51 = fadd i32 %acc_1_50, i32 %mul9_51" [src/gtsrb_cnn.cpp:87]   --->   Operation 2065 'fadd' 'acc_1_51' <Predicate = (!icmp_ln83)> <Delay = 6.01> <CoreInst = "FAddSub_fulldsp">   --->   Core 18 'FAddSub_fulldsp' <Latency = 4> <II = 1> <Delay = 6.01> <FuncUnit> <Opcode : 'fadd' 'fsub'> <InPorts = 2> <OutPorts = 1>

State 283 <SV = 282> <Delay = 6.01>
ST_283 : Operation 2066 [1/5] (6.01ns)   --->   "%acc_1_51 = fadd i32 %acc_1_50, i32 %mul9_51" [src/gtsrb_cnn.cpp:87]   --->   Operation 2066 'fadd' 'acc_1_51' <Predicate = (!icmp_ln83)> <Delay = 6.01> <CoreInst = "FAddSub_fulldsp">   --->   Core 18 'FAddSub_fulldsp' <Latency = 4> <II = 1> <Delay = 6.01> <FuncUnit> <Opcode : 'fadd' 'fsub'> <InPorts = 2> <OutPorts = 1>

State 284 <SV = 283> <Delay = 6.01>
ST_284 : Operation 2067 [5/5] (6.01ns)   --->   "%acc_1_52 = fadd i32 %acc_1_51, i32 %mul9_52" [src/gtsrb_cnn.cpp:87]   --->   Operation 2067 'fadd' 'acc_1_52' <Predicate = (!icmp_ln83)> <Delay = 6.01> <CoreInst = "FAddSub_fulldsp">   --->   Core 18 'FAddSub_fulldsp' <Latency = 4> <II = 1> <Delay = 6.01> <FuncUnit> <Opcode : 'fadd' 'fsub'> <InPorts = 2> <OutPorts = 1>

State 285 <SV = 284> <Delay = 6.01>
ST_285 : Operation 2068 [4/5] (6.01ns)   --->   "%acc_1_52 = fadd i32 %acc_1_51, i32 %mul9_52" [src/gtsrb_cnn.cpp:87]   --->   Operation 2068 'fadd' 'acc_1_52' <Predicate = (!icmp_ln83)> <Delay = 6.01> <CoreInst = "FAddSub_fulldsp">   --->   Core 18 'FAddSub_fulldsp' <Latency = 4> <II = 1> <Delay = 6.01> <FuncUnit> <Opcode : 'fadd' 'fsub'> <InPorts = 2> <OutPorts = 1>

State 286 <SV = 285> <Delay = 6.01>
ST_286 : Operation 2069 [3/5] (6.01ns)   --->   "%acc_1_52 = fadd i32 %acc_1_51, i32 %mul9_52" [src/gtsrb_cnn.cpp:87]   --->   Operation 2069 'fadd' 'acc_1_52' <Predicate = (!icmp_ln83)> <Delay = 6.01> <CoreInst = "FAddSub_fulldsp">   --->   Core 18 'FAddSub_fulldsp' <Latency = 4> <II = 1> <Delay = 6.01> <FuncUnit> <Opcode : 'fadd' 'fsub'> <InPorts = 2> <OutPorts = 1>

State 287 <SV = 286> <Delay = 6.01>
ST_287 : Operation 2070 [2/5] (6.01ns)   --->   "%acc_1_52 = fadd i32 %acc_1_51, i32 %mul9_52" [src/gtsrb_cnn.cpp:87]   --->   Operation 2070 'fadd' 'acc_1_52' <Predicate = (!icmp_ln83)> <Delay = 6.01> <CoreInst = "FAddSub_fulldsp">   --->   Core 18 'FAddSub_fulldsp' <Latency = 4> <II = 1> <Delay = 6.01> <FuncUnit> <Opcode : 'fadd' 'fsub'> <InPorts = 2> <OutPorts = 1>

State 288 <SV = 287> <Delay = 6.01>
ST_288 : Operation 2071 [1/5] (6.01ns)   --->   "%acc_1_52 = fadd i32 %acc_1_51, i32 %mul9_52" [src/gtsrb_cnn.cpp:87]   --->   Operation 2071 'fadd' 'acc_1_52' <Predicate = (!icmp_ln83)> <Delay = 6.01> <CoreInst = "FAddSub_fulldsp">   --->   Core 18 'FAddSub_fulldsp' <Latency = 4> <II = 1> <Delay = 6.01> <FuncUnit> <Opcode : 'fadd' 'fsub'> <InPorts = 2> <OutPorts = 1>

State 289 <SV = 288> <Delay = 6.01>
ST_289 : Operation 2072 [5/5] (6.01ns)   --->   "%acc_1_53 = fadd i32 %acc_1_52, i32 %mul9_53" [src/gtsrb_cnn.cpp:87]   --->   Operation 2072 'fadd' 'acc_1_53' <Predicate = (!icmp_ln83)> <Delay = 6.01> <CoreInst = "FAddSub_fulldsp">   --->   Core 18 'FAddSub_fulldsp' <Latency = 4> <II = 1> <Delay = 6.01> <FuncUnit> <Opcode : 'fadd' 'fsub'> <InPorts = 2> <OutPorts = 1>

State 290 <SV = 289> <Delay = 6.01>
ST_290 : Operation 2073 [4/5] (6.01ns)   --->   "%acc_1_53 = fadd i32 %acc_1_52, i32 %mul9_53" [src/gtsrb_cnn.cpp:87]   --->   Operation 2073 'fadd' 'acc_1_53' <Predicate = (!icmp_ln83)> <Delay = 6.01> <CoreInst = "FAddSub_fulldsp">   --->   Core 18 'FAddSub_fulldsp' <Latency = 4> <II = 1> <Delay = 6.01> <FuncUnit> <Opcode : 'fadd' 'fsub'> <InPorts = 2> <OutPorts = 1>

State 291 <SV = 290> <Delay = 6.01>
ST_291 : Operation 2074 [3/5] (6.01ns)   --->   "%acc_1_53 = fadd i32 %acc_1_52, i32 %mul9_53" [src/gtsrb_cnn.cpp:87]   --->   Operation 2074 'fadd' 'acc_1_53' <Predicate = (!icmp_ln83)> <Delay = 6.01> <CoreInst = "FAddSub_fulldsp">   --->   Core 18 'FAddSub_fulldsp' <Latency = 4> <II = 1> <Delay = 6.01> <FuncUnit> <Opcode : 'fadd' 'fsub'> <InPorts = 2> <OutPorts = 1>

State 292 <SV = 291> <Delay = 6.01>
ST_292 : Operation 2075 [2/5] (6.01ns)   --->   "%acc_1_53 = fadd i32 %acc_1_52, i32 %mul9_53" [src/gtsrb_cnn.cpp:87]   --->   Operation 2075 'fadd' 'acc_1_53' <Predicate = (!icmp_ln83)> <Delay = 6.01> <CoreInst = "FAddSub_fulldsp">   --->   Core 18 'FAddSub_fulldsp' <Latency = 4> <II = 1> <Delay = 6.01> <FuncUnit> <Opcode : 'fadd' 'fsub'> <InPorts = 2> <OutPorts = 1>

State 293 <SV = 292> <Delay = 6.01>
ST_293 : Operation 2076 [1/5] (6.01ns)   --->   "%acc_1_53 = fadd i32 %acc_1_52, i32 %mul9_53" [src/gtsrb_cnn.cpp:87]   --->   Operation 2076 'fadd' 'acc_1_53' <Predicate = (!icmp_ln83)> <Delay = 6.01> <CoreInst = "FAddSub_fulldsp">   --->   Core 18 'FAddSub_fulldsp' <Latency = 4> <II = 1> <Delay = 6.01> <FuncUnit> <Opcode : 'fadd' 'fsub'> <InPorts = 2> <OutPorts = 1>

State 294 <SV = 293> <Delay = 6.01>
ST_294 : Operation 2077 [5/5] (6.01ns)   --->   "%acc_1_54 = fadd i32 %acc_1_53, i32 %mul9_54" [src/gtsrb_cnn.cpp:87]   --->   Operation 2077 'fadd' 'acc_1_54' <Predicate = (!icmp_ln83)> <Delay = 6.01> <CoreInst = "FAddSub_fulldsp">   --->   Core 18 'FAddSub_fulldsp' <Latency = 4> <II = 1> <Delay = 6.01> <FuncUnit> <Opcode : 'fadd' 'fsub'> <InPorts = 2> <OutPorts = 1>

State 295 <SV = 294> <Delay = 6.01>
ST_295 : Operation 2078 [4/5] (6.01ns)   --->   "%acc_1_54 = fadd i32 %acc_1_53, i32 %mul9_54" [src/gtsrb_cnn.cpp:87]   --->   Operation 2078 'fadd' 'acc_1_54' <Predicate = (!icmp_ln83)> <Delay = 6.01> <CoreInst = "FAddSub_fulldsp">   --->   Core 18 'FAddSub_fulldsp' <Latency = 4> <II = 1> <Delay = 6.01> <FuncUnit> <Opcode : 'fadd' 'fsub'> <InPorts = 2> <OutPorts = 1>

State 296 <SV = 295> <Delay = 6.01>
ST_296 : Operation 2079 [3/5] (6.01ns)   --->   "%acc_1_54 = fadd i32 %acc_1_53, i32 %mul9_54" [src/gtsrb_cnn.cpp:87]   --->   Operation 2079 'fadd' 'acc_1_54' <Predicate = (!icmp_ln83)> <Delay = 6.01> <CoreInst = "FAddSub_fulldsp">   --->   Core 18 'FAddSub_fulldsp' <Latency = 4> <II = 1> <Delay = 6.01> <FuncUnit> <Opcode : 'fadd' 'fsub'> <InPorts = 2> <OutPorts = 1>

State 297 <SV = 296> <Delay = 6.01>
ST_297 : Operation 2080 [2/5] (6.01ns)   --->   "%acc_1_54 = fadd i32 %acc_1_53, i32 %mul9_54" [src/gtsrb_cnn.cpp:87]   --->   Operation 2080 'fadd' 'acc_1_54' <Predicate = (!icmp_ln83)> <Delay = 6.01> <CoreInst = "FAddSub_fulldsp">   --->   Core 18 'FAddSub_fulldsp' <Latency = 4> <II = 1> <Delay = 6.01> <FuncUnit> <Opcode : 'fadd' 'fsub'> <InPorts = 2> <OutPorts = 1>

State 298 <SV = 297> <Delay = 6.01>
ST_298 : Operation 2081 [1/5] (6.01ns)   --->   "%acc_1_54 = fadd i32 %acc_1_53, i32 %mul9_54" [src/gtsrb_cnn.cpp:87]   --->   Operation 2081 'fadd' 'acc_1_54' <Predicate = (!icmp_ln83)> <Delay = 6.01> <CoreInst = "FAddSub_fulldsp">   --->   Core 18 'FAddSub_fulldsp' <Latency = 4> <II = 1> <Delay = 6.01> <FuncUnit> <Opcode : 'fadd' 'fsub'> <InPorts = 2> <OutPorts = 1>

State 299 <SV = 298> <Delay = 6.01>
ST_299 : Operation 2082 [5/5] (6.01ns)   --->   "%acc_1_55 = fadd i32 %acc_1_54, i32 %mul9_55" [src/gtsrb_cnn.cpp:87]   --->   Operation 2082 'fadd' 'acc_1_55' <Predicate = (!icmp_ln83)> <Delay = 6.01> <CoreInst = "FAddSub_fulldsp">   --->   Core 18 'FAddSub_fulldsp' <Latency = 4> <II = 1> <Delay = 6.01> <FuncUnit> <Opcode : 'fadd' 'fsub'> <InPorts = 2> <OutPorts = 1>

State 300 <SV = 299> <Delay = 6.01>
ST_300 : Operation 2083 [4/5] (6.01ns)   --->   "%acc_1_55 = fadd i32 %acc_1_54, i32 %mul9_55" [src/gtsrb_cnn.cpp:87]   --->   Operation 2083 'fadd' 'acc_1_55' <Predicate = (!icmp_ln83)> <Delay = 6.01> <CoreInst = "FAddSub_fulldsp">   --->   Core 18 'FAddSub_fulldsp' <Latency = 4> <II = 1> <Delay = 6.01> <FuncUnit> <Opcode : 'fadd' 'fsub'> <InPorts = 2> <OutPorts = 1>

State 301 <SV = 300> <Delay = 6.01>
ST_301 : Operation 2084 [3/5] (6.01ns)   --->   "%acc_1_55 = fadd i32 %acc_1_54, i32 %mul9_55" [src/gtsrb_cnn.cpp:87]   --->   Operation 2084 'fadd' 'acc_1_55' <Predicate = (!icmp_ln83)> <Delay = 6.01> <CoreInst = "FAddSub_fulldsp">   --->   Core 18 'FAddSub_fulldsp' <Latency = 4> <II = 1> <Delay = 6.01> <FuncUnit> <Opcode : 'fadd' 'fsub'> <InPorts = 2> <OutPorts = 1>

State 302 <SV = 301> <Delay = 6.01>
ST_302 : Operation 2085 [2/5] (6.01ns)   --->   "%acc_1_55 = fadd i32 %acc_1_54, i32 %mul9_55" [src/gtsrb_cnn.cpp:87]   --->   Operation 2085 'fadd' 'acc_1_55' <Predicate = (!icmp_ln83)> <Delay = 6.01> <CoreInst = "FAddSub_fulldsp">   --->   Core 18 'FAddSub_fulldsp' <Latency = 4> <II = 1> <Delay = 6.01> <FuncUnit> <Opcode : 'fadd' 'fsub'> <InPorts = 2> <OutPorts = 1>

State 303 <SV = 302> <Delay = 6.01>
ST_303 : Operation 2086 [1/5] (6.01ns)   --->   "%acc_1_55 = fadd i32 %acc_1_54, i32 %mul9_55" [src/gtsrb_cnn.cpp:87]   --->   Operation 2086 'fadd' 'acc_1_55' <Predicate = (!icmp_ln83)> <Delay = 6.01> <CoreInst = "FAddSub_fulldsp">   --->   Core 18 'FAddSub_fulldsp' <Latency = 4> <II = 1> <Delay = 6.01> <FuncUnit> <Opcode : 'fadd' 'fsub'> <InPorts = 2> <OutPorts = 1>

State 304 <SV = 303> <Delay = 6.01>
ST_304 : Operation 2087 [5/5] (6.01ns)   --->   "%acc_1_56 = fadd i32 %acc_1_55, i32 %mul9_56" [src/gtsrb_cnn.cpp:87]   --->   Operation 2087 'fadd' 'acc_1_56' <Predicate = (!icmp_ln83)> <Delay = 6.01> <CoreInst = "FAddSub_fulldsp">   --->   Core 18 'FAddSub_fulldsp' <Latency = 4> <II = 1> <Delay = 6.01> <FuncUnit> <Opcode : 'fadd' 'fsub'> <InPorts = 2> <OutPorts = 1>

State 305 <SV = 304> <Delay = 6.01>
ST_305 : Operation 2088 [4/5] (6.01ns)   --->   "%acc_1_56 = fadd i32 %acc_1_55, i32 %mul9_56" [src/gtsrb_cnn.cpp:87]   --->   Operation 2088 'fadd' 'acc_1_56' <Predicate = (!icmp_ln83)> <Delay = 6.01> <CoreInst = "FAddSub_fulldsp">   --->   Core 18 'FAddSub_fulldsp' <Latency = 4> <II = 1> <Delay = 6.01> <FuncUnit> <Opcode : 'fadd' 'fsub'> <InPorts = 2> <OutPorts = 1>

State 306 <SV = 305> <Delay = 6.01>
ST_306 : Operation 2089 [3/5] (6.01ns)   --->   "%acc_1_56 = fadd i32 %acc_1_55, i32 %mul9_56" [src/gtsrb_cnn.cpp:87]   --->   Operation 2089 'fadd' 'acc_1_56' <Predicate = (!icmp_ln83)> <Delay = 6.01> <CoreInst = "FAddSub_fulldsp">   --->   Core 18 'FAddSub_fulldsp' <Latency = 4> <II = 1> <Delay = 6.01> <FuncUnit> <Opcode : 'fadd' 'fsub'> <InPorts = 2> <OutPorts = 1>

State 307 <SV = 306> <Delay = 6.01>
ST_307 : Operation 2090 [2/5] (6.01ns)   --->   "%acc_1_56 = fadd i32 %acc_1_55, i32 %mul9_56" [src/gtsrb_cnn.cpp:87]   --->   Operation 2090 'fadd' 'acc_1_56' <Predicate = (!icmp_ln83)> <Delay = 6.01> <CoreInst = "FAddSub_fulldsp">   --->   Core 18 'FAddSub_fulldsp' <Latency = 4> <II = 1> <Delay = 6.01> <FuncUnit> <Opcode : 'fadd' 'fsub'> <InPorts = 2> <OutPorts = 1>

State 308 <SV = 307> <Delay = 6.01>
ST_308 : Operation 2091 [1/5] (6.01ns)   --->   "%acc_1_56 = fadd i32 %acc_1_55, i32 %mul9_56" [src/gtsrb_cnn.cpp:87]   --->   Operation 2091 'fadd' 'acc_1_56' <Predicate = (!icmp_ln83)> <Delay = 6.01> <CoreInst = "FAddSub_fulldsp">   --->   Core 18 'FAddSub_fulldsp' <Latency = 4> <II = 1> <Delay = 6.01> <FuncUnit> <Opcode : 'fadd' 'fsub'> <InPorts = 2> <OutPorts = 1>

State 309 <SV = 308> <Delay = 6.01>
ST_309 : Operation 2092 [5/5] (6.01ns)   --->   "%acc_1_57 = fadd i32 %acc_1_56, i32 %mul9_57" [src/gtsrb_cnn.cpp:87]   --->   Operation 2092 'fadd' 'acc_1_57' <Predicate = (!icmp_ln83)> <Delay = 6.01> <CoreInst = "FAddSub_fulldsp">   --->   Core 18 'FAddSub_fulldsp' <Latency = 4> <II = 1> <Delay = 6.01> <FuncUnit> <Opcode : 'fadd' 'fsub'> <InPorts = 2> <OutPorts = 1>

State 310 <SV = 309> <Delay = 6.01>
ST_310 : Operation 2093 [4/5] (6.01ns)   --->   "%acc_1_57 = fadd i32 %acc_1_56, i32 %mul9_57" [src/gtsrb_cnn.cpp:87]   --->   Operation 2093 'fadd' 'acc_1_57' <Predicate = (!icmp_ln83)> <Delay = 6.01> <CoreInst = "FAddSub_fulldsp">   --->   Core 18 'FAddSub_fulldsp' <Latency = 4> <II = 1> <Delay = 6.01> <FuncUnit> <Opcode : 'fadd' 'fsub'> <InPorts = 2> <OutPorts = 1>

State 311 <SV = 310> <Delay = 6.01>
ST_311 : Operation 2094 [3/5] (6.01ns)   --->   "%acc_1_57 = fadd i32 %acc_1_56, i32 %mul9_57" [src/gtsrb_cnn.cpp:87]   --->   Operation 2094 'fadd' 'acc_1_57' <Predicate = (!icmp_ln83)> <Delay = 6.01> <CoreInst = "FAddSub_fulldsp">   --->   Core 18 'FAddSub_fulldsp' <Latency = 4> <II = 1> <Delay = 6.01> <FuncUnit> <Opcode : 'fadd' 'fsub'> <InPorts = 2> <OutPorts = 1>

State 312 <SV = 311> <Delay = 6.01>
ST_312 : Operation 2095 [2/5] (6.01ns)   --->   "%acc_1_57 = fadd i32 %acc_1_56, i32 %mul9_57" [src/gtsrb_cnn.cpp:87]   --->   Operation 2095 'fadd' 'acc_1_57' <Predicate = (!icmp_ln83)> <Delay = 6.01> <CoreInst = "FAddSub_fulldsp">   --->   Core 18 'FAddSub_fulldsp' <Latency = 4> <II = 1> <Delay = 6.01> <FuncUnit> <Opcode : 'fadd' 'fsub'> <InPorts = 2> <OutPorts = 1>

State 313 <SV = 312> <Delay = 6.01>
ST_313 : Operation 2096 [1/5] (6.01ns)   --->   "%acc_1_57 = fadd i32 %acc_1_56, i32 %mul9_57" [src/gtsrb_cnn.cpp:87]   --->   Operation 2096 'fadd' 'acc_1_57' <Predicate = (!icmp_ln83)> <Delay = 6.01> <CoreInst = "FAddSub_fulldsp">   --->   Core 18 'FAddSub_fulldsp' <Latency = 4> <II = 1> <Delay = 6.01> <FuncUnit> <Opcode : 'fadd' 'fsub'> <InPorts = 2> <OutPorts = 1>

State 314 <SV = 313> <Delay = 6.01>
ST_314 : Operation 2097 [5/5] (6.01ns)   --->   "%acc_1_58 = fadd i32 %acc_1_57, i32 %mul9_58" [src/gtsrb_cnn.cpp:87]   --->   Operation 2097 'fadd' 'acc_1_58' <Predicate = (!icmp_ln83)> <Delay = 6.01> <CoreInst = "FAddSub_fulldsp">   --->   Core 18 'FAddSub_fulldsp' <Latency = 4> <II = 1> <Delay = 6.01> <FuncUnit> <Opcode : 'fadd' 'fsub'> <InPorts = 2> <OutPorts = 1>

State 315 <SV = 314> <Delay = 6.01>
ST_315 : Operation 2098 [4/5] (6.01ns)   --->   "%acc_1_58 = fadd i32 %acc_1_57, i32 %mul9_58" [src/gtsrb_cnn.cpp:87]   --->   Operation 2098 'fadd' 'acc_1_58' <Predicate = (!icmp_ln83)> <Delay = 6.01> <CoreInst = "FAddSub_fulldsp">   --->   Core 18 'FAddSub_fulldsp' <Latency = 4> <II = 1> <Delay = 6.01> <FuncUnit> <Opcode : 'fadd' 'fsub'> <InPorts = 2> <OutPorts = 1>

State 316 <SV = 315> <Delay = 6.01>
ST_316 : Operation 2099 [3/5] (6.01ns)   --->   "%acc_1_58 = fadd i32 %acc_1_57, i32 %mul9_58" [src/gtsrb_cnn.cpp:87]   --->   Operation 2099 'fadd' 'acc_1_58' <Predicate = (!icmp_ln83)> <Delay = 6.01> <CoreInst = "FAddSub_fulldsp">   --->   Core 18 'FAddSub_fulldsp' <Latency = 4> <II = 1> <Delay = 6.01> <FuncUnit> <Opcode : 'fadd' 'fsub'> <InPorts = 2> <OutPorts = 1>

State 317 <SV = 316> <Delay = 6.01>
ST_317 : Operation 2100 [2/5] (6.01ns)   --->   "%acc_1_58 = fadd i32 %acc_1_57, i32 %mul9_58" [src/gtsrb_cnn.cpp:87]   --->   Operation 2100 'fadd' 'acc_1_58' <Predicate = (!icmp_ln83)> <Delay = 6.01> <CoreInst = "FAddSub_fulldsp">   --->   Core 18 'FAddSub_fulldsp' <Latency = 4> <II = 1> <Delay = 6.01> <FuncUnit> <Opcode : 'fadd' 'fsub'> <InPorts = 2> <OutPorts = 1>

State 318 <SV = 317> <Delay = 6.01>
ST_318 : Operation 2101 [1/5] (6.01ns)   --->   "%acc_1_58 = fadd i32 %acc_1_57, i32 %mul9_58" [src/gtsrb_cnn.cpp:87]   --->   Operation 2101 'fadd' 'acc_1_58' <Predicate = (!icmp_ln83)> <Delay = 6.01> <CoreInst = "FAddSub_fulldsp">   --->   Core 18 'FAddSub_fulldsp' <Latency = 4> <II = 1> <Delay = 6.01> <FuncUnit> <Opcode : 'fadd' 'fsub'> <InPorts = 2> <OutPorts = 1>

State 319 <SV = 318> <Delay = 6.01>
ST_319 : Operation 2102 [5/5] (6.01ns)   --->   "%acc_1_59 = fadd i32 %acc_1_58, i32 %mul9_59" [src/gtsrb_cnn.cpp:87]   --->   Operation 2102 'fadd' 'acc_1_59' <Predicate = (!icmp_ln83)> <Delay = 6.01> <CoreInst = "FAddSub_fulldsp">   --->   Core 18 'FAddSub_fulldsp' <Latency = 4> <II = 1> <Delay = 6.01> <FuncUnit> <Opcode : 'fadd' 'fsub'> <InPorts = 2> <OutPorts = 1>

State 320 <SV = 319> <Delay = 6.01>
ST_320 : Operation 2103 [4/5] (6.01ns)   --->   "%acc_1_59 = fadd i32 %acc_1_58, i32 %mul9_59" [src/gtsrb_cnn.cpp:87]   --->   Operation 2103 'fadd' 'acc_1_59' <Predicate = (!icmp_ln83)> <Delay = 6.01> <CoreInst = "FAddSub_fulldsp">   --->   Core 18 'FAddSub_fulldsp' <Latency = 4> <II = 1> <Delay = 6.01> <FuncUnit> <Opcode : 'fadd' 'fsub'> <InPorts = 2> <OutPorts = 1>

State 321 <SV = 320> <Delay = 6.01>
ST_321 : Operation 2104 [3/5] (6.01ns)   --->   "%acc_1_59 = fadd i32 %acc_1_58, i32 %mul9_59" [src/gtsrb_cnn.cpp:87]   --->   Operation 2104 'fadd' 'acc_1_59' <Predicate = (!icmp_ln83)> <Delay = 6.01> <CoreInst = "FAddSub_fulldsp">   --->   Core 18 'FAddSub_fulldsp' <Latency = 4> <II = 1> <Delay = 6.01> <FuncUnit> <Opcode : 'fadd' 'fsub'> <InPorts = 2> <OutPorts = 1>

State 322 <SV = 321> <Delay = 6.01>
ST_322 : Operation 2105 [2/5] (6.01ns)   --->   "%acc_1_59 = fadd i32 %acc_1_58, i32 %mul9_59" [src/gtsrb_cnn.cpp:87]   --->   Operation 2105 'fadd' 'acc_1_59' <Predicate = (!icmp_ln83)> <Delay = 6.01> <CoreInst = "FAddSub_fulldsp">   --->   Core 18 'FAddSub_fulldsp' <Latency = 4> <II = 1> <Delay = 6.01> <FuncUnit> <Opcode : 'fadd' 'fsub'> <InPorts = 2> <OutPorts = 1>

State 323 <SV = 322> <Delay = 6.01>
ST_323 : Operation 2106 [1/5] (6.01ns)   --->   "%acc_1_59 = fadd i32 %acc_1_58, i32 %mul9_59" [src/gtsrb_cnn.cpp:87]   --->   Operation 2106 'fadd' 'acc_1_59' <Predicate = (!icmp_ln83)> <Delay = 6.01> <CoreInst = "FAddSub_fulldsp">   --->   Core 18 'FAddSub_fulldsp' <Latency = 4> <II = 1> <Delay = 6.01> <FuncUnit> <Opcode : 'fadd' 'fsub'> <InPorts = 2> <OutPorts = 1>

State 324 <SV = 323> <Delay = 6.01>
ST_324 : Operation 2107 [5/5] (6.01ns)   --->   "%acc_1_60 = fadd i32 %acc_1_59, i32 %mul9_60" [src/gtsrb_cnn.cpp:87]   --->   Operation 2107 'fadd' 'acc_1_60' <Predicate = (!icmp_ln83)> <Delay = 6.01> <CoreInst = "FAddSub_fulldsp">   --->   Core 18 'FAddSub_fulldsp' <Latency = 4> <II = 1> <Delay = 6.01> <FuncUnit> <Opcode : 'fadd' 'fsub'> <InPorts = 2> <OutPorts = 1>

State 325 <SV = 324> <Delay = 6.01>
ST_325 : Operation 2108 [4/5] (6.01ns)   --->   "%acc_1_60 = fadd i32 %acc_1_59, i32 %mul9_60" [src/gtsrb_cnn.cpp:87]   --->   Operation 2108 'fadd' 'acc_1_60' <Predicate = (!icmp_ln83)> <Delay = 6.01> <CoreInst = "FAddSub_fulldsp">   --->   Core 18 'FAddSub_fulldsp' <Latency = 4> <II = 1> <Delay = 6.01> <FuncUnit> <Opcode : 'fadd' 'fsub'> <InPorts = 2> <OutPorts = 1>

State 326 <SV = 325> <Delay = 6.01>
ST_326 : Operation 2109 [3/5] (6.01ns)   --->   "%acc_1_60 = fadd i32 %acc_1_59, i32 %mul9_60" [src/gtsrb_cnn.cpp:87]   --->   Operation 2109 'fadd' 'acc_1_60' <Predicate = (!icmp_ln83)> <Delay = 6.01> <CoreInst = "FAddSub_fulldsp">   --->   Core 18 'FAddSub_fulldsp' <Latency = 4> <II = 1> <Delay = 6.01> <FuncUnit> <Opcode : 'fadd' 'fsub'> <InPorts = 2> <OutPorts = 1>

State 327 <SV = 326> <Delay = 6.01>
ST_327 : Operation 2110 [2/5] (6.01ns)   --->   "%acc_1_60 = fadd i32 %acc_1_59, i32 %mul9_60" [src/gtsrb_cnn.cpp:87]   --->   Operation 2110 'fadd' 'acc_1_60' <Predicate = (!icmp_ln83)> <Delay = 6.01> <CoreInst = "FAddSub_fulldsp">   --->   Core 18 'FAddSub_fulldsp' <Latency = 4> <II = 1> <Delay = 6.01> <FuncUnit> <Opcode : 'fadd' 'fsub'> <InPorts = 2> <OutPorts = 1>

State 328 <SV = 327> <Delay = 6.01>
ST_328 : Operation 2111 [1/5] (6.01ns)   --->   "%acc_1_60 = fadd i32 %acc_1_59, i32 %mul9_60" [src/gtsrb_cnn.cpp:87]   --->   Operation 2111 'fadd' 'acc_1_60' <Predicate = (!icmp_ln83)> <Delay = 6.01> <CoreInst = "FAddSub_fulldsp">   --->   Core 18 'FAddSub_fulldsp' <Latency = 4> <II = 1> <Delay = 6.01> <FuncUnit> <Opcode : 'fadd' 'fsub'> <InPorts = 2> <OutPorts = 1>

State 329 <SV = 328> <Delay = 6.01>
ST_329 : Operation 2112 [5/5] (6.01ns)   --->   "%acc_1_61 = fadd i32 %acc_1_60, i32 %mul9_61" [src/gtsrb_cnn.cpp:87]   --->   Operation 2112 'fadd' 'acc_1_61' <Predicate = (!icmp_ln83)> <Delay = 6.01> <CoreInst = "FAddSub_fulldsp">   --->   Core 18 'FAddSub_fulldsp' <Latency = 4> <II = 1> <Delay = 6.01> <FuncUnit> <Opcode : 'fadd' 'fsub'> <InPorts = 2> <OutPorts = 1>

State 330 <SV = 329> <Delay = 6.01>
ST_330 : Operation 2113 [4/5] (6.01ns)   --->   "%acc_1_61 = fadd i32 %acc_1_60, i32 %mul9_61" [src/gtsrb_cnn.cpp:87]   --->   Operation 2113 'fadd' 'acc_1_61' <Predicate = (!icmp_ln83)> <Delay = 6.01> <CoreInst = "FAddSub_fulldsp">   --->   Core 18 'FAddSub_fulldsp' <Latency = 4> <II = 1> <Delay = 6.01> <FuncUnit> <Opcode : 'fadd' 'fsub'> <InPorts = 2> <OutPorts = 1>

State 331 <SV = 330> <Delay = 6.01>
ST_331 : Operation 2114 [3/5] (6.01ns)   --->   "%acc_1_61 = fadd i32 %acc_1_60, i32 %mul9_61" [src/gtsrb_cnn.cpp:87]   --->   Operation 2114 'fadd' 'acc_1_61' <Predicate = (!icmp_ln83)> <Delay = 6.01> <CoreInst = "FAddSub_fulldsp">   --->   Core 18 'FAddSub_fulldsp' <Latency = 4> <II = 1> <Delay = 6.01> <FuncUnit> <Opcode : 'fadd' 'fsub'> <InPorts = 2> <OutPorts = 1>

State 332 <SV = 331> <Delay = 6.01>
ST_332 : Operation 2115 [2/5] (6.01ns)   --->   "%acc_1_61 = fadd i32 %acc_1_60, i32 %mul9_61" [src/gtsrb_cnn.cpp:87]   --->   Operation 2115 'fadd' 'acc_1_61' <Predicate = (!icmp_ln83)> <Delay = 6.01> <CoreInst = "FAddSub_fulldsp">   --->   Core 18 'FAddSub_fulldsp' <Latency = 4> <II = 1> <Delay = 6.01> <FuncUnit> <Opcode : 'fadd' 'fsub'> <InPorts = 2> <OutPorts = 1>

State 333 <SV = 332> <Delay = 6.01>
ST_333 : Operation 2116 [1/5] (6.01ns)   --->   "%acc_1_61 = fadd i32 %acc_1_60, i32 %mul9_61" [src/gtsrb_cnn.cpp:87]   --->   Operation 2116 'fadd' 'acc_1_61' <Predicate = (!icmp_ln83)> <Delay = 6.01> <CoreInst = "FAddSub_fulldsp">   --->   Core 18 'FAddSub_fulldsp' <Latency = 4> <II = 1> <Delay = 6.01> <FuncUnit> <Opcode : 'fadd' 'fsub'> <InPorts = 2> <OutPorts = 1>

State 334 <SV = 333> <Delay = 6.01>
ST_334 : Operation 2117 [5/5] (6.01ns)   --->   "%acc_1_62 = fadd i32 %acc_1_61, i32 %mul9_62" [src/gtsrb_cnn.cpp:87]   --->   Operation 2117 'fadd' 'acc_1_62' <Predicate = (!icmp_ln83)> <Delay = 6.01> <CoreInst = "FAddSub_fulldsp">   --->   Core 18 'FAddSub_fulldsp' <Latency = 4> <II = 1> <Delay = 6.01> <FuncUnit> <Opcode : 'fadd' 'fsub'> <InPorts = 2> <OutPorts = 1>

State 335 <SV = 334> <Delay = 6.01>
ST_335 : Operation 2118 [4/5] (6.01ns)   --->   "%acc_1_62 = fadd i32 %acc_1_61, i32 %mul9_62" [src/gtsrb_cnn.cpp:87]   --->   Operation 2118 'fadd' 'acc_1_62' <Predicate = (!icmp_ln83)> <Delay = 6.01> <CoreInst = "FAddSub_fulldsp">   --->   Core 18 'FAddSub_fulldsp' <Latency = 4> <II = 1> <Delay = 6.01> <FuncUnit> <Opcode : 'fadd' 'fsub'> <InPorts = 2> <OutPorts = 1>

State 336 <SV = 335> <Delay = 6.01>
ST_336 : Operation 2119 [3/5] (6.01ns)   --->   "%acc_1_62 = fadd i32 %acc_1_61, i32 %mul9_62" [src/gtsrb_cnn.cpp:87]   --->   Operation 2119 'fadd' 'acc_1_62' <Predicate = (!icmp_ln83)> <Delay = 6.01> <CoreInst = "FAddSub_fulldsp">   --->   Core 18 'FAddSub_fulldsp' <Latency = 4> <II = 1> <Delay = 6.01> <FuncUnit> <Opcode : 'fadd' 'fsub'> <InPorts = 2> <OutPorts = 1>

State 337 <SV = 336> <Delay = 6.01>
ST_337 : Operation 2120 [2/5] (6.01ns)   --->   "%acc_1_62 = fadd i32 %acc_1_61, i32 %mul9_62" [src/gtsrb_cnn.cpp:87]   --->   Operation 2120 'fadd' 'acc_1_62' <Predicate = (!icmp_ln83)> <Delay = 6.01> <CoreInst = "FAddSub_fulldsp">   --->   Core 18 'FAddSub_fulldsp' <Latency = 4> <II = 1> <Delay = 6.01> <FuncUnit> <Opcode : 'fadd' 'fsub'> <InPorts = 2> <OutPorts = 1>

State 338 <SV = 337> <Delay = 6.01>
ST_338 : Operation 2121 [1/1] (0.00ns)   --->   "%gmem5_addr = getelementptr i32 %gmem5, i64 %sext_ln83_1_cast" [src/gtsrb_cnn.cpp:83]   --->   Operation 2121 'getelementptr' 'gmem5_addr' <Predicate = true> <Delay = 0.00>
ST_338 : Operation 2122 [1/1] (0.00ns)   --->   "%specpipeline_ln0 = specpipeline void @_ssdm_op_SpecPipeline, i32 4294967295, i32 0, i32 1, i32 0, void @p_str"   --->   Operation 2122 'specpipeline' 'specpipeline_ln0' <Predicate = true> <Delay = 0.00>
ST_338 : Operation 2123 [1/1] (0.00ns)   --->   "%empty = speclooptripcount i32 @_ssdm_op_SpecLoopTripCount, i64 43, i64 43, i64 43"   --->   Operation 2123 'speclooptripcount' 'empty' <Predicate = true> <Delay = 0.00>
ST_338 : Operation 2124 [1/5] (6.01ns)   --->   "%acc_1_62 = fadd i32 %acc_1_61, i32 %mul9_62" [src/gtsrb_cnn.cpp:87]   --->   Operation 2124 'fadd' 'acc_1_62' <Predicate = (!icmp_ln83)> <Delay = 6.01> <CoreInst = "FAddSub_fulldsp">   --->   Core 18 'FAddSub_fulldsp' <Latency = 4> <II = 1> <Delay = 6.01> <FuncUnit> <Opcode : 'fadd' 'fsub'> <InPorts = 2> <OutPorts = 1>
ST_338 : Operation 2129 [1/1] (0.00ns)   --->   "%ret_ln0 = ret"   --->   Operation 2129 'ret' 'ret_ln0' <Predicate = (icmp_ln83)> <Delay = 0.00>

State 339 <SV = 338> <Delay = 7.30>
ST_339 : Operation 2125 [1/1] (0.00ns)   --->   "%specloopname_ln83 = specloopname void @_ssdm_op_SpecLoopName, void @empty_17" [src/gtsrb_cnn.cpp:83]   --->   Operation 2125 'specloopname' 'specloopname_ln83' <Predicate = (!icmp_ln83)> <Delay = 0.00>
ST_339 : Operation 2126 [1/1] (0.00ns)   --->   "%bitcast_ln90 = bitcast i32 %acc_1_62" [src/gtsrb_cnn.cpp:90]   --->   Operation 2126 'bitcast' 'bitcast_ln90' <Predicate = (!icmp_ln83)> <Delay = 0.00>
ST_339 : Operation 2127 [1/1] (7.30ns)   --->   "%write_ln90 = write void @_ssdm_op_Write.m_axi.p1i32, i32 %gmem5_addr, i32 %bitcast_ln90, i4 15" [src/gtsrb_cnn.cpp:90]   --->   Operation 2127 'write' 'write_ln90' <Predicate = (!icmp_ln83)> <Delay = 7.30> <CoreInst = "m_axi">   --->   Core 121 'm_axi' <Latency = 0> <II = 1> <Delay = 1.00> <Adapter> <Opcode : 'read' 'write' 'readreq' 'writereq' 'writeresp'>
ST_339 : Operation 2128 [1/1] (0.00ns)   --->   "%br_ln83 = br void %VITIS_LOOP_86_2" [src/gtsrb_cnn.cpp:83]   --->   Operation 2128 'br' 'br_ln83' <Predicate = (!icmp_ln83)> <Delay = 0.00>


============================================================
+ Verbose Summary: Timing violations
============================================================
Target clock period: 10ns, clock uncertainty: 2.7ns.

 <State 1>: 1.44ns
The critical path consists of the following:
	'alloca' operation ('wbase') [6]  (0 ns)
	'load' operation ('j', src/gtsrb_cnn.cpp:83) on local variable 'wbase' [18]  (0 ns)
	'add' operation ('add_ln84', src/gtsrb_cnn.cpp:84) [28]  (1.44 ns)

 <State 2>: 7.3ns
The critical path consists of the following:
	bus request operation ('gmem4_load_req', src/gtsrb_cnn.cpp:84) on port 'gmem4' (src/gtsrb_cnn.cpp:84) [31]  (7.3 ns)

 <State 3>: 7.3ns
The critical path consists of the following:
	bus request operation ('gmem4_load_req', src/gtsrb_cnn.cpp:84) on port 'gmem4' (src/gtsrb_cnn.cpp:84) [31]  (7.3 ns)

 <State 4>: 7.3ns
The critical path consists of the following:
	bus request operation ('gmem4_load_req', src/gtsrb_cnn.cpp:84) on port 'gmem4' (src/gtsrb_cnn.cpp:84) [31]  (7.3 ns)

 <State 5>: 7.3ns
The critical path consists of the following:
	bus request operation ('gmem4_load_req', src/gtsrb_cnn.cpp:84) on port 'gmem4' (src/gtsrb_cnn.cpp:84) [31]  (7.3 ns)

 <State 6>: 7.3ns
The critical path consists of the following:
	bus request operation ('gmem4_load_req', src/gtsrb_cnn.cpp:84) on port 'gmem4' (src/gtsrb_cnn.cpp:84) [31]  (7.3 ns)

 <State 7>: 7.3ns
The critical path consists of the following:
	bus request operation ('gmem4_load_req', src/gtsrb_cnn.cpp:84) on port 'gmem4' (src/gtsrb_cnn.cpp:84) [31]  (7.3 ns)

 <State 8>: 7.3ns
The critical path consists of the following:
	bus request operation ('gmem4_load_req', src/gtsrb_cnn.cpp:84) on port 'gmem4' (src/gtsrb_cnn.cpp:84) [31]  (7.3 ns)

 <State 9>: 7.3ns
The critical path consists of the following:
	bus read operation ('gmem4_addr_read', src/gtsrb_cnn.cpp:84) on port 'gmem4' (src/gtsrb_cnn.cpp:84) [32]  (7.3 ns)

 <State 10>: 7.3ns
The critical path consists of the following:
	bus read operation ('gmem4_addr_1_read', src/gtsrb_cnn.cpp:87) on port 'gmem4' (src/gtsrb_cnn.cpp:87) [48]  (7.3 ns)

 <State 11>: 7.3ns
The critical path consists of the following:
	bus read operation ('gmem4_addr_2_read', src/gtsrb_cnn.cpp:87) on port 'gmem4' (src/gtsrb_cnn.cpp:87) [61]  (7.3 ns)

 <State 12>: 7.3ns
The critical path consists of the following:
	bus read operation ('gmem4_addr_3_read', src/gtsrb_cnn.cpp:87) on port 'gmem4' (src/gtsrb_cnn.cpp:87) [74]  (7.3 ns)

 <State 13>: 7.3ns
The critical path consists of the following:
	bus read operation ('gmem4_addr_4_read', src/gtsrb_cnn.cpp:87) on port 'gmem4' (src/gtsrb_cnn.cpp:87) [87]  (7.3 ns)

 <State 14>: 7.3ns
The critical path consists of the following:
	bus read operation ('gmem4_addr_5_read', src/gtsrb_cnn.cpp:87) on port 'gmem4' (src/gtsrb_cnn.cpp:87) [100]  (7.3 ns)

 <State 15>: 7.3ns
The critical path consists of the following:
	bus read operation ('gmem4_addr_6_read', src/gtsrb_cnn.cpp:87) on port 'gmem4' (src/gtsrb_cnn.cpp:87) [113]  (7.3 ns)

 <State 16>: 7.3ns
The critical path consists of the following:
	bus read operation ('gmem4_addr_7_read', src/gtsrb_cnn.cpp:87) on port 'gmem4' (src/gtsrb_cnn.cpp:87) [126]  (7.3 ns)

 <State 17>: 7.3ns
The critical path consists of the following:
	bus read operation ('gmem4_addr_8_read', src/gtsrb_cnn.cpp:87) on port 'gmem4' (src/gtsrb_cnn.cpp:87) [139]  (7.3 ns)

 <State 18>: 7.3ns
The critical path consists of the following:
	bus read operation ('gmem4_addr_9_read', src/gtsrb_cnn.cpp:87) on port 'gmem4' (src/gtsrb_cnn.cpp:87) [152]  (7.3 ns)

 <State 19>: 7.3ns
The critical path consists of the following:
	bus read operation ('gmem4_addr_10_read', src/gtsrb_cnn.cpp:87) on port 'gmem4' (src/gtsrb_cnn.cpp:87) [166]  (7.3 ns)

 <State 20>: 7.3ns
The critical path consists of the following:
	bus read operation ('gmem4_addr_11_read', src/gtsrb_cnn.cpp:87) on port 'gmem4' (src/gtsrb_cnn.cpp:87) [180]  (7.3 ns)

 <State 21>: 7.3ns
The critical path consists of the following:
	bus read operation ('gmem4_addr_12_read', src/gtsrb_cnn.cpp:87) on port 'gmem4' (src/gtsrb_cnn.cpp:87) [193]  (7.3 ns)

 <State 22>: 7.3ns
The critical path consists of the following:
	bus read operation ('gmem4_addr_13_read', src/gtsrb_cnn.cpp:87) on port 'gmem4' (src/gtsrb_cnn.cpp:87) [206]  (7.3 ns)

 <State 23>: 7.3ns
The critical path consists of the following:
	bus read operation ('gmem4_addr_14_read', src/gtsrb_cnn.cpp:87) on port 'gmem4' (src/gtsrb_cnn.cpp:87) [219]  (7.3 ns)

 <State 24>: 7.3ns
The critical path consists of the following:
	bus read operation ('gmem4_addr_15_read', src/gtsrb_cnn.cpp:87) on port 'gmem4' (src/gtsrb_cnn.cpp:87) [232]  (7.3 ns)

 <State 25>: 7.3ns
The critical path consists of the following:
	bus read operation ('gmem4_addr_16_read', src/gtsrb_cnn.cpp:87) on port 'gmem4' (src/gtsrb_cnn.cpp:87) [245]  (7.3 ns)

 <State 26>: 7.3ns
The critical path consists of the following:
	bus read operation ('gmem4_addr_17_read', src/gtsrb_cnn.cpp:87) on port 'gmem4' (src/gtsrb_cnn.cpp:87) [258]  (7.3 ns)

 <State 27>: 7.3ns
The critical path consists of the following:
	bus read operation ('gmem4_addr_18_read', src/gtsrb_cnn.cpp:87) on port 'gmem4' (src/gtsrb_cnn.cpp:87) [271]  (7.3 ns)

 <State 28>: 7.3ns
The critical path consists of the following:
	bus read operation ('gmem4_addr_19_read', src/gtsrb_cnn.cpp:87) on port 'gmem4' (src/gtsrb_cnn.cpp:87) [285]  (7.3 ns)

 <State 29>: 7.3ns
The critical path consists of the following:
	bus read operation ('gmem4_addr_20_read', src/gtsrb_cnn.cpp:87) on port 'gmem4' (src/gtsrb_cnn.cpp:87) [299]  (7.3 ns)

 <State 30>: 7.3ns
The critical path consists of the following:
	bus read operation ('gmem4_addr_21_read', src/gtsrb_cnn.cpp:87) on port 'gmem4' (src/gtsrb_cnn.cpp:87) [313]  (7.3 ns)

 <State 31>: 7.3ns
The critical path consists of the following:
	bus read operation ('gmem4_addr_22_read', src/gtsrb_cnn.cpp:87) on port 'gmem4' (src/gtsrb_cnn.cpp:87) [327]  (7.3 ns)

 <State 32>: 7.3ns
The critical path consists of the following:
	bus read operation ('gmem4_addr_23_read', src/gtsrb_cnn.cpp:87) on port 'gmem4' (src/gtsrb_cnn.cpp:87) [341]  (7.3 ns)

 <State 33>: 7.3ns
The critical path consists of the following:
	bus read operation ('gmem4_addr_24_read', src/gtsrb_cnn.cpp:87) on port 'gmem4' (src/gtsrb_cnn.cpp:87) [354]  (7.3 ns)

 <State 34>: 7.3ns
The critical path consists of the following:
	bus read operation ('gmem4_addr_25_read', src/gtsrb_cnn.cpp:87) on port 'gmem4' (src/gtsrb_cnn.cpp:87) [367]  (7.3 ns)

 <State 35>: 7.3ns
The critical path consists of the following:
	bus read operation ('gmem4_addr_26_read', src/gtsrb_cnn.cpp:87) on port 'gmem4' (src/gtsrb_cnn.cpp:87) [380]  (7.3 ns)

 <State 36>: 7.3ns
The critical path consists of the following:
	bus read operation ('gmem4_addr_27_read', src/gtsrb_cnn.cpp:87) on port 'gmem4' (src/gtsrb_cnn.cpp:87) [393]  (7.3 ns)

 <State 37>: 7.3ns
The critical path consists of the following:
	bus read operation ('gmem4_addr_28_read', src/gtsrb_cnn.cpp:87) on port 'gmem4' (src/gtsrb_cnn.cpp:87) [406]  (7.3 ns)

 <State 38>: 7.3ns
The critical path consists of the following:
	bus read operation ('gmem4_addr_29_read', src/gtsrb_cnn.cpp:87) on port 'gmem4' (src/gtsrb_cnn.cpp:87) [419]  (7.3 ns)

 <State 39>: 7.3ns
The critical path consists of the following:
	bus read operation ('gmem4_addr_30_read', src/gtsrb_cnn.cpp:87) on port 'gmem4' (src/gtsrb_cnn.cpp:87) [432]  (7.3 ns)

 <State 40>: 7.3ns
The critical path consists of the following:
	bus read operation ('gmem4_addr_31_read', src/gtsrb_cnn.cpp:87) on port 'gmem4' (src/gtsrb_cnn.cpp:87) [445]  (7.3 ns)

 <State 41>: 7.3ns
The critical path consists of the following:
	bus read operation ('gmem4_addr_32_read', src/gtsrb_cnn.cpp:87) on port 'gmem4' (src/gtsrb_cnn.cpp:87) [458]  (7.3 ns)

 <State 42>: 7.3ns
The critical path consists of the following:
	bus read operation ('gmem4_addr_33_read', src/gtsrb_cnn.cpp:87) on port 'gmem4' (src/gtsrb_cnn.cpp:87) [471]  (7.3 ns)

 <State 43>: 7.3ns
The critical path consists of the following:
	bus read operation ('gmem4_addr_34_read', src/gtsrb_cnn.cpp:87) on port 'gmem4' (src/gtsrb_cnn.cpp:87) [484]  (7.3 ns)

 <State 44>: 7.3ns
The critical path consists of the following:
	bus read operation ('gmem4_addr_35_read', src/gtsrb_cnn.cpp:87) on port 'gmem4' (src/gtsrb_cnn.cpp:87) [497]  (7.3 ns)

 <State 45>: 7.3ns
The critical path consists of the following:
	bus read operation ('gmem4_addr_36_read', src/gtsrb_cnn.cpp:87) on port 'gmem4' (src/gtsrb_cnn.cpp:87) [510]  (7.3 ns)

 <State 46>: 7.3ns
The critical path consists of the following:
	bus read operation ('gmem4_addr_37_read', src/gtsrb_cnn.cpp:87) on port 'gmem4' (src/gtsrb_cnn.cpp:87) [524]  (7.3 ns)

 <State 47>: 7.3ns
The critical path consists of the following:
	bus read operation ('gmem4_addr_38_read', src/gtsrb_cnn.cpp:87) on port 'gmem4' (src/gtsrb_cnn.cpp:87) [538]  (7.3 ns)

 <State 48>: 7.3ns
The critical path consists of the following:
	bus read operation ('gmem4_addr_39_read', src/gtsrb_cnn.cpp:87) on port 'gmem4' (src/gtsrb_cnn.cpp:87) [552]  (7.3 ns)

 <State 49>: 7.3ns
The critical path consists of the following:
	bus read operation ('gmem4_addr_40_read', src/gtsrb_cnn.cpp:87) on port 'gmem4' (src/gtsrb_cnn.cpp:87) [566]  (7.3 ns)

 <State 50>: 7.3ns
The critical path consists of the following:
	bus read operation ('gmem4_addr_41_read', src/gtsrb_cnn.cpp:87) on port 'gmem4' (src/gtsrb_cnn.cpp:87) [580]  (7.3 ns)

 <State 51>: 7.3ns
The critical path consists of the following:
	bus read operation ('gmem4_addr_42_read', src/gtsrb_cnn.cpp:87) on port 'gmem4' (src/gtsrb_cnn.cpp:87) [594]  (7.3 ns)

 <State 52>: 7.3ns
The critical path consists of the following:
	bus read operation ('gmem4_addr_43_read', src/gtsrb_cnn.cpp:87) on port 'gmem4' (src/gtsrb_cnn.cpp:87) [608]  (7.3 ns)

 <State 53>: 7.3ns
The critical path consists of the following:
	bus read operation ('gmem4_addr_44_read', src/gtsrb_cnn.cpp:87) on port 'gmem4' (src/gtsrb_cnn.cpp:87) [622]  (7.3 ns)

 <State 54>: 7.3ns
The critical path consists of the following:
	bus read operation ('gmem4_addr_45_read', src/gtsrb_cnn.cpp:87) on port 'gmem4' (src/gtsrb_cnn.cpp:87) [636]  (7.3 ns)

 <State 55>: 7.3ns
The critical path consists of the following:
	bus read operation ('gmem4_addr_46_read', src/gtsrb_cnn.cpp:87) on port 'gmem4' (src/gtsrb_cnn.cpp:87) [650]  (7.3 ns)

 <State 56>: 7.3ns
The critical path consists of the following:
	bus read operation ('gmem4_addr_47_read', src/gtsrb_cnn.cpp:87) on port 'gmem4' (src/gtsrb_cnn.cpp:87) [664]  (7.3 ns)

 <State 57>: 7.3ns
The critical path consists of the following:
	bus read operation ('gmem4_addr_48_read', src/gtsrb_cnn.cpp:87) on port 'gmem4' (src/gtsrb_cnn.cpp:87) [677]  (7.3 ns)

 <State 58>: 7.3ns
The critical path consists of the following:
	bus read operation ('gmem4_addr_49_read', src/gtsrb_cnn.cpp:87) on port 'gmem4' (src/gtsrb_cnn.cpp:87) [690]  (7.3 ns)

 <State 59>: 7.3ns
The critical path consists of the following:
	bus read operation ('gmem4_addr_50_read', src/gtsrb_cnn.cpp:87) on port 'gmem4' (src/gtsrb_cnn.cpp:87) [703]  (7.3 ns)

 <State 60>: 7.3ns
The critical path consists of the following:
	bus read operation ('gmem4_addr_51_read', src/gtsrb_cnn.cpp:87) on port 'gmem4' (src/gtsrb_cnn.cpp:87) [716]  (7.3 ns)

 <State 61>: 7.3ns
The critical path consists of the following:
	bus read operation ('gmem4_addr_52_read', src/gtsrb_cnn.cpp:87) on port 'gmem4' (src/gtsrb_cnn.cpp:87) [729]  (7.3 ns)

 <State 62>: 7.3ns
The critical path consists of the following:
	bus read operation ('gmem4_addr_53_read', src/gtsrb_cnn.cpp:87) on port 'gmem4' (src/gtsrb_cnn.cpp:87) [742]  (7.3 ns)

 <State 63>: 7.3ns
The critical path consists of the following:
	bus read operation ('gmem4_addr_54_read', src/gtsrb_cnn.cpp:87) on port 'gmem4' (src/gtsrb_cnn.cpp:87) [755]  (7.3 ns)

 <State 64>: 7.3ns
The critical path consists of the following:
	bus read operation ('gmem4_addr_55_read', src/gtsrb_cnn.cpp:87) on port 'gmem4' (src/gtsrb_cnn.cpp:87) [768]  (7.3 ns)

 <State 65>: 7.3ns
The critical path consists of the following:
	bus read operation ('gmem4_addr_56_read', src/gtsrb_cnn.cpp:87) on port 'gmem4' (src/gtsrb_cnn.cpp:87) [781]  (7.3 ns)

 <State 66>: 7.3ns
The critical path consists of the following:
	bus read operation ('gmem4_addr_57_read', src/gtsrb_cnn.cpp:87) on port 'gmem4' (src/gtsrb_cnn.cpp:87) [794]  (7.3 ns)

 <State 67>: 7.3ns
The critical path consists of the following:
	bus read operation ('gmem4_addr_58_read', src/gtsrb_cnn.cpp:87) on port 'gmem4' (src/gtsrb_cnn.cpp:87) [807]  (7.3 ns)

 <State 68>: 7.3ns
The critical path consists of the following:
	bus read operation ('gmem4_addr_59_read', src/gtsrb_cnn.cpp:87) on port 'gmem4' (src/gtsrb_cnn.cpp:87) [820]  (7.3 ns)

 <State 69>: 7.3ns
The critical path consists of the following:
	bus read operation ('gmem4_addr_60_read', src/gtsrb_cnn.cpp:87) on port 'gmem4' (src/gtsrb_cnn.cpp:87) [833]  (7.3 ns)

 <State 70>: 7.3ns
The critical path consists of the following:
	bus read operation ('gmem4_addr_61_read', src/gtsrb_cnn.cpp:87) on port 'gmem4' (src/gtsrb_cnn.cpp:87) [846]  (7.3 ns)

 <State 71>: 7.3ns
The critical path consists of the following:
	bus read operation ('gmem4_addr_62_read', src/gtsrb_cnn.cpp:87) on port 'gmem4' (src/gtsrb_cnn.cpp:87) [859]  (7.3 ns)

 <State 72>: 7.3ns
The critical path consists of the following:
	bus read operation ('gmem4_addr_63_read', src/gtsrb_cnn.cpp:87) on port 'gmem4' (src/gtsrb_cnn.cpp:87) [872]  (7.3 ns)

 <State 73>: 7.3ns
The critical path consists of the following:
	bus read operation ('gmem4_addr_64_read', src/gtsrb_cnn.cpp:87) on port 'gmem4' (src/gtsrb_cnn.cpp:87) [885]  (7.3 ns)

 <State 74>: 6.02ns
The critical path consists of the following:
	'fadd' operation ('acc_1_10', src/gtsrb_cnn.cpp:87) [196]  (6.02 ns)

 <State 75>: 6.02ns
The critical path consists of the following:
	'fadd' operation ('acc_1_11', src/gtsrb_cnn.cpp:87) [209]  (6.02 ns)

 <State 76>: 6.02ns
The critical path consists of the following:
	'fadd' operation ('acc_1_11', src/gtsrb_cnn.cpp:87) [209]  (6.02 ns)

 <State 77>: 6.02ns
The critical path consists of the following:
	'fadd' operation ('acc_1_11', src/gtsrb_cnn.cpp:87) [209]  (6.02 ns)

 <State 78>: 6.02ns
The critical path consists of the following:
	'fadd' operation ('acc_1_11', src/gtsrb_cnn.cpp:87) [209]  (6.02 ns)

 <State 79>: 6.02ns
The critical path consists of the following:
	'fadd' operation ('acc_1_11', src/gtsrb_cnn.cpp:87) [209]  (6.02 ns)

 <State 80>: 0ns
The critical path consists of the following:

 <State 81>: 6.02ns
The critical path consists of the following:
	'fadd' operation ('acc_1_12', src/gtsrb_cnn.cpp:87) [222]  (6.02 ns)

 <State 82>: 6.02ns
The critical path consists of the following:
	'fadd' operation ('acc_1_12', src/gtsrb_cnn.cpp:87) [222]  (6.02 ns)

 <State 83>: 6.02ns
The critical path consists of the following:
	'fadd' operation ('acc_1_12', src/gtsrb_cnn.cpp:87) [222]  (6.02 ns)

 <State 84>: 6.02ns
The critical path consists of the following:
	'fadd' operation ('acc_1_12', src/gtsrb_cnn.cpp:87) [222]  (6.02 ns)

 <State 85>: 6.02ns
The critical path consists of the following:
	'fadd' operation ('acc_1_12', src/gtsrb_cnn.cpp:87) [222]  (6.02 ns)

 <State 86>: 6.02ns
The critical path consists of the following:
	'fadd' operation ('acc_1_13', src/gtsrb_cnn.cpp:87) [235]  (6.02 ns)

 <State 87>: 6.02ns
The critical path consists of the following:
	'fadd' operation ('acc_1_13', src/gtsrb_cnn.cpp:87) [235]  (6.02 ns)

 <State 88>: 6.02ns
The critical path consists of the following:
	'fadd' operation ('acc_1_13', src/gtsrb_cnn.cpp:87) [235]  (6.02 ns)

 <State 89>: 6.02ns
The critical path consists of the following:
	'fadd' operation ('acc_1_13', src/gtsrb_cnn.cpp:87) [235]  (6.02 ns)

 <State 90>: 6.02ns
The critical path consists of the following:
	'fadd' operation ('acc_1_13', src/gtsrb_cnn.cpp:87) [235]  (6.02 ns)

 <State 91>: 6.02ns
The critical path consists of the following:
	'fadd' operation ('acc_1_14', src/gtsrb_cnn.cpp:87) [248]  (6.02 ns)

 <State 92>: 6.02ns
The critical path consists of the following:
	'fadd' operation ('acc_1_14', src/gtsrb_cnn.cpp:87) [248]  (6.02 ns)

 <State 93>: 6.02ns
The critical path consists of the following:
	'fadd' operation ('acc_1_14', src/gtsrb_cnn.cpp:87) [248]  (6.02 ns)

 <State 94>: 6.02ns
The critical path consists of the following:
	'fadd' operation ('acc_1_14', src/gtsrb_cnn.cpp:87) [248]  (6.02 ns)

 <State 95>: 6.02ns
The critical path consists of the following:
	'fadd' operation ('acc_1_14', src/gtsrb_cnn.cpp:87) [248]  (6.02 ns)

 <State 96>: 6.02ns
The critical path consists of the following:
	'fadd' operation ('acc_1_15', src/gtsrb_cnn.cpp:87) [261]  (6.02 ns)

 <State 97>: 6.02ns
The critical path consists of the following:
	'fadd' operation ('acc_1_15', src/gtsrb_cnn.cpp:87) [261]  (6.02 ns)

 <State 98>: 6.02ns
The critical path consists of the following:
	'fadd' operation ('acc_1_15', src/gtsrb_cnn.cpp:87) [261]  (6.02 ns)

 <State 99>: 6.02ns
The critical path consists of the following:
	'fadd' operation ('acc_1_15', src/gtsrb_cnn.cpp:87) [261]  (6.02 ns)

 <State 100>: 6.02ns
The critical path consists of the following:
	'fadd' operation ('acc_1_15', src/gtsrb_cnn.cpp:87) [261]  (6.02 ns)

 <State 101>: 6.02ns
The critical path consists of the following:
	'fadd' operation ('acc_1_16', src/gtsrb_cnn.cpp:87) [274]  (6.02 ns)

 <State 102>: 6.02ns
The critical path consists of the following:
	'fadd' operation ('acc_1_16', src/gtsrb_cnn.cpp:87) [274]  (6.02 ns)

 <State 103>: 6.02ns
The critical path consists of the following:
	'fadd' operation ('acc_1_16', src/gtsrb_cnn.cpp:87) [274]  (6.02 ns)

 <State 104>: 6.02ns
The critical path consists of the following:
	'fadd' operation ('acc_1_16', src/gtsrb_cnn.cpp:87) [274]  (6.02 ns)

 <State 105>: 6.02ns
The critical path consists of the following:
	'fadd' operation ('acc_1_16', src/gtsrb_cnn.cpp:87) [274]  (6.02 ns)

 <State 106>: 6.02ns
The critical path consists of the following:
	'fadd' operation ('acc_1_17', src/gtsrb_cnn.cpp:87) [288]  (6.02 ns)

 <State 107>: 6.02ns
The critical path consists of the following:
	'fadd' operation ('acc_1_17', src/gtsrb_cnn.cpp:87) [288]  (6.02 ns)

 <State 108>: 6.02ns
The critical path consists of the following:
	'fadd' operation ('acc_1_17', src/gtsrb_cnn.cpp:87) [288]  (6.02 ns)

 <State 109>: 6.02ns
The critical path consists of the following:
	'fadd' operation ('acc_1_17', src/gtsrb_cnn.cpp:87) [288]  (6.02 ns)

 <State 110>: 6.02ns
The critical path consists of the following:
	'fadd' operation ('acc_1_17', src/gtsrb_cnn.cpp:87) [288]  (6.02 ns)

 <State 111>: 6.02ns
The critical path consists of the following:
	'fadd' operation ('acc_1_18', src/gtsrb_cnn.cpp:87) [302]  (6.02 ns)

 <State 112>: 6.02ns
The critical path consists of the following:
	'fadd' operation ('acc_1_18', src/gtsrb_cnn.cpp:87) [302]  (6.02 ns)

 <State 113>: 6.02ns
The critical path consists of the following:
	'fadd' operation ('acc_1_18', src/gtsrb_cnn.cpp:87) [302]  (6.02 ns)

 <State 114>: 6.02ns
The critical path consists of the following:
	'fadd' operation ('acc_1_18', src/gtsrb_cnn.cpp:87) [302]  (6.02 ns)

 <State 115>: 6.02ns
The critical path consists of the following:
	'fadd' operation ('acc_1_18', src/gtsrb_cnn.cpp:87) [302]  (6.02 ns)

 <State 116>: 6.02ns
The critical path consists of the following:
	'fadd' operation ('acc_1_19', src/gtsrb_cnn.cpp:87) [316]  (6.02 ns)

 <State 117>: 6.02ns
The critical path consists of the following:
	'fadd' operation ('acc_1_19', src/gtsrb_cnn.cpp:87) [316]  (6.02 ns)

 <State 118>: 6.02ns
The critical path consists of the following:
	'fadd' operation ('acc_1_19', src/gtsrb_cnn.cpp:87) [316]  (6.02 ns)

 <State 119>: 6.02ns
The critical path consists of the following:
	'fadd' operation ('acc_1_19', src/gtsrb_cnn.cpp:87) [316]  (6.02 ns)

 <State 120>: 6.02ns
The critical path consists of the following:
	'fadd' operation ('acc_1_19', src/gtsrb_cnn.cpp:87) [316]  (6.02 ns)

 <State 121>: 6.02ns
The critical path consists of the following:
	'fadd' operation ('acc_1_20', src/gtsrb_cnn.cpp:87) [330]  (6.02 ns)

 <State 122>: 6.02ns
The critical path consists of the following:
	'fadd' operation ('acc_1_20', src/gtsrb_cnn.cpp:87) [330]  (6.02 ns)

 <State 123>: 6.02ns
The critical path consists of the following:
	'fadd' operation ('acc_1_20', src/gtsrb_cnn.cpp:87) [330]  (6.02 ns)

 <State 124>: 6.02ns
The critical path consists of the following:
	'fadd' operation ('acc_1_20', src/gtsrb_cnn.cpp:87) [330]  (6.02 ns)

 <State 125>: 6.02ns
The critical path consists of the following:
	'fadd' operation ('acc_1_20', src/gtsrb_cnn.cpp:87) [330]  (6.02 ns)

 <State 126>: 6.02ns
The critical path consists of the following:
	'fadd' operation ('acc_1_21', src/gtsrb_cnn.cpp:87) [344]  (6.02 ns)

 <State 127>: 6.02ns
The critical path consists of the following:
	'fadd' operation ('acc_1_21', src/gtsrb_cnn.cpp:87) [344]  (6.02 ns)

 <State 128>: 6.02ns
The critical path consists of the following:
	'fadd' operation ('acc_1_21', src/gtsrb_cnn.cpp:87) [344]  (6.02 ns)

 <State 129>: 6.02ns
The critical path consists of the following:
	'fadd' operation ('acc_1_21', src/gtsrb_cnn.cpp:87) [344]  (6.02 ns)

 <State 130>: 6.02ns
The critical path consists of the following:
	'fadd' operation ('acc_1_21', src/gtsrb_cnn.cpp:87) [344]  (6.02 ns)

 <State 131>: 6.02ns
The critical path consists of the following:
	'fadd' operation ('acc_1_22', src/gtsrb_cnn.cpp:87) [357]  (6.02 ns)

 <State 132>: 6.02ns
The critical path consists of the following:
	'fadd' operation ('acc_1_22', src/gtsrb_cnn.cpp:87) [357]  (6.02 ns)

 <State 133>: 6.02ns
The critical path consists of the following:
	'fadd' operation ('acc_1_22', src/gtsrb_cnn.cpp:87) [357]  (6.02 ns)

 <State 134>: 6.02ns
The critical path consists of the following:
	'fadd' operation ('acc_1_22', src/gtsrb_cnn.cpp:87) [357]  (6.02 ns)

 <State 135>: 6.02ns
The critical path consists of the following:
	'fadd' operation ('acc_1_22', src/gtsrb_cnn.cpp:87) [357]  (6.02 ns)

 <State 136>: 6.02ns
The critical path consists of the following:
	'fadd' operation ('acc_1_23', src/gtsrb_cnn.cpp:87) [370]  (6.02 ns)

 <State 137>: 6.02ns
The critical path consists of the following:
	'fadd' operation ('acc_1_23', src/gtsrb_cnn.cpp:87) [370]  (6.02 ns)

 <State 138>: 6.02ns
The critical path consists of the following:
	'fadd' operation ('acc_1_23', src/gtsrb_cnn.cpp:87) [370]  (6.02 ns)

 <State 139>: 6.02ns
The critical path consists of the following:
	'fadd' operation ('acc_1_23', src/gtsrb_cnn.cpp:87) [370]  (6.02 ns)

 <State 140>: 6.02ns
The critical path consists of the following:
	'fadd' operation ('acc_1_23', src/gtsrb_cnn.cpp:87) [370]  (6.02 ns)

 <State 141>: 6.02ns
The critical path consists of the following:
	'fadd' operation ('acc_1_24', src/gtsrb_cnn.cpp:87) [383]  (6.02 ns)

 <State 142>: 6.02ns
The critical path consists of the following:
	'fadd' operation ('acc_1_24', src/gtsrb_cnn.cpp:87) [383]  (6.02 ns)

 <State 143>: 6.02ns
The critical path consists of the following:
	'fadd' operation ('acc_1_24', src/gtsrb_cnn.cpp:87) [383]  (6.02 ns)

 <State 144>: 6.02ns
The critical path consists of the following:
	'fadd' operation ('acc_1_24', src/gtsrb_cnn.cpp:87) [383]  (6.02 ns)

 <State 145>: 6.02ns
The critical path consists of the following:
	'fadd' operation ('acc_1_24', src/gtsrb_cnn.cpp:87) [383]  (6.02 ns)

 <State 146>: 0ns
The critical path consists of the following:

 <State 147>: 6.02ns
The critical path consists of the following:
	'fadd' operation ('acc_1_25', src/gtsrb_cnn.cpp:87) [396]  (6.02 ns)

 <State 148>: 6.02ns
The critical path consists of the following:
	'fadd' operation ('acc_1_25', src/gtsrb_cnn.cpp:87) [396]  (6.02 ns)

 <State 149>: 6.02ns
The critical path consists of the following:
	'fadd' operation ('acc_1_25', src/gtsrb_cnn.cpp:87) [396]  (6.02 ns)

 <State 150>: 6.02ns
The critical path consists of the following:
	'fadd' operation ('acc_1_25', src/gtsrb_cnn.cpp:87) [396]  (6.02 ns)

 <State 151>: 6.02ns
The critical path consists of the following:
	'fadd' operation ('acc_1_25', src/gtsrb_cnn.cpp:87) [396]  (6.02 ns)

 <State 152>: 6.02ns
The critical path consists of the following:
	'fadd' operation ('acc_1_26', src/gtsrb_cnn.cpp:87) [409]  (6.02 ns)

 <State 153>: 6.02ns
The critical path consists of the following:
	'fadd' operation ('acc_1_26', src/gtsrb_cnn.cpp:87) [409]  (6.02 ns)

 <State 154>: 6.02ns
The critical path consists of the following:
	'fadd' operation ('acc_1_26', src/gtsrb_cnn.cpp:87) [409]  (6.02 ns)

 <State 155>: 6.02ns
The critical path consists of the following:
	'fadd' operation ('acc_1_26', src/gtsrb_cnn.cpp:87) [409]  (6.02 ns)

 <State 156>: 6.02ns
The critical path consists of the following:
	'fadd' operation ('acc_1_26', src/gtsrb_cnn.cpp:87) [409]  (6.02 ns)

 <State 157>: 6.02ns
The critical path consists of the following:
	'fadd' operation ('acc_1_27', src/gtsrb_cnn.cpp:87) [422]  (6.02 ns)

 <State 158>: 6.02ns
The critical path consists of the following:
	'fadd' operation ('acc_1_27', src/gtsrb_cnn.cpp:87) [422]  (6.02 ns)

 <State 159>: 6.02ns
The critical path consists of the following:
	'fadd' operation ('acc_1_27', src/gtsrb_cnn.cpp:87) [422]  (6.02 ns)

 <State 160>: 6.02ns
The critical path consists of the following:
	'fadd' operation ('acc_1_27', src/gtsrb_cnn.cpp:87) [422]  (6.02 ns)

 <State 161>: 6.02ns
The critical path consists of the following:
	'fadd' operation ('acc_1_27', src/gtsrb_cnn.cpp:87) [422]  (6.02 ns)

 <State 162>: 6.02ns
The critical path consists of the following:
	'fadd' operation ('acc_1_28', src/gtsrb_cnn.cpp:87) [435]  (6.02 ns)

 <State 163>: 6.02ns
The critical path consists of the following:
	'fadd' operation ('acc_1_28', src/gtsrb_cnn.cpp:87) [435]  (6.02 ns)

 <State 164>: 6.02ns
The critical path consists of the following:
	'fadd' operation ('acc_1_28', src/gtsrb_cnn.cpp:87) [435]  (6.02 ns)

 <State 165>: 6.02ns
The critical path consists of the following:
	'fadd' operation ('acc_1_28', src/gtsrb_cnn.cpp:87) [435]  (6.02 ns)

 <State 166>: 6.02ns
The critical path consists of the following:
	'fadd' operation ('acc_1_28', src/gtsrb_cnn.cpp:87) [435]  (6.02 ns)

 <State 167>: 6.02ns
The critical path consists of the following:
	'fadd' operation ('acc_1_29', src/gtsrb_cnn.cpp:87) [448]  (6.02 ns)

 <State 168>: 6.02ns
The critical path consists of the following:
	'fadd' operation ('acc_1_29', src/gtsrb_cnn.cpp:87) [448]  (6.02 ns)

 <State 169>: 6.02ns
The critical path consists of the following:
	'fadd' operation ('acc_1_29', src/gtsrb_cnn.cpp:87) [448]  (6.02 ns)

 <State 170>: 6.02ns
The critical path consists of the following:
	'fadd' operation ('acc_1_29', src/gtsrb_cnn.cpp:87) [448]  (6.02 ns)

 <State 171>: 6.02ns
The critical path consists of the following:
	'fadd' operation ('acc_1_29', src/gtsrb_cnn.cpp:87) [448]  (6.02 ns)

 <State 172>: 6.02ns
The critical path consists of the following:
	'fadd' operation ('acc_1_30', src/gtsrb_cnn.cpp:87) [461]  (6.02 ns)

 <State 173>: 6.02ns
The critical path consists of the following:
	'fadd' operation ('acc_1_30', src/gtsrb_cnn.cpp:87) [461]  (6.02 ns)

 <State 174>: 6.02ns
The critical path consists of the following:
	'fadd' operation ('acc_1_30', src/gtsrb_cnn.cpp:87) [461]  (6.02 ns)

 <State 175>: 6.02ns
The critical path consists of the following:
	'fadd' operation ('acc_1_30', src/gtsrb_cnn.cpp:87) [461]  (6.02 ns)

 <State 176>: 6.02ns
The critical path consists of the following:
	'fadd' operation ('acc_1_30', src/gtsrb_cnn.cpp:87) [461]  (6.02 ns)

 <State 177>: 6.02ns
The critical path consists of the following:
	'fadd' operation ('acc_1_31', src/gtsrb_cnn.cpp:87) [474]  (6.02 ns)

 <State 178>: 6.02ns
The critical path consists of the following:
	'fadd' operation ('acc_1_31', src/gtsrb_cnn.cpp:87) [474]  (6.02 ns)

 <State 179>: 6.02ns
The critical path consists of the following:
	'fadd' operation ('acc_1_31', src/gtsrb_cnn.cpp:87) [474]  (6.02 ns)

 <State 180>: 6.02ns
The critical path consists of the following:
	'fadd' operation ('acc_1_31', src/gtsrb_cnn.cpp:87) [474]  (6.02 ns)

 <State 181>: 6.02ns
The critical path consists of the following:
	'fadd' operation ('acc_1_31', src/gtsrb_cnn.cpp:87) [474]  (6.02 ns)

 <State 182>: 6.02ns
The critical path consists of the following:
	'fadd' operation ('acc_1_32', src/gtsrb_cnn.cpp:87) [487]  (6.02 ns)

 <State 183>: 6.02ns
The critical path consists of the following:
	'fadd' operation ('acc_1_32', src/gtsrb_cnn.cpp:87) [487]  (6.02 ns)

 <State 184>: 6.02ns
The critical path consists of the following:
	'fadd' operation ('acc_1_32', src/gtsrb_cnn.cpp:87) [487]  (6.02 ns)

 <State 185>: 6.02ns
The critical path consists of the following:
	'fadd' operation ('acc_1_32', src/gtsrb_cnn.cpp:87) [487]  (6.02 ns)

 <State 186>: 6.02ns
The critical path consists of the following:
	'fadd' operation ('acc_1_32', src/gtsrb_cnn.cpp:87) [487]  (6.02 ns)

 <State 187>: 6.02ns
The critical path consists of the following:
	'fadd' operation ('acc_1_33', src/gtsrb_cnn.cpp:87) [500]  (6.02 ns)

 <State 188>: 6.02ns
The critical path consists of the following:
	'fadd' operation ('acc_1_33', src/gtsrb_cnn.cpp:87) [500]  (6.02 ns)

 <State 189>: 6.02ns
The critical path consists of the following:
	'fadd' operation ('acc_1_33', src/gtsrb_cnn.cpp:87) [500]  (6.02 ns)

 <State 190>: 6.02ns
The critical path consists of the following:
	'fadd' operation ('acc_1_33', src/gtsrb_cnn.cpp:87) [500]  (6.02 ns)

 <State 191>: 6.02ns
The critical path consists of the following:
	'fadd' operation ('acc_1_33', src/gtsrb_cnn.cpp:87) [500]  (6.02 ns)

 <State 192>: 6.02ns
The critical path consists of the following:
	'fadd' operation ('acc_1_34', src/gtsrb_cnn.cpp:87) [513]  (6.02 ns)

 <State 193>: 6.02ns
The critical path consists of the following:
	'fadd' operation ('acc_1_34', src/gtsrb_cnn.cpp:87) [513]  (6.02 ns)

 <State 194>: 6.02ns
The critical path consists of the following:
	'fadd' operation ('acc_1_34', src/gtsrb_cnn.cpp:87) [513]  (6.02 ns)

 <State 195>: 6.02ns
The critical path consists of the following:
	'fadd' operation ('acc_1_34', src/gtsrb_cnn.cpp:87) [513]  (6.02 ns)

 <State 196>: 6.02ns
The critical path consists of the following:
	'fadd' operation ('acc_1_34', src/gtsrb_cnn.cpp:87) [513]  (6.02 ns)

 <State 197>: 6.02ns
The critical path consists of the following:
	'fadd' operation ('acc_1_35', src/gtsrb_cnn.cpp:87) [527]  (6.02 ns)

 <State 198>: 6.02ns
The critical path consists of the following:
	'fadd' operation ('acc_1_35', src/gtsrb_cnn.cpp:87) [527]  (6.02 ns)

 <State 199>: 6.02ns
The critical path consists of the following:
	'fadd' operation ('acc_1_35', src/gtsrb_cnn.cpp:87) [527]  (6.02 ns)

 <State 200>: 6.02ns
The critical path consists of the following:
	'fadd' operation ('acc_1_35', src/gtsrb_cnn.cpp:87) [527]  (6.02 ns)

 <State 201>: 6.02ns
The critical path consists of the following:
	'fadd' operation ('acc_1_35', src/gtsrb_cnn.cpp:87) [527]  (6.02 ns)

 <State 202>: 6.02ns
The critical path consists of the following:
	'fadd' operation ('acc_1_36', src/gtsrb_cnn.cpp:87) [541]  (6.02 ns)

 <State 203>: 6.02ns
The critical path consists of the following:
	'fadd' operation ('acc_1_36', src/gtsrb_cnn.cpp:87) [541]  (6.02 ns)

 <State 204>: 6.02ns
The critical path consists of the following:
	'fadd' operation ('acc_1_36', src/gtsrb_cnn.cpp:87) [541]  (6.02 ns)

 <State 205>: 6.02ns
The critical path consists of the following:
	'fadd' operation ('acc_1_36', src/gtsrb_cnn.cpp:87) [541]  (6.02 ns)

 <State 206>: 6.02ns
The critical path consists of the following:
	'fadd' operation ('acc_1_36', src/gtsrb_cnn.cpp:87) [541]  (6.02 ns)

 <State 207>: 6.02ns
The critical path consists of the following:
	'fadd' operation ('acc_1_37', src/gtsrb_cnn.cpp:87) [555]  (6.02 ns)

 <State 208>: 6.02ns
The critical path consists of the following:
	'fadd' operation ('acc_1_37', src/gtsrb_cnn.cpp:87) [555]  (6.02 ns)

 <State 209>: 6.02ns
The critical path consists of the following:
	'fadd' operation ('acc_1_37', src/gtsrb_cnn.cpp:87) [555]  (6.02 ns)

 <State 210>: 6.02ns
The critical path consists of the following:
	'fadd' operation ('acc_1_37', src/gtsrb_cnn.cpp:87) [555]  (6.02 ns)

 <State 211>: 6.02ns
The critical path consists of the following:
	'fadd' operation ('acc_1_37', src/gtsrb_cnn.cpp:87) [555]  (6.02 ns)

 <State 212>: 0ns
The critical path consists of the following:

 <State 213>: 6.02ns
The critical path consists of the following:
	'fadd' operation ('acc_1_38', src/gtsrb_cnn.cpp:87) [569]  (6.02 ns)

 <State 214>: 6.02ns
The critical path consists of the following:
	'fadd' operation ('acc_1_38', src/gtsrb_cnn.cpp:87) [569]  (6.02 ns)

 <State 215>: 6.02ns
The critical path consists of the following:
	'fadd' operation ('acc_1_38', src/gtsrb_cnn.cpp:87) [569]  (6.02 ns)

 <State 216>: 6.02ns
The critical path consists of the following:
	'fadd' operation ('acc_1_38', src/gtsrb_cnn.cpp:87) [569]  (6.02 ns)

 <State 217>: 6.02ns
The critical path consists of the following:
	'fadd' operation ('acc_1_38', src/gtsrb_cnn.cpp:87) [569]  (6.02 ns)

 <State 218>: 6.02ns
The critical path consists of the following:
	'fadd' operation ('acc_1_39', src/gtsrb_cnn.cpp:87) [583]  (6.02 ns)

 <State 219>: 6.02ns
The critical path consists of the following:
	'fadd' operation ('acc_1_39', src/gtsrb_cnn.cpp:87) [583]  (6.02 ns)

 <State 220>: 6.02ns
The critical path consists of the following:
	'fadd' operation ('acc_1_39', src/gtsrb_cnn.cpp:87) [583]  (6.02 ns)

 <State 221>: 6.02ns
The critical path consists of the following:
	'fadd' operation ('acc_1_39', src/gtsrb_cnn.cpp:87) [583]  (6.02 ns)

 <State 222>: 6.02ns
The critical path consists of the following:
	'fadd' operation ('acc_1_39', src/gtsrb_cnn.cpp:87) [583]  (6.02 ns)

 <State 223>: 6.02ns
The critical path consists of the following:
	'fadd' operation ('acc_1_40', src/gtsrb_cnn.cpp:87) [597]  (6.02 ns)

 <State 224>: 6.02ns
The critical path consists of the following:
	'fadd' operation ('acc_1_40', src/gtsrb_cnn.cpp:87) [597]  (6.02 ns)

 <State 225>: 6.02ns
The critical path consists of the following:
	'fadd' operation ('acc_1_40', src/gtsrb_cnn.cpp:87) [597]  (6.02 ns)

 <State 226>: 6.02ns
The critical path consists of the following:
	'fadd' operation ('acc_1_40', src/gtsrb_cnn.cpp:87) [597]  (6.02 ns)

 <State 227>: 6.02ns
The critical path consists of the following:
	'fadd' operation ('acc_1_40', src/gtsrb_cnn.cpp:87) [597]  (6.02 ns)

 <State 228>: 6.02ns
The critical path consists of the following:
	'fadd' operation ('acc_1_41', src/gtsrb_cnn.cpp:87) [611]  (6.02 ns)

 <State 229>: 6.02ns
The critical path consists of the following:
	'fadd' operation ('acc_1_41', src/gtsrb_cnn.cpp:87) [611]  (6.02 ns)

 <State 230>: 6.02ns
The critical path consists of the following:
	'fadd' operation ('acc_1_41', src/gtsrb_cnn.cpp:87) [611]  (6.02 ns)

 <State 231>: 6.02ns
The critical path consists of the following:
	'fadd' operation ('acc_1_41', src/gtsrb_cnn.cpp:87) [611]  (6.02 ns)

 <State 232>: 6.02ns
The critical path consists of the following:
	'fadd' operation ('acc_1_41', src/gtsrb_cnn.cpp:87) [611]  (6.02 ns)

 <State 233>: 6.02ns
The critical path consists of the following:
	'fadd' operation ('acc_1_42', src/gtsrb_cnn.cpp:87) [625]  (6.02 ns)

 <State 234>: 6.02ns
The critical path consists of the following:
	'fadd' operation ('acc_1_42', src/gtsrb_cnn.cpp:87) [625]  (6.02 ns)

 <State 235>: 6.02ns
The critical path consists of the following:
	'fadd' operation ('acc_1_42', src/gtsrb_cnn.cpp:87) [625]  (6.02 ns)

 <State 236>: 6.02ns
The critical path consists of the following:
	'fadd' operation ('acc_1_42', src/gtsrb_cnn.cpp:87) [625]  (6.02 ns)

 <State 237>: 6.02ns
The critical path consists of the following:
	'fadd' operation ('acc_1_42', src/gtsrb_cnn.cpp:87) [625]  (6.02 ns)

 <State 238>: 6.02ns
The critical path consists of the following:
	'fadd' operation ('acc_1_43', src/gtsrb_cnn.cpp:87) [639]  (6.02 ns)

 <State 239>: 6.02ns
The critical path consists of the following:
	'fadd' operation ('acc_1_43', src/gtsrb_cnn.cpp:87) [639]  (6.02 ns)

 <State 240>: 6.02ns
The critical path consists of the following:
	'fadd' operation ('acc_1_43', src/gtsrb_cnn.cpp:87) [639]  (6.02 ns)

 <State 241>: 6.02ns
The critical path consists of the following:
	'fadd' operation ('acc_1_43', src/gtsrb_cnn.cpp:87) [639]  (6.02 ns)

 <State 242>: 6.02ns
The critical path consists of the following:
	'fadd' operation ('acc_1_43', src/gtsrb_cnn.cpp:87) [639]  (6.02 ns)

 <State 243>: 6.02ns
The critical path consists of the following:
	'fadd' operation ('acc_1_44', src/gtsrb_cnn.cpp:87) [653]  (6.02 ns)

 <State 244>: 6.02ns
The critical path consists of the following:
	'fadd' operation ('acc_1_44', src/gtsrb_cnn.cpp:87) [653]  (6.02 ns)

 <State 245>: 6.02ns
The critical path consists of the following:
	'fadd' operation ('acc_1_44', src/gtsrb_cnn.cpp:87) [653]  (6.02 ns)

 <State 246>: 6.02ns
The critical path consists of the following:
	'fadd' operation ('acc_1_44', src/gtsrb_cnn.cpp:87) [653]  (6.02 ns)

 <State 247>: 6.02ns
The critical path consists of the following:
	'fadd' operation ('acc_1_44', src/gtsrb_cnn.cpp:87) [653]  (6.02 ns)

 <State 248>: 6.02ns
The critical path consists of the following:
	'fadd' operation ('acc_1_45', src/gtsrb_cnn.cpp:87) [667]  (6.02 ns)

 <State 249>: 6.02ns
The critical path consists of the following:
	'fadd' operation ('acc_1_45', src/gtsrb_cnn.cpp:87) [667]  (6.02 ns)

 <State 250>: 6.02ns
The critical path consists of the following:
	'fadd' operation ('acc_1_45', src/gtsrb_cnn.cpp:87) [667]  (6.02 ns)

 <State 251>: 6.02ns
The critical path consists of the following:
	'fadd' operation ('acc_1_45', src/gtsrb_cnn.cpp:87) [667]  (6.02 ns)

 <State 252>: 6.02ns
The critical path consists of the following:
	'fadd' operation ('acc_1_45', src/gtsrb_cnn.cpp:87) [667]  (6.02 ns)

 <State 253>: 6.02ns
The critical path consists of the following:
	'fadd' operation ('acc_1_46', src/gtsrb_cnn.cpp:87) [680]  (6.02 ns)

 <State 254>: 6.02ns
The critical path consists of the following:
	'fadd' operation ('acc_1_46', src/gtsrb_cnn.cpp:87) [680]  (6.02 ns)

 <State 255>: 6.02ns
The critical path consists of the following:
	'fadd' operation ('acc_1_46', src/gtsrb_cnn.cpp:87) [680]  (6.02 ns)

 <State 256>: 6.02ns
The critical path consists of the following:
	'fadd' operation ('acc_1_46', src/gtsrb_cnn.cpp:87) [680]  (6.02 ns)

 <State 257>: 6.02ns
The critical path consists of the following:
	'fadd' operation ('acc_1_46', src/gtsrb_cnn.cpp:87) [680]  (6.02 ns)

 <State 258>: 6.02ns
The critical path consists of the following:
	'fadd' operation ('acc_1_47', src/gtsrb_cnn.cpp:87) [693]  (6.02 ns)

 <State 259>: 6.02ns
The critical path consists of the following:
	'fadd' operation ('acc_1_47', src/gtsrb_cnn.cpp:87) [693]  (6.02 ns)

 <State 260>: 6.02ns
The critical path consists of the following:
	'fadd' operation ('acc_1_47', src/gtsrb_cnn.cpp:87) [693]  (6.02 ns)

 <State 261>: 6.02ns
The critical path consists of the following:
	'fadd' operation ('acc_1_47', src/gtsrb_cnn.cpp:87) [693]  (6.02 ns)

 <State 262>: 6.02ns
The critical path consists of the following:
	'fadd' operation ('acc_1_47', src/gtsrb_cnn.cpp:87) [693]  (6.02 ns)

 <State 263>: 6.02ns
The critical path consists of the following:
	'fadd' operation ('acc_1_48', src/gtsrb_cnn.cpp:87) [706]  (6.02 ns)

 <State 264>: 6.02ns
The critical path consists of the following:
	'fadd' operation ('acc_1_48', src/gtsrb_cnn.cpp:87) [706]  (6.02 ns)

 <State 265>: 6.02ns
The critical path consists of the following:
	'fadd' operation ('acc_1_48', src/gtsrb_cnn.cpp:87) [706]  (6.02 ns)

 <State 266>: 6.02ns
The critical path consists of the following:
	'fadd' operation ('acc_1_48', src/gtsrb_cnn.cpp:87) [706]  (6.02 ns)

 <State 267>: 6.02ns
The critical path consists of the following:
	'fadd' operation ('acc_1_48', src/gtsrb_cnn.cpp:87) [706]  (6.02 ns)

 <State 268>: 6.02ns
The critical path consists of the following:
	'fadd' operation ('acc_1_49', src/gtsrb_cnn.cpp:87) [719]  (6.02 ns)

 <State 269>: 6.02ns
The critical path consists of the following:
	'fadd' operation ('acc_1_49', src/gtsrb_cnn.cpp:87) [719]  (6.02 ns)

 <State 270>: 6.02ns
The critical path consists of the following:
	'fadd' operation ('acc_1_49', src/gtsrb_cnn.cpp:87) [719]  (6.02 ns)

 <State 271>: 6.02ns
The critical path consists of the following:
	'fadd' operation ('acc_1_49', src/gtsrb_cnn.cpp:87) [719]  (6.02 ns)

 <State 272>: 6.02ns
The critical path consists of the following:
	'fadd' operation ('acc_1_49', src/gtsrb_cnn.cpp:87) [719]  (6.02 ns)

 <State 273>: 6.02ns
The critical path consists of the following:
	'fadd' operation ('acc_1_50', src/gtsrb_cnn.cpp:87) [732]  (6.02 ns)

 <State 274>: 6.02ns
The critical path consists of the following:
	'fadd' operation ('acc_1_50', src/gtsrb_cnn.cpp:87) [732]  (6.02 ns)

 <State 275>: 6.02ns
The critical path consists of the following:
	'fadd' operation ('acc_1_50', src/gtsrb_cnn.cpp:87) [732]  (6.02 ns)

 <State 276>: 6.02ns
The critical path consists of the following:
	'fadd' operation ('acc_1_50', src/gtsrb_cnn.cpp:87) [732]  (6.02 ns)

 <State 277>: 6.02ns
The critical path consists of the following:
	'fadd' operation ('acc_1_50', src/gtsrb_cnn.cpp:87) [732]  (6.02 ns)

 <State 278>: 0ns
The critical path consists of the following:

 <State 279>: 6.02ns
The critical path consists of the following:
	'fadd' operation ('acc_1_51', src/gtsrb_cnn.cpp:87) [745]  (6.02 ns)

 <State 280>: 6.02ns
The critical path consists of the following:
	'fadd' operation ('acc_1_51', src/gtsrb_cnn.cpp:87) [745]  (6.02 ns)

 <State 281>: 6.02ns
The critical path consists of the following:
	'fadd' operation ('acc_1_51', src/gtsrb_cnn.cpp:87) [745]  (6.02 ns)

 <State 282>: 6.02ns
The critical path consists of the following:
	'fadd' operation ('acc_1_51', src/gtsrb_cnn.cpp:87) [745]  (6.02 ns)

 <State 283>: 6.02ns
The critical path consists of the following:
	'fadd' operation ('acc_1_51', src/gtsrb_cnn.cpp:87) [745]  (6.02 ns)

 <State 284>: 6.02ns
The critical path consists of the following:
	'fadd' operation ('acc_1_52', src/gtsrb_cnn.cpp:87) [758]  (6.02 ns)

 <State 285>: 6.02ns
The critical path consists of the following:
	'fadd' operation ('acc_1_52', src/gtsrb_cnn.cpp:87) [758]  (6.02 ns)

 <State 286>: 6.02ns
The critical path consists of the following:
	'fadd' operation ('acc_1_52', src/gtsrb_cnn.cpp:87) [758]  (6.02 ns)

 <State 287>: 6.02ns
The critical path consists of the following:
	'fadd' operation ('acc_1_52', src/gtsrb_cnn.cpp:87) [758]  (6.02 ns)

 <State 288>: 6.02ns
The critical path consists of the following:
	'fadd' operation ('acc_1_52', src/gtsrb_cnn.cpp:87) [758]  (6.02 ns)

 <State 289>: 6.02ns
The critical path consists of the following:
	'fadd' operation ('acc_1_53', src/gtsrb_cnn.cpp:87) [771]  (6.02 ns)

 <State 290>: 6.02ns
The critical path consists of the following:
	'fadd' operation ('acc_1_53', src/gtsrb_cnn.cpp:87) [771]  (6.02 ns)

 <State 291>: 6.02ns
The critical path consists of the following:
	'fadd' operation ('acc_1_53', src/gtsrb_cnn.cpp:87) [771]  (6.02 ns)

 <State 292>: 6.02ns
The critical path consists of the following:
	'fadd' operation ('acc_1_53', src/gtsrb_cnn.cpp:87) [771]  (6.02 ns)

 <State 293>: 6.02ns
The critical path consists of the following:
	'fadd' operation ('acc_1_53', src/gtsrb_cnn.cpp:87) [771]  (6.02 ns)

 <State 294>: 6.02ns
The critical path consists of the following:
	'fadd' operation ('acc_1_54', src/gtsrb_cnn.cpp:87) [784]  (6.02 ns)

 <State 295>: 6.02ns
The critical path consists of the following:
	'fadd' operation ('acc_1_54', src/gtsrb_cnn.cpp:87) [784]  (6.02 ns)

 <State 296>: 6.02ns
The critical path consists of the following:
	'fadd' operation ('acc_1_54', src/gtsrb_cnn.cpp:87) [784]  (6.02 ns)

 <State 297>: 6.02ns
The critical path consists of the following:
	'fadd' operation ('acc_1_54', src/gtsrb_cnn.cpp:87) [784]  (6.02 ns)

 <State 298>: 6.02ns
The critical path consists of the following:
	'fadd' operation ('acc_1_54', src/gtsrb_cnn.cpp:87) [784]  (6.02 ns)

 <State 299>: 6.02ns
The critical path consists of the following:
	'fadd' operation ('acc_1_55', src/gtsrb_cnn.cpp:87) [797]  (6.02 ns)

 <State 300>: 6.02ns
The critical path consists of the following:
	'fadd' operation ('acc_1_55', src/gtsrb_cnn.cpp:87) [797]  (6.02 ns)

 <State 301>: 6.02ns
The critical path consists of the following:
	'fadd' operation ('acc_1_55', src/gtsrb_cnn.cpp:87) [797]  (6.02 ns)

 <State 302>: 6.02ns
The critical path consists of the following:
	'fadd' operation ('acc_1_55', src/gtsrb_cnn.cpp:87) [797]  (6.02 ns)

 <State 303>: 6.02ns
The critical path consists of the following:
	'fadd' operation ('acc_1_55', src/gtsrb_cnn.cpp:87) [797]  (6.02 ns)

 <State 304>: 6.02ns
The critical path consists of the following:
	'fadd' operation ('acc_1_56', src/gtsrb_cnn.cpp:87) [810]  (6.02 ns)

 <State 305>: 6.02ns
The critical path consists of the following:
	'fadd' operation ('acc_1_56', src/gtsrb_cnn.cpp:87) [810]  (6.02 ns)

 <State 306>: 6.02ns
The critical path consists of the following:
	'fadd' operation ('acc_1_56', src/gtsrb_cnn.cpp:87) [810]  (6.02 ns)

 <State 307>: 6.02ns
The critical path consists of the following:
	'fadd' operation ('acc_1_56', src/gtsrb_cnn.cpp:87) [810]  (6.02 ns)

 <State 308>: 6.02ns
The critical path consists of the following:
	'fadd' operation ('acc_1_56', src/gtsrb_cnn.cpp:87) [810]  (6.02 ns)

 <State 309>: 6.02ns
The critical path consists of the following:
	'fadd' operation ('acc_1_57', src/gtsrb_cnn.cpp:87) [823]  (6.02 ns)

 <State 310>: 6.02ns
The critical path consists of the following:
	'fadd' operation ('acc_1_57', src/gtsrb_cnn.cpp:87) [823]  (6.02 ns)

 <State 311>: 6.02ns
The critical path consists of the following:
	'fadd' operation ('acc_1_57', src/gtsrb_cnn.cpp:87) [823]  (6.02 ns)

 <State 312>: 6.02ns
The critical path consists of the following:
	'fadd' operation ('acc_1_57', src/gtsrb_cnn.cpp:87) [823]  (6.02 ns)

 <State 313>: 6.02ns
The critical path consists of the following:
	'fadd' operation ('acc_1_57', src/gtsrb_cnn.cpp:87) [823]  (6.02 ns)

 <State 314>: 6.02ns
The critical path consists of the following:
	'fadd' operation ('acc_1_58', src/gtsrb_cnn.cpp:87) [836]  (6.02 ns)

 <State 315>: 6.02ns
The critical path consists of the following:
	'fadd' operation ('acc_1_58', src/gtsrb_cnn.cpp:87) [836]  (6.02 ns)

 <State 316>: 6.02ns
The critical path consists of the following:
	'fadd' operation ('acc_1_58', src/gtsrb_cnn.cpp:87) [836]  (6.02 ns)

 <State 317>: 6.02ns
The critical path consists of the following:
	'fadd' operation ('acc_1_58', src/gtsrb_cnn.cpp:87) [836]  (6.02 ns)

 <State 318>: 6.02ns
The critical path consists of the following:
	'fadd' operation ('acc_1_58', src/gtsrb_cnn.cpp:87) [836]  (6.02 ns)

 <State 319>: 6.02ns
The critical path consists of the following:
	'fadd' operation ('acc_1_59', src/gtsrb_cnn.cpp:87) [849]  (6.02 ns)

 <State 320>: 6.02ns
The critical path consists of the following:
	'fadd' operation ('acc_1_59', src/gtsrb_cnn.cpp:87) [849]  (6.02 ns)

 <State 321>: 6.02ns
The critical path consists of the following:
	'fadd' operation ('acc_1_59', src/gtsrb_cnn.cpp:87) [849]  (6.02 ns)

 <State 322>: 6.02ns
The critical path consists of the following:
	'fadd' operation ('acc_1_59', src/gtsrb_cnn.cpp:87) [849]  (6.02 ns)

 <State 323>: 6.02ns
The critical path consists of the following:
	'fadd' operation ('acc_1_59', src/gtsrb_cnn.cpp:87) [849]  (6.02 ns)

 <State 324>: 6.02ns
The critical path consists of the following:
	'fadd' operation ('acc_1_60', src/gtsrb_cnn.cpp:87) [862]  (6.02 ns)

 <State 325>: 6.02ns
The critical path consists of the following:
	'fadd' operation ('acc_1_60', src/gtsrb_cnn.cpp:87) [862]  (6.02 ns)

 <State 326>: 6.02ns
The critical path consists of the following:
	'fadd' operation ('acc_1_60', src/gtsrb_cnn.cpp:87) [862]  (6.02 ns)

 <State 327>: 6.02ns
The critical path consists of the following:
	'fadd' operation ('acc_1_60', src/gtsrb_cnn.cpp:87) [862]  (6.02 ns)

 <State 328>: 6.02ns
The critical path consists of the following:
	'fadd' operation ('acc_1_60', src/gtsrb_cnn.cpp:87) [862]  (6.02 ns)

 <State 329>: 6.02ns
The critical path consists of the following:
	'fadd' operation ('acc_1_61', src/gtsrb_cnn.cpp:87) [875]  (6.02 ns)

 <State 330>: 6.02ns
The critical path consists of the following:
	'fadd' operation ('acc_1_61', src/gtsrb_cnn.cpp:87) [875]  (6.02 ns)

 <State 331>: 6.02ns
The critical path consists of the following:
	'fadd' operation ('acc_1_61', src/gtsrb_cnn.cpp:87) [875]  (6.02 ns)

 <State 332>: 6.02ns
The critical path consists of the following:
	'fadd' operation ('acc_1_61', src/gtsrb_cnn.cpp:87) [875]  (6.02 ns)

 <State 333>: 6.02ns
The critical path consists of the following:
	'fadd' operation ('acc_1_61', src/gtsrb_cnn.cpp:87) [875]  (6.02 ns)

 <State 334>: 6.02ns
The critical path consists of the following:
	'fadd' operation ('acc_1_62', src/gtsrb_cnn.cpp:87) [888]  (6.02 ns)

 <State 335>: 6.02ns
The critical path consists of the following:
	'fadd' operation ('acc_1_62', src/gtsrb_cnn.cpp:87) [888]  (6.02 ns)

 <State 336>: 6.02ns
The critical path consists of the following:
	'fadd' operation ('acc_1_62', src/gtsrb_cnn.cpp:87) [888]  (6.02 ns)

 <State 337>: 6.02ns
The critical path consists of the following:
	'fadd' operation ('acc_1_62', src/gtsrb_cnn.cpp:87) [888]  (6.02 ns)

 <State 338>: 6.02ns
The critical path consists of the following:
	'fadd' operation ('acc_1_62', src/gtsrb_cnn.cpp:87) [888]  (6.02 ns)

 <State 339>: 7.3ns
The critical path consists of the following:
	bus write operation ('write_ln90', src/gtsrb_cnn.cpp:90) on port 'gmem5' (src/gtsrb_cnn.cpp:90) [890]  (7.3 ns)


============================================================
+ Verbose Summary: Binding
============================================================
N/A
* FSMD analyzer results:
  - Output states:
 - Input state : 
  - Chain level:
	State 1
	State 2
	State 3
	State 4
	State 5
	State 6
	State 7
	State 8
	State 9
	State 10
	State 11
	State 12
	State 13
	State 14
	State 15
	State 16
	State 17
	State 18
	State 19
	State 20
	State 21
	State 22
	State 23
	State 24
	State 25
	State 26
	State 27
	State 28
	State 29
	State 30
	State 31
	State 32
	State 33
	State 34
	State 35
	State 36
	State 37
	State 38
	State 39
	State 40
	State 41
	State 42
	State 43
	State 44
	State 45
	State 46
	State 47
	State 48
	State 49
	State 50
	State 51
	State 52
	State 53
	State 54
	State 55
	State 56
	State 57
	State 58
	State 59
	State 60
	State 61
	State 62
	State 63
	State 64
	State 65
	State 66
	State 67
	State 68
	State 69
	State 70
	State 71
	State 72
	State 73
	State 74
	State 75
	State 76
	State 77
	State 78
	State 79
	State 80
	State 81
	State 82
	State 83
	State 84
	State 85
	State 86
	State 87
	State 88
	State 89
	State 90
	State 91
	State 92
	State 93
	State 94
	State 95
	State 96
	State 97
	State 98
	State 99
	State 100
	State 101
	State 102
	State 103
	State 104
	State 105
	State 106
	State 107
	State 108
	State 109
	State 110
	State 111
	State 112
	State 113
	State 114
	State 115
	State 116
	State 117
	State 118
	State 119
	State 120
	State 121
	State 122
	State 123
	State 124
	State 125
	State 126
	State 127
	State 128
	State 129
	State 130
	State 131
	State 132
	State 133
	State 134
	State 135
	State 136
	State 137
	State 138
	State 139
	State 140
	State 141
	State 142
	State 143
	State 144
	State 145
	State 146
	State 147
	State 148
	State 149
	State 150
	State 151
	State 152
	State 153
	State 154
	State 155
	State 156
	State 157
	State 158
	State 159
	State 160
	State 161
	State 162
	State 163
	State 164
	State 165
	State 166
	State 167
	State 168
	State 169
	State 170
	State 171
	State 172
	State 173
	State 174
	State 175
	State 176
	State 177
	State 178
	State 179
	State 180
	State 181
	State 182
	State 183
	State 184
	State 185
	State 186
	State 187
	State 188
	State 189
	State 190
	State 191
	State 192
	State 193
	State 194
	State 195
	State 196
	State 197
	State 198
	State 199
	State 200
	State 201
	State 202
	State 203
	State 204
	State 205
	State 206
	State 207
	State 208
	State 209
	State 210
	State 211
	State 212
	State 213
	State 214
	State 215
	State 216
	State 217
	State 218
	State 219
	State 220
	State 221
	State 222
	State 223
	State 224
	State 225
	State 226
	State 227
	State 228
	State 229
	State 230
	State 231
	State 232
	State 233
	State 234
	State 235
	State 236
	State 237
	State 238
	State 239
	State 240
	State 241
	State 242
	State 243
	State 244
	State 245
	State 246
	State 247
	State 248
	State 249
	State 250
	State 251
	State 252
	State 253
	State 254
	State 255
	State 256
	State 257
	State 258
	State 259
	State 260
	State 261
	State 262
	State 263
	State 264
	State 265
	State 266
	State 267
	State 268
	State 269
	State 270
	State 271
	State 272
	State 273
	State 274
	State 275
	State 276
	State 277
	State 278
	State 279
	State 280
	State 281
	State 282
	State 283
	State 284
	State 285
	State 286
	State 287
	State 288
	State 289
	State 290
	State 291
	State 292
	State 293
	State 294
	State 295
	State 296
	State 297
	State 298
	State 299
	State 300
	State 301
	State 302
	State 303
	State 304
	State 305
	State 306
	State 307
	State 308
	State 309
	State 310
	State 311
	State 312
	State 313
	State 314
	State 315
	State 316
	State 317
	State 318
	State 319
	State 320
	State 321
	State 322
	State 323
	State 324
	State 325
	State 326
	State 327
	State 328
	State 329
	State 330
	State 331
	State 332
	State 333
	State 334
	State 335
	State 336
	State 337
	State 338
	State 339


============================================================
+ Verbose Summary: Datapath Resource usage 
============================================================
N/A
