INFO-FLOW: Workspace C:/Xilinx/pynq-zu/HLS/CNN_GTSRB/CNN_GTSRB/solution1 opened at Sat Sep 13 23:16:40 +0800 2025
Execute     ap_set_clock -name default -period 10 -default=false 
INFO: [SYN 201-201] Setting up clock 'default' with a period of 10ns.
Execute     set_part xczu5eg-sfvc784-1-e 
Execute       create_platform xczu5eg-sfvc784-1-e -board  
DBG:HLSDevice: Trying to load device library: C:/Xilinx/Vitis_HLS/2022.2\lib\win64.o\xv_hlsvwrap.dll
DBG:HLSDevice: first parts/arch.xml in RDI_DATADIR: C:/Xilinx/Vivado/2022.2/data/parts/arch.xml
DBG:HLSDevice: init success
INFO: [HLS 200-1611] Setting target device to 'xczu5eg-sfvc784-1-e'
Command       create_platform done; 0.509 sec.
Execute       source C:/Xilinx/Vitis_HLS/2022.2/common/technology/xilinx/common/xilinx.gen 
Execute         source C:/Xilinx/Vitis_HLS/2022.2/common/technology/xilinx/interface/plb46.gen 
Execute         source C:/Xilinx/Vitis_HLS/2022.2/common/technology/xilinx/interface/axi4.gen 
Execute         source C:/Xilinx/Vitis_HLS/2022.2/common/technology/xilinx/interface/nativeAXI4.gen 
Execute           source C:/Xilinx/Vitis_HLS/2022.2/common/technology/xilinx/interface/saxilite.gen 
Execute         source C:/Xilinx/Vitis_HLS/2022.2/common/technology/xilinx/scripts/xilinxcoregen.gen 
Execute         source C:/Xilinx/Vitis_HLS/2022.2/common/technology/xilinx/interface/XilEDKCoreGen.gen 
Execute         source C:/Xilinx/Vitis_HLS/2022.2/common/technology/xilinx/ip/dds_compiler.gen 
Execute         source C:/Xilinx/Vitis_HLS/2022.2/common/technology/xilinx/ip/util.gen 
Execute         source C:/Xilinx/Vitis_HLS/2022.2/common/technology/xilinx/ip/xfft.gen 
Execute         source C:/Xilinx/Vitis_HLS/2022.2/common/technology/xilinx/ip/xfir.gen 
Execute         source C:/Xilinx/Vitis_HLS/2022.2/common/technology/xilinx/DSP48/dsp48.gen 
Execute       ap_part_info -name xczu5eg-sfvc784-1-e -data info 
Execute       config_compile -quiet -complex-mul-dsp=0 
Command     set_part done; 0.591 sec.
Execute     send_msg_by_id INFO @200-1505@%s%s  vivado 
INFO: [HLS 200-1505] Using flow_target 'vivado'
Command   open_solution done; 0.658 sec.
Execute   set_part xczu5eg-sfvc784-1-e 
INFO: [HLS 200-1510] Running: set_part xczu5eg-sfvc784-1-e 
Execute     create_platform xczu5eg-sfvc784-1-e -board  
Execute     source C:/Xilinx/Vitis_HLS/2022.2/common/technology/xilinx/common/xilinx.gen 
Execute       source C:/Xilinx/Vitis_HLS/2022.2/common/technology/xilinx/interface/plb46.gen 
Execute       source C:/Xilinx/Vitis_HLS/2022.2/common/technology/xilinx/interface/axi4.gen 
Execute       source C:/Xilinx/Vitis_HLS/2022.2/common/technology/xilinx/interface/nativeAXI4.gen 
Execute         source C:/Xilinx/Vitis_HLS/2022.2/common/technology/xilinx/interface/saxilite.gen 
Execute       source C:/Xilinx/Vitis_HLS/2022.2/common/technology/xilinx/scripts/xilinxcoregen.gen 
Execute       source C:/Xilinx/Vitis_HLS/2022.2/common/technology/xilinx/interface/XilEDKCoreGen.gen 
Execute       source C:/Xilinx/Vitis_HLS/2022.2/common/technology/xilinx/ip/dds_compiler.gen 
Execute       source C:/Xilinx/Vitis_HLS/2022.2/common/technology/xilinx/ip/util.gen 
Execute       source C:/Xilinx/Vitis_HLS/2022.2/common/technology/xilinx/ip/xfft.gen 
Execute       source C:/Xilinx/Vitis_HLS/2022.2/common/technology/xilinx/ip/xfir.gen 
Execute       source C:/Xilinx/Vitis_HLS/2022.2/common/technology/xilinx/DSP48/dsp48.gen 
Execute     ap_part_info -name xczu5eg-sfvc784-1-e -data info 
Execute     config_compile -quiet -complex-mul-dsp=0 
Execute   create_clock -period 10 -name default 
INFO: [HLS 200-1510] Running: create_clock -period 10 -name default 
Execute   csynth_design 
INFO: [HLS 200-1510] Running: csynth_design 
Execute     elaborate -effort=medium -skip_syncheck=0 -keep_printf=0 -skip_cdt=0 -skip_transform=0 -ng=0 -g=0 -opt_fp=0 -from_csynth_design=1 
INFO: [HLS 200-111] Finished File checks and directory preparation: CPU user time: 0 seconds. CPU system time: 1 seconds. Elapsed time: 10.152 seconds; current allocated memory: 106.062 MB.
INFO: [HLS 200-10] Analyzing design file 'src/gtsrb_cnn.cpp' ... 
INFO-FLOW: Compiling one TU...
INFO-FLOW: Handling src/gtsrb_cnn.cpp as C++
Execute       ap_part_info -name xczu5eg-sfvc784-1-e -data info 
INFO-FLOW: Running: GCC PP 39
INFO-FLOW: Source preprocessing
Execute       ap_eval exec -ignorestderr C:/Xilinx/Vitis_HLS/2022.2/win64/tools/clang-3.9-csynth/bin/clang src/gtsrb_cnn.cpp -foptimization-record-file=C:/Xilinx/pynq-zu/HLS/CNN_GTSRB/CNN_GTSRB/solution1/.autopilot/db/gtsrb_cnn.cpp.clang.diag.yml -mllvm -pass-remarks-missed=reflow|pasta|unroll -mllvm -pass-remarks=reflow|pasta|unroll|inline -fno-limit-debug-info --sysroot C:/Xilinx/Vitis_HLS/2022.2/tps/mingw/8.3.0/win64.o/nt -fhls -fno-exceptions -E -fno-math-errno -c -emit-llvm -mllvm -disable-llvm-optzns -Werror=implicit-function-declaration -Werror=implicit-hls-streams -Werror=return-type -Wpragmas -Wunused-parameter -Wdump-hls-pragmas -Wno-error=dump-hls-pragmas -fno-threadsafe-statics -fno-use-cxa-atexit -std=gnu++14 -target fpga64-xilinx-mingw32 -fno-threadsafe-statics -fno-use-cxa-atexit -D__VITIS_HLS__ -DAESL_SYN -D__SYNTHESIS__ -D__HLS_SYN__ -I C:/Xilinx/Vitis_HLS/2022.2/common/technology/autopilot -I C:/Xilinx/Vitis_HLS/2022.2/common/technology/autopilot/ap_sysc -include etc/autopilot_ssdm_op.h -D__DSP48E2__ -I /usr/include/x86_64-linux-gnu -o C:/Xilinx/pynq-zu/HLS/CNN_GTSRB/CNN_GTSRB/solution1/.autopilot/db/gtsrb_cnn.pp.0.cpp {-hls-platform-db-name=C:/Xilinx/Vitis_HLS/2022.2/common/technology\xilinx/common/platform.db} -hls-platform-name=zynquplus_slow -device-resource-info=BRAM_288.000000_DSP_1248.000000_FF_234240.000000_LUT_117120.000000_SLICE_14640.000000_URAM_64.000000 -device-name-info=xczu5eg-sfvc784-1-e > C:/Xilinx/pynq-zu/HLS/CNN_GTSRB/CNN_GTSRB/solution1/.autopilot/db/gtsrb_cnn.cpp.clang.out.log 2> C:/Xilinx/pynq-zu/HLS/CNN_GTSRB/CNN_GTSRB/solution1/.autopilot/db/gtsrb_cnn.cpp.clang.err.log 
Command       ap_eval done; 0.271 sec.
INFO-FLOW: Done: GCC PP 39 time: 0.3 seconds per iteration
Execute       set_directive_top gtsrb_cnn -name=gtsrb_cnn 
Execute       source C:/Xilinx/Vitis_HLS/2022.2/tps/tcl/tcllib1.11.1/yaml/huddle.tcl 
Execute       source C:/Xilinx/Vitis_HLS/2022.2/tps/tcl/tcllib1.11.1/yaml/json2huddle.tcl 
INFO-FLOW: Source syntax check for synthesis
Execute       ap_eval exec -ignorestderr C:/Xilinx/Vitis_HLS/2022.2/win64/tools/clang-3.9-csynth/bin/clang -foptimization-record-file=C:/Xilinx/pynq-zu/HLS/CNN_GTSRB/CNN_GTSRB/solution1/.autopilot/db/clang.diag.yml -mllvm -pass-remarks-missed=reflow|pasta|unroll -mllvm -pass-remarks=reflow|pasta|unroll|inline -fsyntax-only -fhls -target fpga64-xilinx-linux-gnu C:/Xilinx/pynq-zu/HLS/CNN_GTSRB/CNN_GTSRB/solution1/.autopilot/db/gtsrb_cnn.pp.0.cpp {-hls-platform-db-name=C:/Xilinx/Vitis_HLS/2022.2/common/technology\xilinx/common/platform.db} -hls-platform-name=zynquplus_slow -device-resource-info=BRAM_288.000000_DSP_1248.000000_FF_234240.000000_LUT_117120.000000_SLICE_14640.000000_URAM_64.000000 -device-name-info=xczu5eg-sfvc784-1-e > C:/Xilinx/pynq-zu/HLS/CNN_GTSRB/CNN_GTSRB/solution1/.autopilot/db/clang.out.log 2> C:/Xilinx/pynq-zu/HLS/CNN_GTSRB/CNN_GTSRB/solution1/.autopilot/db/clang.err.log 
Command       ap_eval done; 0.397 sec.
Execute       clang_tidy xilinx-systemc-detector -desc systemc-detector C:/Xilinx/pynq-zu/HLS/CNN_GTSRB/CNN_GTSRB/solution1/.autopilot/db/gtsrb_cnn.pp.0.cpp std=gnu++14 -target fpga  -directive=C:/Xilinx/pynq-zu/HLS/CNN_GTSRB/CNN_GTSRB/solution1/.autopilot/db/.systemc_flag 
INFO-FLOW: exec C:/Xilinx/Vitis_HLS/2022.2/win64/tools/clang-3.9-csynth/bin/clang-tidy -header-filter=.* --checks=-*,xilinx-systemc-detector -import-directive=C:/Xilinx/pynq-zu/HLS/CNN_GTSRB/CNN_GTSRB/solution1/.autopilot/db/.systemc_flag -fix-errors C:/Xilinx/pynq-zu/HLS/CNN_GTSRB/CNN_GTSRB/solution1/.autopilot/db/gtsrb_cnn.pp.0.cpp -- -std=gnu++14 -target fpga -fhls -ferror-limit=0
Command       clang_tidy done; 0.332 sec.
INFO-FLOW: Running: clang-tidy CDT preprocess 39
Execute       clang_tidy xilinx-directive2pragma -desc directive2pragma C:/Xilinx/pynq-zu/HLS/CNN_GTSRB/CNN_GTSRB/solution1/.autopilot/db/gtsrb_cnn.pp.0.cpp std=gnu++14 -target fpga  -directive=C:/Xilinx/pynq-zu/HLS/CNN_GTSRB/CNN_GTSRB/solution1/.autopilot/db/all.directive.json 
INFO-FLOW: exec C:/Xilinx/Vitis_HLS/2022.2/win64/tools/clang-3.9-csynth/bin/clang-tidy -header-filter=.* --checks=-*,xilinx-directive2pragma -import-directive=C:/Xilinx/pynq-zu/HLS/CNN_GTSRB/CNN_GTSRB/solution1/.autopilot/db/all.directive.json -fix-errors C:/Xilinx/pynq-zu/HLS/CNN_GTSRB/CNN_GTSRB/solution1/.autopilot/db/gtsrb_cnn.pp.0.cpp -- -std=gnu++14 -target fpga -fhls -ferror-limit=0
Command       clang_tidy done; 0.418 sec.
Execute       clang_tidy xilinx-remove-assert -desc remove-assert C:/Xilinx/pynq-zu/HLS/CNN_GTSRB/CNN_GTSRB/solution1/.autopilot/db/gtsrb_cnn.pp.0.cpp std=gnu++14 -target fpga  
INFO-FLOW: exec C:/Xilinx/Vitis_HLS/2022.2/win64/tools/clang-3.9-csynth/bin/clang-tidy -header-filter=.* --checks=-*,xilinx-remove-assert -fix-errors C:/Xilinx/pynq-zu/HLS/CNN_GTSRB/CNN_GTSRB/solution1/.autopilot/db/gtsrb_cnn.pp.0.cpp -- -std=gnu++14 -target fpga -fhls -ferror-limit=0
Command       clang_tidy done; 0.251 sec.
INFO-FLOW: Done: clang-tidy CDT preprocess 39 time: 0.7 seconds per iteration
INFO-FLOW: Calling xilinx-label-all-loops ... 
INFO-FLOW: Calling xilinx-aggregate-on-hls-vector ... 
Execute       clang_tidy -errorcheck -desc loop-label xilinx-label-all-loops,xilinx-aggregate-on-hls-vector,,xilinx-warn-mayneed-no-ctor-attribute C:/Xilinx/pynq-zu/HLS/CNN_GTSRB/CNN_GTSRB/solution1/.autopilot/db/gtsrb_cnn.pp.0.cpp std=gnu++14 -target fpga  
Execute         ap_eval exec -ignorestderr C:/Xilinx/Vitis_HLS/2022.2/win64/tools/clang-3.9-csynth/bin/clang-tidy -export-fixes=C:/Xilinx/pynq-zu/HLS/CNN_GTSRB/CNN_GTSRB/solution1/.autopilot/db/gtsrb_cnn.pp.0.cpp.clang-tidy.loop-label.diag.yml -header-filter=.* --checks=-*,xilinx-label-all-loops,xilinx-aggregate-on-hls-vector,,xilinx-warn-mayneed-no-ctor-attribute -fix-errors C:/Xilinx/pynq-zu/HLS/CNN_GTSRB/CNN_GTSRB/solution1/.autopilot/db/gtsrb_cnn.pp.0.cpp -- -std=gnu++14 -target fpga -fhls -ferror-limit=0 > C:/Xilinx/pynq-zu/HLS/CNN_GTSRB/CNN_GTSRB/solution1/.autopilot/db/gtsrb_cnn.pp.0.cpp.clang-tidy.loop-label.out.log 2> C:/Xilinx/pynq-zu/HLS/CNN_GTSRB/CNN_GTSRB/solution1/.autopilot/db/gtsrb_cnn.pp.0.cpp.clang-tidy.loop-label.err.log 
Command         ap_eval done; 0.521 sec.
Execute         source C:/Xilinx/Vitis_HLS/2022.2/tps/tcl/tcllib1.11.1/yaml/yaml.tcl 
Command       clang_tidy done; 0.572 sec.
Execute       ap_eval exec -ignorestderr C:/Xilinx/Vitis_HLS/2022.2/win64/tools/clang-3.9-csynth/bin/xilinx-dataflow-lawyer -export-fixes=C:/Xilinx/pynq-zu/HLS/CNN_GTSRB/CNN_GTSRB/solution1/.autopilot/db/gtsrb_cnn.pp.0.cpp.xilinx-dataflow-lawyer.diag.yml C:/Xilinx/pynq-zu/HLS/CNN_GTSRB/CNN_GTSRB/solution1/.autopilot/db/gtsrb_cnn.pp.0.cpp -- -std=gnu++14 -target fpga -fhls -ferror-limit=0 -fstrict-dataflow > C:/Xilinx/pynq-zu/HLS/CNN_GTSRB/CNN_GTSRB/solution1/.autopilot/db/gtsrb_cnn.pp.0.cpp.xilinx-dataflow-lawyer.out.log 2> C:/Xilinx/pynq-zu/HLS/CNN_GTSRB/CNN_GTSRB/solution1/.autopilot/db/gtsrb_cnn.pp.0.cpp.xilinx-dataflow-lawyer.err.log 
Command       ap_eval done; 0.303 sec.
Execute       ap_part_info -name xczu5eg-sfvc784-1-e -data info 
INFO-FLOW: compiling source code to llvm bc
Execute       ap_eval exec -ignorestderr C:/Xilinx/Vitis_HLS/2022.2/win64/tools/clang-3.9-csynth/bin/clang -foptimization-record-file=C:/Xilinx/pynq-zu/HLS/CNN_GTSRB/CNN_GTSRB/solution1/.autopilot/db/gtsrb_cnn.pp.0.cpp.clang.diag.yml -mllvm -pass-remarks-missed=reflow|pasta|unroll -mllvm -pass-remarks=reflow|pasta|unroll|inline -fno-limit-debug-info -fhls -flto -fno-exceptions -Wno-error=c++11-narrowing C:/Xilinx/pynq-zu/HLS/CNN_GTSRB/CNN_GTSRB/solution1/.autopilot/db/gtsrb_cnn.pp.0.cpp -fno-math-errno -c -emit-llvm -mllvm -disable-llvm-optzns -Werror=implicit-function-declaration -Werror=implicit-hls-streams -Werror=return-type -Wpragmas -Wunused-parameter -Wdump-hls-pragmas -Wno-error=dump-hls-pragmas -fno-threadsafe-statics -fno-use-cxa-atexit -std=gnu++14 -target fpga64-xilinx-linux-gnu -D__VITIS_HLS__ -DAESL_SYN -D__SYNTHESIS__ -D__HLS_SYN__ -I C:/Xilinx/Vitis_HLS/2022.2/common/technology/autopilot -I C:/Xilinx/Vitis_HLS/2022.2/common/technology/autopilot/ap_sysc -include etc/autopilot_ssdm_op.h -D__DSP48E2__ -g -o C:/Xilinx/pynq-zu/HLS/CNN_GTSRB/CNN_GTSRB/solution1/.autopilot/db/gtsrb_cnn.bc {-hls-platform-db-name=C:/Xilinx/Vitis_HLS/2022.2/common/technology\xilinx/common/platform.db} -hls-platform-name=zynquplus_slow -device-resource-info=BRAM_288.000000_DSP_1248.000000_FF_234240.000000_LUT_117120.000000_SLICE_14640.000000_URAM_64.000000 -device-name-info=xczu5eg-sfvc784-1-e > C:/Xilinx/pynq-zu/HLS/CNN_GTSRB/CNN_GTSRB/solution1/.autopilot/db/gtsrb_cnn.pp.0.cpp.clang.out.log 2> C:/Xilinx/pynq-zu/HLS/CNN_GTSRB/CNN_GTSRB/solution1/.autopilot/db/gtsrb_cnn.pp.0.cpp.clang.err.log 
Command       ap_eval done; 0.384 sec.
WARNING: [HLS 207-5292] unused parameter 'Hin' (src/gtsrb_cnn.cpp:5:15)
INFO: [HLS 200-111] Finished Source Code Analysis and Preprocessing: CPU user time: 1 seconds. CPU system time: 0 seconds. Elapsed time: 3.012 seconds; current allocated memory: 107.699 MB.
INFO-FLOW: Linking Debug ...
INFO-FLOW: Linking dut bc code.
Execute       run_link_or_opt -out C:/Xilinx/pynq-zu/HLS/CNN_GTSRB/CNN_GTSRB/solution1/.autopilot/db/a.g.ld.0.bc -args  "C:/Xilinx/pynq-zu/HLS/CNN_GTSRB/CNN_GTSRB/solution1/.autopilot/db/gtsrb_cnn.g.bc"  
Execute         ap_eval exec -ignorestderr C:/Xilinx/Vitis_HLS/2022.2/win64/tools/clang-3.9-csynth/bin/llvm-link C:/Xilinx/pynq-zu/HLS/CNN_GTSRB/CNN_GTSRB/solution1/.autopilot/db/gtsrb_cnn.g.bc -o C:/Xilinx/pynq-zu/HLS/CNN_GTSRB/CNN_GTSRB/solution1/.autopilot/db/a.g.ld.0.bc > C:/Xilinx/pynq-zu/HLS/CNN_GTSRB/CNN_GTSRB/solution1/.autopilot/db/a.g.ld.0.bc.llvm-link.out.log 2> C:/Xilinx/pynq-zu/HLS/CNN_GTSRB/CNN_GTSRB/solution1/.autopilot/db/a.g.ld.0.bc.llvm-link.err.log 
INFO-FLOW: 
Execute       run_link_or_opt -opt -out C:/Xilinx/pynq-zu/HLS/CNN_GTSRB/CNN_GTSRB/solution1/.autopilot/db/a.g.ld.1.lower.bc -args C:/Xilinx/pynq-zu/HLS/CNN_GTSRB/CNN_GTSRB/solution1/.autopilot/db/a.g.ld.0.bc -reflow-lower-math-intrinsics 
Execute         ap_eval exec -ignorestderr C:/Xilinx/Vitis_HLS/2022.2/win64/tools/clang-3.9-csynth/bin/opt -pass-remarks-missed=reflow|pasta|unroll -pass-remarks=reflow|pasta|unroll|inline -pass-remarks-output=C:/Xilinx/pynq-zu/HLS/CNN_GTSRB/CNN_GTSRB/solution1/.autopilot/db/a.g.ld.1.lower.bc.opt.diag.yml C:/Xilinx/pynq-zu/HLS/CNN_GTSRB/CNN_GTSRB/solution1/.autopilot/db/a.g.ld.0.bc -reflow-lower-math-intrinsics -o C:/Xilinx/pynq-zu/HLS/CNN_GTSRB/CNN_GTSRB/solution1/.autopilot/db/a.g.ld.1.lower.bc > C:/Xilinx/pynq-zu/HLS/CNN_GTSRB/CNN_GTSRB/solution1/.autopilot/db/a.g.ld.1.lower.bc.opt.out.log 2> C:/Xilinx/pynq-zu/HLS/CNN_GTSRB/CNN_GTSRB/solution1/.autopilot/db/a.g.ld.1.lower.bc.opt.err.log 
INFO-FLOW: 
INFO-FLOW: Linking math bc lib
Execute       run_link_or_opt -out C:/Xilinx/pynq-zu/HLS/CNN_GTSRB/CNN_GTSRB/solution1/.autopilot/db/a.g.ld.2.m1.bc -args C:/Xilinx/pynq-zu/HLS/CNN_GTSRB/CNN_GTSRB/solution1/.autopilot/db/a.g.ld.1.lower.bc -only-needed C:/Xilinx/Vitis_HLS/2022.2/win64/lib/libhlsm_39.bc C:/Xilinx/Vitis_HLS/2022.2/win64/lib/libhlsmc++_39.bc 
Execute         ap_eval exec -ignorestderr C:/Xilinx/Vitis_HLS/2022.2/win64/tools/clang-3.9-csynth/bin/llvm-link C:/Xilinx/pynq-zu/HLS/CNN_GTSRB/CNN_GTSRB/solution1/.autopilot/db/a.g.ld.1.lower.bc -only-needed C:/Xilinx/Vitis_HLS/2022.2/win64/lib/libhlsm_39.bc C:/Xilinx/Vitis_HLS/2022.2/win64/lib/libhlsmc++_39.bc -o C:/Xilinx/pynq-zu/HLS/CNN_GTSRB/CNN_GTSRB/solution1/.autopilot/db/a.g.ld.2.m1.bc > C:/Xilinx/pynq-zu/HLS/CNN_GTSRB/CNN_GTSRB/solution1/.autopilot/db/a.g.ld.2.m1.bc.llvm-link.out.log 2> C:/Xilinx/pynq-zu/HLS/CNN_GTSRB/CNN_GTSRB/solution1/.autopilot/db/a.g.ld.2.m1.bc.llvm-link.err.log 
Command         ap_eval done; 1.703 sec.
INFO-FLOW: 
Command       run_link_or_opt done; 1.704 sec.
Execute       run_link_or_opt -opt -out C:/Xilinx/pynq-zu/HLS/CNN_GTSRB/CNN_GTSRB/solution1/.autopilot/db/a.g.ld.3.fpc.bc -args C:/Xilinx/pynq-zu/HLS/CNN_GTSRB/CNN_GTSRB/solution1/.autopilot/db/a.g.ld.2.m1.bc -reflow-globaldce -hls-top-function-name=gtsrb_cnn -reflow-float-conversion 
Execute         ap_eval exec -ignorestderr C:/Xilinx/Vitis_HLS/2022.2/win64/tools/clang-3.9-csynth/bin/opt -pass-remarks-missed=reflow|pasta|unroll -pass-remarks=reflow|pasta|unroll|inline -pass-remarks-output=C:/Xilinx/pynq-zu/HLS/CNN_GTSRB/CNN_GTSRB/solution1/.autopilot/db/a.g.ld.3.fpc.bc.opt.diag.yml C:/Xilinx/pynq-zu/HLS/CNN_GTSRB/CNN_GTSRB/solution1/.autopilot/db/a.g.ld.2.m1.bc -reflow-globaldce -hls-top-function-name=gtsrb_cnn -reflow-float-conversion -o C:/Xilinx/pynq-zu/HLS/CNN_GTSRB/CNN_GTSRB/solution1/.autopilot/db/a.g.ld.3.fpc.bc > C:/Xilinx/pynq-zu/HLS/CNN_GTSRB/CNN_GTSRB/solution1/.autopilot/db/a.g.ld.3.fpc.bc.opt.out.log 2> C:/Xilinx/pynq-zu/HLS/CNN_GTSRB/CNN_GTSRB/solution1/.autopilot/db/a.g.ld.3.fpc.bc.opt.err.log 
Command         ap_eval done; 0.596 sec.
INFO-FLOW: 
Command       run_link_or_opt done; 0.598 sec.
Execute       run_link_or_opt -out C:/Xilinx/pynq-zu/HLS/CNN_GTSRB/CNN_GTSRB/solution1/.autopilot/db/a.g.ld.4.m2.bc -args C:/Xilinx/pynq-zu/HLS/CNN_GTSRB/CNN_GTSRB/solution1/.autopilot/db/a.g.ld.3.fpc.bc -only-needed C:/Xilinx/Vitis_HLS/2022.2/win64/lib/libfloatconversion_39.bc 
Execute         ap_eval exec -ignorestderr C:/Xilinx/Vitis_HLS/2022.2/win64/tools/clang-3.9-csynth/bin/llvm-link C:/Xilinx/pynq-zu/HLS/CNN_GTSRB/CNN_GTSRB/solution1/.autopilot/db/a.g.ld.3.fpc.bc -only-needed C:/Xilinx/Vitis_HLS/2022.2/win64/lib/libfloatconversion_39.bc -o C:/Xilinx/pynq-zu/HLS/CNN_GTSRB/CNN_GTSRB/solution1/.autopilot/db/a.g.ld.4.m2.bc > C:/Xilinx/pynq-zu/HLS/CNN_GTSRB/CNN_GTSRB/solution1/.autopilot/db/a.g.ld.4.m2.bc.llvm-link.out.log 2> C:/Xilinx/pynq-zu/HLS/CNN_GTSRB/CNN_GTSRB/solution1/.autopilot/db/a.g.ld.4.m2.bc.llvm-link.err.log 
INFO-FLOW: 
Execute       run_link_or_opt -opt -out C:/Xilinx/pynq-zu/HLS/CNN_GTSRB/CNN_GTSRB/solution1/.autopilot/db/a.g.ld.5.gdce.bc -args C:/Xilinx/pynq-zu/HLS/CNN_GTSRB/CNN_GTSRB/solution1/.autopilot/db/a.g.ld.4.m2.bc -reflow-globaldce -hls-top-function-name=gtsrb_cnn 
Execute         ap_eval exec -ignorestderr C:/Xilinx/Vitis_HLS/2022.2/win64/tools/clang-3.9-csynth/bin/opt -pass-remarks-missed=reflow|pasta|unroll -pass-remarks=reflow|pasta|unroll|inline -pass-remarks-output=C:/Xilinx/pynq-zu/HLS/CNN_GTSRB/CNN_GTSRB/solution1/.autopilot/db/a.g.ld.5.gdce.bc.opt.diag.yml C:/Xilinx/pynq-zu/HLS/CNN_GTSRB/CNN_GTSRB/solution1/.autopilot/db/a.g.ld.4.m2.bc -reflow-globaldce -hls-top-function-name=gtsrb_cnn -o C:/Xilinx/pynq-zu/HLS/CNN_GTSRB/CNN_GTSRB/solution1/.autopilot/db/a.g.ld.5.gdce.bc > C:/Xilinx/pynq-zu/HLS/CNN_GTSRB/CNN_GTSRB/solution1/.autopilot/db/a.g.ld.5.gdce.bc.opt.out.log 2> C:/Xilinx/pynq-zu/HLS/CNN_GTSRB/CNN_GTSRB/solution1/.autopilot/db/a.g.ld.5.gdce.bc.opt.err.log 
INFO-FLOW: 
Execute       send_msg_by_id INFO @200-777@%s Vivado 
INFO: [HLS 200-777] Using interface defaults for 'Vivado' flow target.
Execute       is_m_axi_addr64 
INFO-FLOW: Doing LTO.
Execute       ap_eval exec -ignorestderr C:/Xilinx/Vitis_HLS/2022.2/win64/tools/clang-3.9-csynth/bin/clang -foptimization-record-file=C:/Xilinx/pynq-zu/HLS/CNN_GTSRB/CNN_GTSRB/solution1/.autopilot/db/a.g.ld.0.bc.clang.diag.yml -mllvm -pass-remarks-missed=reflow|pasta|unroll -mllvm -pass-remarks=reflow|pasta|unroll|inline -fhls -mllvm -hls-top-function-name=gtsrb_cnn -mllvm -hls-db-dir -mllvm C:/Xilinx/pynq-zu/HLS/CNN_GTSRB/CNN_GTSRB/solution1/.autopilot/db -emit-llvm -c -target fpga64-xilinx-none -mllvm -xcl-xmlinfo=C:/Xilinx/pynq-zu/HLS/CNN_GTSRB/CNN_GTSRB/solution1/.autopilot/db/kernel.internal.xml -mllvm -top-io-mapping-info=C:/Xilinx/pynq-zu/HLS/CNN_GTSRB/CNN_GTSRB/solution1/.autopilot/db/top-io-fe.xml -mllvm -hls-bitcode-version=3.1 -mllvm -reflow-enable-slave-interface-default-setting=true -mllvm -gen-kernel-xml=false -mllvm -default-maxi-offset=slave -mllvm -maxi-latency=0 -mllvm -hls-maxi-data-size-in-bits=8 -mllvm -hls-maxi-max-data-size-in-bits=1024 -mllvm -hls-max-widen-size-in-bits=0 -mllvm -xcl-kernel-max-mem-ports=0 -mllvm -maxi-read-trans=16 -mllvm -maxi-write-trans=16 -mllvm -maxi-read-burst-len=16 -mllvm -maxi-write-burst-len=16 -mllvm -reflow-enable-saxi-64bits=0 -mllvm -reflow-basic-block-instr-threshold=200000 -mllvm -reflow-auto-pipeline-threshold=64 -mllvm -reflow-enable-maxi-auto-id-channel=0 -mllvm -assume-maxi-align=1 -mllvm -reflow-pipeline-style-llvm-setting=2 -mllvm -reflow-enable-dataflow-strict-mode-checking=1 -mllvm -reflow-auto-array-partition-mode=default -mllvm -reflow-enable-auto-array-partition=true -mllvm -reflow-enable-auto-parallel-performance-driven=true -mllvm -reflow-enable-partition-for-automation=true -mllvm -reflow-aggregate-bitwidth-threshold=4096 -mllvm -reflow-assume-no-address-wrap=true -mllvm -hls -mllvm -disable-inlined-alloca-merging=true -mllvm -default-clock-period=10 -x ir C:/Xilinx/pynq-zu/HLS/CNN_GTSRB/CNN_GTSRB/solution1/.autopilot/db/a.g.ld.5.gdce.bc -o C:/Xilinx/pynq-zu/HLS/CNN_GTSRB/CNN_GTSRB/solution1/.autopilot/db/a.g.lto.bc {-hls-platform-db-name=C:/Xilinx/Vitis_HLS/2022.2/common/technology\xilinx/common/platform.db} -hls-platform-name=zynquplus_slow -device-resource-info=BRAM_288.000000_DSP_1248.000000_FF_234240.000000_LUT_117120.000000_SLICE_14640.000000_URAM_64.000000 -device-name-info=xczu5eg-sfvc784-1-e > C:/Xilinx/pynq-zu/HLS/CNN_GTSRB/CNN_GTSRB/solution1/.autopilot/db/a.g.ld.0.bc.clang.out.log 2> C:/Xilinx/pynq-zu/HLS/CNN_GTSRB/CNN_GTSRB/solution1/.autopilot/db/a.g.ld.0.bc.clang.err.log 
Command       ap_eval done; 0.568 sec.
INFO: [HLS 214-131] Inlining function 'fmax_argmax(int, float const*, int*)' into 'gtsrb_cnn(float*, float*, float*, float*, float*, float*, float*, float*, float*, float*, float*, float*, int*)' (src/gtsrb_cnn.cpp:184:5)
INFO: [HLS 214-291] Loop 'VITIS_LOOP_19_4' is marked as complete unroll implied by the pipeline pragma (src/gtsrb_cnn.cpp:19:34)
INFO: [HLS 214-291] Loop 'VITIS_LOOP_21_5' is marked as complete unroll implied by the pipeline pragma (src/gtsrb_cnn.cpp:21:38)
INFO: [HLS 214-291] Loop 'VITIS_LOOP_25_6' is marked as complete unroll implied by the pipeline pragma (src/gtsrb_cnn.cpp:25:42)
INFO: [HLS 214-186] Unrolling loop 'VITIS_LOOP_19_4' (src/gtsrb_cnn.cpp:19:34) in function 'conv_valid_relu' completely with a factor of 3 (src/gtsrb_cnn.cpp:12:0)
INFO: [HLS 214-186] Unrolling loop 'VITIS_LOOP_21_5' (src/gtsrb_cnn.cpp:21:38) in function 'conv_valid_relu' completely with a factor of 3 (src/gtsrb_cnn.cpp:12:0)
WARNING: [HLS 214-366] Duplicating function 'linear(int, int, float const*, float const*, float const*, bool, float*)' as different function signatures were detected between this call site and other call site(s). This may impact the resources used in the design. (src/gtsrb_cnn.cpp:181:5)
WARNING: [HLS 214-366] Duplicating function 'conv_valid_relu(int, int, int, int, int, int, float const*, float const*, float const*, int, int, float*)' as different function signatures were detected between this call site and other call site(s). This may impact the resources used in the design. (src/gtsrb_cnn.cpp:173:5)
WARNING: [HLS 214-366] Duplicating function 'conv_valid_relu(int, int, int, int, int, int, float const*, float const*, float const*, int, int, float*)' as different function signatures were detected between this call site and other call site(s). This may impact the resources used in the design. (src/gtsrb_cnn.cpp:177:5)
INFO: [HLS 214-186] Unrolling loop 'VITIS_LOOP_25_6' (src/gtsrb_cnn.cpp:25:42) in function 'conv_valid_relu' completely with a factor of 3 (src/gtsrb_cnn.cpp:12:0)
INFO: [HLS 214-115] Multiple burst reads of length 3 and bit width 32 has been inferred on bundle 'gmem5'. These burst requests might be further partitioned into multiple requests during RTL generation, based on max_read_burst_length or max_write_burst_length settings. (src/gtsrb_cnn.cpp:25:42)
INFO: [HLS 214-115] Multiple burst writes of length 43 and bit width 32 in loop 'VITIS_LOOP_83_1'(src/gtsrb_cnn.cpp:83:19) has been inferred on bundle 'gmem5'. These burst requests might be further partitioned into multiple requests during RTL generation, based on max_read_burst_length or max_write_burst_length settings. (src/gtsrb_cnn.cpp:83:19)
INFO: [HLS 214-115] Multiple burst reads of length 42 and bit width 32 in loop 'VITIS_LOOP_101_1'(src/gtsrb_cnn.cpp:101:23) has been inferred on bundle 'gmem5'. These burst requests might be further partitioned into multiple requests during RTL generation, based on max_read_burst_length or max_write_burst_length settings. (src/gtsrb_cnn.cpp:101:23)
INFO-FLOW: DBG:PUTS: copy_raw_kernel_xml ap_link_39: kernel.xml not generated: C:/Xilinx/pynq-zu/HLS/CNN_GTSRB/CNN_GTSRB/solution1/.autopilot/db/kernel.internal.xml
INFO: [HLS 200-111] Finished Compiling Optimization and Transform: CPU user time: 0 seconds. CPU system time: 0 seconds. Elapsed time: 3.687 seconds; current allocated memory: 109.855 MB.
INFO: [HLS 200-111] Finished Checking Pragmas: CPU user time: 0 seconds. CPU system time: 0 seconds. Elapsed time: 0.002 seconds; current allocated memory: 109.863 MB.
Execute       opt_and_import_c a -opt_level=2 -skip_syncheck=0 -ng=0 -keep_printf=0 
Execute         cleanup_all_models 
INFO: [HLS 200-10] Starting code transformations ...
INFO-FLOW: Running Standard Transforms...
Execute         transform -hls -share-std-xform -demangle-name -inline-byval-memcpy -always-inline -promote-dbg-pointer -interface-preproc -mem2reg -scalarrepl -mem2reg -keep-read-access -instcombine -dce -promote-dbg-pointer -bitop-raise -loop-simplify -indvarspre -indvars -loop-simplify -xunroll -constprop -instcombine -simplifycfg -indvars -simplifycfg -dce -globaldce -basicaa -simplifycfg -mem2reg -globalopt -global-constprop -deadargelim -instcombine -simplifycfg -scalarrepl -instcombine -reassociate -licm -simplifycfg -loop-simplify -indvars -instcombine -simplifycfg -mem2reg -loop-simplify -indvars -instcombine -gvn -gvn -instcombine -adce -break-crit-edges -simplifycfg -loop-delete -global-array-opt -dce -dse -adce -find-syn-modules -top gtsrb_cnn -deadargelim -mem2reg -instcombine -dce -presyn-prepare -auto-rom-infer -interface-preproc -syn-check -check-rec-only -find-region -simplifycfg -func-extr -function-inline -globaldce -mem2reg -instcombine -dce -gvn -globaldce -adce -adse -constprop -instcombine -bit-constprop -instcombine -dce -simplifycfg -bitop-raise -simplifycfg -dce -loop-delete -reassociate -globalopt -global-privatize -mem2reg -dce -global-constprop -pointer-simplify -constprop -dce -auto-shift-reg-idiom -promote-dbg-pointer -norm-name C:/Xilinx/pynq-zu/HLS/CNN_GTSRB/CNN_GTSRB/solution1/.autopilot/db/a.g.0.bc -o C:/Xilinx/pynq-zu/HLS/CNN_GTSRB/CNN_GTSRB/solution1/.autopilot/db/a.g.1.bc -f -phase std-opt 
Command         transform done; 0.101 sec.
INFO: [HLS 200-111] Finished Standard Transforms: CPU user time: 0 seconds. CPU system time: 0 seconds. Elapsed time: 0.105 seconds; current allocated memory: 117.176 MB.
INFO: [HLS 200-10] Checking synthesizability ...
INFO-FLOW: Checking Synthesizability 1/2..
Execute         transform -hls -syn-check -check-rec-only -scalarrepl -norm-name -dce -mem2reg -instcombine -directive-preproc -mem2reg -dse -dce -auto-rom-infer -dce -pag -array-normalize -instcombine -dce -array-seg-normalize -instcombine -dce -data-pack -instcombine -dce -inst-simplify -array-flatten -instcombine -dce -array-burst -dce -deadargelim -promote-global-argument -simplifycfg -mem2reg -globaldce -dce -deadargelim -dce -instcombine -function-inline -globaldce -dce -doublePtrSimplify -doublePtrElim -dce -doublePtrSimplify -promote-dbg-pointer -dce -scalarrepl -dse -adse -instcombine -ptrLegalization -simplifycfg -dce -instcombine -pointer-simplify -ptrArgReplace -dce -instcombine -resolve-double-ptr -scalarrepl -norm-name -dce -mem2reg -instcombine -ptrLegalization -simplifycfg -deadargelim -instcombine -dce -inst-simplify -directive-preproc -mem2reg -dse -dce -globaldce C:/Xilinx/pynq-zu/HLS/CNN_GTSRB/CNN_GTSRB/solution1/.autopilot/db/a.g.1.bc -o C:/Xilinx/pynq-zu/HLS/CNN_GTSRB/CNN_GTSRB/solution1/.autopilot/db/a.g.2.prechk.bc -f 
INFO-FLOW: Checking Synthesizability 2/2..
Execute         transform -syn-check C:/Xilinx/pynq-zu/HLS/CNN_GTSRB/CNN_GTSRB/solution1/.autopilot/db/a.g.2.prechk.bc -o C:/Xilinx/pynq-zu/HLS/CNN_GTSRB/CNN_GTSRB/solution1/.autopilot/db/a.g.2.bc -f -phase syn-check 
INFO: [HLS 200-111] Finished Checking Synthesizability: CPU user time: 0 seconds. CPU system time: 0 seconds. Elapsed time: 0.061 seconds; current allocated memory: 119.879 MB.
INFO-FLOW: Compiler optimizing ...
INFO-FLOW: Share syncheck's 1.bc for syn flow: copy C:/Xilinx/pynq-zu/HLS/CNN_GTSRB/CNN_GTSRB/solution1/.autopilot/db/a.g.1.bc to C:/Xilinx/pynq-zu/HLS/CNN_GTSRB/CNN_GTSRB/solution1/.autopilot/db/a.o.1.bc
INFO-FLOW: Presyn 1...
Execute         transform -hls -tmp C:/Xilinx/pynq-zu/HLS/CNN_GTSRB/CNN_GTSRB/solution1/.autopilot/db -interface-port-rename -directive-preproc -mem2reg -dse -dce -scalarrepl -norm-name -deadargelim -mem2reg -instcombine -dce -simplifycfg -auto-rom-infer -dce -resource-proc -clib-intrinsic-prepare -dce -func-buffer -dce -pag -array-normalize -func-legal -instcombine -gvn -constprop -dce -simplifycfg -mem2reg -globaldce -resolve-double-ptr -dce -deadargelim -dce -instcombine -ptrArgReplace -mem2reg -dce -array-seg-normalize -deadargelim -instcombine -dce -directive-preproc -mem2reg -dse -dce -pointer-simplify -dce -port-alignment -dce -interface-preproc -data-pack -instcombine -dce -basicaa -aggr-aa -aggrmodref-aa -aggr-aa -gvn -gvn -basicaa -aggr-aa -aggrmodref-aa -aggr-aa -dse -adse -adce -loop-simplify -indvars -instcombine -gvn -loop-simplify -mem2reg -dce -find-region -instcombine -auto-loop-pipeline -inst-simplify -interface-preproc -cfgopt -instcombine -indvars -auto-loop-unroll -loop-simplify -loop-bound -xunroll -constprop -instcombine -simplifycfg -indvars -simplifycfg -dce -globaldce -clean-region -attach-range -gvn -inst-simplify -constprop -simplifycfg -dce -pointer-simplify -dce -globalopt -constprop -dce -array-promote -scalar-auto-dep-elim -constprop -dce -ptrArgReplace -mem2reg -simplifycfg -dce -instcombine -dce -array-transform-check -array-reshape -instcombine -simplifycfg -dce -ptrArgReplace -deadargelim -mem2reg -instcombine -simplifycfg -dce -indvars -loop-simplify -loop-bound -xunroll -constprop -instcombine -simplifycfg -indvars -simplifycfg -dce -globaldce -basicaa -aggr-aa -aggrmodref-aa -aggr-aa -dse -duplicate-dataflow-processes -globaldce -instcombine -array-partition -prepare-dynamic-array-partition -instcombine -simplifycfg -dce -ptrArgReplace -global-constprop -deadargelim -mem2reg -func-legal -dce -global-constprop -deadargelim -mem2reg -simplifycfg -dce -merge-param -deadargelim -globalopt -constprop -dce -array-promote -scalar-auto-dep-elim -constprop -dce -ptrArgReplace -mem2reg -simplifycfg -dce -mem-intrinsic-preproc -dce -global-internalize -global-privatize -mem2reg -globaldce -promote-global-argument -ptrArgReplace -mem2reg -dce -globalopt -mergereturn -simplify-global-access -mem2reg -dce -pointer-simplify -dce -functionattrs -basicaa -aggr-aa -aggrmodref-aa -aggr-aa -gvn -gvn -basicaa -aggr-aa -aggrmodref-aa -aggr-aa -dse -adse -adce -dce -norm-name -basicaa -aggr-aa -aggrmodref-aa -aggr-aa -accesses-merge -function-inline -complex-op-raise -inst-simplify -globaldce -func-legal -dce -loop-bound -arraycheck -bitwidthmin2 -bitwidthmin2 -on-by-dataflow -loop-delete -instcombine -simplifycfg -globaldce -dce -gvn -deadargelim -dce -loop-simplify -clean-region -simplifycfg -propagate-stable-arguments -loop-stream -instcombine -simplifycfg -dce -globaldce -duplicate-dataflow-processes -stream-intrinsic-preproc -dce -check-ap-stream -loop-simplify -eliminate-keepreads -extract-dataflow-in-loop -loop-simplify -dce -gvn -deadargelim -dse -duplicate-dataflow-processes -check-dataflow-syntax -legalize-stream-variable -globaldce -legalize-global -extract-subproc -dce -dead-channel-elimination -canonicalize-gep -globaldce -dce -gvn -hls-dead-arg-elim -deadargelim -directive-preproc -canonicalize-dataflow -dce -globaldce -scalar-preprocessing -scalar-propagation2 -deadargelim -globaldce -mem2reg -check-dataflow-channels -function-stream -dce -globaldce -prop-fifo-spec -internal-stream-gen -canonicalize-gep -globaldce -dce -gvn -deadargelim -mergereturn -indvars -loop-simplify -instcombine -array-stream -array-seg-normalize -array-partition -func-legal -instcombine -simplifycfg -dce -bundle-memfifo-ops -deadargelim -directive-preproc -mem2reg -dse -dce -group-axi-access -licm -simplifycfg -dce -loop-delete -hls-display -norm-name C:/Xilinx/pynq-zu/HLS/CNN_GTSRB/CNN_GTSRB/solution1/.autopilot/db/a.o.1.bc -o C:/Xilinx/pynq-zu/HLS/CNN_GTSRB/CNN_GTSRB/solution1/.autopilot/db/a.o.1.tmp.bc -f 
INFO: [XFORM 203-510] Pipelining loop 'VITIS_LOOP_83_1' (src/gtsrb_cnn.cpp:83) in function 'linear.2' automatically.
INFO: [XFORM 203-510] Pipelining loop 'VITIS_LOOP_86_2' (src/gtsrb_cnn.cpp:84) in function 'linear' automatically.
INFO: [XFORM 203-510] Pipelining loop 'VITIS_LOOP_101_1' (src/gtsrb_cnn.cpp:99) in function 'gtsrb_cnn' automatically.
INFO: [XFORM 203-502] Unrolling all sub-loops inside loop 'VITIS_LOOP_83_1' (src/gtsrb_cnn.cpp:83) in function 'linear.2' for pipelining.
INFO: [XFORM 203-502] Unrolling all sub-loops inside loop 'VITIS_LOOP_16_3' (src/gtsrb_cnn.cpp:16) in function 'conv_valid_relu.1' for pipelining.
INFO: [XFORM 203-502] Unrolling all sub-loops inside loop 'VITIS_LOOP_16_3' (src/gtsrb_cnn.cpp:16) in function 'conv_valid_relu.2' for pipelining.
INFO: [HLS 200-489] Unrolling loop 'VITIS_LOOP_86_2' (src/gtsrb_cnn.cpp:84) in function 'linear.2' completely with a factor of 64.
WARNING: [HLS 200-936] Cannot unroll loop 'VITIS_LOOP_25_6' (src/gtsrb_cnn.cpp:18) in function 'conv_valid_relu.1': cannot completely unroll a loop with a variable trip count.
WARNING: [HLS 200-936] Cannot unroll loop 'VITIS_LOOP_25_6' (src/gtsrb_cnn.cpp:18) in function 'conv_valid_relu.1': cannot completely unroll a loop with a variable trip count.
WARNING: [HLS 200-936] Cannot unroll loop 'VITIS_LOOP_25_6' (src/gtsrb_cnn.cpp:18) in function 'conv_valid_relu.1': cannot completely unroll a loop with a variable trip count.
WARNING: [HLS 200-936] Cannot unroll loop 'VITIS_LOOP_25_6' (src/gtsrb_cnn.cpp:18) in function 'conv_valid_relu.1': cannot completely unroll a loop with a variable trip count.
WARNING: [HLS 200-936] Cannot unroll loop 'VITIS_LOOP_25_6' (src/gtsrb_cnn.cpp:18) in function 'conv_valid_relu.1': cannot completely unroll a loop with a variable trip count.
WARNING: [HLS 200-936] Cannot unroll loop 'VITIS_LOOP_25_6' (src/gtsrb_cnn.cpp:18) in function 'conv_valid_relu.1': cannot completely unroll a loop with a variable trip count.
WARNING: [HLS 200-936] Cannot unroll loop 'VITIS_LOOP_25_6' (src/gtsrb_cnn.cpp:18) in function 'conv_valid_relu.1': cannot completely unroll a loop with a variable trip count.
WARNING: [HLS 200-936] Cannot unroll loop 'VITIS_LOOP_25_6' (src/gtsrb_cnn.cpp:18) in function 'conv_valid_relu.1': cannot completely unroll a loop with a variable trip count.
WARNING: [HLS 200-936] Cannot unroll loop 'VITIS_LOOP_25_6' (src/gtsrb_cnn.cpp:18) in function 'conv_valid_relu.1': cannot completely unroll a loop with a variable trip count.
WARNING: [HLS 200-936] Cannot unroll loop 'VITIS_LOOP_25_6' (src/gtsrb_cnn.cpp:18) in function 'conv_valid_relu.2': cannot completely unroll a loop with a variable trip count.
WARNING: [HLS 200-936] Cannot unroll loop 'VITIS_LOOP_25_6' (src/gtsrb_cnn.cpp:18) in function 'conv_valid_relu.2': cannot completely unroll a loop with a variable trip count.
WARNING: [HLS 200-936] Cannot unroll loop 'VITIS_LOOP_25_6' (src/gtsrb_cnn.cpp:18) in function 'conv_valid_relu.2': cannot completely unroll a loop with a variable trip count.
WARNING: [HLS 200-936] Cannot unroll loop 'VITIS_LOOP_25_6' (src/gtsrb_cnn.cpp:18) in function 'conv_valid_relu.2': cannot completely unroll a loop with a variable trip count.
WARNING: [HLS 200-936] Cannot unroll loop 'VITIS_LOOP_25_6' (src/gtsrb_cnn.cpp:18) in function 'conv_valid_relu.2': cannot completely unroll a loop with a variable trip count.
WARNING: [HLS 200-936] Cannot unroll loop 'VITIS_LOOP_25_6' (src/gtsrb_cnn.cpp:18) in function 'conv_valid_relu.2': cannot completely unroll a loop with a variable trip count.
WARNING: [HLS 200-936] Cannot unroll loop 'VITIS_LOOP_25_6' (src/gtsrb_cnn.cpp:18) in function 'conv_valid_relu.2': cannot completely unroll a loop with a variable trip count.
WARNING: [HLS 200-936] Cannot unroll loop 'VITIS_LOOP_25_6' (src/gtsrb_cnn.cpp:18) in function 'conv_valid_relu.2': cannot completely unroll a loop with a variable trip count.
WARNING: [HLS 200-936] Cannot unroll loop 'VITIS_LOOP_25_6' (src/gtsrb_cnn.cpp:18) in function 'conv_valid_relu.2': cannot completely unroll a loop with a variable trip count.
Command         transform done; 0.343 sec.
INFO-FLOW: Presyn 2...
Execute         transform -hls -keep-callgraph -scalarrepl -mem2reg -port-alignment -attach-range -dce -pipe-mux-gen -indvars -loop-bound -inst-simplify -instcombine -dce -merge-array-access -mem2reg -dce -clean-region -mergereturn -if-conv -instcombine -dce -constprop -basicaa -aggr-aa -aggrmodref-aa -aggr-aa -gvn -gvn -basicaa -aggr-aa -aggrmodref-aa -aggr-aa -dse -adse -adce -scalarrepl -mem2reg -global-constprop -deadargelim -deadargelim -instcombine -dce -simplifycfg -ptrArgReplace -mem2reg -function-inline -globaldce -mem2reg -instcombine -dce -expr-balance -instcombine -dce -bitwidthmin2 -bitwidthmin2 -interface-preproc -directive-preproc -inst-rectify -instcombine -dce -functionattrs -constprop -instcombine -bit-constprop -simplify-global-access -globalopt -globaldce -inst-simplify -instcombine -elimdeaddata -dce -loop-delete -simplifycfg -loop-simplify -barrier -norm-name C:/Xilinx/pynq-zu/HLS/CNN_GTSRB/CNN_GTSRB/solution1/.autopilot/db/a.o.1.tmp.bc -o C:/Xilinx/pynq-zu/HLS/CNN_GTSRB/CNN_GTSRB/solution1/.autopilot/db/a.o.2.bc -f -phase presyn 
Command         transform done; 0.136 sec.
INFO: [HLS 200-111] Finished Loop, function and other optimizations: CPU user time: 1 seconds. CPU system time: 0 seconds. Elapsed time: 0.483 seconds; current allocated memory: 147.371 MB.
INFO-FLOW: Building ssdm...
Execute         transform -hls -auto-function-inline -globaldce -ptrArgReplace -mem2reg -dce -reset-lda -loop-simplify -indvars -aggr-aa -licm -loop-dep -loop-bound -licm -loop-simplify -loop-sink-hoist -flattenloopnest -array-flatten -gvn -instcombine -dce -array-map -dce -func-legal -gvn -adce -instcombine -cfgopt -simplifycfg -loop-simplify -array-burst -promote-global-argument -dce -array-seg-normalize -basicaa -aggrmodref-aa -globalsmodref-aa -aggr-aa -gvn -gvn -basicaa -aggrmodref-aa -globalsmodref-aa -aggr-aa -dse -adse -adce -licm -inst-simplify -dce -globaldce -instcombine -array-stream -eliminate-keepreads -instcombine -dce -deadargelim -doublePtrSimplify -doublePtrElim -dce -doublePtrSimplify -promote-dbg-pointer -dce -scalarrepl -mem2reg -norm-name -mem2reg -instcombine -dse -adse -adce -ptrLegalization -dce -auto-rom-infer -array-flatten -dce -instcombine -check-doubleptr -loop-rot -constprop -cfgopt -simplifycfg -loop-simplify -indvars -pointer-simplify -dce -loop-bound -loop-simplify -loop-preproc -constprop -global-constprop -gvn -mem2reg -instcombine -dce -loop-bound -loop-merge -dce -deadargelim -dce -canonicalize-dataflow -dce -deadargelim -globaldce -mem2reg -bram-byte-enable -load-elim -read-loop-dep -loop-simplify -loop-extract-inner -directive-preproc -bitwidthmin2 -bitwidthmin2 -read-loop-dep -interface-preproc -directive-preproc -interface-gen -bram-byte-enable-spec-prop -deadargelim -inst-simplify -dce -gvn -mem2reg -instcombine -dce -adse -loop-bound -instcombine -cfgopt -simplifycfg -loop-simplify -clean-region -io-protocol -find-region -mem2reg -bitop-raise -complex-op-raise -inst-simplify -inst-rectify -instcombine -adce -deadargelim -float-op-raise -loop-simplify -phi-opt -bitop-raise -cfgopt -simplifycfg -strip-dead-prototypes -interface-lower -bitop-lower -intrinsic-lower -auto-function-inline -basicaa -aggrmodref-aa -globalsmodref-aa -aggr-aa -inst-simplify -simplifycfg -loop-simplify -mergereturn -inst-simplify -inst-rectify -dce -load-elim -bitop-lower -float-op-raise -fma-raise -loop-rewind -pointer-simplify -dce -cfgopt -dce -loop-bound -loop-dep -read-loop-dep -dce -dyn-mem-reuse -dce -recurrence-min -dce -share-scalar-alloca -deadargelim -dce -check-stream -norm-name -legalize -validate-dataflow -inst-clarity -bitwidth -dump-loop-dep-to-ir -check-all-ssdm -cdfg-build C:/Xilinx/pynq-zu/HLS/CNN_GTSRB/CNN_GTSRB/solution1/.autopilot/db/a.o.2.bc -o C:/Xilinx/pynq-zu/HLS/CNN_GTSRB/CNN_GTSRB/solution1/.autopilot/db/a.o.3.bc -f -phase build-ssdm 
INFO: [XFORM 203-541] Flattening a loop nest 'VITIS_LOOP_49_2' (src/gtsrb_cnn.cpp:49:35) in function 'maxpool2x2_valid.2'.
INFO: [XFORM 203-541] Flattening a loop nest 'VITIS_LOOP_48_1' (src/gtsrb_cnn.cpp:48:31) in function 'maxpool2x2_valid.2'.
INFO: [XFORM 203-541] Flattening a loop nest 'VITIS_LOOP_49_2' (src/gtsrb_cnn.cpp:49:35) in function 'maxpool2x2_valid.1'.
INFO: [XFORM 203-541] Flattening a loop nest 'VITIS_LOOP_48_1' (src/gtsrb_cnn.cpp:48:31) in function 'maxpool2x2_valid.1'.
INFO: [XFORM 203-541] Flattening a loop nest 'VITIS_LOOP_49_2' (src/gtsrb_cnn.cpp:49:35) in function 'maxpool2x2_valid'.
INFO: [XFORM 203-541] Flattening a loop nest 'VITIS_LOOP_48_1' (src/gtsrb_cnn.cpp:48:31) in function 'maxpool2x2_valid'.
WARNING: [HLS 200-960] Cannot flatten loop 'VITIS_LOOP_83_1' (src/gtsrb_cnn.cpp:83:28) in function 'linear' the outer loop is not a perfect loop.
WARNING: [HLS 200-960] Cannot flatten loop 'VITIS_LOOP_16_3' (src/gtsrb_cnn.cpp:16:39) in function 'conv_valid_relu.2' more than one sub loop.
INFO: [XFORM 203-541] Flattening a loop nest 'VITIS_LOOP_15_2' (src/gtsrb_cnn.cpp:15:35) in function 'conv_valid_relu.2'.
INFO: [XFORM 203-541] Flattening a loop nest 'VITIS_LOOP_14_1' (src/gtsrb_cnn.cpp:14:28) in function 'conv_valid_relu.2'.
WARNING: [HLS 200-960] Cannot flatten loop 'VITIS_LOOP_16_3' (src/gtsrb_cnn.cpp:16:39) in function 'conv_valid_relu.1' more than one sub loop.
INFO: [XFORM 203-541] Flattening a loop nest 'VITIS_LOOP_15_2' (src/gtsrb_cnn.cpp:15:35) in function 'conv_valid_relu.1'.
INFO: [XFORM 203-541] Flattening a loop nest 'VITIS_LOOP_14_1' (src/gtsrb_cnn.cpp:14:28) in function 'conv_valid_relu.1'.
INFO: [XFORM 203-541] Flattening a loop nest 'VITIS_LOOP_15_2' (src/gtsrb_cnn.cpp:15:35) in function 'conv_valid_relu'.
INFO: [XFORM 203-541] Flattening a loop nest 'VITIS_LOOP_14_1' (src/gtsrb_cnn.cpp:14:28) in function 'conv_valid_relu'.
INFO: [HLS 200-472] Inferring partial write operation for 'feature_out' (src/gtsrb_cnn.cpp:67:55)
INFO: [HLS 200-472] Inferring partial write operation for 'fc1_out' (src/gtsrb_cnn.cpp:90:17)
INFO: [HLS 200-472] Inferring partial write operation for 'c2_out' (src/gtsrb_cnn.cpp:33:59)
INFO: [HLS 200-472] Inferring partial write operation for 'c1_out' (src/gtsrb_cnn.cpp:33:59)
Command         transform done; 2.587 sec.
INFO: [HLS 200-111] Finished Architecture Synthesis: CPU user time: 2 seconds. CPU system time: 0 seconds. Elapsed time: 2.589 seconds; current allocated memory: 256.664 MB.
INFO-FLOW: Finish building internal data model.
Command       opt_and_import_c done; 3.243 sec.
Command     elaborate done; 10.022 sec.
Execute     ap_eval exec zip -j C:/Xilinx/pynq-zu/HLS/CNN_GTSRB/CNN_GTSRB/solution1/.autopilot/db/dut.hcp $dbDir/a.o.3.bc $dbDir/${topname}.rtl_wrap.cfg.tcl $dbDir/apatb_${topname}.cpp $dbDir/apatb_${topname}_util.cpp $dbDir/apatb_${topname}_ir.ll $dbDir/mapper_${topname}.cpp $dbDir/top-io-fe.xml $dbDir/kernel.internal.xml $workdir/../hls.app 
Execute     autosyn -from_csynth_design=1 
INFO: [HLS 200-10] Starting hardware synthesis ...
INFO-FLOW: Synthesizing C/C++ design ...
INFO: [HLS 200-10] Synthesizing 'gtsrb_cnn' ...
Execute       ap_set_top_model gtsrb_cnn 
WARNING: [SYN 201-103] Legalizing function name 'maxpool2x2_valid.2' to 'maxpool2x2_valid_2'.
WARNING: [SYN 201-103] Legalizing function name 'conv_valid_relu.2' to 'conv_valid_relu_2'.
WARNING: [SYN 201-103] Legalizing function name 'maxpool2x2_valid.1' to 'maxpool2x2_valid_1'.
WARNING: [SYN 201-103] Legalizing function name 'conv_valid_relu.1' to 'conv_valid_relu_1'.
WARNING: [SYN 201-103] Legalizing function name 'linear.2_Pipeline_VITIS_LOOP_83_1' to 'linear_2_Pipeline_VITIS_LOOP_83_1'.
WARNING: [SYN 201-103] Legalizing function name 'linear.2' to 'linear_2'.
Execute       get_model_list gtsrb_cnn -filter all-wo-channel -topdown 
Execute       preproc_iomode -model gtsrb_cnn 
Execute       preproc_iomode -model gtsrb_cnn_Pipeline_VITIS_LOOP_101_1 
Execute       preproc_iomode -model linear.2 
Execute       preproc_iomode -model linear.2_Pipeline_VITIS_LOOP_83_1 
Execute       preproc_iomode -model linear 
Execute       preproc_iomode -model linear_Pipeline_VITIS_LOOP_86_2 
Execute       preproc_iomode -model maxpool2x2_valid 
Execute       preproc_iomode -model conv_valid_relu.1 
Execute       preproc_iomode -model maxpool2x2_valid.1 
Execute       preproc_iomode -model conv_valid_relu.2 
Execute       preproc_iomode -model maxpool2x2_valid.2 
Execute       preproc_iomode -model conv_valid_relu 
Execute       get_model_list gtsrb_cnn -filter all-wo-channel 
INFO-FLOW: Model list for configure: conv_valid_relu maxpool2x2_valid.2 conv_valid_relu.2 maxpool2x2_valid.1 conv_valid_relu.1 maxpool2x2_valid linear_Pipeline_VITIS_LOOP_86_2 linear linear.2_Pipeline_VITIS_LOOP_83_1 linear.2 gtsrb_cnn_Pipeline_VITIS_LOOP_101_1 gtsrb_cnn
INFO-FLOW: Configuring Module : conv_valid_relu ...
Execute       set_default_model conv_valid_relu 
Execute       apply_spec_resource_limit conv_valid_relu 
INFO-FLOW: Configuring Module : maxpool2x2_valid.2 ...
Execute       set_default_model maxpool2x2_valid.2 
Execute       apply_spec_resource_limit maxpool2x2_valid.2 
INFO-FLOW: Configuring Module : conv_valid_relu.2 ...
Execute       set_default_model conv_valid_relu.2 
Execute       apply_spec_resource_limit conv_valid_relu.2 
INFO-FLOW: Configuring Module : maxpool2x2_valid.1 ...
Execute       set_default_model maxpool2x2_valid.1 
Execute       apply_spec_resource_limit maxpool2x2_valid.1 
INFO-FLOW: Configuring Module : conv_valid_relu.1 ...
Execute       set_default_model conv_valid_relu.1 
Execute       apply_spec_resource_limit conv_valid_relu.1 
INFO-FLOW: Configuring Module : maxpool2x2_valid ...
Execute       set_default_model maxpool2x2_valid 
Execute       apply_spec_resource_limit maxpool2x2_valid 
INFO-FLOW: Configuring Module : linear_Pipeline_VITIS_LOOP_86_2 ...
Execute       set_default_model linear_Pipeline_VITIS_LOOP_86_2 
Execute       apply_spec_resource_limit linear_Pipeline_VITIS_LOOP_86_2 
INFO-FLOW: Configuring Module : linear ...
Execute       set_default_model linear 
Execute       apply_spec_resource_limit linear 
INFO-FLOW: Configuring Module : linear.2_Pipeline_VITIS_LOOP_83_1 ...
Execute       set_default_model linear.2_Pipeline_VITIS_LOOP_83_1 
Execute       apply_spec_resource_limit linear.2_Pipeline_VITIS_LOOP_83_1 
INFO-FLOW: Configuring Module : linear.2 ...
Execute       set_default_model linear.2 
Execute       apply_spec_resource_limit linear.2 
INFO-FLOW: Configuring Module : gtsrb_cnn_Pipeline_VITIS_LOOP_101_1 ...
Execute       set_default_model gtsrb_cnn_Pipeline_VITIS_LOOP_101_1 
Execute       apply_spec_resource_limit gtsrb_cnn_Pipeline_VITIS_LOOP_101_1 
INFO-FLOW: Configuring Module : gtsrb_cnn ...
Execute       set_default_model gtsrb_cnn 
Execute       apply_spec_resource_limit gtsrb_cnn 
INFO-FLOW: Model list for preprocess: conv_valid_relu maxpool2x2_valid.2 conv_valid_relu.2 maxpool2x2_valid.1 conv_valid_relu.1 maxpool2x2_valid linear_Pipeline_VITIS_LOOP_86_2 linear linear.2_Pipeline_VITIS_LOOP_83_1 linear.2 gtsrb_cnn_Pipeline_VITIS_LOOP_101_1 gtsrb_cnn
INFO-FLOW: Preprocessing Module: conv_valid_relu ...
Execute       set_default_model conv_valid_relu 
Execute       cdfg_preprocess -model conv_valid_relu 
Execute       rtl_gen_preprocess conv_valid_relu 
INFO-FLOW: Preprocessing Module: maxpool2x2_valid.2 ...
Execute       set_default_model maxpool2x2_valid.2 
Execute       cdfg_preprocess -model maxpool2x2_valid.2 
Execute       rtl_gen_preprocess maxpool2x2_valid.2 
INFO-FLOW: Preprocessing Module: conv_valid_relu.2 ...
Execute       set_default_model conv_valid_relu.2 
Execute       cdfg_preprocess -model conv_valid_relu.2 
Execute       rtl_gen_preprocess conv_valid_relu.2 
INFO-FLOW: Preprocessing Module: maxpool2x2_valid.1 ...
Execute       set_default_model maxpool2x2_valid.1 
Execute       cdfg_preprocess -model maxpool2x2_valid.1 
Execute       rtl_gen_preprocess maxpool2x2_valid.1 
INFO-FLOW: Preprocessing Module: conv_valid_relu.1 ...
Execute       set_default_model conv_valid_relu.1 
Execute       cdfg_preprocess -model conv_valid_relu.1 
Execute       rtl_gen_preprocess conv_valid_relu.1 
INFO-FLOW: Preprocessing Module: maxpool2x2_valid ...
Execute       set_default_model maxpool2x2_valid 
Execute       cdfg_preprocess -model maxpool2x2_valid 
Execute       rtl_gen_preprocess maxpool2x2_valid 
INFO-FLOW: Preprocessing Module: linear_Pipeline_VITIS_LOOP_86_2 ...
Execute       set_default_model linear_Pipeline_VITIS_LOOP_86_2 
Execute       cdfg_preprocess -model linear_Pipeline_VITIS_LOOP_86_2 
Execute       rtl_gen_preprocess linear_Pipeline_VITIS_LOOP_86_2 
INFO-FLOW: Preprocessing Module: linear ...
Execute       set_default_model linear 
Execute       cdfg_preprocess -model linear 
Execute       rtl_gen_preprocess linear 
INFO-FLOW: Preprocessing Module: linear.2_Pipeline_VITIS_LOOP_83_1 ...
Execute       set_default_model linear.2_Pipeline_VITIS_LOOP_83_1 
Execute       cdfg_preprocess -model linear.2_Pipeline_VITIS_LOOP_83_1 
Execute       rtl_gen_preprocess linear.2_Pipeline_VITIS_LOOP_83_1 
INFO-FLOW: Preprocessing Module: linear.2 ...
Execute       set_default_model linear.2 
Execute       cdfg_preprocess -model linear.2 
Execute       rtl_gen_preprocess linear.2 
INFO-FLOW: Preprocessing Module: gtsrb_cnn_Pipeline_VITIS_LOOP_101_1 ...
Execute       set_default_model gtsrb_cnn_Pipeline_VITIS_LOOP_101_1 
Execute       cdfg_preprocess -model gtsrb_cnn_Pipeline_VITIS_LOOP_101_1 
Execute       rtl_gen_preprocess gtsrb_cnn_Pipeline_VITIS_LOOP_101_1 
INFO-FLOW: Preprocessing Module: gtsrb_cnn ...
Execute       set_default_model gtsrb_cnn 
Execute       cdfg_preprocess -model gtsrb_cnn 
Execute       rtl_gen_preprocess gtsrb_cnn 
INFO-FLOW: Model list for synthesis: conv_valid_relu maxpool2x2_valid.2 conv_valid_relu.2 maxpool2x2_valid.1 conv_valid_relu.1 maxpool2x2_valid linear_Pipeline_VITIS_LOOP_86_2 linear linear.2_Pipeline_VITIS_LOOP_83_1 linear.2 gtsrb_cnn_Pipeline_VITIS_LOOP_101_1 gtsrb_cnn
INFO: [HLS 200-10] ----------------------------------------------------------------
INFO: [HLS 200-42] -- Implementing module 'conv_valid_relu' 
INFO: [HLS 200-10] ----------------------------------------------------------------
Execute       set_default_model conv_valid_relu 
Execute       schedule -model conv_valid_relu 
INFO: [SCHED 204-11] Starting scheduling ...
INFO: [SCHED 204-61] Pipelining loop 'VITIS_LOOP_14_1_VITIS_LOOP_15_2_VITIS_LOOP_16_3'.
WARNING: [HLS 200-880] The II Violation in module 'conv_valid_relu' (loop 'VITIS_LOOP_14_1_VITIS_LOOP_15_2_VITIS_LOOP_16_3'): Unable to enforce a carried dependence constraint (II = 1, distance = 1, offset = 1) between bus read operation ('gmem5_addr_read_2', src/gtsrb_cnn.cpp:26) on port 'gmem5' (src/gtsrb_cnn.cpp:26) and bus read operation ('gmem5_addr_read', src/gtsrb_cnn.cpp:26) on port 'gmem5' (src/gtsrb_cnn.cpp:26).
WARNING: [HLS 200-880] The II Violation in module 'conv_valid_relu' (loop 'VITIS_LOOP_14_1_VITIS_LOOP_15_2_VITIS_LOOP_16_3'): Unable to enforce a carried dependence constraint (II = 2, distance = 1, offset = 1) between bus read operation ('gmem5_addr_read_2', src/gtsrb_cnn.cpp:26) on port 'gmem5' (src/gtsrb_cnn.cpp:26) and bus read operation ('gmem5_addr_read', src/gtsrb_cnn.cpp:26) on port 'gmem5' (src/gtsrb_cnn.cpp:26).
WARNING: [HLS 200-885] The II Violation in module 'conv_valid_relu' (loop 'VITIS_LOOP_14_1_VITIS_LOOP_15_2_VITIS_LOOP_16_3'): Unable to schedule bus request operation ('gmem0_load_3_req', src/gtsrb_cnn.cpp:27) on port 'gmem0' (src/gtsrb_cnn.cpp:27) due to limited memory ports (II = 3). Please consider using a memory core with more ports or partitioning the array.
WARNING: [HLS 200-885] The II Violation in module 'conv_valid_relu' (loop 'VITIS_LOOP_14_1_VITIS_LOOP_15_2_VITIS_LOOP_16_3'): Unable to schedule bus request operation ('gmem0_load_4_req', src/gtsrb_cnn.cpp:27) on port 'gmem0' (src/gtsrb_cnn.cpp:27) due to limited memory ports (II = 4). Please consider using a memory core with more ports or partitioning the array.
WARNING: [HLS 200-885] The II Violation in module 'conv_valid_relu' (loop 'VITIS_LOOP_14_1_VITIS_LOOP_15_2_VITIS_LOOP_16_3'): Unable to schedule bus request operation ('gmem0_load_19_req', src/gtsrb_cnn.cpp:27) on port 'gmem0' (src/gtsrb_cnn.cpp:27) due to limited memory ports (II = 19). Please consider using a memory core with more ports or partitioning the array.
WARNING: [HLS 200-885] The II Violation in module 'conv_valid_relu' (loop 'VITIS_LOOP_14_1_VITIS_LOOP_15_2_VITIS_LOOP_16_3'): Unable to schedule bus request operation ('gmem0_load_27_req', src/gtsrb_cnn.cpp:27) on port 'gmem0' (src/gtsrb_cnn.cpp:27) due to limited memory ports (II = 27). Please consider using a memory core with more ports or partitioning the array.
INFO: [HLS 200-1470] Pipelining result : Target II = 1, Final II = 28, Depth = 152, loop 'VITIS_LOOP_14_1_VITIS_LOOP_15_2_VITIS_LOOP_16_3'
INFO: [SCHED 204-11] Finished scheduling.
Command       schedule done; 1.22 sec.
INFO: [HLS 200-111] Finished Scheduling: CPU user time: 1 seconds. CPU system time: 0 seconds. Elapsed time: 1.445 seconds; current allocated memory: 268.828 MB.
Execute       syn_report -verbosereport -o C:/Xilinx/pynq-zu/HLS/CNN_GTSRB/CNN_GTSRB/solution1/.autopilot/db/conv_valid_relu.verbose.sched.rpt 
Execute         AP::get_flow_target_display_name
Command       syn_report done; 0.427 sec.
Execute       db_write -o C:/Xilinx/pynq-zu/HLS/CNN_GTSRB/CNN_GTSRB/solution1/.autopilot/db/conv_valid_relu.sched.adb -f 
INFO-FLOW: Finish scheduling conv_valid_relu.
Execute       set_default_model conv_valid_relu 
Execute       bind -model conv_valid_relu 
INFO: [BIND 205-100] Starting micro-architecture generation ...
INFO: [BIND 205-101] Performing variable lifetime analysis.
INFO: [BIND 205-101] Exploring resource sharing.
INFO: [BIND 205-101] Binding ...
INFO: [BIND 205-100] Finished micro-architecture generation.
Command       bind done; 0.216 sec.
INFO: [HLS 200-111] Finished Binding: CPU user time: 1 seconds. CPU system time: 0 seconds. Elapsed time: 0.697 seconds; current allocated memory: 269.996 MB.
Execute       syn_report -verbosereport -o C:/Xilinx/pynq-zu/HLS/CNN_GTSRB/CNN_GTSRB/solution1/.autopilot/db/conv_valid_relu.verbose.bind.rpt 
Execute         AP::get_flow_target_display_name
Command       syn_report done; 0.371 sec.
Execute       db_write -o C:/Xilinx/pynq-zu/HLS/CNN_GTSRB/CNN_GTSRB/solution1/.autopilot/db/conv_valid_relu.bind.adb -f 
INFO-FLOW: Finish binding conv_valid_relu.
INFO: [HLS 200-10] ----------------------------------------------------------------
INFO: [HLS 200-42] -- Implementing module 'maxpool2x2_valid_2' 
INFO: [HLS 200-10] ----------------------------------------------------------------
Execute       set_default_model maxpool2x2_valid.2 
Execute       schedule -model maxpool2x2_valid.2 
INFO: [SCHED 204-11] Starting scheduling ...
INFO: [SCHED 204-61] Pipelining loop 'VITIS_LOOP_48_1_VITIS_LOOP_49_2_VITIS_LOOP_50_3'.
WARNING: [HLS 200-885] The II Violation in module 'maxpool2x2_valid_2' (loop 'VITIS_LOOP_48_1_VITIS_LOOP_49_2_VITIS_LOOP_50_3'): Unable to schedule 'load' operation ('v1', src/gtsrb_cnn.cpp:60) on array 'feature_in' due to limited memory ports (II = 1). Please consider using a memory core with more ports or partitioning the array 'feature_in'.
INFO: [HLS 200-1470] Pipelining result : Target II = 1, Final II = 2, Depth = 10, loop 'VITIS_LOOP_48_1_VITIS_LOOP_49_2_VITIS_LOOP_50_3'
INFO: [SCHED 204-11] Finished scheduling.
Command       schedule done; 0.101 sec.
INFO: [HLS 200-111] Finished Scheduling: CPU user time: 1 seconds. CPU system time: 0 seconds. Elapsed time: 0.548 seconds; current allocated memory: 270.488 MB.
Execute       syn_report -verbosereport -o C:/Xilinx/pynq-zu/HLS/CNN_GTSRB/CNN_GTSRB/solution1/.autopilot/db/maxpool2x2_valid_2.verbose.sched.rpt 
Execute         AP::get_flow_target_display_name
Execute       db_write -o C:/Xilinx/pynq-zu/HLS/CNN_GTSRB/CNN_GTSRB/solution1/.autopilot/db/maxpool2x2_valid_2.sched.adb -f 
INFO-FLOW: Finish scheduling maxpool2x2_valid.2.
Execute       set_default_model maxpool2x2_valid.2 
Execute       bind -model maxpool2x2_valid.2 
INFO: [BIND 205-100] Starting micro-architecture generation ...
INFO: [BIND 205-101] Performing variable lifetime analysis.
INFO: [BIND 205-101] Exploring resource sharing.
INFO: [BIND 205-101] Binding ...
INFO: [BIND 205-100] Finished micro-architecture generation.
INFO: [HLS 200-111] Finished Binding: CPU user time: 0 seconds. CPU system time: 0 seconds. Elapsed time: 0.114 seconds; current allocated memory: 270.762 MB.
Execute       syn_report -verbosereport -o C:/Xilinx/pynq-zu/HLS/CNN_GTSRB/CNN_GTSRB/solution1/.autopilot/db/maxpool2x2_valid_2.verbose.bind.rpt 
Execute         AP::get_flow_target_display_name
Command       syn_report done; 0.147 sec.
Execute       db_write -o C:/Xilinx/pynq-zu/HLS/CNN_GTSRB/CNN_GTSRB/solution1/.autopilot/db/maxpool2x2_valid_2.bind.adb -f 
INFO-FLOW: Finish binding maxpool2x2_valid.2.
INFO: [HLS 200-10] ----------------------------------------------------------------
INFO: [HLS 200-42] -- Implementing module 'conv_valid_relu_2' 
INFO: [HLS 200-10] ----------------------------------------------------------------
Execute       set_default_model conv_valid_relu.2 
Execute       schedule -model conv_valid_relu.2 
INFO: [SCHED 204-11] Starting scheduling ...
WARNING: [SCHED 204-65] Unable to satisfy pipeline directive for loop 'VITIS_LOOP_14_1_VITIS_LOOP_15_2_VITIS_LOOP_16_3': contains subloop(s) that are not unrolled or flattened.
INFO: [SCHED 204-11] Finished scheduling.
Command       schedule done; 0.389 sec.
INFO: [HLS 200-111] Finished Scheduling: CPU user time: 0 seconds. CPU system time: 0 seconds. Elapsed time: 0.559 seconds; current allocated memory: 274.066 MB.
Execute       syn_report -verbosereport -o C:/Xilinx/pynq-zu/HLS/CNN_GTSRB/CNN_GTSRB/solution1/.autopilot/db/conv_valid_relu_2.verbose.sched.rpt 
Execute         AP::get_flow_target_display_name
Command       syn_report done; 0.356 sec.
Execute       db_write -o C:/Xilinx/pynq-zu/HLS/CNN_GTSRB/CNN_GTSRB/solution1/.autopilot/db/conv_valid_relu_2.sched.adb -f 
INFO-FLOW: Finish scheduling conv_valid_relu.2.
Execute       set_default_model conv_valid_relu.2 
Execute       bind -model conv_valid_relu.2 
INFO: [BIND 205-100] Starting micro-architecture generation ...
INFO: [BIND 205-101] Performing variable lifetime analysis.
INFO: [BIND 205-101] Exploring resource sharing.
INFO: [BIND 205-101] Binding ...
INFO: [BIND 205-100] Finished micro-architecture generation.
Command       bind done; 0.219 sec.
INFO: [HLS 200-111] Finished Binding: CPU user time: 1 seconds. CPU system time: 0 seconds. Elapsed time: 0.605 seconds; current allocated memory: 274.465 MB.
Execute       syn_report -verbosereport -o C:/Xilinx/pynq-zu/HLS/CNN_GTSRB/CNN_GTSRB/solution1/.autopilot/db/conv_valid_relu_2.verbose.bind.rpt 
Execute         AP::get_flow_target_display_name
Command       syn_report done; 0.277 sec.
Execute       db_write -o C:/Xilinx/pynq-zu/HLS/CNN_GTSRB/CNN_GTSRB/solution1/.autopilot/db/conv_valid_relu_2.bind.adb -f 
INFO-FLOW: Finish binding conv_valid_relu.2.
INFO: [HLS 200-10] ----------------------------------------------------------------
INFO: [HLS 200-42] -- Implementing module 'maxpool2x2_valid_1' 
INFO: [HLS 200-10] ----------------------------------------------------------------
Execute       set_default_model maxpool2x2_valid.1 
Execute       schedule -model maxpool2x2_valid.1 
INFO: [SCHED 204-11] Starting scheduling ...
INFO: [SCHED 204-61] Pipelining loop 'VITIS_LOOP_48_1_VITIS_LOOP_49_2_VITIS_LOOP_50_3'.
WARNING: [HLS 200-885] The II Violation in module 'maxpool2x2_valid_1' (loop 'VITIS_LOOP_48_1_VITIS_LOOP_49_2_VITIS_LOOP_50_3'): Unable to schedule 'load' operation ('v1', src/gtsrb_cnn.cpp:60) on array 'feature_in' due to limited memory ports (II = 1). Please consider using a memory core with more ports or partitioning the array 'feature_in'.
INFO: [HLS 200-1470] Pipelining result : Target II = 1, Final II = 2, Depth = 9, loop 'VITIS_LOOP_48_1_VITIS_LOOP_49_2_VITIS_LOOP_50_3'
INFO: [SCHED 204-11] Finished scheduling.
INFO: [HLS 200-111] Finished Scheduling: CPU user time: 0 seconds. CPU system time: 0 seconds. Elapsed time: 0.427 seconds; current allocated memory: 275.359 MB.
Execute       syn_report -verbosereport -o C:/Xilinx/pynq-zu/HLS/CNN_GTSRB/CNN_GTSRB/solution1/.autopilot/db/maxpool2x2_valid_1.verbose.sched.rpt 
Execute         AP::get_flow_target_display_name
Execute       db_write -o C:/Xilinx/pynq-zu/HLS/CNN_GTSRB/CNN_GTSRB/solution1/.autopilot/db/maxpool2x2_valid_1.sched.adb -f 
INFO-FLOW: Finish scheduling maxpool2x2_valid.1.
Execute       set_default_model maxpool2x2_valid.1 
Execute       bind -model maxpool2x2_valid.1 
INFO: [BIND 205-100] Starting micro-architecture generation ...
INFO: [BIND 205-101] Performing variable lifetime analysis.
INFO: [BIND 205-101] Exploring resource sharing.
INFO: [BIND 205-101] Binding ...
INFO: [BIND 205-100] Finished micro-architecture generation.
INFO: [HLS 200-111] Finished Binding: CPU user time: 0 seconds. CPU system time: 0 seconds. Elapsed time: 0.116 seconds; current allocated memory: 275.477 MB.
Execute       syn_report -verbosereport -o C:/Xilinx/pynq-zu/HLS/CNN_GTSRB/CNN_GTSRB/solution1/.autopilot/db/maxpool2x2_valid_1.verbose.bind.rpt 
Execute         AP::get_flow_target_display_name
Command       syn_report done; 0.149 sec.
Execute       db_write -o C:/Xilinx/pynq-zu/HLS/CNN_GTSRB/CNN_GTSRB/solution1/.autopilot/db/maxpool2x2_valid_1.bind.adb -f 
INFO-FLOW: Finish binding maxpool2x2_valid.1.
INFO: [HLS 200-10] ----------------------------------------------------------------
INFO: [HLS 200-42] -- Implementing module 'conv_valid_relu_1' 
INFO: [HLS 200-10] ----------------------------------------------------------------
Execute       set_default_model conv_valid_relu.1 
Execute       schedule -model conv_valid_relu.1 
INFO: [SCHED 204-11] Starting scheduling ...
WARNING: [SCHED 204-65] Unable to satisfy pipeline directive for loop 'VITIS_LOOP_14_1_VITIS_LOOP_15_2_VITIS_LOOP_16_3': contains subloop(s) that are not unrolled or flattened.
INFO: [SCHED 204-11] Finished scheduling.
Command       schedule done; 0.38 sec.
INFO: [HLS 200-111] Finished Scheduling: CPU user time: 1 seconds. CPU system time: 0 seconds. Elapsed time: 0.553 seconds; current allocated memory: 278.953 MB.
Execute       syn_report -verbosereport -o C:/Xilinx/pynq-zu/HLS/CNN_GTSRB/CNN_GTSRB/solution1/.autopilot/db/conv_valid_relu_1.verbose.sched.rpt 
Execute         AP::get_flow_target_display_name
Command       syn_report done; 0.345 sec.
Execute       db_write -o C:/Xilinx/pynq-zu/HLS/CNN_GTSRB/CNN_GTSRB/solution1/.autopilot/db/conv_valid_relu_1.sched.adb -f 
INFO-FLOW: Finish scheduling conv_valid_relu.1.
Execute       set_default_model conv_valid_relu.1 
Execute       bind -model conv_valid_relu.1 
INFO: [BIND 205-100] Starting micro-architecture generation ...
INFO: [BIND 205-101] Performing variable lifetime analysis.
INFO: [BIND 205-101] Exploring resource sharing.
INFO: [BIND 205-101] Binding ...
INFO: [BIND 205-100] Finished micro-architecture generation.
Command       bind done; 0.204 sec.
INFO: [HLS 200-111] Finished Binding: CPU user time: 0 seconds. CPU system time: 0 seconds. Elapsed time: 0.579 seconds; current allocated memory: 279.305 MB.
Execute       syn_report -verbosereport -o C:/Xilinx/pynq-zu/HLS/CNN_GTSRB/CNN_GTSRB/solution1/.autopilot/db/conv_valid_relu_1.verbose.bind.rpt 
Execute         AP::get_flow_target_display_name
Command       syn_report done; 0.277 sec.
Execute       db_write -o C:/Xilinx/pynq-zu/HLS/CNN_GTSRB/CNN_GTSRB/solution1/.autopilot/db/conv_valid_relu_1.bind.adb -f 
INFO-FLOW: Finish binding conv_valid_relu.1.
INFO: [HLS 200-10] ----------------------------------------------------------------
INFO: [HLS 200-42] -- Implementing module 'maxpool2x2_valid' 
INFO: [HLS 200-10] ----------------------------------------------------------------
Execute       set_default_model maxpool2x2_valid 
Execute       schedule -model maxpool2x2_valid 
INFO: [SCHED 204-11] Starting scheduling ...
INFO: [SCHED 204-61] Pipelining loop 'VITIS_LOOP_48_1_VITIS_LOOP_49_2_VITIS_LOOP_50_3'.
WARNING: [HLS 200-885] The II Violation in module 'maxpool2x2_valid' (loop 'VITIS_LOOP_48_1_VITIS_LOOP_49_2_VITIS_LOOP_50_3'): Unable to schedule 'load' operation ('v1', src/gtsrb_cnn.cpp:60) on array 'feature_in' due to limited memory ports (II = 1). Please consider using a memory core with more ports or partitioning the array 'feature_in'.
INFO: [HLS 200-1470] Pipelining result : Target II = 1, Final II = 2, Depth = 9, loop 'VITIS_LOOP_48_1_VITIS_LOOP_49_2_VITIS_LOOP_50_3'
INFO: [SCHED 204-11] Finished scheduling.
INFO: [HLS 200-111] Finished Scheduling: CPU user time: 1 seconds. CPU system time: 0 seconds. Elapsed time: 0.402 seconds; current allocated memory: 279.793 MB.
Execute       syn_report -verbosereport -o C:/Xilinx/pynq-zu/HLS/CNN_GTSRB/CNN_GTSRB/solution1/.autopilot/db/maxpool2x2_valid.verbose.sched.rpt 
Execute         AP::get_flow_target_display_name
Execute       db_write -o C:/Xilinx/pynq-zu/HLS/CNN_GTSRB/CNN_GTSRB/solution1/.autopilot/db/maxpool2x2_valid.sched.adb -f 
INFO-FLOW: Finish scheduling maxpool2x2_valid.
Execute       set_default_model maxpool2x2_valid 
Execute       bind -model maxpool2x2_valid 
INFO: [BIND 205-100] Starting micro-architecture generation ...
INFO: [BIND 205-101] Performing variable lifetime analysis.
INFO: [BIND 205-101] Exploring resource sharing.
INFO: [BIND 205-101] Binding ...
INFO: [BIND 205-100] Finished micro-architecture generation.
INFO: [HLS 200-111] Finished Binding: CPU user time: 0 seconds. CPU system time: 0 seconds. Elapsed time: 0.103 seconds; current allocated memory: 280.008 MB.
Execute       syn_report -verbosereport -o C:/Xilinx/pynq-zu/HLS/CNN_GTSRB/CNN_GTSRB/solution1/.autopilot/db/maxpool2x2_valid.verbose.bind.rpt 
Execute         AP::get_flow_target_display_name
Command       syn_report done; 0.121 sec.
Execute       db_write -o C:/Xilinx/pynq-zu/HLS/CNN_GTSRB/CNN_GTSRB/solution1/.autopilot/db/maxpool2x2_valid.bind.adb -f 
INFO-FLOW: Finish binding maxpool2x2_valid.
INFO: [HLS 200-10] ----------------------------------------------------------------
INFO: [HLS 200-42] -- Implementing module 'linear_Pipeline_VITIS_LOOP_86_2' 
INFO: [HLS 200-10] ----------------------------------------------------------------
Execute       set_default_model linear_Pipeline_VITIS_LOOP_86_2 
Execute       schedule -model linear_Pipeline_VITIS_LOOP_86_2 
INFO: [SCHED 204-11] Starting scheduling ...
INFO: [SCHED 204-61] Pipelining loop 'VITIS_LOOP_86_2'.
WARNING: [HLS 200-880] The II Violation in module 'linear_Pipeline_VITIS_LOOP_86_2' (loop 'VITIS_LOOP_86_2'): Unable to enforce a carried dependence constraint (II = 1, distance = 1, offset = 0) between 'store' operation ('acc_1_write_ln87', src/gtsrb_cnn.cpp:87) of variable 'acc', src/gtsrb_cnn.cpp:87 on local variable 'acc' and 'load' operation ('acc_1_load', src/gtsrb_cnn.cpp:87) on local variable 'acc'.
WARNING: [HLS 200-880] The II Violation in module 'linear_Pipeline_VITIS_LOOP_86_2' (loop 'VITIS_LOOP_86_2'): Unable to enforce a carried dependence constraint (II = 2, distance = 1, offset = 0) between 'store' operation ('acc_1_write_ln87', src/gtsrb_cnn.cpp:87) of variable 'acc', src/gtsrb_cnn.cpp:87 on local variable 'acc' and 'load' operation ('acc_1_load', src/gtsrb_cnn.cpp:87) on local variable 'acc'.
WARNING: [HLS 200-880] The II Violation in module 'linear_Pipeline_VITIS_LOOP_86_2' (loop 'VITIS_LOOP_86_2'): Unable to enforce a carried dependence constraint (II = 3, distance = 1, offset = 0) between 'store' operation ('acc_1_write_ln87', src/gtsrb_cnn.cpp:87) of variable 'acc', src/gtsrb_cnn.cpp:87 on local variable 'acc' and 'load' operation ('acc_1_load', src/gtsrb_cnn.cpp:87) on local variable 'acc'.
INFO: [HLS 200-1470] Pipelining result : Target II = NA, Final II = 4, Depth = 20, loop 'VITIS_LOOP_86_2'
INFO: [SCHED 204-11] Finished scheduling.
INFO: [HLS 200-111] Finished Scheduling: CPU user time: 0 seconds. CPU system time: 0 seconds. Elapsed time: 0.208 seconds; current allocated memory: 280.441 MB.
Execute       syn_report -verbosereport -o C:/Xilinx/pynq-zu/HLS/CNN_GTSRB/CNN_GTSRB/solution1/.autopilot/db/linear_Pipeline_VITIS_LOOP_86_2.verbose.sched.rpt 
Execute         AP::get_flow_target_display_name
Execute       db_write -o C:/Xilinx/pynq-zu/HLS/CNN_GTSRB/CNN_GTSRB/solution1/.autopilot/db/linear_Pipeline_VITIS_LOOP_86_2.sched.adb -f 
INFO-FLOW: Finish scheduling linear_Pipeline_VITIS_LOOP_86_2.
Execute       set_default_model linear_Pipeline_VITIS_LOOP_86_2 
Execute       bind -model linear_Pipeline_VITIS_LOOP_86_2 
INFO: [BIND 205-100] Starting micro-architecture generation ...
INFO: [BIND 205-101] Performing variable lifetime analysis.
INFO: [BIND 205-101] Exploring resource sharing.
INFO: [BIND 205-101] Binding ...
INFO: [BIND 205-100] Finished micro-architecture generation.
INFO: [HLS 200-111] Finished Binding: CPU user time: 0 seconds. CPU system time: 0 seconds. Elapsed time: 0.09 seconds; current allocated memory: 280.441 MB.
Execute       syn_report -verbosereport -o C:/Xilinx/pynq-zu/HLS/CNN_GTSRB/CNN_GTSRB/solution1/.autopilot/db/linear_Pipeline_VITIS_LOOP_86_2.verbose.bind.rpt 
Execute         AP::get_flow_target_display_name
Execute       db_write -o C:/Xilinx/pynq-zu/HLS/CNN_GTSRB/CNN_GTSRB/solution1/.autopilot/db/linear_Pipeline_VITIS_LOOP_86_2.bind.adb -f 
INFO-FLOW: Finish binding linear_Pipeline_VITIS_LOOP_86_2.
INFO: [HLS 200-10] ----------------------------------------------------------------
INFO: [HLS 200-42] -- Implementing module 'linear' 
INFO: [HLS 200-10] ----------------------------------------------------------------
Execute       set_default_model linear 
Execute       schedule -model linear 
INFO: [SCHED 204-11] Starting scheduling ...
INFO: [SCHED 204-11] Finished scheduling.
INFO: [HLS 200-111] Finished Scheduling: CPU user time: 0 seconds. CPU system time: 0 seconds. Elapsed time: 0.077 seconds; current allocated memory: 280.828 MB.
Execute       syn_report -verbosereport -o C:/Xilinx/pynq-zu/HLS/CNN_GTSRB/CNN_GTSRB/solution1/.autopilot/db/linear.verbose.sched.rpt 
Execute         AP::get_flow_target_display_name
Execute       db_write -o C:/Xilinx/pynq-zu/HLS/CNN_GTSRB/CNN_GTSRB/solution1/.autopilot/db/linear.sched.adb -f 
INFO-FLOW: Finish scheduling linear.
Execute       set_default_model linear 
Execute       bind -model linear 
INFO: [BIND 205-100] Starting micro-architecture generation ...
INFO: [BIND 205-101] Performing variable lifetime analysis.
INFO: [BIND 205-101] Exploring resource sharing.
INFO: [BIND 205-101] Binding ...
INFO: [BIND 205-100] Finished micro-architecture generation.
INFO: [HLS 200-111] Finished Binding: CPU user time: 0 seconds. CPU system time: 0 seconds. Elapsed time: 0.054 seconds; current allocated memory: 280.945 MB.
Execute       syn_report -verbosereport -o C:/Xilinx/pynq-zu/HLS/CNN_GTSRB/CNN_GTSRB/solution1/.autopilot/db/linear.verbose.bind.rpt 
Execute         AP::get_flow_target_display_name
Execute       db_write -o C:/Xilinx/pynq-zu/HLS/CNN_GTSRB/CNN_GTSRB/solution1/.autopilot/db/linear.bind.adb -f 
INFO-FLOW: Finish binding linear.
INFO: [HLS 200-10] ----------------------------------------------------------------
INFO: [HLS 200-42] -- Implementing module 'linear_2_Pipeline_VITIS_LOOP_83_1' 
INFO: [HLS 200-10] ----------------------------------------------------------------
Execute       set_default_model linear.2_Pipeline_VITIS_LOOP_83_1 
Execute       schedule -model linear.2_Pipeline_VITIS_LOOP_83_1 
INFO: [SCHED 204-11] Starting scheduling ...
INFO: [SCHED 204-61] Pipelining loop 'VITIS_LOOP_83_1'.
WARNING: [HLS 200-885] The II Violation in module 'linear_2_Pipeline_VITIS_LOOP_83_1' (loop 'VITIS_LOOP_83_1'): Unable to schedule bus request operation ('gmem4_load_1_req', src/gtsrb_cnn.cpp:87) on port 'gmem4' (src/gtsrb_cnn.cpp:87) due to limited memory ports (II = 1). Please consider using a memory core with more ports or partitioning the array.
WARNING: [HLS 200-885] The II Violation in module 'linear_2_Pipeline_VITIS_LOOP_83_1' (loop 'VITIS_LOOP_83_1'): Unable to schedule bus request operation ('gmem4_load_2_req', src/gtsrb_cnn.cpp:87) on port 'gmem4' (src/gtsrb_cnn.cpp:87) due to limited memory ports (II = 2). Please consider using a memory core with more ports or partitioning the array.
WARNING: [HLS 200-885] The II Violation in module 'linear_2_Pipeline_VITIS_LOOP_83_1' (loop 'VITIS_LOOP_83_1'): Unable to schedule bus request operation ('gmem4_load_3_req', src/gtsrb_cnn.cpp:87) on port 'gmem4' (src/gtsrb_cnn.cpp:87) due to limited memory ports (II = 3). Please consider using a memory core with more ports or partitioning the array.
WARNING: [HLS 200-885] The II Violation in module 'linear_2_Pipeline_VITIS_LOOP_83_1' (loop 'VITIS_LOOP_83_1'): Unable to schedule bus request operation ('gmem4_load_4_req', src/gtsrb_cnn.cpp:87) on port 'gmem4' (src/gtsrb_cnn.cpp:87) due to limited memory ports (II = 4). Please consider using a memory core with more ports or partitioning the array.
WARNING: [HLS 200-885] The II Violation in module 'linear_2_Pipeline_VITIS_LOOP_83_1' (loop 'VITIS_LOOP_83_1'): Unable to schedule bus request operation ('gmem4_load_35_req', src/gtsrb_cnn.cpp:87) on port 'gmem4' (src/gtsrb_cnn.cpp:87) due to limited memory ports (II = 35). Please consider using a memory core with more ports or partitioning the array.
WARNING: [HLS 200-885] The II Violation in module 'linear_2_Pipeline_VITIS_LOOP_83_1' (loop 'VITIS_LOOP_83_1'): Unable to schedule bus request operation ('gmem4_load_51_req', src/gtsrb_cnn.cpp:87) on port 'gmem4' (src/gtsrb_cnn.cpp:87) due to limited memory ports (II = 51). Please consider using a memory core with more ports or partitioning the array.
WARNING: [HLS 200-885] The II Violation in module 'linear_2_Pipeline_VITIS_LOOP_83_1' (loop 'VITIS_LOOP_83_1'): Unable to schedule bus request operation ('gmem4_load_59_req', src/gtsrb_cnn.cpp:87) on port 'gmem4' (src/gtsrb_cnn.cpp:87) due to limited memory ports (II = 59). Please consider using a memory core with more ports or partitioning the array.
WARNING: [HLS 200-885] The II Violation in module 'linear_2_Pipeline_VITIS_LOOP_83_1' (loop 'VITIS_LOOP_83_1'): Unable to schedule bus request operation ('gmem4_load_63_req', src/gtsrb_cnn.cpp:87) on port 'gmem4' (src/gtsrb_cnn.cpp:87) due to limited memory ports (II = 63). Please consider using a memory core with more ports or partitioning the array.
WARNING: [HLS 200-885] The II Violation in module 'linear_2_Pipeline_VITIS_LOOP_83_1' (loop 'VITIS_LOOP_83_1'): Unable to schedule bus request operation ('gmem4_load_64_req', src/gtsrb_cnn.cpp:87) on port 'gmem4' (src/gtsrb_cnn.cpp:87) due to limited memory ports (II = 64). Please consider using a memory core with more ports or partitioning the array.
INFO: [HLS 200-1470] Pipelining result : Target II = NA, Final II = 65, Depth = 339, loop 'VITIS_LOOP_83_1'
INFO: [SCHED 204-11] Finished scheduling.
Command       schedule done; 2.158 sec.
INFO: [HLS 200-111] Finished Scheduling: CPU user time: 2 seconds. CPU system time: 0 seconds. Elapsed time: 2.205 seconds; current allocated memory: 290.199 MB.
Execute       syn_report -verbosereport -o C:/Xilinx/pynq-zu/HLS/CNN_GTSRB/CNN_GTSRB/solution1/.autopilot/db/linear_2_Pipeline_VITIS_LOOP_83_1.verbose.sched.rpt 
Execute         AP::get_flow_target_display_name
Command       syn_report done; 0.889 sec.
Execute       db_write -o C:/Xilinx/pynq-zu/HLS/CNN_GTSRB/CNN_GTSRB/solution1/.autopilot/db/linear_2_Pipeline_VITIS_LOOP_83_1.sched.adb -f 
INFO-FLOW: Finish scheduling linear.2_Pipeline_VITIS_LOOP_83_1.
Execute       set_default_model linear.2_Pipeline_VITIS_LOOP_83_1 
Execute       bind -model linear.2_Pipeline_VITIS_LOOP_83_1 
INFO: [BIND 205-100] Starting micro-architecture generation ...
INFO: [BIND 205-101] Performing variable lifetime analysis.
INFO: [BIND 205-101] Exploring resource sharing.
INFO: [BIND 205-101] Binding ...
INFO: [BIND 205-100] Finished micro-architecture generation.
Command       bind done; 0.449 sec.
INFO: [HLS 200-111] Finished Binding: CPU user time: 2 seconds. CPU system time: 0 seconds. Elapsed time: 1.425 seconds; current allocated memory: 291.930 MB.
Execute       syn_report -verbosereport -o C:/Xilinx/pynq-zu/HLS/CNN_GTSRB/CNN_GTSRB/solution1/.autopilot/db/linear_2_Pipeline_VITIS_LOOP_83_1.verbose.bind.rpt 
Execute         AP::get_flow_target_display_name
Command       syn_report done; 0.724 sec.
Execute       db_write -o C:/Xilinx/pynq-zu/HLS/CNN_GTSRB/CNN_GTSRB/solution1/.autopilot/db/linear_2_Pipeline_VITIS_LOOP_83_1.bind.adb -f 
Command       db_write done; 0.118 sec.
INFO-FLOW: Finish binding linear.2_Pipeline_VITIS_LOOP_83_1.
INFO: [HLS 200-10] ----------------------------------------------------------------
INFO: [HLS 200-42] -- Implementing module 'linear_2' 
INFO: [HLS 200-10] ----------------------------------------------------------------
Execute       set_default_model linear.2 
Execute       schedule -model linear.2 
INFO: [SCHED 204-11] Starting scheduling ...
INFO: [SCHED 204-11] Finished scheduling.
INFO: [HLS 200-111] Finished Scheduling: CPU user time: 1 seconds. CPU system time: 0 seconds. Elapsed time: 0.864 seconds; current allocated memory: 292.648 MB.
Execute       syn_report -verbosereport -o C:/Xilinx/pynq-zu/HLS/CNN_GTSRB/CNN_GTSRB/solution1/.autopilot/db/linear_2.verbose.sched.rpt 
Execute         AP::get_flow_target_display_name
Execute       db_write -o C:/Xilinx/pynq-zu/HLS/CNN_GTSRB/CNN_GTSRB/solution1/.autopilot/db/linear_2.sched.adb -f 
INFO-FLOW: Finish scheduling linear.2.
Execute       set_default_model linear.2 
Execute       bind -model linear.2 
INFO: [BIND 205-100] Starting micro-architecture generation ...
INFO: [BIND 205-101] Performing variable lifetime analysis.
INFO: [BIND 205-101] Exploring resource sharing.
INFO: [BIND 205-101] Binding ...
INFO: [BIND 205-100] Finished micro-architecture generation.
INFO: [HLS 200-111] Finished Binding: CPU user time: 0 seconds. CPU system time: 0 seconds. Elapsed time: 0.104 seconds; current allocated memory: 292.812 MB.
Execute       syn_report -verbosereport -o C:/Xilinx/pynq-zu/HLS/CNN_GTSRB/CNN_GTSRB/solution1/.autopilot/db/linear_2.verbose.bind.rpt 
Execute         AP::get_flow_target_display_name
Command       syn_report done; 0.212 sec.
Execute       db_write -o C:/Xilinx/pynq-zu/HLS/CNN_GTSRB/CNN_GTSRB/solution1/.autopilot/db/linear_2.bind.adb -f 
INFO-FLOW: Finish binding linear.2.
INFO: [HLS 200-10] ----------------------------------------------------------------
INFO: [HLS 200-42] -- Implementing module 'gtsrb_cnn_Pipeline_VITIS_LOOP_101_1' 
INFO: [HLS 200-10] ----------------------------------------------------------------
Execute       set_default_model gtsrb_cnn_Pipeline_VITIS_LOOP_101_1 
Execute       schedule -model gtsrb_cnn_Pipeline_VITIS_LOOP_101_1 
INFO: [SCHED 204-11] Starting scheduling ...
INFO: [SCHED 204-61] Pipelining loop 'VITIS_LOOP_101_1'.
INFO: [HLS 200-1470] Pipelining result : Target II = NA, Final II = 1, Depth = 4, loop 'VITIS_LOOP_101_1'
INFO: [SCHED 204-11] Finished scheduling.
INFO: [HLS 200-111] Finished Scheduling: CPU user time: 0 seconds. CPU system time: 0 seconds. Elapsed time: 0.25 seconds; current allocated memory: 292.941 MB.
Execute       syn_report -verbosereport -o C:/Xilinx/pynq-zu/HLS/CNN_GTSRB/CNN_GTSRB/solution1/.autopilot/db/gtsrb_cnn_Pipeline_VITIS_LOOP_101_1.verbose.sched.rpt 
Execute         AP::get_flow_target_display_name
Execute       db_write -o C:/Xilinx/pynq-zu/HLS/CNN_GTSRB/CNN_GTSRB/solution1/.autopilot/db/gtsrb_cnn_Pipeline_VITIS_LOOP_101_1.sched.adb -f 
INFO-FLOW: Finish scheduling gtsrb_cnn_Pipeline_VITIS_LOOP_101_1.
Execute       set_default_model gtsrb_cnn_Pipeline_VITIS_LOOP_101_1 
Execute       bind -model gtsrb_cnn_Pipeline_VITIS_LOOP_101_1 
INFO: [BIND 205-100] Starting micro-architecture generation ...
INFO: [BIND 205-101] Performing variable lifetime analysis.
INFO: [BIND 205-101] Exploring resource sharing.
INFO: [BIND 205-101] Binding ...
INFO: [BIND 205-100] Finished micro-architecture generation.
INFO: [HLS 200-111] Finished Binding: CPU user time: 0 seconds. CPU system time: 0 seconds. Elapsed time: 0.04 seconds; current allocated memory: 293.180 MB.
Execute       syn_report -verbosereport -o C:/Xilinx/pynq-zu/HLS/CNN_GTSRB/CNN_GTSRB/solution1/.autopilot/db/gtsrb_cnn_Pipeline_VITIS_LOOP_101_1.verbose.bind.rpt 
Execute         AP::get_flow_target_display_name
Execute       db_write -o C:/Xilinx/pynq-zu/HLS/CNN_GTSRB/CNN_GTSRB/solution1/.autopilot/db/gtsrb_cnn_Pipeline_VITIS_LOOP_101_1.bind.adb -f 
INFO-FLOW: Finish binding gtsrb_cnn_Pipeline_VITIS_LOOP_101_1.
INFO: [HLS 200-10] ----------------------------------------------------------------
INFO: [HLS 200-42] -- Implementing module 'gtsrb_cnn' 
INFO: [HLS 200-10] ----------------------------------------------------------------
Execute       set_default_model gtsrb_cnn 
Execute       schedule -model gtsrb_cnn 
INFO: [SCHED 204-11] Starting scheduling ...
INFO: [SCHED 204-11] Finished scheduling.
INFO: [HLS 200-111] Finished Scheduling: CPU user time: 0 seconds. CPU system time: 0 seconds. Elapsed time: 0.091 seconds; current allocated memory: 293.508 MB.
Execute       syn_report -verbosereport -o C:/Xilinx/pynq-zu/HLS/CNN_GTSRB/CNN_GTSRB/solution1/.autopilot/db/gtsrb_cnn.verbose.sched.rpt 
Execute         AP::get_flow_target_display_name
Execute       db_write -o C:/Xilinx/pynq-zu/HLS/CNN_GTSRB/CNN_GTSRB/solution1/.autopilot/db/gtsrb_cnn.sched.adb -f 
INFO-FLOW: Finish scheduling gtsrb_cnn.
Execute       set_default_model gtsrb_cnn 
Execute       bind -model gtsrb_cnn 
INFO: [BIND 205-100] Starting micro-architecture generation ...
INFO: [BIND 205-101] Performing variable lifetime analysis.
INFO: [BIND 205-101] Exploring resource sharing.
INFO: [BIND 205-101] Binding ...
INFO: [BIND 205-100] Finished micro-architecture generation.
Command       bind done; 0.367 sec.
INFO: [HLS 200-111] Finished Binding: CPU user time: 0 seconds. CPU system time: 0 seconds. Elapsed time: 0.424 seconds; current allocated memory: 294.223 MB.
Execute       syn_report -verbosereport -o C:/Xilinx/pynq-zu/HLS/CNN_GTSRB/CNN_GTSRB/solution1/.autopilot/db/gtsrb_cnn.verbose.bind.rpt 
Execute         AP::get_flow_target_display_name
Command       syn_report done; 0.954 sec.
Execute       db_write -o C:/Xilinx/pynq-zu/HLS/CNN_GTSRB/CNN_GTSRB/solution1/.autopilot/db/gtsrb_cnn.bind.adb -f 
INFO-FLOW: Finish binding gtsrb_cnn.
Execute       get_model_list gtsrb_cnn -filter all-wo-channel 
INFO-FLOW: Preprocessing for RTLGen ...
Execute       rtl_gen_preprocess conv_valid_relu 
Execute       rtl_gen_preprocess maxpool2x2_valid.2 
Execute       rtl_gen_preprocess conv_valid_relu.2 
Execute       rtl_gen_preprocess maxpool2x2_valid.1 
Execute       rtl_gen_preprocess conv_valid_relu.1 
Execute       rtl_gen_preprocess maxpool2x2_valid 
Execute       rtl_gen_preprocess linear_Pipeline_VITIS_LOOP_86_2 
Execute       rtl_gen_preprocess linear 
Execute       rtl_gen_preprocess linear.2_Pipeline_VITIS_LOOP_83_1 
Execute       rtl_gen_preprocess linear.2 
Execute       rtl_gen_preprocess gtsrb_cnn_Pipeline_VITIS_LOOP_101_1 
Execute       rtl_gen_preprocess gtsrb_cnn 
INFO-FLOW: Model list for RTL generation: conv_valid_relu maxpool2x2_valid.2 conv_valid_relu.2 maxpool2x2_valid.1 conv_valid_relu.1 maxpool2x2_valid linear_Pipeline_VITIS_LOOP_86_2 linear linear.2_Pipeline_VITIS_LOOP_83_1 linear.2 gtsrb_cnn_Pipeline_VITIS_LOOP_101_1 gtsrb_cnn
INFO: [HLS 200-10] ----------------------------------------------------------------
INFO: [HLS 200-10] -- Generating RTL for module 'conv_valid_relu' 
INFO: [HLS 200-10] ----------------------------------------------------------------
Execute       create_rtl_model conv_valid_relu -top_prefix gtsrb_cnn_ -sub_prefix gtsrb_cnn_ -mg_file C:/Xilinx/pynq-zu/HLS/CNN_GTSRB/CNN_GTSRB/solution1/.autopilot/db/conv_valid_relu.compgen.tcl 
INFO: [HLS 200-1030] Apply Unified Pipeline Control on module 'conv_valid_relu' pipeline 'VITIS_LOOP_14_1_VITIS_LOOP_15_2_VITIS_LOOP_16_3' pipeline type 'loop pipeline'
INFO: [RTGEN 206-100] Generating core module 'fadd_32ns_32ns_32_5_full_dsp_1': 1 instance(s).
INFO: [RTGEN 206-100] Generating core module 'fcmp_32ns_32ns_1_2_no_dsp_1': 1 instance(s).
INFO: [RTGEN 206-100] Generating core module 'fmul_32ns_32ns_32_4_max_dsp_1': 1 instance(s).
INFO: [RTGEN 206-100] Generating core module 'mul_5ns_8ns_12_1_1': 2 instance(s).
INFO: [RTGEN 206-100] Finished creating RTL model for 'conv_valid_relu'.
Command       create_rtl_model done; 0.19 sec.
INFO: [HLS 200-111] Finished Creating RTL model: CPU user time: 2 seconds. CPU system time: 0 seconds. Elapsed time: 1.174 seconds; current allocated memory: 301.234 MB.
Execute       source C:/Xilinx/pynq-zu/HLS/CNN_GTSRB/CNN_GTSRB/solution1/.autopilot/db/gtsrb_cnn.rtl_wrap.cfg.tcl 
Execute       gen_rtl conv_valid_relu -style xilinx -f -lang vhdl -o C:/Xilinx/pynq-zu/HLS/CNN_GTSRB/CNN_GTSRB/solution1/syn/vhdl/gtsrb_cnn_conv_valid_relu 
Execute       gen_rtl conv_valid_relu -style xilinx -f -lang vlog -o C:/Xilinx/pynq-zu/HLS/CNN_GTSRB/CNN_GTSRB/solution1/syn/verilog/gtsrb_cnn_conv_valid_relu 
Execute       syn_report -csynth -model conv_valid_relu -o C:/Xilinx/pynq-zu/HLS/CNN_GTSRB/CNN_GTSRB/solution1/syn/report/conv_valid_relu_csynth.rpt 
Execute         AP::get_flow_target_display_name
Command       syn_report done; 0.169 sec.
Execute       syn_report -rtlxml -model conv_valid_relu -o C:/Xilinx/pynq-zu/HLS/CNN_GTSRB/CNN_GTSRB/solution1/syn/report/conv_valid_relu_csynth.xml 
Execute       syn_report -verbosereport -model conv_valid_relu -o C:/Xilinx/pynq-zu/HLS/CNN_GTSRB/CNN_GTSRB/solution1/.autopilot/db/conv_valid_relu.verbose.rpt 
Execute         AP::get_flow_target_display_name
Command       syn_report done; 0.453 sec.
Execute       db_write -model conv_valid_relu -f -o C:/Xilinx/pynq-zu/HLS/CNN_GTSRB/CNN_GTSRB/solution1/.autopilot/db/conv_valid_relu.adb 
Command       db_write done; 0.144 sec.
Execute       db_write -model conv_valid_relu -bindview -o C:/Xilinx/pynq-zu/HLS/CNN_GTSRB/CNN_GTSRB/solution1/.autopilot/db/design.bindinfo.xml 
Execute       gen_tb_info conv_valid_relu -p C:/Xilinx/pynq-zu/HLS/CNN_GTSRB/CNN_GTSRB/solution1/.autopilot/db -o C:/Xilinx/pynq-zu/HLS/CNN_GTSRB/CNN_GTSRB/solution1/.autopilot/db/conv_valid_relu 
INFO: [HLS 200-10] ----------------------------------------------------------------
INFO: [HLS 200-10] -- Generating RTL for module 'maxpool2x2_valid_2' 
INFO: [HLS 200-10] ----------------------------------------------------------------
Execute       create_rtl_model maxpool2x2_valid.2 -top_prefix gtsrb_cnn_ -sub_prefix gtsrb_cnn_ -mg_file C:/Xilinx/pynq-zu/HLS/CNN_GTSRB/CNN_GTSRB/solution1/.autopilot/db/maxpool2x2_valid_2.compgen.tcl 
INFO: [HLS 200-1030] Apply Unified Pipeline Control on module 'maxpool2x2_valid_2' pipeline 'VITIS_LOOP_48_1_VITIS_LOOP_49_2_VITIS_LOOP_50_3' pipeline type 'loop pipeline'
INFO: [RTGEN 206-100] Generating core module 'fcmp_32ns_32ns_1_2_no_dsp_1': 2 instance(s).
INFO: [RTGEN 206-100] Finished creating RTL model for 'maxpool2x2_valid_2'.
INFO: [HLS 200-111] Finished Creating RTL model: CPU user time: 1 seconds. CPU system time: 0 seconds. Elapsed time: 1.359 seconds; current allocated memory: 312.117 MB.
Execute       source C:/Xilinx/pynq-zu/HLS/CNN_GTSRB/CNN_GTSRB/solution1/.autopilot/db/gtsrb_cnn.rtl_wrap.cfg.tcl 
Execute       gen_rtl maxpool2x2_valid.2 -style xilinx -f -lang vhdl -o C:/Xilinx/pynq-zu/HLS/CNN_GTSRB/CNN_GTSRB/solution1/syn/vhdl/gtsrb_cnn_maxpool2x2_valid_2 
Execute       gen_rtl maxpool2x2_valid.2 -style xilinx -f -lang vlog -o C:/Xilinx/pynq-zu/HLS/CNN_GTSRB/CNN_GTSRB/solution1/syn/verilog/gtsrb_cnn_maxpool2x2_valid_2 
Execute       syn_report -csynth -model maxpool2x2_valid.2 -o C:/Xilinx/pynq-zu/HLS/CNN_GTSRB/CNN_GTSRB/solution1/syn/report/maxpool2x2_valid_2_csynth.rpt 
Execute         AP::get_flow_target_display_name
Execute       syn_report -rtlxml -model maxpool2x2_valid.2 -o C:/Xilinx/pynq-zu/HLS/CNN_GTSRB/CNN_GTSRB/solution1/syn/report/maxpool2x2_valid_2_csynth.xml 
Execute       syn_report -verbosereport -model maxpool2x2_valid.2 -o C:/Xilinx/pynq-zu/HLS/CNN_GTSRB/CNN_GTSRB/solution1/.autopilot/db/maxpool2x2_valid_2.verbose.rpt 
Execute         AP::get_flow_target_display_name
Command       syn_report done; 0.176 sec.
Execute       db_write -model maxpool2x2_valid.2 -f -o C:/Xilinx/pynq-zu/HLS/CNN_GTSRB/CNN_GTSRB/solution1/.autopilot/db/maxpool2x2_valid_2.adb 
Execute       db_write -model maxpool2x2_valid.2 -bindview -o C:/Xilinx/pynq-zu/HLS/CNN_GTSRB/CNN_GTSRB/solution1/.autopilot/db/design.bindinfo.xml 
Execute       gen_tb_info maxpool2x2_valid.2 -p C:/Xilinx/pynq-zu/HLS/CNN_GTSRB/CNN_GTSRB/solution1/.autopilot/db -o C:/Xilinx/pynq-zu/HLS/CNN_GTSRB/CNN_GTSRB/solution1/.autopilot/db/maxpool2x2_valid_2 
INFO: [HLS 200-10] ----------------------------------------------------------------
INFO: [HLS 200-10] -- Generating RTL for module 'conv_valid_relu_2' 
INFO: [HLS 200-10] ----------------------------------------------------------------
Execute       create_rtl_model conv_valid_relu.2 -top_prefix gtsrb_cnn_ -sub_prefix gtsrb_cnn_ -mg_file C:/Xilinx/pynq-zu/HLS/CNN_GTSRB/CNN_GTSRB/solution1/.autopilot/db/conv_valid_relu_2.compgen.tcl 
INFO: [RTGEN 206-100] Generating core module 'fadd_32ns_32ns_32_5_full_dsp_1': 1 instance(s).
INFO: [RTGEN 206-100] Generating core module 'fcmp_32ns_32ns_1_2_no_dsp_1': 1 instance(s).
INFO: [RTGEN 206-100] Generating core module 'fmul_32ns_32ns_32_4_max_dsp_1': 1 instance(s).
INFO: [RTGEN 206-100] Finished creating RTL model for 'conv_valid_relu_2'.
Command       create_rtl_model done; 0.101 sec.
INFO: [HLS 200-111] Finished Creating RTL model: CPU user time: 0 seconds. CPU system time: 0 seconds. Elapsed time: 0.587 seconds; current allocated memory: 317.582 MB.
Execute       source C:/Xilinx/pynq-zu/HLS/CNN_GTSRB/CNN_GTSRB/solution1/.autopilot/db/gtsrb_cnn.rtl_wrap.cfg.tcl 
Execute       gen_rtl conv_valid_relu.2 -style xilinx -f -lang vhdl -o C:/Xilinx/pynq-zu/HLS/CNN_GTSRB/CNN_GTSRB/solution1/syn/vhdl/gtsrb_cnn_conv_valid_relu_2 
Execute       gen_rtl conv_valid_relu.2 -style xilinx -f -lang vlog -o C:/Xilinx/pynq-zu/HLS/CNN_GTSRB/CNN_GTSRB/solution1/syn/verilog/gtsrb_cnn_conv_valid_relu_2 
Execute       syn_report -csynth -model conv_valid_relu.2 -o C:/Xilinx/pynq-zu/HLS/CNN_GTSRB/CNN_GTSRB/solution1/syn/report/conv_valid_relu_2_csynth.rpt 
Execute         AP::get_flow_target_display_name
Execute       syn_report -rtlxml -model conv_valid_relu.2 -o C:/Xilinx/pynq-zu/HLS/CNN_GTSRB/CNN_GTSRB/solution1/syn/report/conv_valid_relu_2_csynth.xml 
Execute       syn_report -verbosereport -model conv_valid_relu.2 -o C:/Xilinx/pynq-zu/HLS/CNN_GTSRB/CNN_GTSRB/solution1/.autopilot/db/conv_valid_relu_2.verbose.rpt 
Execute         AP::get_flow_target_display_name
Command       syn_report done; 0.324 sec.
Execute       db_write -model conv_valid_relu.2 -f -o C:/Xilinx/pynq-zu/HLS/CNN_GTSRB/CNN_GTSRB/solution1/.autopilot/db/conv_valid_relu_2.adb 
Execute       db_write -model conv_valid_relu.2 -bindview -o C:/Xilinx/pynq-zu/HLS/CNN_GTSRB/CNN_GTSRB/solution1/.autopilot/db/design.bindinfo.xml 
Execute       gen_tb_info conv_valid_relu.2 -p C:/Xilinx/pynq-zu/HLS/CNN_GTSRB/CNN_GTSRB/solution1/.autopilot/db -o C:/Xilinx/pynq-zu/HLS/CNN_GTSRB/CNN_GTSRB/solution1/.autopilot/db/conv_valid_relu_2 
INFO: [HLS 200-10] ----------------------------------------------------------------
INFO: [HLS 200-10] -- Generating RTL for module 'maxpool2x2_valid_1' 
INFO: [HLS 200-10] ----------------------------------------------------------------
Execute       create_rtl_model maxpool2x2_valid.1 -top_prefix gtsrb_cnn_ -sub_prefix gtsrb_cnn_ -mg_file C:/Xilinx/pynq-zu/HLS/CNN_GTSRB/CNN_GTSRB/solution1/.autopilot/db/maxpool2x2_valid_1.compgen.tcl 
INFO: [HLS 200-1030] Apply Unified Pipeline Control on module 'maxpool2x2_valid_1' pipeline 'VITIS_LOOP_48_1_VITIS_LOOP_49_2_VITIS_LOOP_50_3' pipeline type 'loop pipeline'
INFO: [RTGEN 206-100] Generating core module 'fcmp_32ns_32ns_1_2_no_dsp_1': 2 instance(s).
INFO: [RTGEN 206-100] Finished creating RTL model for 'maxpool2x2_valid_1'.
INFO: [HLS 200-111] Finished Creating RTL model: CPU user time: 1 seconds. CPU system time: 1 seconds. Elapsed time: 0.898 seconds; current allocated memory: 324.539 MB.
Execute       source C:/Xilinx/pynq-zu/HLS/CNN_GTSRB/CNN_GTSRB/solution1/.autopilot/db/gtsrb_cnn.rtl_wrap.cfg.tcl 
Execute       gen_rtl maxpool2x2_valid.1 -style xilinx -f -lang vhdl -o C:/Xilinx/pynq-zu/HLS/CNN_GTSRB/CNN_GTSRB/solution1/syn/vhdl/gtsrb_cnn_maxpool2x2_valid_1 
Execute       gen_rtl maxpool2x2_valid.1 -style xilinx -f -lang vlog -o C:/Xilinx/pynq-zu/HLS/CNN_GTSRB/CNN_GTSRB/solution1/syn/verilog/gtsrb_cnn_maxpool2x2_valid_1 
Execute       syn_report -csynth -model maxpool2x2_valid.1 -o C:/Xilinx/pynq-zu/HLS/CNN_GTSRB/CNN_GTSRB/solution1/syn/report/maxpool2x2_valid_1_csynth.rpt 
Execute         AP::get_flow_target_display_name
Execute       syn_report -rtlxml -model maxpool2x2_valid.1 -o C:/Xilinx/pynq-zu/HLS/CNN_GTSRB/CNN_GTSRB/solution1/syn/report/maxpool2x2_valid_1_csynth.xml 
Execute       syn_report -verbosereport -model maxpool2x2_valid.1 -o C:/Xilinx/pynq-zu/HLS/CNN_GTSRB/CNN_GTSRB/solution1/.autopilot/db/maxpool2x2_valid_1.verbose.rpt 
Execute         AP::get_flow_target_display_name
Command       syn_report done; 0.183 sec.
Execute       db_write -model maxpool2x2_valid.1 -f -o C:/Xilinx/pynq-zu/HLS/CNN_GTSRB/CNN_GTSRB/solution1/.autopilot/db/maxpool2x2_valid_1.adb 
Execute       db_write -model maxpool2x2_valid.1 -bindview -o C:/Xilinx/pynq-zu/HLS/CNN_GTSRB/CNN_GTSRB/solution1/.autopilot/db/design.bindinfo.xml 
Execute       gen_tb_info maxpool2x2_valid.1 -p C:/Xilinx/pynq-zu/HLS/CNN_GTSRB/CNN_GTSRB/solution1/.autopilot/db -o C:/Xilinx/pynq-zu/HLS/CNN_GTSRB/CNN_GTSRB/solution1/.autopilot/db/maxpool2x2_valid_1 
INFO: [HLS 200-10] ----------------------------------------------------------------
INFO: [HLS 200-10] -- Generating RTL for module 'conv_valid_relu_1' 
INFO: [HLS 200-10] ----------------------------------------------------------------
Execute       create_rtl_model conv_valid_relu.1 -top_prefix gtsrb_cnn_ -sub_prefix gtsrb_cnn_ -mg_file C:/Xilinx/pynq-zu/HLS/CNN_GTSRB/CNN_GTSRB/solution1/.autopilot/db/conv_valid_relu_1.compgen.tcl 
INFO: [RTGEN 206-100] Generating core module 'fadd_32ns_32ns_32_5_full_dsp_1': 1 instance(s).
INFO: [RTGEN 206-100] Generating core module 'fcmp_32ns_32ns_1_2_no_dsp_1': 1 instance(s).
INFO: [RTGEN 206-100] Generating core module 'fmul_32ns_32ns_32_4_max_dsp_1': 1 instance(s).
INFO: [RTGEN 206-100] Finished creating RTL model for 'conv_valid_relu_1'.
Command       create_rtl_model done; 0.102 sec.
INFO: [HLS 200-111] Finished Creating RTL model: CPU user time: 0 seconds. CPU system time: 0 seconds. Elapsed time: 0.615 seconds; current allocated memory: 330.539 MB.
Execute       source C:/Xilinx/pynq-zu/HLS/CNN_GTSRB/CNN_GTSRB/solution1/.autopilot/db/gtsrb_cnn.rtl_wrap.cfg.tcl 
Execute       gen_rtl conv_valid_relu.1 -style xilinx -f -lang vhdl -o C:/Xilinx/pynq-zu/HLS/CNN_GTSRB/CNN_GTSRB/solution1/syn/vhdl/gtsrb_cnn_conv_valid_relu_1 
Execute       gen_rtl conv_valid_relu.1 -style xilinx -f -lang vlog -o C:/Xilinx/pynq-zu/HLS/CNN_GTSRB/CNN_GTSRB/solution1/syn/verilog/gtsrb_cnn_conv_valid_relu_1 
Execute       syn_report -csynth -model conv_valid_relu.1 -o C:/Xilinx/pynq-zu/HLS/CNN_GTSRB/CNN_GTSRB/solution1/syn/report/conv_valid_relu_1_csynth.rpt 
Execute         AP::get_flow_target_display_name
Execute       syn_report -rtlxml -model conv_valid_relu.1 -o C:/Xilinx/pynq-zu/HLS/CNN_GTSRB/CNN_GTSRB/solution1/syn/report/conv_valid_relu_1_csynth.xml 
Execute       syn_report -verbosereport -model conv_valid_relu.1 -o C:/Xilinx/pynq-zu/HLS/CNN_GTSRB/CNN_GTSRB/solution1/.autopilot/db/conv_valid_relu_1.verbose.rpt 
Execute         AP::get_flow_target_display_name
Command       syn_report done; 0.324 sec.
Execute       db_write -model conv_valid_relu.1 -f -o C:/Xilinx/pynq-zu/HLS/CNN_GTSRB/CNN_GTSRB/solution1/.autopilot/db/conv_valid_relu_1.adb 
Execute       db_write -model conv_valid_relu.1 -bindview -o C:/Xilinx/pynq-zu/HLS/CNN_GTSRB/CNN_GTSRB/solution1/.autopilot/db/design.bindinfo.xml 
Execute       gen_tb_info conv_valid_relu.1 -p C:/Xilinx/pynq-zu/HLS/CNN_GTSRB/CNN_GTSRB/solution1/.autopilot/db -o C:/Xilinx/pynq-zu/HLS/CNN_GTSRB/CNN_GTSRB/solution1/.autopilot/db/conv_valid_relu_1 
INFO: [HLS 200-10] ----------------------------------------------------------------
INFO: [HLS 200-10] -- Generating RTL for module 'maxpool2x2_valid' 
INFO: [HLS 200-10] ----------------------------------------------------------------
Execute       create_rtl_model maxpool2x2_valid -top_prefix gtsrb_cnn_ -sub_prefix gtsrb_cnn_ -mg_file C:/Xilinx/pynq-zu/HLS/CNN_GTSRB/CNN_GTSRB/solution1/.autopilot/db/maxpool2x2_valid.compgen.tcl 
INFO: [HLS 200-1030] Apply Unified Pipeline Control on module 'maxpool2x2_valid' pipeline 'VITIS_LOOP_48_1_VITIS_LOOP_49_2_VITIS_LOOP_50_3' pipeline type 'loop pipeline'
INFO: [RTGEN 206-100] Generating core module 'fcmp_32ns_32ns_1_2_no_dsp_1': 2 instance(s).
INFO: [RTGEN 206-100] Finished creating RTL model for 'maxpool2x2_valid'.
INFO: [HLS 200-111] Finished Creating RTL model: CPU user time: 1 seconds. CPU system time: 0 seconds. Elapsed time: 0.902 seconds; current allocated memory: 337.902 MB.
Execute       source C:/Xilinx/pynq-zu/HLS/CNN_GTSRB/CNN_GTSRB/solution1/.autopilot/db/gtsrb_cnn.rtl_wrap.cfg.tcl 
Execute       gen_rtl maxpool2x2_valid -style xilinx -f -lang vhdl -o C:/Xilinx/pynq-zu/HLS/CNN_GTSRB/CNN_GTSRB/solution1/syn/vhdl/gtsrb_cnn_maxpool2x2_valid 
Execute       gen_rtl maxpool2x2_valid -style xilinx -f -lang vlog -o C:/Xilinx/pynq-zu/HLS/CNN_GTSRB/CNN_GTSRB/solution1/syn/verilog/gtsrb_cnn_maxpool2x2_valid 
Execute       syn_report -csynth -model maxpool2x2_valid -o C:/Xilinx/pynq-zu/HLS/CNN_GTSRB/CNN_GTSRB/solution1/syn/report/maxpool2x2_valid_csynth.rpt 
Execute         AP::get_flow_target_display_name
Execute       syn_report -rtlxml -model maxpool2x2_valid -o C:/Xilinx/pynq-zu/HLS/CNN_GTSRB/CNN_GTSRB/solution1/syn/report/maxpool2x2_valid_csynth.xml 
Execute       syn_report -verbosereport -model maxpool2x2_valid -o C:/Xilinx/pynq-zu/HLS/CNN_GTSRB/CNN_GTSRB/solution1/.autopilot/db/maxpool2x2_valid.verbose.rpt 
Execute         AP::get_flow_target_display_name
Command       syn_report done; 0.153 sec.
Execute       db_write -model maxpool2x2_valid -f -o C:/Xilinx/pynq-zu/HLS/CNN_GTSRB/CNN_GTSRB/solution1/.autopilot/db/maxpool2x2_valid.adb 
Execute       db_write -model maxpool2x2_valid -bindview -o C:/Xilinx/pynq-zu/HLS/CNN_GTSRB/CNN_GTSRB/solution1/.autopilot/db/design.bindinfo.xml 
Execute       gen_tb_info maxpool2x2_valid -p C:/Xilinx/pynq-zu/HLS/CNN_GTSRB/CNN_GTSRB/solution1/.autopilot/db -o C:/Xilinx/pynq-zu/HLS/CNN_GTSRB/CNN_GTSRB/solution1/.autopilot/db/maxpool2x2_valid 
INFO: [HLS 200-10] ----------------------------------------------------------------
INFO: [HLS 200-10] -- Generating RTL for module 'linear_Pipeline_VITIS_LOOP_86_2' 
INFO: [HLS 200-10] ----------------------------------------------------------------
Execute       create_rtl_model linear_Pipeline_VITIS_LOOP_86_2 -top_prefix gtsrb_cnn_ -sub_prefix gtsrb_cnn_ -mg_file C:/Xilinx/pynq-zu/HLS/CNN_GTSRB/CNN_GTSRB/solution1/.autopilot/db/linear_Pipeline_VITIS_LOOP_86_2.compgen.tcl 
INFO: [HLS 200-1030] Apply Unified Pipeline Control on module 'linear_Pipeline_VITIS_LOOP_86_2' pipeline 'VITIS_LOOP_86_2' pipeline type 'loop pipeline'
INFO: [RTGEN 206-100] Generating core module 'fadd_32ns_32ns_32_5_full_dsp_1': 1 instance(s).
INFO: [RTGEN 206-100] Generating core module 'fcmp_32ns_32ns_1_2_no_dsp_1': 1 instance(s).
INFO: [RTGEN 206-100] Generating core module 'fmul_32ns_32ns_32_4_max_dsp_1': 1 instance(s).
INFO: [RTGEN 206-100] Finished creating RTL model for 'linear_Pipeline_VITIS_LOOP_86_2'.
INFO: [HLS 200-111] Finished Creating RTL model: CPU user time: 0 seconds. CPU system time: 0 seconds. Elapsed time: 0.465 seconds; current allocated memory: 340.918 MB.
Execute       source C:/Xilinx/pynq-zu/HLS/CNN_GTSRB/CNN_GTSRB/solution1/.autopilot/db/gtsrb_cnn.rtl_wrap.cfg.tcl 
Execute       gen_rtl linear_Pipeline_VITIS_LOOP_86_2 -style xilinx -f -lang vhdl -o C:/Xilinx/pynq-zu/HLS/CNN_GTSRB/CNN_GTSRB/solution1/syn/vhdl/gtsrb_cnn_linear_Pipeline_VITIS_LOOP_86_2 
Execute       gen_rtl linear_Pipeline_VITIS_LOOP_86_2 -style xilinx -f -lang vlog -o C:/Xilinx/pynq-zu/HLS/CNN_GTSRB/CNN_GTSRB/solution1/syn/verilog/gtsrb_cnn_linear_Pipeline_VITIS_LOOP_86_2 
Execute       syn_report -csynth -model linear_Pipeline_VITIS_LOOP_86_2 -o C:/Xilinx/pynq-zu/HLS/CNN_GTSRB/CNN_GTSRB/solution1/syn/report/linear_Pipeline_VITIS_LOOP_86_2_csynth.rpt 
Execute         AP::get_flow_target_display_name
Execute       syn_report -rtlxml -model linear_Pipeline_VITIS_LOOP_86_2 -o C:/Xilinx/pynq-zu/HLS/CNN_GTSRB/CNN_GTSRB/solution1/syn/report/linear_Pipeline_VITIS_LOOP_86_2_csynth.xml 
Execute       syn_report -verbosereport -model linear_Pipeline_VITIS_LOOP_86_2 -o C:/Xilinx/pynq-zu/HLS/CNN_GTSRB/CNN_GTSRB/solution1/.autopilot/db/linear_Pipeline_VITIS_LOOP_86_2.verbose.rpt 
Execute         AP::get_flow_target_display_name
Execute       db_write -model linear_Pipeline_VITIS_LOOP_86_2 -f -o C:/Xilinx/pynq-zu/HLS/CNN_GTSRB/CNN_GTSRB/solution1/.autopilot/db/linear_Pipeline_VITIS_LOOP_86_2.adb 
Execute       db_write -model linear_Pipeline_VITIS_LOOP_86_2 -bindview -o C:/Xilinx/pynq-zu/HLS/CNN_GTSRB/CNN_GTSRB/solution1/.autopilot/db/design.bindinfo.xml 
Execute       gen_tb_info linear_Pipeline_VITIS_LOOP_86_2 -p C:/Xilinx/pynq-zu/HLS/CNN_GTSRB/CNN_GTSRB/solution1/.autopilot/db -o C:/Xilinx/pynq-zu/HLS/CNN_GTSRB/CNN_GTSRB/solution1/.autopilot/db/linear_Pipeline_VITIS_LOOP_86_2 
INFO: [HLS 200-10] ----------------------------------------------------------------
INFO: [HLS 200-10] -- Generating RTL for module 'linear' 
INFO: [HLS 200-10] ----------------------------------------------------------------
Execute       create_rtl_model linear -top_prefix gtsrb_cnn_ -sub_prefix gtsrb_cnn_ -mg_file C:/Xilinx/pynq-zu/HLS/CNN_GTSRB/CNN_GTSRB/solution1/.autopilot/db/linear.compgen.tcl 
WARNING: [RTGEN 206-101] Setting dangling out port 'linear/grp_fu_574_p_opcode' to 0.
INFO: [RTGEN 206-100] Generating core module 'fadd_32ns_32ns_32_5_full_dsp_1': 1 instance(s).
INFO: [RTGEN 206-100] Generating core module 'fcmp_32ns_32ns_1_2_no_dsp_1': 1 instance(s).
INFO: [RTGEN 206-100] Generating core module 'fmul_32ns_32ns_32_4_max_dsp_1': 1 instance(s).
INFO: [RTGEN 206-100] Finished creating RTL model for 'linear'.
INFO: [HLS 200-111] Finished Creating RTL model: CPU user time: 0 seconds. CPU system time: 0 seconds. Elapsed time: 0.18 seconds; current allocated memory: 342.371 MB.
Execute       source C:/Xilinx/pynq-zu/HLS/CNN_GTSRB/CNN_GTSRB/solution1/.autopilot/db/gtsrb_cnn.rtl_wrap.cfg.tcl 
Execute       gen_rtl linear -style xilinx -f -lang vhdl -o C:/Xilinx/pynq-zu/HLS/CNN_GTSRB/CNN_GTSRB/solution1/syn/vhdl/gtsrb_cnn_linear 
Execute       gen_rtl linear -style xilinx -f -lang vlog -o C:/Xilinx/pynq-zu/HLS/CNN_GTSRB/CNN_GTSRB/solution1/syn/verilog/gtsrb_cnn_linear 
Execute       syn_report -csynth -model linear -o C:/Xilinx/pynq-zu/HLS/CNN_GTSRB/CNN_GTSRB/solution1/syn/report/linear_csynth.rpt 
Execute         AP::get_flow_target_display_name
Execute       syn_report -rtlxml -model linear -o C:/Xilinx/pynq-zu/HLS/CNN_GTSRB/CNN_GTSRB/solution1/syn/report/linear_csynth.xml 
Execute       syn_report -verbosereport -model linear -o C:/Xilinx/pynq-zu/HLS/CNN_GTSRB/CNN_GTSRB/solution1/.autopilot/db/linear.verbose.rpt 
Execute         AP::get_flow_target_display_name
Execute       db_write -model linear -f -o C:/Xilinx/pynq-zu/HLS/CNN_GTSRB/CNN_GTSRB/solution1/.autopilot/db/linear.adb 
Execute       db_write -model linear -bindview -o C:/Xilinx/pynq-zu/HLS/CNN_GTSRB/CNN_GTSRB/solution1/.autopilot/db/design.bindinfo.xml 
Execute       gen_tb_info linear -p C:/Xilinx/pynq-zu/HLS/CNN_GTSRB/CNN_GTSRB/solution1/.autopilot/db -o C:/Xilinx/pynq-zu/HLS/CNN_GTSRB/CNN_GTSRB/solution1/.autopilot/db/linear 
INFO: [HLS 200-10] ----------------------------------------------------------------
INFO: [HLS 200-10] -- Generating RTL for module 'linear_2_Pipeline_VITIS_LOOP_83_1' 
INFO: [HLS 200-10] ----------------------------------------------------------------
Execute       create_rtl_model linear.2_Pipeline_VITIS_LOOP_83_1 -top_prefix gtsrb_cnn_ -sub_prefix gtsrb_cnn_ -mg_file C:/Xilinx/pynq-zu/HLS/CNN_GTSRB/CNN_GTSRB/solution1/.autopilot/db/linear_2_Pipeline_VITIS_LOOP_83_1.compgen.tcl 
INFO: [HLS 200-1030] Apply Unified Pipeline Control on module 'linear_2_Pipeline_VITIS_LOOP_83_1' pipeline 'VITIS_LOOP_83_1' pipeline type 'loop pipeline'
WARNING: [RTGEN 206-101] Setting dangling out port 'linear_2_Pipeline_VITIS_LOOP_83_1/m_axi_gmem5_AWVALID' to 0.
WARNING: [RTGEN 206-101] Setting dangling out port 'linear_2_Pipeline_VITIS_LOOP_83_1/m_axi_gmem5_AWADDR' to 0.
WARNING: [RTGEN 206-101] Setting dangling out port 'linear_2_Pipeline_VITIS_LOOP_83_1/m_axi_gmem5_AWID' to 0.
WARNING: [RTGEN 206-101] Setting dangling out port 'linear_2_Pipeline_VITIS_LOOP_83_1/m_axi_gmem5_AWLEN' to 0.
WARNING: [RTGEN 206-101] Setting dangling out port 'linear_2_Pipeline_VITIS_LOOP_83_1/m_axi_gmem5_AWSIZE' to 0.
WARNING: [RTGEN 206-101] Setting dangling out port 'linear_2_Pipeline_VITIS_LOOP_83_1/m_axi_gmem5_AWBURST' to 0.
WARNING: [RTGEN 206-101] Setting dangling out port 'linear_2_Pipeline_VITIS_LOOP_83_1/m_axi_gmem5_AWLOCK' to 0.
WARNING: [RTGEN 206-101] Setting dangling out port 'linear_2_Pipeline_VITIS_LOOP_83_1/m_axi_gmem5_AWCACHE' to 0.
WARNING: [RTGEN 206-101] Setting dangling out port 'linear_2_Pipeline_VITIS_LOOP_83_1/m_axi_gmem5_AWPROT' to 0.
WARNING: [RTGEN 206-101] Setting dangling out port 'linear_2_Pipeline_VITIS_LOOP_83_1/m_axi_gmem5_AWQOS' to 0.
WARNING: [RTGEN 206-101] Setting dangling out port 'linear_2_Pipeline_VITIS_LOOP_83_1/m_axi_gmem5_AWREGION' to 0.
WARNING: [RTGEN 206-101] Setting dangling out port 'linear_2_Pipeline_VITIS_LOOP_83_1/m_axi_gmem5_AWUSER' to 0.
WARNING: [RTGEN 206-101] Setting dangling out port 'linear_2_Pipeline_VITIS_LOOP_83_1/m_axi_gmem5_BREADY' to 0.
INFO: [RTGEN 206-100] Generating core module 'fadd_32ns_32ns_32_5_full_dsp_1': 1 instance(s).
INFO: [RTGEN 206-100] Generating core module 'fmul_32ns_32ns_32_4_max_dsp_1': 1 instance(s).
INFO: [RTGEN 206-100] Finished creating RTL model for 'linear_2_Pipeline_VITIS_LOOP_83_1'.
Command       create_rtl_model done; 0.383 sec.
INFO: [HLS 200-111] Finished Creating RTL model: CPU user time: 1 seconds. CPU system time: 0 seconds. Elapsed time: 0.498 seconds; current allocated memory: 354.363 MB.
Execute       source C:/Xilinx/pynq-zu/HLS/CNN_GTSRB/CNN_GTSRB/solution1/.autopilot/db/gtsrb_cnn.rtl_wrap.cfg.tcl 
Execute       gen_rtl linear.2_Pipeline_VITIS_LOOP_83_1 -style xilinx -f -lang vhdl -o C:/Xilinx/pynq-zu/HLS/CNN_GTSRB/CNN_GTSRB/solution1/syn/vhdl/gtsrb_cnn_linear_2_Pipeline_VITIS_LOOP_83_1 
Execute       gen_rtl linear.2_Pipeline_VITIS_LOOP_83_1 -style xilinx -f -lang vlog -o C:/Xilinx/pynq-zu/HLS/CNN_GTSRB/CNN_GTSRB/solution1/syn/verilog/gtsrb_cnn_linear_2_Pipeline_VITIS_LOOP_83_1 
Execute       syn_report -csynth -model linear.2_Pipeline_VITIS_LOOP_83_1 -o C:/Xilinx/pynq-zu/HLS/CNN_GTSRB/CNN_GTSRB/solution1/syn/report/linear_2_Pipeline_VITIS_LOOP_83_1_csynth.rpt 
Execute         AP::get_flow_target_display_name
Command       syn_report done; 0.365 sec.
Execute       syn_report -rtlxml -model linear.2_Pipeline_VITIS_LOOP_83_1 -o C:/Xilinx/pynq-zu/HLS/CNN_GTSRB/CNN_GTSRB/solution1/syn/report/linear_2_Pipeline_VITIS_LOOP_83_1_csynth.xml 
Command       syn_report done; 0.178 sec.
Execute       syn_report -verbosereport -model linear.2_Pipeline_VITIS_LOOP_83_1 -o C:/Xilinx/pynq-zu/HLS/CNN_GTSRB/CNN_GTSRB/solution1/.autopilot/db/linear_2_Pipeline_VITIS_LOOP_83_1.verbose.rpt 
Execute         AP::get_flow_target_display_name
Command       syn_report done; 0.914 sec.
Execute       db_write -model linear.2_Pipeline_VITIS_LOOP_83_1 -f -o C:/Xilinx/pynq-zu/HLS/CNN_GTSRB/CNN_GTSRB/solution1/.autopilot/db/linear_2_Pipeline_VITIS_LOOP_83_1.adb 
Command       db_write done; 0.293 sec.
Execute       db_write -model linear.2_Pipeline_VITIS_LOOP_83_1 -bindview -o C:/Xilinx/pynq-zu/HLS/CNN_GTSRB/CNN_GTSRB/solution1/.autopilot/db/design.bindinfo.xml 
Execute       gen_tb_info linear.2_Pipeline_VITIS_LOOP_83_1 -p C:/Xilinx/pynq-zu/HLS/CNN_GTSRB/CNN_GTSRB/solution1/.autopilot/db -o C:/Xilinx/pynq-zu/HLS/CNN_GTSRB/CNN_GTSRB/solution1/.autopilot/db/linear_2_Pipeline_VITIS_LOOP_83_1 
INFO: [HLS 200-10] ----------------------------------------------------------------
INFO: [HLS 200-10] -- Generating RTL for module 'linear_2' 
INFO: [HLS 200-10] ----------------------------------------------------------------
Execute       create_rtl_model linear.2 -top_prefix gtsrb_cnn_ -sub_prefix gtsrb_cnn_ -mg_file C:/Xilinx/pynq-zu/HLS/CNN_GTSRB/CNN_GTSRB/solution1/.autopilot/db/linear_2.compgen.tcl 
WARNING: [RTGEN 206-101] Setting dangling out port 'linear_2/grp_fu_574_p_opcode' to 0.
INFO: [RTGEN 206-100] Generating core module 'fadd_32ns_32ns_32_5_full_dsp_1': 1 instance(s).
INFO: [RTGEN 206-100] Generating core module 'fmul_32ns_32ns_32_4_max_dsp_1': 1 instance(s).
INFO: [RTGEN 206-100] Finished creating RTL model for 'linear_2'.
INFO: [HLS 200-111] Finished Creating RTL model: CPU user time: 2 seconds. CPU system time: 1 seconds. Elapsed time: 2.55 seconds; current allocated memory: 373.602 MB.
Execute       source C:/Xilinx/pynq-zu/HLS/CNN_GTSRB/CNN_GTSRB/solution1/.autopilot/db/gtsrb_cnn.rtl_wrap.cfg.tcl 
Execute       gen_rtl linear.2 -style xilinx -f -lang vhdl -o C:/Xilinx/pynq-zu/HLS/CNN_GTSRB/CNN_GTSRB/solution1/syn/vhdl/gtsrb_cnn_linear_2 
Execute       gen_rtl linear.2 -style xilinx -f -lang vlog -o C:/Xilinx/pynq-zu/HLS/CNN_GTSRB/CNN_GTSRB/solution1/syn/verilog/gtsrb_cnn_linear_2 
Execute       syn_report -csynth -model linear.2 -o C:/Xilinx/pynq-zu/HLS/CNN_GTSRB/CNN_GTSRB/solution1/syn/report/linear_2_csynth.rpt 
Execute         AP::get_flow_target_display_name
Execute       syn_report -rtlxml -model linear.2 -o C:/Xilinx/pynq-zu/HLS/CNN_GTSRB/CNN_GTSRB/solution1/syn/report/linear_2_csynth.xml 
Execute       syn_report -verbosereport -model linear.2 -o C:/Xilinx/pynq-zu/HLS/CNN_GTSRB/CNN_GTSRB/solution1/.autopilot/db/linear_2.verbose.rpt 
Execute         AP::get_flow_target_display_name
Command       syn_report done; 0.225 sec.
Execute       db_write -model linear.2 -f -o C:/Xilinx/pynq-zu/HLS/CNN_GTSRB/CNN_GTSRB/solution1/.autopilot/db/linear_2.adb 
Execute       db_write -model linear.2 -bindview -o C:/Xilinx/pynq-zu/HLS/CNN_GTSRB/CNN_GTSRB/solution1/.autopilot/db/design.bindinfo.xml 
Execute       gen_tb_info linear.2 -p C:/Xilinx/pynq-zu/HLS/CNN_GTSRB/CNN_GTSRB/solution1/.autopilot/db -o C:/Xilinx/pynq-zu/HLS/CNN_GTSRB/CNN_GTSRB/solution1/.autopilot/db/linear_2 
INFO: [HLS 200-10] ----------------------------------------------------------------
INFO: [HLS 200-10] -- Generating RTL for module 'gtsrb_cnn_Pipeline_VITIS_LOOP_101_1' 
INFO: [HLS 200-10] ----------------------------------------------------------------
Execute       create_rtl_model gtsrb_cnn_Pipeline_VITIS_LOOP_101_1 -top_prefix gtsrb_cnn_ -sub_prefix gtsrb_cnn_ -mg_file C:/Xilinx/pynq-zu/HLS/CNN_GTSRB/CNN_GTSRB/solution1/.autopilot/db/gtsrb_cnn_Pipeline_VITIS_LOOP_101_1.compgen.tcl 
INFO: [HLS 200-1030] Apply Unified Pipeline Control on module 'gtsrb_cnn_Pipeline_VITIS_LOOP_101_1' pipeline 'VITIS_LOOP_101_1' pipeline type 'loop pipeline'
WARNING: [RTGEN 206-101] Setting dangling out port 'gtsrb_cnn_Pipeline_VITIS_LOOP_101_1/m_axi_gmem5_ARVALID' to 0.
WARNING: [RTGEN 206-101] Setting dangling out port 'gtsrb_cnn_Pipeline_VITIS_LOOP_101_1/m_axi_gmem5_ARADDR' to 0.
WARNING: [RTGEN 206-101] Setting dangling out port 'gtsrb_cnn_Pipeline_VITIS_LOOP_101_1/m_axi_gmem5_ARID' to 0.
WARNING: [RTGEN 206-101] Setting dangling out port 'gtsrb_cnn_Pipeline_VITIS_LOOP_101_1/m_axi_gmem5_ARLEN' to 0.
WARNING: [RTGEN 206-101] Setting dangling out port 'gtsrb_cnn_Pipeline_VITIS_LOOP_101_1/m_axi_gmem5_ARSIZE' to 0.
WARNING: [RTGEN 206-101] Setting dangling out port 'gtsrb_cnn_Pipeline_VITIS_LOOP_101_1/m_axi_gmem5_ARBURST' to 0.
WARNING: [RTGEN 206-101] Setting dangling out port 'gtsrb_cnn_Pipeline_VITIS_LOOP_101_1/m_axi_gmem5_ARLOCK' to 0.
WARNING: [RTGEN 206-101] Setting dangling out port 'gtsrb_cnn_Pipeline_VITIS_LOOP_101_1/m_axi_gmem5_ARCACHE' to 0.
WARNING: [RTGEN 206-101] Setting dangling out port 'gtsrb_cnn_Pipeline_VITIS_LOOP_101_1/m_axi_gmem5_ARPROT' to 0.
WARNING: [RTGEN 206-101] Setting dangling out port 'gtsrb_cnn_Pipeline_VITIS_LOOP_101_1/m_axi_gmem5_ARQOS' to 0.
WARNING: [RTGEN 206-101] Setting dangling out port 'gtsrb_cnn_Pipeline_VITIS_LOOP_101_1/m_axi_gmem5_ARREGION' to 0.
WARNING: [RTGEN 206-101] Setting dangling out port 'gtsrb_cnn_Pipeline_VITIS_LOOP_101_1/m_axi_gmem5_ARUSER' to 0.
INFO: [RTGEN 206-100] Generating core module 'fcmp_32ns_32ns_1_2_no_dsp_1': 1 instance(s).
INFO: [RTGEN 206-100] Finished creating RTL model for 'gtsrb_cnn_Pipeline_VITIS_LOOP_101_1'.
INFO: [HLS 200-111] Finished Creating RTL model: CPU user time: 0 seconds. CPU system time: 0 seconds. Elapsed time: 0.342 seconds; current allocated memory: 373.602 MB.
Execute       source C:/Xilinx/pynq-zu/HLS/CNN_GTSRB/CNN_GTSRB/solution1/.autopilot/db/gtsrb_cnn.rtl_wrap.cfg.tcl 
Execute       gen_rtl gtsrb_cnn_Pipeline_VITIS_LOOP_101_1 -style xilinx -f -lang vhdl -o C:/Xilinx/pynq-zu/HLS/CNN_GTSRB/CNN_GTSRB/solution1/syn/vhdl/gtsrb_cnn_gtsrb_cnn_Pipeline_VITIS_LOOP_101_1 
Execute       gen_rtl gtsrb_cnn_Pipeline_VITIS_LOOP_101_1 -style xilinx -f -lang vlog -o C:/Xilinx/pynq-zu/HLS/CNN_GTSRB/CNN_GTSRB/solution1/syn/verilog/gtsrb_cnn_gtsrb_cnn_Pipeline_VITIS_LOOP_101_1 
Execute       syn_report -csynth -model gtsrb_cnn_Pipeline_VITIS_LOOP_101_1 -o C:/Xilinx/pynq-zu/HLS/CNN_GTSRB/CNN_GTSRB/solution1/syn/report/gtsrb_cnn_Pipeline_VITIS_LOOP_101_1_csynth.rpt 
Execute         AP::get_flow_target_display_name
Execute       syn_report -rtlxml -model gtsrb_cnn_Pipeline_VITIS_LOOP_101_1 -o C:/Xilinx/pynq-zu/HLS/CNN_GTSRB/CNN_GTSRB/solution1/syn/report/gtsrb_cnn_Pipeline_VITIS_LOOP_101_1_csynth.xml 
Execute       syn_report -verbosereport -model gtsrb_cnn_Pipeline_VITIS_LOOP_101_1 -o C:/Xilinx/pynq-zu/HLS/CNN_GTSRB/CNN_GTSRB/solution1/.autopilot/db/gtsrb_cnn_Pipeline_VITIS_LOOP_101_1.verbose.rpt 
Execute         AP::get_flow_target_display_name
Execute       db_write -model gtsrb_cnn_Pipeline_VITIS_LOOP_101_1 -f -o C:/Xilinx/pynq-zu/HLS/CNN_GTSRB/CNN_GTSRB/solution1/.autopilot/db/gtsrb_cnn_Pipeline_VITIS_LOOP_101_1.adb 
Execute       db_write -model gtsrb_cnn_Pipeline_VITIS_LOOP_101_1 -bindview -o C:/Xilinx/pynq-zu/HLS/CNN_GTSRB/CNN_GTSRB/solution1/.autopilot/db/design.bindinfo.xml 
Execute       gen_tb_info gtsrb_cnn_Pipeline_VITIS_LOOP_101_1 -p C:/Xilinx/pynq-zu/HLS/CNN_GTSRB/CNN_GTSRB/solution1/.autopilot/db -o C:/Xilinx/pynq-zu/HLS/CNN_GTSRB/CNN_GTSRB/solution1/.autopilot/db/gtsrb_cnn_Pipeline_VITIS_LOOP_101_1 
INFO: [HLS 200-10] ----------------------------------------------------------------
INFO: [HLS 200-10] -- Generating RTL for module 'gtsrb_cnn' 
INFO: [HLS 200-10] ----------------------------------------------------------------
Execute       create_rtl_model gtsrb_cnn -top_prefix  -sub_prefix gtsrb_cnn_ -mg_file C:/Xilinx/pynq-zu/HLS/CNN_GTSRB/CNN_GTSRB/solution1/.autopilot/db/gtsrb_cnn.compgen.tcl 
WARNING: [RTGEN 206-101] Design contains AXI ports. Reset is fixed to synchronous and active low.
INFO: [RTGEN 206-500] Setting interface mode on port 'gtsrb_cnn/gmem0' to 'm_axi'.
INFO: [RTGEN 206-500] Setting interface mode on port 'gtsrb_cnn/gmem1' to 'm_axi'.
INFO: [RTGEN 206-500] Setting interface mode on port 'gtsrb_cnn/gmem2' to 'm_axi'.
INFO: [RTGEN 206-500] Setting interface mode on port 'gtsrb_cnn/gmem3' to 'm_axi'.
INFO: [RTGEN 206-500] Setting interface mode on port 'gtsrb_cnn/gmem4' to 'm_axi'.
INFO: [RTGEN 206-500] Setting interface mode on port 'gtsrb_cnn/gmem5' to 'm_axi'.
INFO: [RTGEN 206-500] Setting interface mode on port 'gtsrb_cnn/w_c1' to 's_axilite & ap_none'.
INFO: [RTGEN 206-500] Setting interface mode on port 'gtsrb_cnn/b_c1' to 's_axilite & ap_none'.
INFO: [RTGEN 206-500] Setting interface mode on port 'gtsrb_cnn/w_c2' to 's_axilite & ap_none'.
INFO: [RTGEN 206-500] Setting interface mode on port 'gtsrb_cnn/b_c2' to 's_axilite & ap_none'.
INFO: [RTGEN 206-500] Setting interface mode on port 'gtsrb_cnn/w_c3' to 's_axilite & ap_none'.
INFO: [RTGEN 206-500] Setting interface mode on port 'gtsrb_cnn/b_c3' to 's_axilite & ap_none'.
INFO: [RTGEN 206-500] Setting interface mode on port 'gtsrb_cnn/w_fc1' to 's_axilite & ap_none'.
INFO: [RTGEN 206-500] Setting interface mode on port 'gtsrb_cnn/b_fc1' to 's_axilite & ap_none'.
INFO: [RTGEN 206-500] Setting interface mode on port 'gtsrb_cnn/w_fc2' to 's_axilite & ap_none'.
INFO: [RTGEN 206-500] Setting interface mode on port 'gtsrb_cnn/b_fc2' to 's_axilite & ap_none'.
INFO: [RTGEN 206-500] Setting interface mode on port 'gtsrb_cnn/feature_in' to 's_axilite & ap_none'.
INFO: [RTGEN 206-500] Setting interface mode on port 'gtsrb_cnn/logits_out' to 's_axilite & ap_none'.
INFO: [RTGEN 206-500] Setting interface mode on port 'gtsrb_cnn/top1' to 's_axilite & ap_none'.
INFO: [RTGEN 206-500] Setting interface mode on function 'gtsrb_cnn' to 's_axilite & ap_ctrl_hs'.
INFO: [RTGEN 206-100] Bundling port 'w_c1', 'b_c1', 'w_c2', 'b_c2', 'w_c3', 'b_c3', 'w_fc1', 'b_fc1', 'w_fc2', 'b_fc2', 'feature_in', 'logits_out', 'top1' to AXI-Lite port control.
INFO: [RTGEN 206-100] Generating core module 'fadd_32ns_32ns_32_5_full_dsp_1': 1 instance(s).
INFO: [RTGEN 206-100] Generating core module 'fcmp_32ns_32ns_1_2_no_dsp_1': 2 instance(s).
INFO: [RTGEN 206-100] Generating core module 'fmul_32ns_32ns_32_4_max_dsp_1': 1 instance(s).
INFO: [RTGEN 206-100] Finished creating RTL model for 'gtsrb_cnn'.
INFO: [RTMG 210-278] Implementing memory 'gtsrb_cnn_c1_out_RAM_2P_BRAM_1R1W' using block RAMs.
INFO: [RTMG 210-278] Implementing memory 'gtsrb_cnn_p1_out_RAM_2P_BRAM_1R1W' using block RAMs.
INFO: [RTMG 210-278] Implementing memory 'gtsrb_cnn_c2_out_RAM_2P_BRAM_1R1W' using block RAMs.
INFO: [RTMG 210-278] Implementing memory 'gtsrb_cnn_p2_out_RAM_2P_BRAM_1R1W' using block RAMs.
INFO: [RTMG 210-278] Implementing memory 'gtsrb_cnn_c3_out_RAM_2P_BRAM_1R1W' using block RAMs.
INFO: [RTMG 210-278] Implementing memory 'gtsrb_cnn_p3_out_RAM_2P_BRAM_1R1W' using block RAMs.
INFO: [RTMG 210-278] Implementing memory 'gtsrb_cnn_fc1_out_RAM_2P_BRAM_1R1W' using block RAMs.
Command       create_rtl_model done; 0.215 sec.
INFO: [HLS 200-111] Finished Creating RTL model: CPU user time: 0 seconds. CPU system time: 0 seconds. Elapsed time: 0.363 seconds; current allocated memory: 375.234 MB.
Execute       source C:/Xilinx/pynq-zu/HLS/CNN_GTSRB/CNN_GTSRB/solution1/.autopilot/db/gtsrb_cnn.rtl_wrap.cfg.tcl 
Execute       gen_rtl gtsrb_cnn -istop -style xilinx -f -lang vhdl -o C:/Xilinx/pynq-zu/HLS/CNN_GTSRB/CNN_GTSRB/solution1/syn/vhdl/gtsrb_cnn 
Execute       gen_rtl gtsrb_cnn -istop -style xilinx -f -lang vlog -o C:/Xilinx/pynq-zu/HLS/CNN_GTSRB/CNN_GTSRB/solution1/syn/verilog/gtsrb_cnn 
Execute       syn_report -csynth -model gtsrb_cnn -o C:/Xilinx/pynq-zu/HLS/CNN_GTSRB/CNN_GTSRB/solution1/syn/report/gtsrb_cnn_csynth.rpt 
Execute         AP::get_flow_target_display_name
Execute       syn_report -rtlxml -model gtsrb_cnn -o C:/Xilinx/pynq-zu/HLS/CNN_GTSRB/CNN_GTSRB/solution1/syn/report/gtsrb_cnn_csynth.xml 
Execute       syn_report -verbosereport -model gtsrb_cnn -o C:/Xilinx/pynq-zu/HLS/CNN_GTSRB/CNN_GTSRB/solution1/.autopilot/db/gtsrb_cnn.verbose.rpt 
Execute         AP::get_flow_target_display_name
Command       syn_report done; 1.019 sec.
Execute       db_write -model gtsrb_cnn -f -o C:/Xilinx/pynq-zu/HLS/CNN_GTSRB/CNN_GTSRB/solution1/.autopilot/db/gtsrb_cnn.adb 
Execute       db_write -model gtsrb_cnn -bindview -o C:/Xilinx/pynq-zu/HLS/CNN_GTSRB/CNN_GTSRB/solution1/.autopilot/db/design.bindinfo.xml 
Execute       gen_tb_info gtsrb_cnn -p C:/Xilinx/pynq-zu/HLS/CNN_GTSRB/CNN_GTSRB/solution1/.autopilot/db -o C:/Xilinx/pynq-zu/HLS/CNN_GTSRB/CNN_GTSRB/solution1/.autopilot/db/gtsrb_cnn 
Execute       export_constraint_db -f -tool general -o C:/Xilinx/pynq-zu/HLS/CNN_GTSRB/CNN_GTSRB/solution1/.autopilot/db/gtsrb_cnn.constraint.tcl 
Execute       syn_report -designview -model gtsrb_cnn -o C:/Xilinx/pynq-zu/HLS/CNN_GTSRB/CNN_GTSRB/solution1/.autopilot/db/gtsrb_cnn.design.xml 
Command       syn_report done; 0.96 sec.
Execute       syn_report -csynthDesign -model gtsrb_cnn -o C:/Xilinx/pynq-zu/HLS/CNN_GTSRB/CNN_GTSRB/solution1/syn/report/csynth.rpt 
Execute         AP::get_flow_target_display_name
Execute       syn_report -wcfg -model gtsrb_cnn -o C:/Xilinx/pynq-zu/HLS/CNN_GTSRB/CNN_GTSRB/solution1/.autopilot/db/gtsrb_cnn_dataflow_ana.wcfg 
Execute       syn_report -protoinst -model gtsrb_cnn -o C:/Xilinx/pynq-zu/HLS/CNN_GTSRB/CNN_GTSRB/solution1/.autopilot/db/gtsrb_cnn.protoinst 
Execute       sc_get_clocks gtsrb_cnn 
Execute       sc_get_portdomain gtsrb_cnn 
INFO-FLOW: Model list for RTL component generation: conv_valid_relu maxpool2x2_valid.2 conv_valid_relu.2 maxpool2x2_valid.1 conv_valid_relu.1 maxpool2x2_valid linear_Pipeline_VITIS_LOOP_86_2 linear linear.2_Pipeline_VITIS_LOOP_83_1 linear.2 gtsrb_cnn_Pipeline_VITIS_LOOP_101_1 gtsrb_cnn
INFO-FLOW: Handling components in module [conv_valid_relu] ... 
Execute       source C:/Xilinx/pynq-zu/HLS/CNN_GTSRB/CNN_GTSRB/solution1/.autopilot/db/conv_valid_relu.compgen.tcl 
INFO-FLOW: Found component gtsrb_cnn_mul_5ns_8ns_12_1_1.
INFO-FLOW: Append model gtsrb_cnn_mul_5ns_8ns_12_1_1
INFO-FLOW: Found component gtsrb_cnn_flow_control_loop_pipe_sequential_init.
INFO-FLOW: Append model gtsrb_cnn_flow_control_loop_pipe_sequential_init
INFO-FLOW: Handling components in module [maxpool2x2_valid_2] ... 
Execute       source C:/Xilinx/pynq-zu/HLS/CNN_GTSRB/CNN_GTSRB/solution1/.autopilot/db/maxpool2x2_valid_2.compgen.tcl 
INFO-FLOW: Found component gtsrb_cnn_flow_control_loop_pipe_sequential_init.
INFO-FLOW: Append model gtsrb_cnn_flow_control_loop_pipe_sequential_init
INFO-FLOW: Handling components in module [conv_valid_relu_2] ... 
Execute       source C:/Xilinx/pynq-zu/HLS/CNN_GTSRB/CNN_GTSRB/solution1/.autopilot/db/conv_valid_relu_2.compgen.tcl 
INFO-FLOW: Handling components in module [maxpool2x2_valid_1] ... 
Execute       source C:/Xilinx/pynq-zu/HLS/CNN_GTSRB/CNN_GTSRB/solution1/.autopilot/db/maxpool2x2_valid_1.compgen.tcl 
INFO-FLOW: Found component gtsrb_cnn_flow_control_loop_pipe_sequential_init.
INFO-FLOW: Append model gtsrb_cnn_flow_control_loop_pipe_sequential_init
INFO-FLOW: Handling components in module [conv_valid_relu_1] ... 
Execute       source C:/Xilinx/pynq-zu/HLS/CNN_GTSRB/CNN_GTSRB/solution1/.autopilot/db/conv_valid_relu_1.compgen.tcl 
INFO-FLOW: Handling components in module [maxpool2x2_valid] ... 
Execute       source C:/Xilinx/pynq-zu/HLS/CNN_GTSRB/CNN_GTSRB/solution1/.autopilot/db/maxpool2x2_valid.compgen.tcl 
INFO-FLOW: Found component gtsrb_cnn_flow_control_loop_pipe_sequential_init.
INFO-FLOW: Append model gtsrb_cnn_flow_control_loop_pipe_sequential_init
INFO-FLOW: Handling components in module [linear_Pipeline_VITIS_LOOP_86_2] ... 
Execute       source C:/Xilinx/pynq-zu/HLS/CNN_GTSRB/CNN_GTSRB/solution1/.autopilot/db/linear_Pipeline_VITIS_LOOP_86_2.compgen.tcl 
INFO-FLOW: Found component gtsrb_cnn_flow_control_loop_pipe_sequential_init.
INFO-FLOW: Append model gtsrb_cnn_flow_control_loop_pipe_sequential_init
INFO-FLOW: Handling components in module [linear] ... 
Execute       source C:/Xilinx/pynq-zu/HLS/CNN_GTSRB/CNN_GTSRB/solution1/.autopilot/db/linear.compgen.tcl 
INFO-FLOW: Handling components in module [linear_2_Pipeline_VITIS_LOOP_83_1] ... 
Execute       source C:/Xilinx/pynq-zu/HLS/CNN_GTSRB/CNN_GTSRB/solution1/.autopilot/db/linear_2_Pipeline_VITIS_LOOP_83_1.compgen.tcl 
INFO-FLOW: Found component gtsrb_cnn_flow_control_loop_pipe_sequential_init.
INFO-FLOW: Append model gtsrb_cnn_flow_control_loop_pipe_sequential_init
INFO-FLOW: Handling components in module [linear_2] ... 
Execute       source C:/Xilinx/pynq-zu/HLS/CNN_GTSRB/CNN_GTSRB/solution1/.autopilot/db/linear_2.compgen.tcl 
INFO-FLOW: Handling components in module [gtsrb_cnn_Pipeline_VITIS_LOOP_101_1] ... 
Execute       source C:/Xilinx/pynq-zu/HLS/CNN_GTSRB/CNN_GTSRB/solution1/.autopilot/db/gtsrb_cnn_Pipeline_VITIS_LOOP_101_1.compgen.tcl 
INFO-FLOW: Found component gtsrb_cnn_flow_control_loop_pipe_sequential_init.
INFO-FLOW: Append model gtsrb_cnn_flow_control_loop_pipe_sequential_init
INFO-FLOW: Handling components in module [gtsrb_cnn] ... 
Execute       source C:/Xilinx/pynq-zu/HLS/CNN_GTSRB/CNN_GTSRB/solution1/.autopilot/db/gtsrb_cnn.compgen.tcl 
INFO-FLOW: Found component gtsrb_cnn_fadd_32ns_32ns_32_5_full_dsp_1.
INFO-FLOW: Append model gtsrb_cnn_fadd_32ns_32ns_32_5_full_dsp_1
INFO-FLOW: Found component gtsrb_cnn_fmul_32ns_32ns_32_4_max_dsp_1.
INFO-FLOW: Append model gtsrb_cnn_fmul_32ns_32ns_32_4_max_dsp_1
INFO-FLOW: Found component gtsrb_cnn_fcmp_32ns_32ns_1_2_no_dsp_1.
INFO-FLOW: Append model gtsrb_cnn_fcmp_32ns_32ns_1_2_no_dsp_1
INFO-FLOW: Found component gtsrb_cnn_c1_out_RAM_2P_BRAM_1R1W.
INFO-FLOW: Append model gtsrb_cnn_c1_out_RAM_2P_BRAM_1R1W
INFO-FLOW: Found component gtsrb_cnn_p1_out_RAM_2P_BRAM_1R1W.
INFO-FLOW: Append model gtsrb_cnn_p1_out_RAM_2P_BRAM_1R1W
INFO-FLOW: Found component gtsrb_cnn_c2_out_RAM_2P_BRAM_1R1W.
INFO-FLOW: Append model gtsrb_cnn_c2_out_RAM_2P_BRAM_1R1W
INFO-FLOW: Found component gtsrb_cnn_p2_out_RAM_2P_BRAM_1R1W.
INFO-FLOW: Append model gtsrb_cnn_p2_out_RAM_2P_BRAM_1R1W
INFO-FLOW: Found component gtsrb_cnn_c3_out_RAM_2P_BRAM_1R1W.
INFO-FLOW: Append model gtsrb_cnn_c3_out_RAM_2P_BRAM_1R1W
INFO-FLOW: Found component gtsrb_cnn_p3_out_RAM_2P_BRAM_1R1W.
INFO-FLOW: Append model gtsrb_cnn_p3_out_RAM_2P_BRAM_1R1W
INFO-FLOW: Found component gtsrb_cnn_fc1_out_RAM_2P_BRAM_1R1W.
INFO-FLOW: Append model gtsrb_cnn_fc1_out_RAM_2P_BRAM_1R1W
INFO-FLOW: Found component gtsrb_cnn_gmem0_m_axi.
INFO-FLOW: Append model gtsrb_cnn_gmem0_m_axi
INFO-FLOW: Found component gtsrb_cnn_gmem1_m_axi.
INFO-FLOW: Append model gtsrb_cnn_gmem1_m_axi
INFO-FLOW: Found component gtsrb_cnn_gmem2_m_axi.
INFO-FLOW: Append model gtsrb_cnn_gmem2_m_axi
INFO-FLOW: Found component gtsrb_cnn_gmem3_m_axi.
INFO-FLOW: Append model gtsrb_cnn_gmem3_m_axi
INFO-FLOW: Found component gtsrb_cnn_gmem4_m_axi.
INFO-FLOW: Append model gtsrb_cnn_gmem4_m_axi
INFO-FLOW: Found component gtsrb_cnn_gmem5_m_axi.
INFO-FLOW: Append model gtsrb_cnn_gmem5_m_axi
INFO-FLOW: Found component gtsrb_cnn_control_s_axi.
INFO-FLOW: Append model gtsrb_cnn_control_s_axi
INFO-FLOW: Append model conv_valid_relu
INFO-FLOW: Append model maxpool2x2_valid_2
INFO-FLOW: Append model conv_valid_relu_2
INFO-FLOW: Append model maxpool2x2_valid_1
INFO-FLOW: Append model conv_valid_relu_1
INFO-FLOW: Append model maxpool2x2_valid
INFO-FLOW: Append model linear_Pipeline_VITIS_LOOP_86_2
INFO-FLOW: Append model linear
INFO-FLOW: Append model linear_2_Pipeline_VITIS_LOOP_83_1
INFO-FLOW: Append model linear_2
INFO-FLOW: Append model gtsrb_cnn_Pipeline_VITIS_LOOP_101_1
INFO-FLOW: Append model gtsrb_cnn
INFO-FLOW: Generating RTL model list ...
INFO-FLOW: All models in this session: gtsrb_cnn_mul_5ns_8ns_12_1_1 gtsrb_cnn_flow_control_loop_pipe_sequential_init gtsrb_cnn_flow_control_loop_pipe_sequential_init gtsrb_cnn_flow_control_loop_pipe_sequential_init gtsrb_cnn_flow_control_loop_pipe_sequential_init gtsrb_cnn_flow_control_loop_pipe_sequential_init gtsrb_cnn_flow_control_loop_pipe_sequential_init gtsrb_cnn_flow_control_loop_pipe_sequential_init gtsrb_cnn_fadd_32ns_32ns_32_5_full_dsp_1 gtsrb_cnn_fmul_32ns_32ns_32_4_max_dsp_1 gtsrb_cnn_fcmp_32ns_32ns_1_2_no_dsp_1 gtsrb_cnn_c1_out_RAM_2P_BRAM_1R1W gtsrb_cnn_p1_out_RAM_2P_BRAM_1R1W gtsrb_cnn_c2_out_RAM_2P_BRAM_1R1W gtsrb_cnn_p2_out_RAM_2P_BRAM_1R1W gtsrb_cnn_c3_out_RAM_2P_BRAM_1R1W gtsrb_cnn_p3_out_RAM_2P_BRAM_1R1W gtsrb_cnn_fc1_out_RAM_2P_BRAM_1R1W gtsrb_cnn_gmem0_m_axi gtsrb_cnn_gmem1_m_axi gtsrb_cnn_gmem2_m_axi gtsrb_cnn_gmem3_m_axi gtsrb_cnn_gmem4_m_axi gtsrb_cnn_gmem5_m_axi gtsrb_cnn_control_s_axi conv_valid_relu maxpool2x2_valid_2 conv_valid_relu_2 maxpool2x2_valid_1 conv_valid_relu_1 maxpool2x2_valid linear_Pipeline_VITIS_LOOP_86_2 linear linear_2_Pipeline_VITIS_LOOP_83_1 linear_2 gtsrb_cnn_Pipeline_VITIS_LOOP_101_1 gtsrb_cnn
INFO-FLOW: Generating C:/Xilinx/pynq-zu/HLS/CNN_GTSRB/CNN_GTSRB/solution1/.autopilot/db/autopilot.rtl.models.txt file...
INFO-FLOW: To file: write model gtsrb_cnn_mul_5ns_8ns_12_1_1
INFO-FLOW: To file: write model gtsrb_cnn_flow_control_loop_pipe_sequential_init
INFO-FLOW: To file: write model gtsrb_cnn_flow_control_loop_pipe_sequential_init
INFO-FLOW: To file: write model gtsrb_cnn_flow_control_loop_pipe_sequential_init
INFO-FLOW: To file: write model gtsrb_cnn_flow_control_loop_pipe_sequential_init
INFO-FLOW: To file: write model gtsrb_cnn_flow_control_loop_pipe_sequential_init
INFO-FLOW: To file: write model gtsrb_cnn_flow_control_loop_pipe_sequential_init
INFO-FLOW: To file: write model gtsrb_cnn_flow_control_loop_pipe_sequential_init
INFO-FLOW: To file: write model gtsrb_cnn_fadd_32ns_32ns_32_5_full_dsp_1
INFO-FLOW: To file: write model gtsrb_cnn_fmul_32ns_32ns_32_4_max_dsp_1
INFO-FLOW: To file: write model gtsrb_cnn_fcmp_32ns_32ns_1_2_no_dsp_1
INFO-FLOW: To file: write model gtsrb_cnn_c1_out_RAM_2P_BRAM_1R1W
INFO-FLOW: To file: write model gtsrb_cnn_p1_out_RAM_2P_BRAM_1R1W
INFO-FLOW: To file: write model gtsrb_cnn_c2_out_RAM_2P_BRAM_1R1W
INFO-FLOW: To file: write model gtsrb_cnn_p2_out_RAM_2P_BRAM_1R1W
INFO-FLOW: To file: write model gtsrb_cnn_c3_out_RAM_2P_BRAM_1R1W
INFO-FLOW: To file: write model gtsrb_cnn_p3_out_RAM_2P_BRAM_1R1W
INFO-FLOW: To file: write model gtsrb_cnn_fc1_out_RAM_2P_BRAM_1R1W
INFO-FLOW: To file: write model gtsrb_cnn_gmem0_m_axi
INFO-FLOW: To file: write model gtsrb_cnn_gmem1_m_axi
INFO-FLOW: To file: write model gtsrb_cnn_gmem2_m_axi
INFO-FLOW: To file: write model gtsrb_cnn_gmem3_m_axi
INFO-FLOW: To file: write model gtsrb_cnn_gmem4_m_axi
INFO-FLOW: To file: write model gtsrb_cnn_gmem5_m_axi
INFO-FLOW: To file: write model gtsrb_cnn_control_s_axi
INFO-FLOW: To file: write model conv_valid_relu
INFO-FLOW: To file: write model maxpool2x2_valid_2
INFO-FLOW: To file: write model conv_valid_relu_2
INFO-FLOW: To file: write model maxpool2x2_valid_1
INFO-FLOW: To file: write model conv_valid_relu_1
INFO-FLOW: To file: write model maxpool2x2_valid
INFO-FLOW: To file: write model linear_Pipeline_VITIS_LOOP_86_2
INFO-FLOW: To file: write model linear
INFO-FLOW: To file: write model linear_2_Pipeline_VITIS_LOOP_83_1
INFO-FLOW: To file: write model linear_2
INFO-FLOW: To file: write model gtsrb_cnn_Pipeline_VITIS_LOOP_101_1
INFO-FLOW: To file: write model gtsrb_cnn
INFO-FLOW: Generating C:/Xilinx/pynq-zu/HLS/CNN_GTSRB/CNN_GTSRB/solution1/.autopilot/db/autopilot.rtl.models.tcl file...
INFO-FLOW: Finished generating RTL model list.


INFO-FLOW: RTL Generation done.
INFO-FLOW: CAS Generation done.
INFO-FLOW: CBC Generation done.
INFO-FLOW: DBG:PROC: ::AESL_AUTOMG::auto_generate_csynth_design
INFO-FLOW: DBG:PUTS: read_platform_lib C:/Xilinx/pynq-zu/HLS/CNN_GTSRB/CNN_GTSRB/solution1/.autopilot/db/global.setting.tcl
Execute       source C:/Xilinx/Vitis_HLS/2022.2/common/technology/generic/autopilot/common.gen 
Execute         source C:/Xilinx/Vitis_HLS/2022.2/common/technology/generic/autopilot/APCoreGen.gen 
Execute       source C:/Xilinx/Vitis_HLS/2022.2/common/technology/generic/autopilot/op.gen 
Execute       source C:/Xilinx/Vitis_HLS/2022.2/common/technology/generic/autopilot/op_simcore.gen 
Execute       source C:/Xilinx/Vitis_HLS/2022.2/common/technology/generic/autopilot/interface.gen 
Execute       source C:/Xilinx/pynq-zu/HLS/CNN_GTSRB/CNN_GTSRB/solution1/.autopilot/db/global.setting.tcl 
Execute       source C:/Xilinx/Vitis_HLS/2022.2/common/technology/xilinx/common/xilinx.gen 
Execute         source C:/Xilinx/Vitis_HLS/2022.2/common/technology/xilinx/interface/plb46.gen 
Execute         source C:/Xilinx/Vitis_HLS/2022.2/common/technology/xilinx/interface/axi4.gen 
Execute         source C:/Xilinx/Vitis_HLS/2022.2/common/technology/xilinx/interface/nativeAXI4.gen 
Execute           source C:/Xilinx/Vitis_HLS/2022.2/common/technology/xilinx/interface/saxilite.gen 
Execute         source C:/Xilinx/Vitis_HLS/2022.2/common/technology/xilinx/scripts/xilinxcoregen.gen 
Execute         source C:/Xilinx/Vitis_HLS/2022.2/common/technology/xilinx/interface/XilEDKCoreGen.gen 
Execute         source C:/Xilinx/Vitis_HLS/2022.2/common/technology/xilinx/ip/dds_compiler.gen 
Execute         source C:/Xilinx/Vitis_HLS/2022.2/common/technology/xilinx/ip/util.gen 
Execute         source C:/Xilinx/Vitis_HLS/2022.2/common/technology/xilinx/ip/xfft.gen 
Execute         source C:/Xilinx/Vitis_HLS/2022.2/common/technology/xilinx/ip/xfir.gen 
Execute         source C:/Xilinx/Vitis_HLS/2022.2/common/technology/xilinx/DSP48/dsp48.gen 
INFO-FLOW: DBG:PUTS:   using AESL_AUTOCG::g_clock_period=10.000 (was NA)
INFO-FLOW: DBG:PROC: ::AESL_AUTOMG::generate_ip_cores gen_sim_model='1' gen_fp_models='0' gen_for_export='0' dstSCDir='' dstVhdlDir='C:/Xilinx/pynq-zu/HLS/CNN_GTSRB/CNN_GTSRB/solution1/.autopilot/db/vhdl' dstVlogDir='C:/Xilinx/pynq-zu/HLS/CNN_GTSRB/CNN_GTSRB/solution1/.autopilot/db/vlog' tclDir='C:/Xilinx/pynq-zu/HLS/CNN_GTSRB/CNN_GTSRB/solution1/.autopilot/db' modelList='gtsrb_cnn_mul_5ns_8ns_12_1_1
gtsrb_cnn_flow_control_loop_pipe_sequential_init
gtsrb_cnn_flow_control_loop_pipe_sequential_init
gtsrb_cnn_flow_control_loop_pipe_sequential_init
gtsrb_cnn_flow_control_loop_pipe_sequential_init
gtsrb_cnn_flow_control_loop_pipe_sequential_init
gtsrb_cnn_flow_control_loop_pipe_sequential_init
gtsrb_cnn_flow_control_loop_pipe_sequential_init
gtsrb_cnn_fadd_32ns_32ns_32_5_full_dsp_1
gtsrb_cnn_fmul_32ns_32ns_32_4_max_dsp_1
gtsrb_cnn_fcmp_32ns_32ns_1_2_no_dsp_1
gtsrb_cnn_c1_out_RAM_2P_BRAM_1R1W
gtsrb_cnn_p1_out_RAM_2P_BRAM_1R1W
gtsrb_cnn_c2_out_RAM_2P_BRAM_1R1W
gtsrb_cnn_p2_out_RAM_2P_BRAM_1R1W
gtsrb_cnn_c3_out_RAM_2P_BRAM_1R1W
gtsrb_cnn_p3_out_RAM_2P_BRAM_1R1W
gtsrb_cnn_fc1_out_RAM_2P_BRAM_1R1W
gtsrb_cnn_gmem0_m_axi
gtsrb_cnn_gmem1_m_axi
gtsrb_cnn_gmem2_m_axi
gtsrb_cnn_gmem3_m_axi
gtsrb_cnn_gmem4_m_axi
gtsrb_cnn_gmem5_m_axi
gtsrb_cnn_control_s_axi
conv_valid_relu
maxpool2x2_valid_2
conv_valid_relu_2
maxpool2x2_valid_1
conv_valid_relu_1
maxpool2x2_valid
linear_Pipeline_VITIS_LOOP_86_2
linear
linear_2_Pipeline_VITIS_LOOP_83_1
linear_2
gtsrb_cnn_Pipeline_VITIS_LOOP_101_1
gtsrb_cnn
' expOnly='0'
Execute       source C:/Xilinx/pynq-zu/HLS/CNN_GTSRB/CNN_GTSRB/solution1/.autopilot/db/global.setting.tcl 
Execute       ap_part_info -name xczu5eg-sfvc784-1-e -data names -quiet 
Execute       ap_part_info -name xczu5eg-sfvc784-1-e -data info -quiet 
Execute       source C:/Xilinx/pynq-zu/HLS/CNN_GTSRB/CNN_GTSRB/solution1/.autopilot/db/global.setting.tcl 
Execute       source C:/Xilinx/pynq-zu/HLS/CNN_GTSRB/CNN_GTSRB/solution1/.autopilot/db/global.setting.tcl 
Execute       source C:/Xilinx/pynq-zu/HLS/CNN_GTSRB/CNN_GTSRB/solution1/.autopilot/db/conv_valid_relu.compgen.tcl 
Execute       source C:/Xilinx/pynq-zu/HLS/CNN_GTSRB/CNN_GTSRB/solution1/.autopilot/db/maxpool2x2_valid_2.compgen.tcl 
Execute       source C:/Xilinx/pynq-zu/HLS/CNN_GTSRB/CNN_GTSRB/solution1/.autopilot/db/conv_valid_relu_2.compgen.tcl 
Execute       source C:/Xilinx/pynq-zu/HLS/CNN_GTSRB/CNN_GTSRB/solution1/.autopilot/db/maxpool2x2_valid_1.compgen.tcl 
Execute       source C:/Xilinx/pynq-zu/HLS/CNN_GTSRB/CNN_GTSRB/solution1/.autopilot/db/conv_valid_relu_1.compgen.tcl 
Execute       source C:/Xilinx/pynq-zu/HLS/CNN_GTSRB/CNN_GTSRB/solution1/.autopilot/db/maxpool2x2_valid.compgen.tcl 
Execute       source C:/Xilinx/pynq-zu/HLS/CNN_GTSRB/CNN_GTSRB/solution1/.autopilot/db/linear_Pipeline_VITIS_LOOP_86_2.compgen.tcl 
Execute       source C:/Xilinx/pynq-zu/HLS/CNN_GTSRB/CNN_GTSRB/solution1/.autopilot/db/linear.compgen.tcl 
Execute       source C:/Xilinx/pynq-zu/HLS/CNN_GTSRB/CNN_GTSRB/solution1/.autopilot/db/linear_2_Pipeline_VITIS_LOOP_83_1.compgen.tcl 
Execute       source C:/Xilinx/pynq-zu/HLS/CNN_GTSRB/CNN_GTSRB/solution1/.autopilot/db/linear_2.compgen.tcl 
Execute       source C:/Xilinx/pynq-zu/HLS/CNN_GTSRB/CNN_GTSRB/solution1/.autopilot/db/gtsrb_cnn_Pipeline_VITIS_LOOP_101_1.compgen.tcl 
Execute       source C:/Xilinx/pynq-zu/HLS/CNN_GTSRB/CNN_GTSRB/solution1/.autopilot/db/gtsrb_cnn.compgen.tcl 
Execute         source ./control.slave.tcl 
INFO: [HLS 200-111] Finished Generating all RTL models: CPU user time: 3 seconds. CPU system time: 0 seconds. Elapsed time: 2.413 seconds; current allocated memory: 383.203 MB.
INFO-FLOW: DBG:PROC: ::HLSREPORTS::create_csynth_xml bind_info_var='bind_info' RtlSubPrefix='gtsrb_cnn_' outfile=''
INFO-FLOW: Running: create_csynth_xml read xml data
INFO-FLOW: Done: create_csynth_xml read xml data time: 0 seconds per iteration
INFO-FLOW: Running: create_csynth_xml bind info
INFO-FLOW: No bind nodes found for module_name linear_2
INFO-FLOW: Done: create_csynth_xml bind info time: 0 seconds per iteration
INFO-FLOW: Running: create_csynth_xml config info
INFO-FLOW: Done: create_csynth_xml config info time: 0.1 seconds per iteration
INFO-FLOW: Running: create_csynth_xml write xml
INFO-FLOW: Done: create_csynth_xml write xml time: 0 seconds per iteration
INFO-FLOW: DBG:PUTS:      create_csynth_xml wrote csynth_xml=C:/Xilinx/pynq-zu/HLS/CNN_GTSRB/CNN_GTSRB/solution1/syn/report/csynth.xml
INFO-FLOW: DBG:PROC: ::AP::DESIGN_DATA::generate_json generate_bd_files='0' generate_xo_files='0' modelList='gtsrb_cnn_mul_5ns_8ns_12_1_1
gtsrb_cnn_flow_control_loop_pipe_sequential_init
gtsrb_cnn_flow_control_loop_pipe_sequential_init
gtsrb_cnn_flow_control_loop_pipe_sequential_init
gtsrb_cnn_flow_control_loop_pipe_sequential_init
gtsrb_cnn_flow_control_loop_pipe_sequential_init
gtsrb_cnn_flow_control_loop_pipe_sequential_init
gtsrb_cnn_flow_control_loop_pipe_sequential_init
gtsrb_cnn_fadd_32ns_32ns_32_5_full_dsp_1
gtsrb_cnn_fmul_32ns_32ns_32_4_max_dsp_1
gtsrb_cnn_fcmp_32ns_32ns_1_2_no_dsp_1
gtsrb_cnn_c1_out_RAM_2P_BRAM_1R1W
gtsrb_cnn_p1_out_RAM_2P_BRAM_1R1W
gtsrb_cnn_c2_out_RAM_2P_BRAM_1R1W
gtsrb_cnn_p2_out_RAM_2P_BRAM_1R1W
gtsrb_cnn_c3_out_RAM_2P_BRAM_1R1W
gtsrb_cnn_p3_out_RAM_2P_BRAM_1R1W
gtsrb_cnn_fc1_out_RAM_2P_BRAM_1R1W
gtsrb_cnn_gmem0_m_axi
gtsrb_cnn_gmem1_m_axi
gtsrb_cnn_gmem2_m_axi
gtsrb_cnn_gmem3_m_axi
gtsrb_cnn_gmem4_m_axi
gtsrb_cnn_gmem5_m_axi
gtsrb_cnn_control_s_axi
conv_valid_relu
maxpool2x2_valid_2
conv_valid_relu_2
maxpool2x2_valid_1
conv_valid_relu_1
maxpool2x2_valid
linear_Pipeline_VITIS_LOOP_86_2
linear
linear_2_Pipeline_VITIS_LOOP_83_1
linear_2
gtsrb_cnn_Pipeline_VITIS_LOOP_101_1
gtsrb_cnn
' rtl_lang='both' bootstrap_tcl='false' outdir='' outfilename=''
Execute       source C:/Xilinx/pynq-zu/HLS/CNN_GTSRB/CNN_GTSRB/solution1/.autopilot/db/global.setting.tcl 
Execute       source C:/Xilinx/pynq-zu/HLS/CNN_GTSRB/CNN_GTSRB/solution1/.autopilot/db/global.setting.tcl 
Execute       source C:/Xilinx/pynq-zu/HLS/CNN_GTSRB/CNN_GTSRB/solution1/.autopilot/db/top-io-be.tcl 
Execute       source C:/Xilinx/pynq-zu/HLS/CNN_GTSRB/CNN_GTSRB/solution1/.autopilot/db/gtsrb_cnn.tbgen.tcl 
Execute       source C:/Xilinx/pynq-zu/HLS/CNN_GTSRB/CNN_GTSRB/solution1/.autopilot/db/gtsrb_cnn.compgen.dataonly.tcl 
Execute       source C:/Xilinx/pynq-zu/HLS/CNN_GTSRB/CNN_GTSRB/solution1/.autopilot/db/gtsrb_cnn.compgen.dataonly.tcl 
Execute       source C:/Xilinx/pynq-zu/HLS/CNN_GTSRB/CNN_GTSRB/solution1/.autopilot/db/gtsrb_cnn.rtl_wrap.cfg.tcl 
Execute       source C:/Xilinx/pynq-zu/HLS/CNN_GTSRB/CNN_GTSRB/solution1/.autopilot/db/gtsrb_cnn.compgen.dataonly.tcl 
Execute       source C:/Xilinx/pynq-zu/HLS/CNN_GTSRB/CNN_GTSRB/solution1/.autopilot/db/conv_valid_relu.tbgen.tcl 
Execute       source C:/Xilinx/pynq-zu/HLS/CNN_GTSRB/CNN_GTSRB/solution1/.autopilot/db/maxpool2x2_valid_2.tbgen.tcl 
Execute       source C:/Xilinx/pynq-zu/HLS/CNN_GTSRB/CNN_GTSRB/solution1/.autopilot/db/conv_valid_relu_2.tbgen.tcl 
Execute       source C:/Xilinx/pynq-zu/HLS/CNN_GTSRB/CNN_GTSRB/solution1/.autopilot/db/maxpool2x2_valid_1.tbgen.tcl 
Execute       source C:/Xilinx/pynq-zu/HLS/CNN_GTSRB/CNN_GTSRB/solution1/.autopilot/db/conv_valid_relu_1.tbgen.tcl 
Execute       source C:/Xilinx/pynq-zu/HLS/CNN_GTSRB/CNN_GTSRB/solution1/.autopilot/db/maxpool2x2_valid.tbgen.tcl 
Execute       source C:/Xilinx/pynq-zu/HLS/CNN_GTSRB/CNN_GTSRB/solution1/.autopilot/db/linear_Pipeline_VITIS_LOOP_86_2.tbgen.tcl 
Execute       source C:/Xilinx/pynq-zu/HLS/CNN_GTSRB/CNN_GTSRB/solution1/.autopilot/db/linear.tbgen.tcl 
Execute       source C:/Xilinx/pynq-zu/HLS/CNN_GTSRB/CNN_GTSRB/solution1/.autopilot/db/linear_2_Pipeline_VITIS_LOOP_83_1.tbgen.tcl 
Execute       source C:/Xilinx/pynq-zu/HLS/CNN_GTSRB/CNN_GTSRB/solution1/.autopilot/db/linear_2.tbgen.tcl 
Execute       source C:/Xilinx/pynq-zu/HLS/CNN_GTSRB/CNN_GTSRB/solution1/.autopilot/db/gtsrb_cnn_Pipeline_VITIS_LOOP_101_1.tbgen.tcl 
Execute       source C:/Xilinx/pynq-zu/HLS/CNN_GTSRB/CNN_GTSRB/solution1/.autopilot/db/gtsrb_cnn.tbgen.tcl 
Execute       source C:/Xilinx/pynq-zu/HLS/CNN_GTSRB/CNN_GTSRB/solution1/.autopilot/db/global.setting.tcl 
Execute       ap_part_info -name xczu5eg-sfvc784-1-e -data names -quiet 
Execute       ap_part_info -name xczu5eg-sfvc784-1-e -data info -quiet 
Execute       source C:/Xilinx/pynq-zu/HLS/CNN_GTSRB/CNN_GTSRB/solution1/.autopilot/db/gtsrb_cnn.constraint.tcl 
Execute       sc_get_clocks gtsrb_cnn 
Execute       source C:/Xilinx/pynq-zu/HLS/CNN_GTSRB/CNN_GTSRB/solution1/.autopilot/db/global.setting.tcl 
Execute       source C:/Xilinx/pynq-zu/HLS/CNN_GTSRB/CNN_GTSRB/solution1/impl/misc/gtsrb_cnn_fadd_32ns_32ns_32_5_full_dsp_1_ip.tcl 
Execute       source C:/Xilinx/pynq-zu/HLS/CNN_GTSRB/CNN_GTSRB/solution1/impl/misc/gtsrb_cnn_fcmp_32ns_32ns_1_2_no_dsp_1_ip.tcl 
Execute       source C:/Xilinx/pynq-zu/HLS/CNN_GTSRB/CNN_GTSRB/solution1/impl/misc/gtsrb_cnn_fmul_32ns_32ns_32_4_max_dsp_1_ip.tcl 
INFO-FLOW: DBG:PROC: ::HLSREPORTS::add_csynth_report_sections bind_info_dict='adapter_nodes {{BINDTYPE adapter DISPLAY {bind_adapter axilite} ID {} IMPL {} LATENCY {} OPTYPE {} PRAGMA yes RTLNAME control_s_axi_U SOURCE {} VARIABLE {} MODULE gtsrb_cnn LOOP {} BUNDLEDNAME control DSP 0 BRAM 0 URAM 0} {BINDTYPE adapter DISPLAY {bind_adapter axi_master} ID {} IMPL {} LATENCY {} OPTYPE {} PRAGMA yes RTLNAME gmem0_m_axi_U SOURCE {} VARIABLE {} MODULE gtsrb_cnn LOOP {} BUNDLEDNAME gmem0 DSP 0 BRAM 0 URAM 0} {BINDTYPE adapter DISPLAY {bind_adapter axi_master} ID {} IMPL {} LATENCY {} OPTYPE {} PRAGMA yes RTLNAME gmem1_m_axi_U SOURCE {} VARIABLE {} MODULE gtsrb_cnn LOOP {} BUNDLEDNAME gmem1 DSP 0 BRAM 0 URAM 0} {BINDTYPE adapter DISPLAY {bind_adapter axi_master} ID {} IMPL {} LATENCY {} OPTYPE {} PRAGMA yes RTLNAME gmem2_m_axi_U SOURCE {} VARIABLE {} MODULE gtsrb_cnn LOOP {} BUNDLEDNAME gmem2 DSP 0 BRAM 0 URAM 0} {BINDTYPE adapter DISPLAY {bind_adapter axi_master} ID {} IMPL {} LATENCY {} OPTYPE {} PRAGMA yes RTLNAME gmem3_m_axi_U SOURCE {} VARIABLE {} MODULE gtsrb_cnn LOOP {} BUNDLEDNAME gmem3 DSP 0 BRAM 0 URAM 0} {BINDTYPE adapter DISPLAY {bind_adapter axi_master} ID {} IMPL {} LATENCY {} OPTYPE {} PRAGMA yes RTLNAME gmem4_m_axi_U SOURCE {} VARIABLE {} MODULE gtsrb_cnn LOOP {} BUNDLEDNAME gmem4 DSP 0 BRAM 0 URAM 0} {BINDTYPE adapter DISPLAY {bind_adapter axi_master} ID {} IMPL {} LATENCY {} OPTYPE {} PRAGMA yes RTLNAME gmem5_m_axi_U SOURCE {} VARIABLE {} MODULE gtsrb_cnn LOOP {} BUNDLEDNAME gmem5 DSP 0 BRAM 0 URAM 0}} report_dict {TOPINST gtsrb_cnn MODULE2INSTS {gtsrb_cnn gtsrb_cnn conv_valid_relu grp_conv_valid_relu_fu_303 maxpool2x2_valid_2 grp_maxpool2x2_valid_2_fu_319 conv_valid_relu_2 grp_conv_valid_relu_2_fu_327 maxpool2x2_valid_1 grp_maxpool2x2_valid_1_fu_339 conv_valid_relu_1 grp_conv_valid_relu_1_fu_347 maxpool2x2_valid grp_maxpool2x2_valid_fu_359 linear grp_linear_fu_367 linear_Pipeline_VITIS_LOOP_86_2 grp_linear_Pipeline_VITIS_LOOP_86_2_fu_94 linear_2 grp_linear_2_fu_379 linear_2_Pipeline_VITIS_LOOP_83_1 grp_linear_2_Pipeline_VITIS_LOOP_83_1_fu_84 gtsrb_cnn_Pipeline_VITIS_LOOP_101_1 grp_gtsrb_cnn_Pipeline_VITIS_LOOP_101_1_fu_392} INST2MODULE {gtsrb_cnn gtsrb_cnn grp_conv_valid_relu_fu_303 conv_valid_relu grp_maxpool2x2_valid_2_fu_319 maxpool2x2_valid_2 grp_conv_valid_relu_2_fu_327 conv_valid_relu_2 grp_maxpool2x2_valid_1_fu_339 maxpool2x2_valid_1 grp_conv_valid_relu_1_fu_347 conv_valid_relu_1 grp_maxpool2x2_valid_fu_359 maxpool2x2_valid grp_linear_fu_367 linear grp_linear_Pipeline_VITIS_LOOP_86_2_fu_94 linear_Pipeline_VITIS_LOOP_86_2 grp_linear_2_fu_379 linear_2 grp_linear_2_Pipeline_VITIS_LOOP_83_1_fu_84 linear_2_Pipeline_VITIS_LOOP_83_1 grp_gtsrb_cnn_Pipeline_VITIS_LOOP_101_1_fu_392 gtsrb_cnn_Pipeline_VITIS_LOOP_101_1} INSTDATA {gtsrb_cnn {DEPTH 1 CHILDREN {grp_conv_valid_relu_fu_303 grp_maxpool2x2_valid_2_fu_319 grp_conv_valid_relu_2_fu_327 grp_maxpool2x2_valid_1_fu_339 grp_conv_valid_relu_1_fu_347 grp_maxpool2x2_valid_fu_359 grp_linear_fu_367 grp_linear_2_fu_379 grp_gtsrb_cnn_Pipeline_VITIS_LOOP_101_1_fu_392}} grp_conv_valid_relu_fu_303 {DEPTH 2 CHILDREN {}} grp_maxpool2x2_valid_2_fu_319 {DEPTH 2 CHILDREN {}} grp_conv_valid_relu_2_fu_327 {DEPTH 2 CHILDREN {}} grp_maxpool2x2_valid_1_fu_339 {DEPTH 2 CHILDREN {}} grp_conv_valid_relu_1_fu_347 {DEPTH 2 CHILDREN {}} grp_maxpool2x2_valid_fu_359 {DEPTH 2 CHILDREN {}} grp_linear_fu_367 {DEPTH 2 CHILDREN grp_linear_Pipeline_VITIS_LOOP_86_2_fu_94} grp_linear_Pipeline_VITIS_LOOP_86_2_fu_94 {DEPTH 3 CHILDREN {}} grp_linear_2_fu_379 {DEPTH 2 CHILDREN grp_linear_2_Pipeline_VITIS_LOOP_83_1_fu_84} grp_linear_2_Pipeline_VITIS_LOOP_83_1_fu_84 {DEPTH 3 CHILDREN {}} grp_gtsrb_cnn_Pipeline_VITIS_LOOP_101_1_fu_392 {DEPTH 2 CHILDREN {}}} MODULEDATA {conv_valid_relu {BINDINFO {{BINDTYPE op ID {} IMPL fabric LATENCY 0 OPTYPE add PRAGMA {} RTLNAME empty_85_fu_815_p2 SOURCE src/gtsrb_cnn.cpp:14 VARIABLE empty_85 LOOP VITIS_LOOP_14_1_VITIS_LOOP_15_2_VITIS_LOOP_16_3 BUNDLEDNAME {} DSP 0 BRAM 0 URAM 0 DISPNAME {bind_op add}} {BINDTYPE op ID {} IMPL auto LATENCY 0 OPTYPE mul PRAGMA {} RTLNAME mul_5ns_8ns_12_1_1_U4 SOURCE src/gtsrb_cnn.cpp:15 VARIABLE empty_86 LOOP VITIS_LOOP_14_1_VITIS_LOOP_15_2_VITIS_LOOP_16_3 BUNDLEDNAME {} DSP 0 BRAM 0 URAM 0 DISPNAME {bind_op mul}} {BINDTYPE op ID {} IMPL fabric LATENCY 0 OPTYPE sub PRAGMA {} RTLNAME sub_ln33_fu_1025_p2 SOURCE src/gtsrb_cnn.cpp:33 VARIABLE sub_ln33 LOOP VITIS_LOOP_14_1_VITIS_LOOP_15_2_VITIS_LOOP_16_3 BUNDLEDNAME {} DSP 0 BRAM 0 URAM 0 DISPNAME {bind_op sub}} {BINDTYPE op ID {} IMPL fabric LATENCY 0 OPTYPE add PRAGMA {} RTLNAME add_ln14_fu_846_p2 SOURCE src/gtsrb_cnn.cpp:14 VARIABLE add_ln14 LOOP VITIS_LOOP_14_1_VITIS_LOOP_15_2_VITIS_LOOP_16_3 BUNDLEDNAME {} DSP 0 BRAM 0 URAM 0 DISPNAME {bind_op add}} {BINDTYPE op ID {} IMPL fabric LATENCY 0 OPTYPE add PRAGMA {} RTLNAME add_ln14_30_fu_864_p2 SOURCE src/gtsrb_cnn.cpp:14 VARIABLE add_ln14_30 LOOP VITIS_LOOP_14_1_VITIS_LOOP_15_2_VITIS_LOOP_16_3 BUNDLEDNAME {} DSP 0 BRAM 0 URAM 0 DISPNAME {bind_op add}} {BINDTYPE op ID {} IMPL fabric LATENCY 0 OPTYPE add PRAGMA {} RTLNAME p_mid149_fu_894_p2 SOURCE src/gtsrb_cnn.cpp:14 VARIABLE p_mid149 LOOP VITIS_LOOP_14_1_VITIS_LOOP_15_2_VITIS_LOOP_16_3 BUNDLEDNAME {} DSP 0 BRAM 0 URAM 0 DISPNAME {bind_op add}} {BINDTYPE op ID {} IMPL fabric LATENCY 0 OPTYPE add PRAGMA {} RTLNAME add_ln14_3_fu_1043_p2 SOURCE src/gtsrb_cnn.cpp:14 VARIABLE add_ln14_3 LOOP VITIS_LOOP_14_1_VITIS_LOOP_15_2_VITIS_LOOP_16_3 BUNDLEDNAME {} DSP 0 BRAM 0 URAM 0 DISPNAME {bind_op add}} {BINDTYPE op ID {} IMPL fabric LATENCY 0 OPTYPE add PRAGMA {} RTLNAME add_ln14_4_fu_1254_p2 SOURCE src/gtsrb_cnn.cpp:14 VARIABLE add_ln14_4 LOOP VITIS_LOOP_14_1_VITIS_LOOP_15_2_VITIS_LOOP_16_3 BUNDLEDNAME {} DSP 0 BRAM 0 URAM 0 DISPNAME {bind_op add}} {BINDTYPE op ID {} IMPL fabric LATENCY 0 OPTYPE add PRAGMA {} RTLNAME add_ln14_5_fu_1290_p2 SOURCE src/gtsrb_cnn.cpp:14 VARIABLE add_ln14_5 LOOP VITIS_LOOP_14_1_VITIS_LOOP_15_2_VITIS_LOOP_16_3 BUNDLEDNAME {} DSP 0 BRAM 0 URAM 0 DISPNAME {bind_op add}} {BINDTYPE op ID {} IMPL fabric LATENCY 0 OPTYPE add PRAGMA {} RTLNAME add_ln14_6_fu_1322_p2 SOURCE src/gtsrb_cnn.cpp:14 VARIABLE add_ln14_6 LOOP VITIS_LOOP_14_1_VITIS_LOOP_15_2_VITIS_LOOP_16_3 BUNDLEDNAME {} DSP 0 BRAM 0 URAM 0 DISPNAME {bind_op add}} {BINDTYPE op ID {} IMPL fabric LATENCY 0 OPTYPE add PRAGMA {} RTLNAME add_ln14_7_fu_1409_p2 SOURCE src/gtsrb_cnn.cpp:14 VARIABLE add_ln14_7 LOOP VITIS_LOOP_14_1_VITIS_LOOP_15_2_VITIS_LOOP_16_3 BUNDLEDNAME {} DSP 0 BRAM 0 URAM 0 DISPNAME {bind_op add}} {BINDTYPE op ID {} IMPL fabric LATENCY 0 OPTYPE add PRAGMA {} RTLNAME add_ln14_8_fu_1445_p2 SOURCE src/gtsrb_cnn.cpp:14 VARIABLE add_ln14_8 LOOP VITIS_LOOP_14_1_VITIS_LOOP_15_2_VITIS_LOOP_16_3 BUNDLEDNAME {} DSP 0 BRAM 0 URAM 0 DISPNAME {bind_op add}} {BINDTYPE op ID {} IMPL fabric LATENCY 0 OPTYPE add PRAGMA {} RTLNAME add_ln14_9_fu_1477_p2 SOURCE src/gtsrb_cnn.cpp:14 VARIABLE add_ln14_9 LOOP VITIS_LOOP_14_1_VITIS_LOOP_15_2_VITIS_LOOP_16_3 BUNDLEDNAME {} DSP 0 BRAM 0 URAM 0 DISPNAME {bind_op add}} {BINDTYPE op ID {} IMPL fabric LATENCY 0 OPTYPE add PRAGMA {} RTLNAME add_ln14_10_fu_1560_p2 SOURCE src/gtsrb_cnn.cpp:14 VARIABLE add_ln14_10 LOOP VITIS_LOOP_14_1_VITIS_LOOP_15_2_VITIS_LOOP_16_3 BUNDLEDNAME {} DSP 0 BRAM 0 URAM 0 DISPNAME {bind_op add}} {BINDTYPE op ID {} IMPL fabric LATENCY 0 OPTYPE add PRAGMA {} RTLNAME add_ln14_11_fu_1596_p2 SOURCE src/gtsrb_cnn.cpp:14 VARIABLE add_ln14_11 LOOP VITIS_LOOP_14_1_VITIS_LOOP_15_2_VITIS_LOOP_16_3 BUNDLEDNAME {} DSP 0 BRAM 0 URAM 0 DISPNAME {bind_op add}} {BINDTYPE op ID {} IMPL fabric LATENCY 0 OPTYPE add PRAGMA {} RTLNAME add_ln14_12_fu_1632_p2 SOURCE src/gtsrb_cnn.cpp:14 VARIABLE add_ln14_12 LOOP VITIS_LOOP_14_1_VITIS_LOOP_15_2_VITIS_LOOP_16_3 BUNDLEDNAME {} DSP 0 BRAM 0 URAM 0 DISPNAME {bind_op add}} {BINDTYPE op ID {} IMPL fabric LATENCY 0 OPTYPE add PRAGMA {} RTLNAME add_ln14_13_fu_1728_p2 SOURCE src/gtsrb_cnn.cpp:14 VARIABLE add_ln14_13 LOOP VITIS_LOOP_14_1_VITIS_LOOP_15_2_VITIS_LOOP_16_3 BUNDLEDNAME {} DSP 0 BRAM 0 URAM 0 DISPNAME {bind_op add}} {BINDTYPE op ID {} IMPL fabric LATENCY 0 OPTYPE add PRAGMA {} RTLNAME add_ln14_14_fu_1773_p2 SOURCE src/gtsrb_cnn.cpp:14 VARIABLE add_ln14_14 LOOP VITIS_LOOP_14_1_VITIS_LOOP_15_2_VITIS_LOOP_16_3 BUNDLEDNAME {} DSP 0 BRAM 0 URAM 0 DISPNAME {bind_op add}} {BINDTYPE op ID {} IMPL fabric LATENCY 0 OPTYPE add PRAGMA {} RTLNAME add_ln14_15_fu_1814_p2 SOURCE src/gtsrb_cnn.cpp:14 VARIABLE add_ln14_15 LOOP VITIS_LOOP_14_1_VITIS_LOOP_15_2_VITIS_LOOP_16_3 BUNDLEDNAME {} DSP 0 BRAM 0 URAM 0 DISPNAME {bind_op add}} {BINDTYPE op ID {} IMPL fabric LATENCY 0 OPTYPE add PRAGMA {} RTLNAME add_ln14_16_fu_1910_p2 SOURCE src/gtsrb_cnn.cpp:14 VARIABLE add_ln14_16 LOOP VITIS_LOOP_14_1_VITIS_LOOP_15_2_VITIS_LOOP_16_3 BUNDLEDNAME {} DSP 0 BRAM 0 URAM 0 DISPNAME {bind_op add}} {BINDTYPE op ID {} IMPL fabric LATENCY 0 OPTYPE add PRAGMA {} RTLNAME add_ln14_17_fu_1951_p2 SOURCE src/gtsrb_cnn.cpp:14 VARIABLE add_ln14_17 LOOP VITIS_LOOP_14_1_VITIS_LOOP_15_2_VITIS_LOOP_16_3 BUNDLEDNAME {} DSP 0 BRAM 0 URAM 0 DISPNAME {bind_op add}} {BINDTYPE op ID {} IMPL fabric LATENCY 0 OPTYPE add PRAGMA {} RTLNAME add_ln14_18_fu_1992_p2 SOURCE src/gtsrb_cnn.cpp:14 VARIABLE add_ln14_18 LOOP VITIS_LOOP_14_1_VITIS_LOOP_15_2_VITIS_LOOP_16_3 BUNDLEDNAME {} DSP 0 BRAM 0 URAM 0 DISPNAME {bind_op add}} {BINDTYPE op ID {} IMPL fabric LATENCY 0 OPTYPE add PRAGMA {} RTLNAME add_ln14_19_fu_2088_p2 SOURCE src/gtsrb_cnn.cpp:14 VARIABLE add_ln14_19 LOOP VITIS_LOOP_14_1_VITIS_LOOP_15_2_VITIS_LOOP_16_3 BUNDLEDNAME {} DSP 0 BRAM 0 URAM 0 DISPNAME {bind_op add}} {BINDTYPE op ID {} IMPL fabric LATENCY 0 OPTYPE add PRAGMA {} RTLNAME add_ln14_20_fu_2133_p2 SOURCE src/gtsrb_cnn.cpp:14 VARIABLE add_ln14_20 LOOP VITIS_LOOP_14_1_VITIS_LOOP_15_2_VITIS_LOOP_16_3 BUNDLEDNAME {} DSP 0 BRAM 0 URAM 0 DISPNAME {bind_op add}} {BINDTYPE op ID {} IMPL fabric LATENCY 0 OPTYPE add PRAGMA {} RTLNAME add_ln14_21_fu_2178_p2 SOURCE src/gtsrb_cnn.cpp:14 VARIABLE add_ln14_21 LOOP VITIS_LOOP_14_1_VITIS_LOOP_15_2_VITIS_LOOP_16_3 BUNDLEDNAME {} DSP 0 BRAM 0 URAM 0 DISPNAME {bind_op add}} {BINDTYPE op ID {} IMPL fabric LATENCY 0 OPTYPE add PRAGMA {} RTLNAME add_ln14_22_fu_2278_p2 SOURCE src/gtsrb_cnn.cpp:14 VARIABLE add_ln14_22 LOOP VITIS_LOOP_14_1_VITIS_LOOP_15_2_VITIS_LOOP_16_3 BUNDLEDNAME {} DSP 0 BRAM 0 URAM 0 DISPNAME {bind_op add}} {BINDTYPE op ID {} IMPL fabric LATENCY 0 OPTYPE add PRAGMA {} RTLNAME add_ln14_23_fu_2323_p2 SOURCE src/gtsrb_cnn.cpp:14 VARIABLE add_ln14_23 LOOP VITIS_LOOP_14_1_VITIS_LOOP_15_2_VITIS_LOOP_16_3 BUNDLEDNAME {} DSP 0 BRAM 0 URAM 0 DISPNAME {bind_op add}} {BINDTYPE op ID {} IMPL fabric LATENCY 0 OPTYPE add PRAGMA {} RTLNAME add_ln14_24_fu_2368_p2 SOURCE src/gtsrb_cnn.cpp:14 VARIABLE add_ln14_24 LOOP VITIS_LOOP_14_1_VITIS_LOOP_15_2_VITIS_LOOP_16_3 BUNDLEDNAME {} DSP 0 BRAM 0 URAM 0 DISPNAME {bind_op add}} {BINDTYPE op ID {} IMPL fabric LATENCY 0 OPTYPE add PRAGMA {} RTLNAME add_ln14_25_fu_2478_p2 SOURCE src/gtsrb_cnn.cpp:14 VARIABLE add_ln14_25 LOOP VITIS_LOOP_14_1_VITIS_LOOP_15_2_VITIS_LOOP_16_3 BUNDLEDNAME {} DSP 0 BRAM 0 URAM 0 DISPNAME {bind_op add}} {BINDTYPE op ID {} IMPL fabric LATENCY 0 OPTYPE add PRAGMA {} RTLNAME add_ln14_26_fu_2523_p2 SOURCE src/gtsrb_cnn.cpp:14 VARIABLE add_ln14_26 LOOP VITIS_LOOP_14_1_VITIS_LOOP_15_2_VITIS_LOOP_16_3 BUNDLEDNAME {} DSP 0 BRAM 0 URAM 0 DISPNAME {bind_op add}} {BINDTYPE op ID {} IMPL fabric LATENCY 0 OPTYPE add PRAGMA {} RTLNAME add_ln14_27_fu_2564_p2 SOURCE src/gtsrb_cnn.cpp:14 VARIABLE add_ln14_27 LOOP VITIS_LOOP_14_1_VITIS_LOOP_15_2_VITIS_LOOP_16_3 BUNDLEDNAME {} DSP 0 BRAM 0 URAM 0 DISPNAME {bind_op add}} {BINDTYPE op ID {} IMPL fabric LATENCY 0 OPTYPE add PRAGMA {} RTLNAME add_ln14_28_fu_2641_p2 SOURCE src/gtsrb_cnn.cpp:14 VARIABLE add_ln14_28 LOOP VITIS_LOOP_14_1_VITIS_LOOP_15_2_VITIS_LOOP_16_3 BUNDLEDNAME {} DSP 0 BRAM 0 URAM 0 DISPNAME {bind_op add}} {BINDTYPE op ID {} IMPL fabric LATENCY 0 OPTYPE add PRAGMA {} RTLNAME add_ln14_29_fu_2682_p2 SOURCE src/gtsrb_cnn.cpp:14 VARIABLE add_ln14_29 LOOP VITIS_LOOP_14_1_VITIS_LOOP_15_2_VITIS_LOOP_16_3 BUNDLEDNAME {} DSP 0 BRAM 0 URAM 0 DISPNAME {bind_op add}} {BINDTYPE op ID {} IMPL fabric LATENCY 0 OPTYPE add PRAGMA {} RTLNAME add_ln15_fu_1075_p2 SOURCE src/gtsrb_cnn.cpp:15 VARIABLE add_ln15 LOOP VITIS_LOOP_14_1_VITIS_LOOP_15_2_VITIS_LOOP_16_3 BUNDLEDNAME {} DSP 0 BRAM 0 URAM 0 DISPNAME {bind_op add}} {BINDTYPE op ID {} IMPL auto LATENCY 0 OPTYPE mul PRAGMA {} RTLNAME mul_5ns_8ns_12_1_1_U5 SOURCE src/gtsrb_cnn.cpp:15 VARIABLE p_mid1 LOOP VITIS_LOOP_14_1_VITIS_LOOP_15_2_VITIS_LOOP_16_3 BUNDLEDNAME {} DSP 0 BRAM 0 URAM 0 DISPNAME {bind_op mul}} {BINDTYPE op ID {} IMPL fabric LATENCY 0 OPTYPE sub PRAGMA {} RTLNAME sub_ln33_2_fu_1122_p2 SOURCE src/gtsrb_cnn.cpp:33 VARIABLE sub_ln33_2 LOOP VITIS_LOOP_14_1_VITIS_LOOP_15_2_VITIS_LOOP_16_3 BUNDLEDNAME {} DSP 0 BRAM 0 URAM 0 DISPNAME {bind_op sub}} {BINDTYPE op ID {} IMPL fabric LATENCY 0 OPTYPE sub PRAGMA {} RTLNAME sub_ln23_fu_1156_p2 SOURCE src/gtsrb_cnn.cpp:23 VARIABLE sub_ln23 LOOP VITIS_LOOP_14_1_VITIS_LOOP_15_2_VITIS_LOOP_16_3 BUNDLEDNAME {} DSP 0 BRAM 0 URAM 0 DISPNAME {bind_op sub}} {BINDTYPE op ID {} IMPL fabric LATENCY 0 OPTYPE add PRAGMA {} RTLNAME add_ln23_fu_2387_p2 SOURCE src/gtsrb_cnn.cpp:23 VARIABLE add_ln23 LOOP VITIS_LOOP_14_1_VITIS_LOOP_15_2_VITIS_LOOP_16_3 BUNDLEDNAME {} DSP 0 BRAM 0 URAM 0 DISPNAME {bind_op add}} {BINDTYPE op ID {} IMPL fabric LATENCY 0 OPTYPE add PRAGMA {} RTLNAME add_ln23_10_fu_2396_p2 SOURCE src/gtsrb_cnn.cpp:23 VARIABLE add_ln23_10 LOOP VITIS_LOOP_14_1_VITIS_LOOP_15_2_VITIS_LOOP_16_3 BUNDLEDNAME {} DSP 0 BRAM 0 URAM 0 DISPNAME {bind_op add}} {BINDTYPE op ID {} IMPL fabric LATENCY 0 OPTYPE add PRAGMA {} RTLNAME add_ln23_9_fu_2594_p2 SOURCE src/gtsrb_cnn.cpp:23 VARIABLE add_ln23_9 LOOP VITIS_LOOP_14_1_VITIS_LOOP_15_2_VITIS_LOOP_16_3 BUNDLEDNAME {} DSP 0 BRAM 0 URAM 0 DISPNAME {bind_op add}} {BINDTYPE op ID {} IMPL fabric LATENCY 0 OPTYPE add PRAGMA {} RTLNAME add_ln23_24_fu_2401_p2 SOURCE src/gtsrb_cnn.cpp:23 VARIABLE add_ln23_24 LOOP VITIS_LOOP_14_1_VITIS_LOOP_15_2_VITIS_LOOP_16_3 BUNDLEDNAME {} DSP 0 BRAM 0 URAM 0 DISPNAME {bind_op add}} {BINDTYPE op ID {} IMPL fabric LATENCY 0 OPTYPE add PRAGMA {} RTLNAME add_ln23_14_fu_2410_p2 SOURCE src/gtsrb_cnn.cpp:23 VARIABLE add_ln23_14 LOOP VITIS_LOOP_14_1_VITIS_LOOP_15_2_VITIS_LOOP_16_3 BUNDLEDNAME {} DSP 0 BRAM 0 URAM 0 DISPNAME {bind_op add}} {BINDTYPE op ID {} IMPL fabric LATENCY 0 OPTYPE add PRAGMA {} RTLNAME add_ln23_11_fu_2427_p2 SOURCE src/gtsrb_cnn.cpp:23 VARIABLE add_ln23_11 LOOP VITIS_LOOP_14_1_VITIS_LOOP_15_2_VITIS_LOOP_16_3 BUNDLEDNAME {} DSP 0 BRAM 0 URAM 0 DISPNAME {bind_op add}} {BINDTYPE op ID {} IMPL fabric LATENCY 0 OPTYPE add PRAGMA {} RTLNAME add_ln23_26_fu_2200_p2 SOURCE src/gtsrb_cnn.cpp:23 VARIABLE add_ln23_26 LOOP VITIS_LOOP_14_1_VITIS_LOOP_15_2_VITIS_LOOP_16_3 BUNDLEDNAME {} DSP 0 BRAM 0 URAM 0 DISPNAME {bind_op add}} {BINDTYPE op ID {} IMPL fabric LATENCY 0 OPTYPE add PRAGMA {} RTLNAME add_ln23_18_fu_2210_p2 SOURCE src/gtsrb_cnn.cpp:23 VARIABLE add_ln23_18 LOOP VITIS_LOOP_14_1_VITIS_LOOP_15_2_VITIS_LOOP_16_3 BUNDLEDNAME {} DSP 0 BRAM 0 URAM 0 DISPNAME {bind_op add}} {BINDTYPE op ID {} IMPL fabric LATENCY 0 OPTYPE add PRAGMA {} RTLNAME add_ln23_13_fu_2227_p2 SOURCE src/gtsrb_cnn.cpp:23 VARIABLE add_ln23_13 LOOP VITIS_LOOP_14_1_VITIS_LOOP_15_2_VITIS_LOOP_16_3 BUNDLEDNAME {} DSP 0 BRAM 0 URAM 0 DISPNAME {bind_op add}} {BINDTYPE op ID {} IMPL fabric LATENCY 0 OPTYPE add PRAGMA {} RTLNAME add_ln23_28_fu_2011_p2 SOURCE src/gtsrb_cnn.cpp:23 VARIABLE add_ln23_28 LOOP VITIS_LOOP_14_1_VITIS_LOOP_15_2_VITIS_LOOP_16_3 BUNDLEDNAME {} DSP 0 BRAM 0 URAM 0 DISPNAME {bind_op add}} {BINDTYPE op ID {} IMPL fabric LATENCY 0 OPTYPE add PRAGMA {} RTLNAME add_ln23_22_fu_2020_p2 SOURCE src/gtsrb_cnn.cpp:23 VARIABLE add_ln23_22 LOOP VITIS_LOOP_14_1_VITIS_LOOP_15_2_VITIS_LOOP_16_3 BUNDLEDNAME {} DSP 0 BRAM 0 URAM 0 DISPNAME {bind_op add}} {BINDTYPE op ID {} IMPL fabric LATENCY 0 OPTYPE add PRAGMA {} RTLNAME add_ln23_15_fu_2037_p2 SOURCE src/gtsrb_cnn.cpp:23 VARIABLE add_ln23_15 LOOP VITIS_LOOP_14_1_VITIS_LOOP_15_2_VITIS_LOOP_16_3 BUNDLEDNAME {} DSP 0 BRAM 0 URAM 0 DISPNAME {bind_op add}} {BINDTYPE op ID {} IMPL fabric LATENCY 0 OPTYPE add PRAGMA {} RTLNAME add_ln23_30_fu_1833_p2 SOURCE src/gtsrb_cnn.cpp:23 VARIABLE add_ln23_30 LOOP VITIS_LOOP_14_1_VITIS_LOOP_15_2_VITIS_LOOP_16_3 BUNDLEDNAME {} DSP 0 BRAM 0 URAM 0 DISPNAME {bind_op add}} {BINDTYPE op ID {} IMPL fabric LATENCY 0 OPTYPE add PRAGMA {} RTLNAME add_ln23_27_fu_1842_p2 SOURCE src/gtsrb_cnn.cpp:23 VARIABLE add_ln23_27 LOOP VITIS_LOOP_14_1_VITIS_LOOP_15_2_VITIS_LOOP_16_3 BUNDLEDNAME {} DSP 0 BRAM 0 URAM 0 DISPNAME {bind_op add}} {BINDTYPE op ID {} IMPL fabric LATENCY 0 OPTYPE add PRAGMA {} RTLNAME add_ln23_17_fu_1859_p2 SOURCE src/gtsrb_cnn.cpp:23 VARIABLE add_ln23_17 LOOP VITIS_LOOP_14_1_VITIS_LOOP_15_2_VITIS_LOOP_16_3 BUNDLEDNAME {} DSP 0 BRAM 0 URAM 0 DISPNAME {bind_op add}} {BINDTYPE op ID {} IMPL fabric LATENCY 0 OPTYPE add PRAGMA {} RTLNAME add_ln23_32_fu_1651_p2 SOURCE src/gtsrb_cnn.cpp:23 VARIABLE add_ln23_32 LOOP VITIS_LOOP_14_1_VITIS_LOOP_15_2_VITIS_LOOP_16_3 BUNDLEDNAME {} DSP 0 BRAM 0 URAM 0 DISPNAME {bind_op add}} {BINDTYPE op ID {} IMPL fabric LATENCY 0 OPTYPE add PRAGMA {} RTLNAME add_ln23_29_fu_1660_p2 SOURCE src/gtsrb_cnn.cpp:23 VARIABLE add_ln23_29 LOOP VITIS_LOOP_14_1_VITIS_LOOP_15_2_VITIS_LOOP_16_3 BUNDLEDNAME {} DSP 0 BRAM 0 URAM 0 DISPNAME {bind_op add}} {BINDTYPE op ID {} IMPL fabric LATENCY 0 OPTYPE add PRAGMA {} RTLNAME add_ln23_19_fu_1677_p2 SOURCE src/gtsrb_cnn.cpp:23 VARIABLE add_ln23_19 LOOP VITIS_LOOP_14_1_VITIS_LOOP_15_2_VITIS_LOOP_16_3 BUNDLEDNAME {} DSP 0 BRAM 0 URAM 0 DISPNAME {bind_op add}} {BINDTYPE op ID {} IMPL fabric LATENCY 0 OPTYPE add PRAGMA {} RTLNAME add_ln23_34_fu_1496_p2 SOURCE src/gtsrb_cnn.cpp:23 VARIABLE add_ln23_34 LOOP VITIS_LOOP_14_1_VITIS_LOOP_15_2_VITIS_LOOP_16_3 BUNDLEDNAME {} DSP 0 BRAM 0 URAM 0 DISPNAME {bind_op add}} {BINDTYPE op ID {} IMPL fabric LATENCY 0 OPTYPE add PRAGMA {} RTLNAME add_ln23_31_fu_1505_p2 SOURCE src/gtsrb_cnn.cpp:23 VARIABLE add_ln23_31 LOOP VITIS_LOOP_14_1_VITIS_LOOP_15_2_VITIS_LOOP_16_3 BUNDLEDNAME {} DSP 0 BRAM 0 URAM 0 DISPNAME {bind_op add}} {BINDTYPE op ID {} IMPL fabric LATENCY 0 OPTYPE add PRAGMA {} RTLNAME add_ln23_21_fu_1522_p2 SOURCE src/gtsrb_cnn.cpp:23 VARIABLE add_ln23_21 LOOP VITIS_LOOP_14_1_VITIS_LOOP_15_2_VITIS_LOOP_16_3 BUNDLEDNAME {} DSP 0 BRAM 0 URAM 0 DISPNAME {bind_op add}} {BINDTYPE op ID {} IMPL fabric LATENCY 0 OPTYPE add PRAGMA {} RTLNAME add_ln23_35_fu_1341_p2 SOURCE src/gtsrb_cnn.cpp:23 VARIABLE add_ln23_35 LOOP VITIS_LOOP_14_1_VITIS_LOOP_15_2_VITIS_LOOP_16_3 BUNDLEDNAME {} DSP 0 BRAM 0 URAM 0 DISPNAME {bind_op add}} {BINDTYPE op ID {} IMPL fabric LATENCY 0 OPTYPE add PRAGMA {} RTLNAME add_ln23_33_fu_1350_p2 SOURCE src/gtsrb_cnn.cpp:23 VARIABLE add_ln23_33 LOOP VITIS_LOOP_14_1_VITIS_LOOP_15_2_VITIS_LOOP_16_3 BUNDLEDNAME {} DSP 0 BRAM 0 URAM 0 DISPNAME {bind_op add}} {BINDTYPE op ID {} IMPL fabric LATENCY 0 OPTYPE add PRAGMA {} RTLNAME add_ln23_23_fu_1367_p2 SOURCE src/gtsrb_cnn.cpp:23 VARIABLE add_ln23_23 LOOP VITIS_LOOP_14_1_VITIS_LOOP_15_2_VITIS_LOOP_16_3 BUNDLEDNAME {} DSP 0 BRAM 0 URAM 0 DISPNAME {bind_op add}} {BINDTYPE op ID {} IMPL fabric LATENCY 0 OPTYPE add PRAGMA {} RTLNAME add_ln23_36_fu_1166_p2 SOURCE src/gtsrb_cnn.cpp:23 VARIABLE add_ln23_36 LOOP VITIS_LOOP_14_1_VITIS_LOOP_15_2_VITIS_LOOP_16_3 BUNDLEDNAME {} DSP 0 BRAM 0 URAM 0 DISPNAME {bind_op add}} {BINDTYPE op ID {} IMPL fabric LATENCY 0 OPTYPE add PRAGMA {} RTLNAME add_ln23_25_fu_1184_p2 SOURCE src/gtsrb_cnn.cpp:23 VARIABLE add_ln23_25 LOOP VITIS_LOOP_14_1_VITIS_LOOP_15_2_VITIS_LOOP_16_3 BUNDLEDNAME {} DSP 0 BRAM 0 URAM 0 DISPNAME {bind_op add}} {BINDTYPE op ID {} IMPL fabric LATENCY 0 OPTYPE add PRAGMA {} RTLNAME add_ln22_fu_967_p2 SOURCE src/gtsrb_cnn.cpp:22 VARIABLE add_ln22 LOOP VITIS_LOOP_14_1_VITIS_LOOP_15_2_VITIS_LOOP_16_3 BUNDLEDNAME {} DSP 0 BRAM 0 URAM 0 DISPNAME {bind_op add}} {BINDTYPE op ID {} IMPL fabric LATENCY 0 OPTYPE add PRAGMA {} RTLNAME add_ln33_fu_1218_p2 SOURCE src/gtsrb_cnn.cpp:33 VARIABLE add_ln33 LOOP VITIS_LOOP_14_1_VITIS_LOOP_15_2_VITIS_LOOP_16_3 BUNDLEDNAME {} DSP 0 BRAM 0 URAM 0 DISPNAME {bind_op add}} {BINDTYPE op ID {} IMPL fabric LATENCY 0 OPTYPE add PRAGMA {} RTLNAME add_ln33_2_fu_1232_p2 SOURCE src/gtsrb_cnn.cpp:33 VARIABLE add_ln33_2 LOOP VITIS_LOOP_14_1_VITIS_LOOP_15_2_VITIS_LOOP_16_3 BUNDLEDNAME {} DSP 0 BRAM 0 URAM 0 DISPNAME {bind_op add}} {BINDTYPE op ID {} IMPL fabric LATENCY 0 OPTYPE add PRAGMA {} RTLNAME add_ln15_3_fu_973_p2 SOURCE src/gtsrb_cnn.cpp:15 VARIABLE add_ln15_3 LOOP VITIS_LOOP_14_1_VITIS_LOOP_15_2_VITIS_LOOP_16_3 BUNDLEDNAME {} DSP 0 BRAM 0 URAM 0 DISPNAME {bind_op add}}} AREA {DSP 0 BRAM 0 URAM 0}} maxpool2x2_valid_2 {BINDINFO {{BINDTYPE op ID {} IMPL fabric LATENCY 0 OPTYPE sub PRAGMA {} RTLNAME sub_ln55_fu_244_p2 SOURCE src/gtsrb_cnn.cpp:55 VARIABLE sub_ln55 LOOP VITIS_LOOP_48_1_VITIS_LOOP_49_2_VITIS_LOOP_50_3 BUNDLEDNAME {} DSP 0 BRAM 0 URAM 0 DISPNAME {bind_op sub}} {BINDTYPE op ID {} IMPL fabric LATENCY 0 OPTYPE sub PRAGMA {} RTLNAME sub_ln67_fu_278_p2 SOURCE src/gtsrb_cnn.cpp:67 VARIABLE sub_ln67 LOOP VITIS_LOOP_48_1_VITIS_LOOP_49_2_VITIS_LOOP_50_3 BUNDLEDNAME {} DSP 0 BRAM 0 URAM 0 DISPNAME {bind_op sub}} {BINDTYPE op ID {} IMPL fabric LATENCY 0 OPTYPE add PRAGMA {} RTLNAME add_ln57_fu_284_p2 SOURCE src/gtsrb_cnn.cpp:57 VARIABLE add_ln57 LOOP VITIS_LOOP_48_1_VITIS_LOOP_49_2_VITIS_LOOP_50_3 BUNDLEDNAME {} DSP 0 BRAM 0 URAM 0 DISPNAME {bind_op add}} {BINDTYPE op ID {} IMPL fabric LATENCY 0 OPTYPE add PRAGMA {} RTLNAME add_ln48_fu_296_p2 SOURCE src/gtsrb_cnn.cpp:48 VARIABLE add_ln48 LOOP VITIS_LOOP_48_1_VITIS_LOOP_49_2_VITIS_LOOP_50_3 BUNDLEDNAME {} DSP 0 BRAM 0 URAM 0 DISPNAME {bind_op add}} {BINDTYPE op ID {} IMPL fabric LATENCY 0 OPTYPE add PRAGMA {} RTLNAME add_ln48_1_fu_325_p2 SOURCE src/gtsrb_cnn.cpp:48 VARIABLE add_ln48_1 LOOP VITIS_LOOP_48_1_VITIS_LOOP_49_2_VITIS_LOOP_50_3 BUNDLEDNAME {} DSP 0 BRAM 0 URAM 0 DISPNAME {bind_op add}} {BINDTYPE op ID {} IMPL fabric LATENCY 0 OPTYPE add PRAGMA {} RTLNAME add_ln49_fu_385_p2 SOURCE src/gtsrb_cnn.cpp:49 VARIABLE add_ln49 LOOP VITIS_LOOP_48_1_VITIS_LOOP_49_2_VITIS_LOOP_50_3 BUNDLEDNAME {} DSP 0 BRAM 0 URAM 0 DISPNAME {bind_op add}} {BINDTYPE op ID {} IMPL fabric LATENCY 0 OPTYPE sub PRAGMA {} RTLNAME sub_ln55_1_fu_425_p2 SOURCE src/gtsrb_cnn.cpp:55 VARIABLE sub_ln55_1 LOOP VITIS_LOOP_48_1_VITIS_LOOP_49_2_VITIS_LOOP_50_3 BUNDLEDNAME {} DSP 0 BRAM 0 URAM 0 DISPNAME {bind_op sub}} {BINDTYPE op ID {} IMPL fabric LATENCY 0 OPTYPE sub PRAGMA {} RTLNAME sub_ln67_1_fu_467_p2 SOURCE src/gtsrb_cnn.cpp:67 VARIABLE sub_ln67_1 LOOP VITIS_LOOP_48_1_VITIS_LOOP_49_2_VITIS_LOOP_50_3 BUNDLEDNAME {} DSP 0 BRAM 0 URAM 0 DISPNAME {bind_op sub}} {BINDTYPE op ID {} IMPL fabric LATENCY 0 OPTYPE add PRAGMA {} RTLNAME add_ln57_2_fu_481_p2 SOURCE src/gtsrb_cnn.cpp:57 VARIABLE add_ln57_2 LOOP VITIS_LOOP_48_1_VITIS_LOOP_49_2_VITIS_LOOP_50_3 BUNDLEDNAME {} DSP 0 BRAM 0 URAM 0 DISPNAME {bind_op add}} {BINDTYPE op ID {} IMPL fabric LATENCY 0 OPTYPE add PRAGMA {} RTLNAME add_ln55_fu_519_p2 SOURCE src/gtsrb_cnn.cpp:55 VARIABLE add_ln55 LOOP VITIS_LOOP_48_1_VITIS_LOOP_49_2_VITIS_LOOP_50_3 BUNDLEDNAME {} DSP 0 BRAM 0 URAM 0 DISPNAME {bind_op add}} {BINDTYPE op ID {} IMPL fabric LATENCY 0 OPTYPE add PRAGMA {} RTLNAME add_ln56_fu_535_p2 SOURCE src/gtsrb_cnn.cpp:56 VARIABLE add_ln56 LOOP VITIS_LOOP_48_1_VITIS_LOOP_49_2_VITIS_LOOP_50_3 BUNDLEDNAME {} DSP 0 BRAM 0 URAM 0 DISPNAME {bind_op add}} {BINDTYPE op ID {} IMPL fabric LATENCY 0 OPTYPE add PRAGMA {} RTLNAME add_ln57_1_fu_549_p2 SOURCE src/gtsrb_cnn.cpp:57 VARIABLE add_ln57_1 LOOP VITIS_LOOP_48_1_VITIS_LOOP_49_2_VITIS_LOOP_50_3 BUNDLEDNAME {} DSP 0 BRAM 0 URAM 0 DISPNAME {bind_op add}} {BINDTYPE op ID {} IMPL fabric LATENCY 0 OPTYPE add PRAGMA {} RTLNAME add_ln58_fu_555_p2 SOURCE src/gtsrb_cnn.cpp:58 VARIABLE add_ln58 LOOP VITIS_LOOP_48_1_VITIS_LOOP_49_2_VITIS_LOOP_50_3 BUNDLEDNAME {} DSP 0 BRAM 0 URAM 0 DISPNAME {bind_op add}} {BINDTYPE op ID {} IMPL fabric LATENCY 0 OPTYPE add PRAGMA {} RTLNAME add_ln60_fu_592_p2 SOURCE src/gtsrb_cnn.cpp:60 VARIABLE add_ln60 LOOP VITIS_LOOP_48_1_VITIS_LOOP_49_2_VITIS_LOOP_50_3 BUNDLEDNAME {} DSP 0 BRAM 0 URAM 0 DISPNAME {bind_op add}} {BINDTYPE op ID {} IMPL fabric LATENCY 0 OPTYPE add PRAGMA {} RTLNAME add_ln62_fu_613_p2 SOURCE src/gtsrb_cnn.cpp:62 VARIABLE add_ln62 LOOP VITIS_LOOP_48_1_VITIS_LOOP_49_2_VITIS_LOOP_50_3 BUNDLEDNAME {} DSP 0 BRAM 0 URAM 0 DISPNAME {bind_op add}} {BINDTYPE op ID {} IMPL fabric LATENCY 0 OPTYPE add PRAGMA {} RTLNAME add_ln67_fu_619_p2 SOURCE src/gtsrb_cnn.cpp:67 VARIABLE add_ln67 LOOP VITIS_LOOP_48_1_VITIS_LOOP_49_2_VITIS_LOOP_50_3 BUNDLEDNAME {} DSP 0 BRAM 0 URAM 0 DISPNAME {bind_op add}} {BINDTYPE op ID {} IMPL fabric LATENCY 0 OPTYPE add PRAGMA {} RTLNAME add_ln67_1_fu_830_p2 SOURCE src/gtsrb_cnn.cpp:67 VARIABLE add_ln67_1 LOOP VITIS_LOOP_48_1_VITIS_LOOP_49_2_VITIS_LOOP_50_3 BUNDLEDNAME {} DSP 0 BRAM 0 URAM 0 DISPNAME {bind_op add}} {BINDTYPE op ID {} IMPL fabric LATENCY 0 OPTYPE add PRAGMA {} RTLNAME add_ln50_fu_625_p2 SOURCE src/gtsrb_cnn.cpp:50 VARIABLE add_ln50 LOOP VITIS_LOOP_48_1_VITIS_LOOP_49_2_VITIS_LOOP_50_3 BUNDLEDNAME {} DSP 0 BRAM 0 URAM 0 DISPNAME {bind_op add}} {BINDTYPE op ID {} IMPL fabric LATENCY 0 OPTYPE add PRAGMA {} RTLNAME add_ln49_1_fu_631_p2 SOURCE src/gtsrb_cnn.cpp:49 VARIABLE add_ln49_1 LOOP VITIS_LOOP_48_1_VITIS_LOOP_49_2_VITIS_LOOP_50_3 BUNDLEDNAME {} DSP 0 BRAM 0 URAM 0 DISPNAME {bind_op add}}} AREA {DSP 0 BRAM 0 URAM 0}} conv_valid_relu_2 {BINDINFO {{BINDTYPE op ID {} IMPL fabric LATENCY 0 OPTYPE add PRAGMA {} RTLNAME empty_49_fu_686_p2 SOURCE src/gtsrb_cnn.cpp:14 VARIABLE empty_49 LOOP VITIS_LOOP_14_1_VITIS_LOOP_15_2_VITIS_LOOP_16_3 BUNDLEDNAME {} DSP 0 BRAM 0 URAM 0 DISPNAME {bind_op add}} {BINDTYPE op ID {} IMPL fabric LATENCY 0 OPTYPE sub PRAGMA {} RTLNAME sub_ln33_fu_721_p2 SOURCE src/gtsrb_cnn.cpp:33 VARIABLE sub_ln33 LOOP VITIS_LOOP_14_1_VITIS_LOOP_15_2_VITIS_LOOP_16_3 BUNDLEDNAME {} DSP 0 BRAM 0 URAM 0 DISPNAME {bind_op sub}} {BINDTYPE op ID {} IMPL fabric LATENCY 0 OPTYPE sub PRAGMA {} RTLNAME empty_50_fu_739_p2 SOURCE {} VARIABLE empty_50 LOOP VITIS_LOOP_14_1_VITIS_LOOP_15_2_VITIS_LOOP_16_3 BUNDLEDNAME {} DSP 0 BRAM 0 URAM 0 DISPNAME {bind_op sub}} {BINDTYPE op ID {} IMPL fabric LATENCY 0 OPTYPE add PRAGMA {} RTLNAME add_ln23_2_fu_751_p2 SOURCE src/gtsrb_cnn.cpp:23 VARIABLE add_ln23_2 LOOP VITIS_LOOP_14_1_VITIS_LOOP_15_2_VITIS_LOOP_16_3 BUNDLEDNAME {} DSP 0 BRAM 0 URAM 0 DISPNAME {bind_op add}} {BINDTYPE op ID {} IMPL fabric LATENCY 0 OPTYPE add PRAGMA {} RTLNAME add_ln14_fu_763_p2 SOURCE src/gtsrb_cnn.cpp:14 VARIABLE add_ln14 LOOP VITIS_LOOP_14_1_VITIS_LOOP_15_2_VITIS_LOOP_16_3 BUNDLEDNAME {} DSP 0 BRAM 0 URAM 0 DISPNAME {bind_op add}} {BINDTYPE op ID {} IMPL fabric LATENCY 0 OPTYPE add PRAGMA {} RTLNAME add_ln14_1_fu_775_p2 SOURCE src/gtsrb_cnn.cpp:14 VARIABLE add_ln14_1 LOOP VITIS_LOOP_14_1_VITIS_LOOP_15_2_VITIS_LOOP_16_3 BUNDLEDNAME {} DSP 0 BRAM 0 URAM 0 DISPNAME {bind_op add}} {BINDTYPE op ID {} IMPL fabric LATENCY 0 OPTYPE add PRAGMA {} RTLNAME p_mid115_fu_805_p2 SOURCE src/gtsrb_cnn.cpp:14 VARIABLE p_mid115 LOOP VITIS_LOOP_14_1_VITIS_LOOP_15_2_VITIS_LOOP_16_3 BUNDLEDNAME {} DSP 0 BRAM 0 URAM 0 DISPNAME {bind_op add}} {BINDTYPE op ID {} IMPL fabric LATENCY 0 OPTYPE add PRAGMA {} RTLNAME add_ln15_fu_898_p2 SOURCE src/gtsrb_cnn.cpp:15 VARIABLE add_ln15 LOOP VITIS_LOOP_14_1_VITIS_LOOP_15_2_VITIS_LOOP_16_3 BUNDLEDNAME {} DSP 0 BRAM 0 URAM 0 DISPNAME {bind_op add}} {BINDTYPE op ID {} IMPL fabric LATENCY 0 OPTYPE sub PRAGMA {} RTLNAME sub_ln33_1_fu_937_p2 SOURCE src/gtsrb_cnn.cpp:33 VARIABLE sub_ln33_1 LOOP VITIS_LOOP_14_1_VITIS_LOOP_15_2_VITIS_LOOP_16_3 BUNDLEDNAME {} DSP 0 BRAM 0 URAM 0 DISPNAME {bind_op sub}} {BINDTYPE op ID {} IMPL fabric LATENCY 0 OPTYPE sub PRAGMA {} RTLNAME p_mid1_fu_963_p2 SOURCE src/gtsrb_cnn.cpp:15 VARIABLE p_mid1 LOOP VITIS_LOOP_14_1_VITIS_LOOP_15_2_VITIS_LOOP_16_3 BUNDLEDNAME {} DSP 0 BRAM 0 URAM 0 DISPNAME {bind_op sub}} {BINDTYPE op ID {} IMPL fabric LATENCY 0 OPTYPE add PRAGMA {} RTLNAME add_ln23_12_fu_991_p2 SOURCE src/gtsrb_cnn.cpp:23 VARIABLE add_ln23_12 LOOP VITIS_LOOP_14_1_VITIS_LOOP_15_2_VITIS_LOOP_16_3 BUNDLEDNAME {} DSP 0 BRAM 0 URAM 0 DISPNAME {bind_op add}} {BINDTYPE op ID {} IMPL fabric LATENCY 0 OPTYPE add PRAGMA {} RTLNAME add_ln23_fu_1025_p2 SOURCE src/gtsrb_cnn.cpp:23 VARIABLE add_ln23 LOOP VITIS_LOOP_14_1_VITIS_LOOP_15_2_VITIS_LOOP_16_3 BUNDLEDNAME {} DSP 0 BRAM 0 URAM 0 DISPNAME {bind_op add}} {BINDTYPE op ID {} IMPL fabric LATENCY 0 OPTYPE add PRAGMA {} RTLNAME add_ln25_fu_1049_p2 SOURCE src/gtsrb_cnn.cpp:25 VARIABLE add_ln25 LOOP VITIS_LOOP_25_6 BUNDLEDNAME {} DSP 0 BRAM 0 URAM 0 DISPNAME {bind_op add}} {BINDTYPE op ID {} IMPL fabric LATENCY 0 OPTYPE add PRAGMA {} RTLNAME add_ln26_fu_1055_p2 SOURCE src/gtsrb_cnn.cpp:26 VARIABLE add_ln26 LOOP VITIS_LOOP_25_6 BUNDLEDNAME {} DSP 0 BRAM 0 URAM 0 DISPNAME {bind_op add}} {BINDTYPE op ID {} IMPL fabric LATENCY 0 OPTYPE add PRAGMA {} RTLNAME add_ln27_fu_1077_p2 SOURCE src/gtsrb_cnn.cpp:27 VARIABLE add_ln27 LOOP VITIS_LOOP_25_6 BUNDLEDNAME {} DSP 0 BRAM 0 URAM 0 DISPNAME {bind_op add}} {BINDTYPE op ID {} IMPL fabric LATENCY 0 OPTYPE add PRAGMA {} RTLNAME add_ln22_fu_1102_p2 SOURCE src/gtsrb_cnn.cpp:22 VARIABLE add_ln22 LOOP VITIS_LOOP_14_1_VITIS_LOOP_15_2_VITIS_LOOP_16_3 BUNDLEDNAME {} DSP 0 BRAM 0 URAM 0 DISPNAME {bind_op add}} {BINDTYPE op ID {} IMPL fabric LATENCY 0 OPTYPE add PRAGMA {} RTLNAME add_ln23_1_fu_1107_p2 SOURCE src/gtsrb_cnn.cpp:23 VARIABLE add_ln23_1 LOOP VITIS_LOOP_14_1_VITIS_LOOP_15_2_VITIS_LOOP_16_3 BUNDLEDNAME {} DSP 0 BRAM 0 URAM 0 DISPNAME {bind_op add}} {BINDTYPE op ID {} IMPL fabric LATENCY 0 OPTYPE add PRAGMA {} RTLNAME add_ln25_1_fu_1137_p2 SOURCE src/gtsrb_cnn.cpp:25 VARIABLE add_ln25_1 LOOP VITIS_LOOP_25_6 BUNDLEDNAME {} DSP 0 BRAM 0 URAM 0 DISPNAME {bind_op add}} {BINDTYPE op ID {} IMPL fabric LATENCY 0 OPTYPE add PRAGMA {} RTLNAME add_ln26_1_fu_1143_p2 SOURCE src/gtsrb_cnn.cpp:26 VARIABLE add_ln26_1 LOOP VITIS_LOOP_25_6 BUNDLEDNAME {} DSP 0 BRAM 0 URAM 0 DISPNAME {bind_op add}} {BINDTYPE op ID {} IMPL fabric LATENCY 0 OPTYPE add PRAGMA {} RTLNAME add_ln27_1_fu_1167_p2 SOURCE src/gtsrb_cnn.cpp:27 VARIABLE add_ln27_1 LOOP VITIS_LOOP_25_6 BUNDLEDNAME {} DSP 0 BRAM 0 URAM 0 DISPNAME {bind_op add}} {BINDTYPE op ID {} IMPL fabric LATENCY 0 OPTYPE add PRAGMA {} RTLNAME add_ln23_3_fu_1192_p2 SOURCE src/gtsrb_cnn.cpp:23 VARIABLE add_ln23_3 LOOP VITIS_LOOP_14_1_VITIS_LOOP_15_2_VITIS_LOOP_16_3 BUNDLEDNAME {} DSP 0 BRAM 0 URAM 0 DISPNAME {bind_op add}} {BINDTYPE op ID {} IMPL fabric LATENCY 0 OPTYPE add PRAGMA {} RTLNAME add_ln25_2_fu_1222_p2 SOURCE src/gtsrb_cnn.cpp:25 VARIABLE add_ln25_2 LOOP VITIS_LOOP_25_6 BUNDLEDNAME {} DSP 0 BRAM 0 URAM 0 DISPNAME {bind_op add}} {BINDTYPE op ID {} IMPL fabric LATENCY 0 OPTYPE add PRAGMA {} RTLNAME add_ln26_2_fu_1228_p2 SOURCE src/gtsrb_cnn.cpp:26 VARIABLE add_ln26_2 LOOP VITIS_LOOP_25_6 BUNDLEDNAME {} DSP 0 BRAM 0 URAM 0 DISPNAME {bind_op add}} {BINDTYPE op ID {} IMPL fabric LATENCY 0 OPTYPE add PRAGMA {} RTLNAME add_ln27_2_fu_1252_p2 SOURCE src/gtsrb_cnn.cpp:27 VARIABLE add_ln27_2 LOOP VITIS_LOOP_25_6 BUNDLEDNAME {} DSP 0 BRAM 0 URAM 0 DISPNAME {bind_op add}} {BINDTYPE op ID {} IMPL fabric LATENCY 0 OPTYPE add PRAGMA {} RTLNAME add_ln23_4_fu_1277_p2 SOURCE src/gtsrb_cnn.cpp:23 VARIABLE add_ln23_4 LOOP VITIS_LOOP_14_1_VITIS_LOOP_15_2_VITIS_LOOP_16_3 BUNDLEDNAME {} DSP 0 BRAM 0 URAM 0 DISPNAME {bind_op add}} {BINDTYPE op ID {} IMPL fabric LATENCY 0 OPTYPE add PRAGMA {} RTLNAME add_ln23_5_fu_1286_p2 SOURCE src/gtsrb_cnn.cpp:23 VARIABLE add_ln23_5 LOOP VITIS_LOOP_14_1_VITIS_LOOP_15_2_VITIS_LOOP_16_3 BUNDLEDNAME {} DSP 0 BRAM 0 URAM 0 DISPNAME {bind_op add}} {BINDTYPE op ID {} IMPL fabric LATENCY 0 OPTYPE add PRAGMA {} RTLNAME add_ln25_3_fu_1317_p2 SOURCE src/gtsrb_cnn.cpp:25 VARIABLE add_ln25_3 LOOP VITIS_LOOP_25_6 BUNDLEDNAME {} DSP 0 BRAM 0 URAM 0 DISPNAME {bind_op add}} {BINDTYPE op ID {} IMPL fabric LATENCY 0 OPTYPE add PRAGMA {} RTLNAME add_ln26_3_fu_1323_p2 SOURCE src/gtsrb_cnn.cpp:26 VARIABLE add_ln26_3 LOOP VITIS_LOOP_25_6 BUNDLEDNAME {} DSP 0 BRAM 0 URAM 0 DISPNAME {bind_op add}} {BINDTYPE op ID {} IMPL fabric LATENCY 0 OPTYPE add PRAGMA {} RTLNAME add_ln27_3_fu_1351_p2 SOURCE src/gtsrb_cnn.cpp:27 VARIABLE add_ln27_3 LOOP VITIS_LOOP_25_6 BUNDLEDNAME {} DSP 0 BRAM 0 URAM 0 DISPNAME {bind_op add}} {BINDTYPE op ID {} IMPL fabric LATENCY 0 OPTYPE add PRAGMA {} RTLNAME add_ln23_6_fu_1376_p2 SOURCE src/gtsrb_cnn.cpp:23 VARIABLE add_ln23_6 LOOP VITIS_LOOP_14_1_VITIS_LOOP_15_2_VITIS_LOOP_16_3 BUNDLEDNAME {} DSP 0 BRAM 0 URAM 0 DISPNAME {bind_op add}} {BINDTYPE op ID {} IMPL fabric LATENCY 0 OPTYPE add PRAGMA {} RTLNAME add_ln25_4_fu_1407_p2 SOURCE src/gtsrb_cnn.cpp:25 VARIABLE add_ln25_4 LOOP VITIS_LOOP_25_6 BUNDLEDNAME {} DSP 0 BRAM 0 URAM 0 DISPNAME {bind_op add}} {BINDTYPE op ID {} IMPL fabric LATENCY 0 OPTYPE add PRAGMA {} RTLNAME add_ln26_4_fu_1413_p2 SOURCE src/gtsrb_cnn.cpp:26 VARIABLE add_ln26_4 LOOP VITIS_LOOP_25_6 BUNDLEDNAME {} DSP 0 BRAM 0 URAM 0 DISPNAME {bind_op add}} {BINDTYPE op ID {} IMPL fabric LATENCY 0 OPTYPE add PRAGMA {} RTLNAME add_ln27_4_fu_1437_p2 SOURCE src/gtsrb_cnn.cpp:27 VARIABLE add_ln27_4 LOOP VITIS_LOOP_25_6 BUNDLEDNAME {} DSP 0 BRAM 0 URAM 0 DISPNAME {bind_op add}} {BINDTYPE op ID {} IMPL fabric LATENCY 0 OPTYPE add PRAGMA {} RTLNAME add_ln23_7_fu_1462_p2 SOURCE src/gtsrb_cnn.cpp:23 VARIABLE add_ln23_7 LOOP VITIS_LOOP_14_1_VITIS_LOOP_15_2_VITIS_LOOP_16_3 BUNDLEDNAME {} DSP 0 BRAM 0 URAM 0 DISPNAME {bind_op add}} {BINDTYPE op ID {} IMPL fabric LATENCY 0 OPTYPE add PRAGMA {} RTLNAME add_ln25_5_fu_1493_p2 SOURCE src/gtsrb_cnn.cpp:25 VARIABLE add_ln25_5 LOOP VITIS_LOOP_25_6 BUNDLEDNAME {} DSP 0 BRAM 0 URAM 0 DISPNAME {bind_op add}} {BINDTYPE op ID {} IMPL fabric LATENCY 0 OPTYPE add PRAGMA {} RTLNAME add_ln26_5_fu_1499_p2 SOURCE src/gtsrb_cnn.cpp:26 VARIABLE add_ln26_5 LOOP VITIS_LOOP_25_6 BUNDLEDNAME {} DSP 0 BRAM 0 URAM 0 DISPNAME {bind_op add}} {BINDTYPE op ID {} IMPL fabric LATENCY 0 OPTYPE add PRAGMA {} RTLNAME add_ln27_5_fu_1523_p2 SOURCE src/gtsrb_cnn.cpp:27 VARIABLE add_ln27_5 LOOP VITIS_LOOP_25_6 BUNDLEDNAME {} DSP 0 BRAM 0 URAM 0 DISPNAME {bind_op add}} {BINDTYPE op ID {} IMPL fabric LATENCY 0 OPTYPE add PRAGMA {} RTLNAME add_ln23_8_fu_1548_p2 SOURCE src/gtsrb_cnn.cpp:23 VARIABLE add_ln23_8 LOOP VITIS_LOOP_14_1_VITIS_LOOP_15_2_VITIS_LOOP_16_3 BUNDLEDNAME {} DSP 0 BRAM 0 URAM 0 DISPNAME {bind_op add}} {BINDTYPE op ID {} IMPL fabric LATENCY 0 OPTYPE add PRAGMA {} RTLNAME add_ln23_9_fu_1557_p2 SOURCE src/gtsrb_cnn.cpp:23 VARIABLE add_ln23_9 LOOP VITIS_LOOP_14_1_VITIS_LOOP_15_2_VITIS_LOOP_16_3 BUNDLEDNAME {} DSP 0 BRAM 0 URAM 0 DISPNAME {bind_op add}} {BINDTYPE op ID {} IMPL fabric LATENCY 0 OPTYPE add PRAGMA {} RTLNAME add_ln25_6_fu_1588_p2 SOURCE src/gtsrb_cnn.cpp:25 VARIABLE add_ln25_6 LOOP VITIS_LOOP_25_6 BUNDLEDNAME {} DSP 0 BRAM 0 URAM 0 DISPNAME {bind_op add}} {BINDTYPE op ID {} IMPL fabric LATENCY 0 OPTYPE add PRAGMA {} RTLNAME add_ln26_6_fu_1594_p2 SOURCE src/gtsrb_cnn.cpp:26 VARIABLE add_ln26_6 LOOP VITIS_LOOP_25_6 BUNDLEDNAME {} DSP 0 BRAM 0 URAM 0 DISPNAME {bind_op add}} {BINDTYPE op ID {} IMPL fabric LATENCY 0 OPTYPE add PRAGMA {} RTLNAME add_ln27_6_fu_1622_p2 SOURCE src/gtsrb_cnn.cpp:27 VARIABLE add_ln27_6 LOOP VITIS_LOOP_25_6 BUNDLEDNAME {} DSP 0 BRAM 0 URAM 0 DISPNAME {bind_op add}} {BINDTYPE op ID {} IMPL fabric LATENCY 0 OPTYPE add PRAGMA {} RTLNAME add_ln23_10_fu_1647_p2 SOURCE src/gtsrb_cnn.cpp:23 VARIABLE add_ln23_10 LOOP VITIS_LOOP_14_1_VITIS_LOOP_15_2_VITIS_LOOP_16_3 BUNDLEDNAME {} DSP 0 BRAM 0 URAM 0 DISPNAME {bind_op add}} {BINDTYPE op ID {} IMPL fabric LATENCY 0 OPTYPE add PRAGMA {} RTLNAME add_ln25_7_fu_1678_p2 SOURCE src/gtsrb_cnn.cpp:25 VARIABLE add_ln25_7 LOOP VITIS_LOOP_25_6 BUNDLEDNAME {} DSP 0 BRAM 0 URAM 0 DISPNAME {bind_op add}} {BINDTYPE op ID {} IMPL fabric LATENCY 0 OPTYPE add PRAGMA {} RTLNAME add_ln26_7_fu_1684_p2 SOURCE src/gtsrb_cnn.cpp:26 VARIABLE add_ln26_7 LOOP VITIS_LOOP_25_6 BUNDLEDNAME {} DSP 0 BRAM 0 URAM 0 DISPNAME {bind_op add}} {BINDTYPE op ID {} IMPL fabric LATENCY 0 OPTYPE add PRAGMA {} RTLNAME add_ln27_7_fu_1712_p2 SOURCE src/gtsrb_cnn.cpp:27 VARIABLE add_ln27_7 LOOP VITIS_LOOP_25_6 BUNDLEDNAME {} DSP 0 BRAM 0 URAM 0 DISPNAME {bind_op add}} {BINDTYPE op ID {} IMPL fabric LATENCY 0 OPTYPE add PRAGMA {} RTLNAME add_ln23_11_fu_1737_p2 SOURCE src/gtsrb_cnn.cpp:23 VARIABLE add_ln23_11 LOOP VITIS_LOOP_14_1_VITIS_LOOP_15_2_VITIS_LOOP_16_3 BUNDLEDNAME {} DSP 0 BRAM 0 URAM 0 DISPNAME {bind_op add}} {BINDTYPE op ID {} IMPL fabric LATENCY 0 OPTYPE add PRAGMA {} RTLNAME add_ln25_8_fu_1768_p2 SOURCE src/gtsrb_cnn.cpp:25 VARIABLE add_ln25_8 LOOP VITIS_LOOP_25_6 BUNDLEDNAME {} DSP 0 BRAM 0 URAM 0 DISPNAME {bind_op add}} {BINDTYPE op ID {} IMPL fabric LATENCY 0 OPTYPE add PRAGMA {} RTLNAME add_ln26_8_fu_1774_p2 SOURCE src/gtsrb_cnn.cpp:26 VARIABLE add_ln26_8 LOOP VITIS_LOOP_25_6 BUNDLEDNAME {} DSP 0 BRAM 0 URAM 0 DISPNAME {bind_op add}} {BINDTYPE op ID {} IMPL fabric LATENCY 0 OPTYPE add PRAGMA {} RTLNAME add_ln27_8_fu_1798_p2 SOURCE src/gtsrb_cnn.cpp:27 VARIABLE add_ln27_8 LOOP VITIS_LOOP_25_6 BUNDLEDNAME {} DSP 0 BRAM 0 URAM 0 DISPNAME {bind_op add}} {BINDTYPE op ID {} IMPL fabric LATENCY 0 OPTYPE add PRAGMA {} RTLNAME add_ln33_fu_1823_p2 SOURCE src/gtsrb_cnn.cpp:33 VARIABLE add_ln33 LOOP VITIS_LOOP_14_1_VITIS_LOOP_15_2_VITIS_LOOP_16_3 BUNDLEDNAME {} DSP 0 BRAM 0 URAM 0 DISPNAME {bind_op add}} {BINDTYPE op ID {} IMPL fabric LATENCY 0 OPTYPE add PRAGMA {} RTLNAME add_ln33_1_fu_1835_p2 SOURCE src/gtsrb_cnn.cpp:33 VARIABLE add_ln33_1 LOOP VITIS_LOOP_14_1_VITIS_LOOP_15_2_VITIS_LOOP_16_3 BUNDLEDNAME {} DSP 0 BRAM 0 URAM 0 DISPNAME {bind_op add}} {BINDTYPE op ID {} IMPL fabric LATENCY 0 OPTYPE add PRAGMA {} RTLNAME add_ln15_1_fu_1840_p2 SOURCE src/gtsrb_cnn.cpp:15 VARIABLE add_ln15_1 LOOP VITIS_LOOP_14_1_VITIS_LOOP_15_2_VITIS_LOOP_16_3 BUNDLEDNAME {} DSP 0 BRAM 0 URAM 0 DISPNAME {bind_op add}}} AREA {DSP 0 BRAM 0 URAM 0}} maxpool2x2_valid_1 {BINDINFO {{BINDTYPE op ID {} IMPL fabric LATENCY 0 OPTYPE sub PRAGMA {} RTLNAME sub_ln55_fu_246_p2 SOURCE src/gtsrb_cnn.cpp:55 VARIABLE sub_ln55 LOOP VITIS_LOOP_48_1_VITIS_LOOP_49_2_VITIS_LOOP_50_3 BUNDLEDNAME {} DSP 0 BRAM 0 URAM 0 DISPNAME {bind_op sub}} {BINDTYPE op ID {} IMPL fabric LATENCY 0 OPTYPE sub PRAGMA {} RTLNAME sub_ln67_fu_280_p2 SOURCE src/gtsrb_cnn.cpp:67 VARIABLE sub_ln67 LOOP VITIS_LOOP_48_1_VITIS_LOOP_49_2_VITIS_LOOP_50_3 BUNDLEDNAME {} DSP 0 BRAM 0 URAM 0 DISPNAME {bind_op sub}} {BINDTYPE op ID {} IMPL fabric LATENCY 0 OPTYPE add PRAGMA {} RTLNAME add_ln57_fu_286_p2 SOURCE src/gtsrb_cnn.cpp:57 VARIABLE add_ln57 LOOP VITIS_LOOP_48_1_VITIS_LOOP_49_2_VITIS_LOOP_50_3 BUNDLEDNAME {} DSP 0 BRAM 0 URAM 0 DISPNAME {bind_op add}} {BINDTYPE op ID {} IMPL fabric LATENCY 0 OPTYPE add PRAGMA {} RTLNAME add_ln48_fu_298_p2 SOURCE src/gtsrb_cnn.cpp:48 VARIABLE add_ln48 LOOP VITIS_LOOP_48_1_VITIS_LOOP_49_2_VITIS_LOOP_50_3 BUNDLEDNAME {} DSP 0 BRAM 0 URAM 0 DISPNAME {bind_op add}} {BINDTYPE op ID {} IMPL fabric LATENCY 0 OPTYPE add PRAGMA {} RTLNAME add_ln48_2_fu_327_p2 SOURCE src/gtsrb_cnn.cpp:48 VARIABLE add_ln48_2 LOOP VITIS_LOOP_48_1_VITIS_LOOP_49_2_VITIS_LOOP_50_3 BUNDLEDNAME {} DSP 0 BRAM 0 URAM 0 DISPNAME {bind_op add}} {BINDTYPE op ID {} IMPL fabric LATENCY 0 OPTYPE add PRAGMA {} RTLNAME add_ln49_fu_387_p2 SOURCE src/gtsrb_cnn.cpp:49 VARIABLE add_ln49 LOOP VITIS_LOOP_48_1_VITIS_LOOP_49_2_VITIS_LOOP_50_3 BUNDLEDNAME {} DSP 0 BRAM 0 URAM 0 DISPNAME {bind_op add}} {BINDTYPE op ID {} IMPL fabric LATENCY 0 OPTYPE sub PRAGMA {} RTLNAME sub_ln55_2_fu_427_p2 SOURCE src/gtsrb_cnn.cpp:55 VARIABLE sub_ln55_2 LOOP VITIS_LOOP_48_1_VITIS_LOOP_49_2_VITIS_LOOP_50_3 BUNDLEDNAME {} DSP 0 BRAM 0 URAM 0 DISPNAME {bind_op sub}} {BINDTYPE op ID {} IMPL fabric LATENCY 0 OPTYPE sub PRAGMA {} RTLNAME sub_ln67_2_fu_469_p2 SOURCE src/gtsrb_cnn.cpp:67 VARIABLE sub_ln67_2 LOOP VITIS_LOOP_48_1_VITIS_LOOP_49_2_VITIS_LOOP_50_3 BUNDLEDNAME {} DSP 0 BRAM 0 URAM 0 DISPNAME {bind_op sub}} {BINDTYPE op ID {} IMPL fabric LATENCY 0 OPTYPE add PRAGMA {} RTLNAME add_ln57_3_fu_483_p2 SOURCE src/gtsrb_cnn.cpp:57 VARIABLE add_ln57_3 LOOP VITIS_LOOP_48_1_VITIS_LOOP_49_2_VITIS_LOOP_50_3 BUNDLEDNAME {} DSP 0 BRAM 0 URAM 0 DISPNAME {bind_op add}} {BINDTYPE op ID {} IMPL fabric LATENCY 0 OPTYPE add PRAGMA {} RTLNAME add_ln55_fu_521_p2 SOURCE src/gtsrb_cnn.cpp:55 VARIABLE add_ln55 LOOP VITIS_LOOP_48_1_VITIS_LOOP_49_2_VITIS_LOOP_50_3 BUNDLEDNAME {} DSP 0 BRAM 0 URAM 0 DISPNAME {bind_op add}} {BINDTYPE op ID {} IMPL fabric LATENCY 0 OPTYPE add PRAGMA {} RTLNAME add_ln56_fu_537_p2 SOURCE src/gtsrb_cnn.cpp:56 VARIABLE add_ln56 LOOP VITIS_LOOP_48_1_VITIS_LOOP_49_2_VITIS_LOOP_50_3 BUNDLEDNAME {} DSP 0 BRAM 0 URAM 0 DISPNAME {bind_op add}} {BINDTYPE op ID {} IMPL fabric LATENCY 0 OPTYPE add PRAGMA {} RTLNAME add_ln57_2_fu_551_p2 SOURCE src/gtsrb_cnn.cpp:57 VARIABLE add_ln57_2 LOOP VITIS_LOOP_48_1_VITIS_LOOP_49_2_VITIS_LOOP_50_3 BUNDLEDNAME {} DSP 0 BRAM 0 URAM 0 DISPNAME {bind_op add}} {BINDTYPE op ID {} IMPL fabric LATENCY 0 OPTYPE add PRAGMA {} RTLNAME add_ln58_fu_557_p2 SOURCE src/gtsrb_cnn.cpp:58 VARIABLE add_ln58 LOOP VITIS_LOOP_48_1_VITIS_LOOP_49_2_VITIS_LOOP_50_3 BUNDLEDNAME {} DSP 0 BRAM 0 URAM 0 DISPNAME {bind_op add}} {BINDTYPE op ID {} IMPL fabric LATENCY 0 OPTYPE add PRAGMA {} RTLNAME add_ln60_fu_594_p2 SOURCE src/gtsrb_cnn.cpp:60 VARIABLE add_ln60 LOOP VITIS_LOOP_48_1_VITIS_LOOP_49_2_VITIS_LOOP_50_3 BUNDLEDNAME {} DSP 0 BRAM 0 URAM 0 DISPNAME {bind_op add}} {BINDTYPE op ID {} IMPL fabric LATENCY 0 OPTYPE add PRAGMA {} RTLNAME add_ln62_fu_615_p2 SOURCE src/gtsrb_cnn.cpp:62 VARIABLE add_ln62 LOOP VITIS_LOOP_48_1_VITIS_LOOP_49_2_VITIS_LOOP_50_3 BUNDLEDNAME {} DSP 0 BRAM 0 URAM 0 DISPNAME {bind_op add}} {BINDTYPE op ID {} IMPL fabric LATENCY 0 OPTYPE add PRAGMA {} RTLNAME add_ln67_fu_621_p2 SOURCE src/gtsrb_cnn.cpp:67 VARIABLE add_ln67 LOOP VITIS_LOOP_48_1_VITIS_LOOP_49_2_VITIS_LOOP_50_3 BUNDLEDNAME {} DSP 0 BRAM 0 URAM 0 DISPNAME {bind_op add}} {BINDTYPE op ID {} IMPL fabric LATENCY 0 OPTYPE add PRAGMA {} RTLNAME add_ln67_2_fu_832_p2 SOURCE src/gtsrb_cnn.cpp:67 VARIABLE add_ln67_2 LOOP VITIS_LOOP_48_1_VITIS_LOOP_49_2_VITIS_LOOP_50_3 BUNDLEDNAME {} DSP 0 BRAM 0 URAM 0 DISPNAME {bind_op add}} {BINDTYPE op ID {} IMPL fabric LATENCY 0 OPTYPE add PRAGMA {} RTLNAME add_ln50_fu_627_p2 SOURCE src/gtsrb_cnn.cpp:50 VARIABLE add_ln50 LOOP VITIS_LOOP_48_1_VITIS_LOOP_49_2_VITIS_LOOP_50_3 BUNDLEDNAME {} DSP 0 BRAM 0 URAM 0 DISPNAME {bind_op add}} {BINDTYPE op ID {} IMPL fabric LATENCY 0 OPTYPE add PRAGMA {} RTLNAME add_ln49_2_fu_633_p2 SOURCE src/gtsrb_cnn.cpp:49 VARIABLE add_ln49_2 LOOP VITIS_LOOP_48_1_VITIS_LOOP_49_2_VITIS_LOOP_50_3 BUNDLEDNAME {} DSP 0 BRAM 0 URAM 0 DISPNAME {bind_op add}}} AREA {DSP 0 BRAM 0 URAM 0}} conv_valid_relu_1 {BINDINFO {{BINDTYPE op ID {} IMPL fabric LATENCY 0 OPTYPE add PRAGMA {} RTLNAME empty_65_fu_676_p2 SOURCE src/gtsrb_cnn.cpp:14 VARIABLE empty_65 LOOP VITIS_LOOP_14_1_VITIS_LOOP_15_2_VITIS_LOOP_16_3 BUNDLEDNAME {} DSP 0 BRAM 0 URAM 0 DISPNAME {bind_op add}} {BINDTYPE op ID {} IMPL fabric LATENCY 0 OPTYPE sub PRAGMA {} RTLNAME empty_68_fu_717_p2 SOURCE {} VARIABLE empty_68 LOOP VITIS_LOOP_14_1_VITIS_LOOP_15_2_VITIS_LOOP_16_3 BUNDLEDNAME {} DSP 0 BRAM 0 URAM 0 DISPNAME {bind_op sub}} {BINDTYPE op ID {} IMPL fabric LATENCY 0 OPTYPE add PRAGMA {} RTLNAME add_ln23_13_fu_729_p2 SOURCE src/gtsrb_cnn.cpp:23 VARIABLE add_ln23_13 LOOP VITIS_LOOP_14_1_VITIS_LOOP_15_2_VITIS_LOOP_16_3 BUNDLEDNAME {} DSP 0 BRAM 0 URAM 0 DISPNAME {bind_op add}} {BINDTYPE op ID {} IMPL fabric LATENCY 0 OPTYPE add PRAGMA {} RTLNAME add_ln14_fu_741_p2 SOURCE src/gtsrb_cnn.cpp:14 VARIABLE add_ln14 LOOP VITIS_LOOP_14_1_VITIS_LOOP_15_2_VITIS_LOOP_16_3 BUNDLEDNAME {} DSP 0 BRAM 0 URAM 0 DISPNAME {bind_op add}} {BINDTYPE op ID {} IMPL fabric LATENCY 0 OPTYPE add PRAGMA {} RTLNAME add_ln14_2_fu_753_p2 SOURCE src/gtsrb_cnn.cpp:14 VARIABLE add_ln14_2 LOOP VITIS_LOOP_14_1_VITIS_LOOP_15_2_VITIS_LOOP_16_3 BUNDLEDNAME {} DSP 0 BRAM 0 URAM 0 DISPNAME {bind_op add}} {BINDTYPE op ID {} IMPL fabric LATENCY 0 OPTYPE add PRAGMA {} RTLNAME p_mid115_fu_783_p2 SOURCE src/gtsrb_cnn.cpp:14 VARIABLE p_mid115 LOOP VITIS_LOOP_14_1_VITIS_LOOP_15_2_VITIS_LOOP_16_3 BUNDLEDNAME {} DSP 0 BRAM 0 URAM 0 DISPNAME {bind_op add}} {BINDTYPE op ID {} IMPL fabric LATENCY 0 OPTYPE add PRAGMA {} RTLNAME add_ln15_fu_876_p2 SOURCE src/gtsrb_cnn.cpp:15 VARIABLE add_ln15 LOOP VITIS_LOOP_14_1_VITIS_LOOP_15_2_VITIS_LOOP_16_3 BUNDLEDNAME {} DSP 0 BRAM 0 URAM 0 DISPNAME {bind_op add}} {BINDTYPE op ID {} IMPL fabric LATENCY 0 OPTYPE sub PRAGMA {} RTLNAME p_mid1_fu_929_p2 SOURCE src/gtsrb_cnn.cpp:15 VARIABLE p_mid1 LOOP VITIS_LOOP_14_1_VITIS_LOOP_15_2_VITIS_LOOP_16_3 BUNDLEDNAME {} DSP 0 BRAM 0 URAM 0 DISPNAME {bind_op sub}} {BINDTYPE op ID {} IMPL fabric LATENCY 0 OPTYPE add PRAGMA {} RTLNAME add_ln23_22_fu_957_p2 SOURCE src/gtsrb_cnn.cpp:23 VARIABLE add_ln23_22 LOOP VITIS_LOOP_14_1_VITIS_LOOP_15_2_VITIS_LOOP_16_3 BUNDLEDNAME {} DSP 0 BRAM 0 URAM 0 DISPNAME {bind_op add}} {BINDTYPE op ID {} IMPL fabric LATENCY 0 OPTYPE add PRAGMA {} RTLNAME add_ln23_fu_991_p2 SOURCE src/gtsrb_cnn.cpp:23 VARIABLE add_ln23 LOOP VITIS_LOOP_14_1_VITIS_LOOP_15_2_VITIS_LOOP_16_3 BUNDLEDNAME {} DSP 0 BRAM 0 URAM 0 DISPNAME {bind_op add}} {BINDTYPE op ID {} IMPL fabric LATENCY 0 OPTYPE add PRAGMA {} RTLNAME add_ln25_fu_1015_p2 SOURCE src/gtsrb_cnn.cpp:25 VARIABLE add_ln25 LOOP VITIS_LOOP_25_6 BUNDLEDNAME {} DSP 0 BRAM 0 URAM 0 DISPNAME {bind_op add}} {BINDTYPE op ID {} IMPL fabric LATENCY 0 OPTYPE add PRAGMA {} RTLNAME add_ln26_fu_1021_p2 SOURCE src/gtsrb_cnn.cpp:26 VARIABLE add_ln26 LOOP VITIS_LOOP_25_6 BUNDLEDNAME {} DSP 0 BRAM 0 URAM 0 DISPNAME {bind_op add}} {BINDTYPE op ID {} IMPL fabric LATENCY 0 OPTYPE add PRAGMA {} RTLNAME add_ln27_1_fu_1043_p2 SOURCE src/gtsrb_cnn.cpp:27 VARIABLE add_ln27_1 LOOP VITIS_LOOP_25_6 BUNDLEDNAME {} DSP 0 BRAM 0 URAM 0 DISPNAME {bind_op add}} {BINDTYPE op ID {} IMPL fabric LATENCY 0 OPTYPE add PRAGMA {} RTLNAME add_ln22_fu_1068_p2 SOURCE src/gtsrb_cnn.cpp:22 VARIABLE add_ln22 LOOP VITIS_LOOP_14_1_VITIS_LOOP_15_2_VITIS_LOOP_16_3 BUNDLEDNAME {} DSP 0 BRAM 0 URAM 0 DISPNAME {bind_op add}} {BINDTYPE op ID {} IMPL fabric LATENCY 0 OPTYPE add PRAGMA {} RTLNAME add_ln23_12_fu_1073_p2 SOURCE src/gtsrb_cnn.cpp:23 VARIABLE add_ln23_12 LOOP VITIS_LOOP_14_1_VITIS_LOOP_15_2_VITIS_LOOP_16_3 BUNDLEDNAME {} DSP 0 BRAM 0 URAM 0 DISPNAME {bind_op add}} {BINDTYPE op ID {} IMPL fabric LATENCY 0 OPTYPE add PRAGMA {} RTLNAME add_ln25_1_fu_1103_p2 SOURCE src/gtsrb_cnn.cpp:25 VARIABLE add_ln25_1 LOOP VITIS_LOOP_25_6 BUNDLEDNAME {} DSP 0 BRAM 0 URAM 0 DISPNAME {bind_op add}} {BINDTYPE op ID {} IMPL fabric LATENCY 0 OPTYPE add PRAGMA {} RTLNAME add_ln26_9_fu_1109_p2 SOURCE src/gtsrb_cnn.cpp:26 VARIABLE add_ln26_9 LOOP VITIS_LOOP_25_6 BUNDLEDNAME {} DSP 0 BRAM 0 URAM 0 DISPNAME {bind_op add}} {BINDTYPE op ID {} IMPL fabric LATENCY 0 OPTYPE add PRAGMA {} RTLNAME add_ln27_3_fu_1133_p2 SOURCE src/gtsrb_cnn.cpp:27 VARIABLE add_ln27_3 LOOP VITIS_LOOP_25_6 BUNDLEDNAME {} DSP 0 BRAM 0 URAM 0 DISPNAME {bind_op add}} {BINDTYPE op ID {} IMPL fabric LATENCY 0 OPTYPE add PRAGMA {} RTLNAME add_ln23_14_fu_1158_p2 SOURCE src/gtsrb_cnn.cpp:23 VARIABLE add_ln23_14 LOOP VITIS_LOOP_14_1_VITIS_LOOP_15_2_VITIS_LOOP_16_3 BUNDLEDNAME {} DSP 0 BRAM 0 URAM 0 DISPNAME {bind_op add}} {BINDTYPE op ID {} IMPL fabric LATENCY 0 OPTYPE add PRAGMA {} RTLNAME add_ln25_2_fu_1188_p2 SOURCE src/gtsrb_cnn.cpp:25 VARIABLE add_ln25_2 LOOP VITIS_LOOP_25_6 BUNDLEDNAME {} DSP 0 BRAM 0 URAM 0 DISPNAME {bind_op add}} {BINDTYPE op ID {} IMPL fabric LATENCY 0 OPTYPE add PRAGMA {} RTLNAME add_ln26_10_fu_1194_p2 SOURCE src/gtsrb_cnn.cpp:26 VARIABLE add_ln26_10 LOOP VITIS_LOOP_25_6 BUNDLEDNAME {} DSP 0 BRAM 0 URAM 0 DISPNAME {bind_op add}} {BINDTYPE op ID {} IMPL fabric LATENCY 0 OPTYPE add PRAGMA {} RTLNAME add_ln27_5_fu_1218_p2 SOURCE src/gtsrb_cnn.cpp:27 VARIABLE add_ln27_5 LOOP VITIS_LOOP_25_6 BUNDLEDNAME {} DSP 0 BRAM 0 URAM 0 DISPNAME {bind_op add}} {BINDTYPE op ID {} IMPL fabric LATENCY 0 OPTYPE add PRAGMA {} RTLNAME add_ln23_15_fu_1243_p2 SOURCE src/gtsrb_cnn.cpp:23 VARIABLE add_ln23_15 LOOP VITIS_LOOP_14_1_VITIS_LOOP_15_2_VITIS_LOOP_16_3 BUNDLEDNAME {} DSP 0 BRAM 0 URAM 0 DISPNAME {bind_op add}} {BINDTYPE op ID {} IMPL fabric LATENCY 0 OPTYPE add PRAGMA {} RTLNAME add_ln23_16_fu_1252_p2 SOURCE src/gtsrb_cnn.cpp:23 VARIABLE add_ln23_16 LOOP VITIS_LOOP_14_1_VITIS_LOOP_15_2_VITIS_LOOP_16_3 BUNDLEDNAME {} DSP 0 BRAM 0 URAM 0 DISPNAME {bind_op add}} {BINDTYPE op ID {} IMPL fabric LATENCY 0 OPTYPE add PRAGMA {} RTLNAME add_ln25_3_fu_1283_p2 SOURCE src/gtsrb_cnn.cpp:25 VARIABLE add_ln25_3 LOOP VITIS_LOOP_25_6 BUNDLEDNAME {} DSP 0 BRAM 0 URAM 0 DISPNAME {bind_op add}} {BINDTYPE op ID {} IMPL fabric LATENCY 0 OPTYPE add PRAGMA {} RTLNAME add_ln26_11_fu_1289_p2 SOURCE src/gtsrb_cnn.cpp:26 VARIABLE add_ln26_11 LOOP VITIS_LOOP_25_6 BUNDLEDNAME {} DSP 0 BRAM 0 URAM 0 DISPNAME {bind_op add}} {BINDTYPE op ID {} IMPL fabric LATENCY 0 OPTYPE add PRAGMA {} RTLNAME add_ln27_7_fu_1317_p2 SOURCE src/gtsrb_cnn.cpp:27 VARIABLE add_ln27_7 LOOP VITIS_LOOP_25_6 BUNDLEDNAME {} DSP 0 BRAM 0 URAM 0 DISPNAME {bind_op add}} {BINDTYPE op ID {} IMPL fabric LATENCY 0 OPTYPE add PRAGMA {} RTLNAME add_ln23_17_fu_1342_p2 SOURCE src/gtsrb_cnn.cpp:23 VARIABLE add_ln23_17 LOOP VITIS_LOOP_14_1_VITIS_LOOP_15_2_VITIS_LOOP_16_3 BUNDLEDNAME {} DSP 0 BRAM 0 URAM 0 DISPNAME {bind_op add}} {BINDTYPE op ID {} IMPL fabric LATENCY 0 OPTYPE add PRAGMA {} RTLNAME add_ln25_4_fu_1373_p2 SOURCE src/gtsrb_cnn.cpp:25 VARIABLE add_ln25_4 LOOP VITIS_LOOP_25_6 BUNDLEDNAME {} DSP 0 BRAM 0 URAM 0 DISPNAME {bind_op add}} {BINDTYPE op ID {} IMPL fabric LATENCY 0 OPTYPE add PRAGMA {} RTLNAME add_ln26_12_fu_1379_p2 SOURCE src/gtsrb_cnn.cpp:26 VARIABLE add_ln26_12 LOOP VITIS_LOOP_25_6 BUNDLEDNAME {} DSP 0 BRAM 0 URAM 0 DISPNAME {bind_op add}} {BINDTYPE op ID {} IMPL fabric LATENCY 0 OPTYPE add PRAGMA {} RTLNAME add_ln27_fu_1403_p2 SOURCE src/gtsrb_cnn.cpp:27 VARIABLE add_ln27 LOOP VITIS_LOOP_25_6 BUNDLEDNAME {} DSP 0 BRAM 0 URAM 0 DISPNAME {bind_op add}} {BINDTYPE op ID {} IMPL fabric LATENCY 0 OPTYPE add PRAGMA {} RTLNAME add_ln23_18_fu_1428_p2 SOURCE src/gtsrb_cnn.cpp:23 VARIABLE add_ln23_18 LOOP VITIS_LOOP_14_1_VITIS_LOOP_15_2_VITIS_LOOP_16_3 BUNDLEDNAME {} DSP 0 BRAM 0 URAM 0 DISPNAME {bind_op add}} {BINDTYPE op ID {} IMPL fabric LATENCY 0 OPTYPE add PRAGMA {} RTLNAME add_ln25_5_fu_1459_p2 SOURCE src/gtsrb_cnn.cpp:25 VARIABLE add_ln25_5 LOOP VITIS_LOOP_25_6 BUNDLEDNAME {} DSP 0 BRAM 0 URAM 0 DISPNAME {bind_op add}} {BINDTYPE op ID {} IMPL fabric LATENCY 0 OPTYPE add PRAGMA {} RTLNAME add_ln26_13_fu_1465_p2 SOURCE src/gtsrb_cnn.cpp:26 VARIABLE add_ln26_13 LOOP VITIS_LOOP_25_6 BUNDLEDNAME {} DSP 0 BRAM 0 URAM 0 DISPNAME {bind_op add}} {BINDTYPE op ID {} IMPL fabric LATENCY 0 OPTYPE add PRAGMA {} RTLNAME add_ln27_9_fu_1489_p2 SOURCE src/gtsrb_cnn.cpp:27 VARIABLE add_ln27_9 LOOP VITIS_LOOP_25_6 BUNDLEDNAME {} DSP 0 BRAM 0 URAM 0 DISPNAME {bind_op add}} {BINDTYPE op ID {} IMPL fabric LATENCY 0 OPTYPE add PRAGMA {} RTLNAME add_ln23_19_fu_1529_p2 SOURCE src/gtsrb_cnn.cpp:23 VARIABLE add_ln23_19 LOOP VITIS_LOOP_14_1_VITIS_LOOP_15_2_VITIS_LOOP_16_3 BUNDLEDNAME {} DSP 0 BRAM 0 URAM 0 DISPNAME {bind_op add}} {BINDTYPE op ID {} IMPL fabric LATENCY 0 OPTYPE add PRAGMA {} RTLNAME add_ln25_6_fu_1560_p2 SOURCE src/gtsrb_cnn.cpp:25 VARIABLE add_ln25_6 LOOP VITIS_LOOP_25_6 BUNDLEDNAME {} DSP 0 BRAM 0 URAM 0 DISPNAME {bind_op add}} {BINDTYPE op ID {} IMPL fabric LATENCY 0 OPTYPE add PRAGMA {} RTLNAME add_ln26_14_fu_1566_p2 SOURCE src/gtsrb_cnn.cpp:26 VARIABLE add_ln26_14 LOOP VITIS_LOOP_25_6 BUNDLEDNAME {} DSP 0 BRAM 0 URAM 0 DISPNAME {bind_op add}} {BINDTYPE op ID {} IMPL fabric LATENCY 0 OPTYPE add PRAGMA {} RTLNAME add_ln27_10_fu_1594_p2 SOURCE src/gtsrb_cnn.cpp:27 VARIABLE add_ln27_10 LOOP VITIS_LOOP_25_6 BUNDLEDNAME {} DSP 0 BRAM 0 URAM 0 DISPNAME {bind_op add}} {BINDTYPE op ID {} IMPL fabric LATENCY 0 OPTYPE add PRAGMA {} RTLNAME add_ln23_20_fu_1619_p2 SOURCE src/gtsrb_cnn.cpp:23 VARIABLE add_ln23_20 LOOP VITIS_LOOP_14_1_VITIS_LOOP_15_2_VITIS_LOOP_16_3 BUNDLEDNAME {} DSP 0 BRAM 0 URAM 0 DISPNAME {bind_op add}} {BINDTYPE op ID {} IMPL fabric LATENCY 0 OPTYPE add PRAGMA {} RTLNAME add_ln25_7_fu_1650_p2 SOURCE src/gtsrb_cnn.cpp:25 VARIABLE add_ln25_7 LOOP VITIS_LOOP_25_6 BUNDLEDNAME {} DSP 0 BRAM 0 URAM 0 DISPNAME {bind_op add}} {BINDTYPE op ID {} IMPL fabric LATENCY 0 OPTYPE add PRAGMA {} RTLNAME add_ln26_15_fu_1656_p2 SOURCE src/gtsrb_cnn.cpp:26 VARIABLE add_ln26_15 LOOP VITIS_LOOP_25_6 BUNDLEDNAME {} DSP 0 BRAM 0 URAM 0 DISPNAME {bind_op add}} {BINDTYPE op ID {} IMPL fabric LATENCY 0 OPTYPE add PRAGMA {} RTLNAME add_ln27_11_fu_1684_p2 SOURCE src/gtsrb_cnn.cpp:27 VARIABLE add_ln27_11 LOOP VITIS_LOOP_25_6 BUNDLEDNAME {} DSP 0 BRAM 0 URAM 0 DISPNAME {bind_op add}} {BINDTYPE op ID {} IMPL fabric LATENCY 0 OPTYPE add PRAGMA {} RTLNAME add_ln23_21_fu_1709_p2 SOURCE src/gtsrb_cnn.cpp:23 VARIABLE add_ln23_21 LOOP VITIS_LOOP_14_1_VITIS_LOOP_15_2_VITIS_LOOP_16_3 BUNDLEDNAME {} DSP 0 BRAM 0 URAM 0 DISPNAME {bind_op add}} {BINDTYPE op ID {} IMPL fabric LATENCY 0 OPTYPE add PRAGMA {} RTLNAME add_ln25_8_fu_1740_p2 SOURCE src/gtsrb_cnn.cpp:25 VARIABLE add_ln25_8 LOOP VITIS_LOOP_25_6 BUNDLEDNAME {} DSP 0 BRAM 0 URAM 0 DISPNAME {bind_op add}} {BINDTYPE op ID {} IMPL fabric LATENCY 0 OPTYPE add PRAGMA {} RTLNAME add_ln26_16_fu_1746_p2 SOURCE src/gtsrb_cnn.cpp:26 VARIABLE add_ln26_16 LOOP VITIS_LOOP_25_6 BUNDLEDNAME {} DSP 0 BRAM 0 URAM 0 DISPNAME {bind_op add}} {BINDTYPE op ID {} IMPL fabric LATENCY 0 OPTYPE add PRAGMA {} RTLNAME add_ln27_12_fu_1770_p2 SOURCE src/gtsrb_cnn.cpp:27 VARIABLE add_ln27_12 LOOP VITIS_LOOP_25_6 BUNDLEDNAME {} DSP 0 BRAM 0 URAM 0 DISPNAME {bind_op add}} {BINDTYPE op ID {} IMPL fabric LATENCY 0 OPTYPE add PRAGMA {} RTLNAME add_ln33_fu_1803_p2 SOURCE src/gtsrb_cnn.cpp:33 VARIABLE add_ln33 LOOP VITIS_LOOP_14_1_VITIS_LOOP_15_2_VITIS_LOOP_16_3 BUNDLEDNAME {} DSP 0 BRAM 0 URAM 0 DISPNAME {bind_op add}} {BINDTYPE op ID {} IMPL fabric LATENCY 0 OPTYPE add PRAGMA {} RTLNAME add_ln15_2_fu_1808_p2 SOURCE src/gtsrb_cnn.cpp:15 VARIABLE add_ln15_2 LOOP VITIS_LOOP_14_1_VITIS_LOOP_15_2_VITIS_LOOP_16_3 BUNDLEDNAME {} DSP 0 BRAM 0 URAM 0 DISPNAME {bind_op add}}} AREA {DSP 0 BRAM 0 URAM 0}} maxpool2x2_valid {BINDINFO {{BINDTYPE op ID {} IMPL fabric LATENCY 0 OPTYPE add PRAGMA {} RTLNAME add_ln48_fu_244_p2 SOURCE src/gtsrb_cnn.cpp:48 VARIABLE add_ln48 LOOP VITIS_LOOP_48_1_VITIS_LOOP_49_2_VITIS_LOOP_50_3 BUNDLEDNAME {} DSP 0 BRAM 0 URAM 0 DISPNAME {bind_op add}} {BINDTYPE op ID {} IMPL fabric LATENCY 0 OPTYPE add PRAGMA {} RTLNAME add_ln48_3_fu_273_p2 SOURCE src/gtsrb_cnn.cpp:48 VARIABLE add_ln48_3 LOOP VITIS_LOOP_48_1_VITIS_LOOP_49_2_VITIS_LOOP_50_3 BUNDLEDNAME {} DSP 0 BRAM 0 URAM 0 DISPNAME {bind_op add}} {BINDTYPE op ID {} IMPL fabric LATENCY 0 OPTYPE add PRAGMA {} RTLNAME add_ln49_fu_315_p2 SOURCE src/gtsrb_cnn.cpp:49 VARIABLE add_ln49 LOOP VITIS_LOOP_48_1_VITIS_LOOP_49_2_VITIS_LOOP_50_3 BUNDLEDNAME {} DSP 0 BRAM 0 URAM 0 DISPNAME {bind_op add}} {BINDTYPE op ID {} IMPL fabric LATENCY 0 OPTYPE add PRAGMA {} RTLNAME add_ln60_fu_460_p2 SOURCE src/gtsrb_cnn.cpp:60 VARIABLE add_ln60 LOOP VITIS_LOOP_48_1_VITIS_LOOP_49_2_VITIS_LOOP_50_3 BUNDLEDNAME {} DSP 0 BRAM 0 URAM 0 DISPNAME {bind_op add}} {BINDTYPE op ID {} IMPL fabric LATENCY 0 OPTYPE add PRAGMA {} RTLNAME add_ln62_fu_471_p2 SOURCE src/gtsrb_cnn.cpp:62 VARIABLE add_ln62 LOOP VITIS_LOOP_48_1_VITIS_LOOP_49_2_VITIS_LOOP_50_3 BUNDLEDNAME {} DSP 0 BRAM 0 URAM 0 DISPNAME {bind_op add}} {BINDTYPE op ID {} IMPL fabric LATENCY 0 OPTYPE add PRAGMA {} RTLNAME add_ln67_fu_684_p2 SOURCE src/gtsrb_cnn.cpp:67 VARIABLE add_ln67 LOOP VITIS_LOOP_48_1_VITIS_LOOP_49_2_VITIS_LOOP_50_3 BUNDLEDNAME {} DSP 0 BRAM 0 URAM 0 DISPNAME {bind_op add}} {BINDTYPE op ID {} IMPL fabric LATENCY 0 OPTYPE add PRAGMA {} RTLNAME add_ln50_fu_477_p2 SOURCE src/gtsrb_cnn.cpp:50 VARIABLE add_ln50 LOOP VITIS_LOOP_48_1_VITIS_LOOP_49_2_VITIS_LOOP_50_3 BUNDLEDNAME {} DSP 0 BRAM 0 URAM 0 DISPNAME {bind_op add}} {BINDTYPE op ID {} IMPL fabric LATENCY 0 OPTYPE add PRAGMA {} RTLNAME add_ln49_3_fu_483_p2 SOURCE src/gtsrb_cnn.cpp:49 VARIABLE add_ln49_3 LOOP VITIS_LOOP_48_1_VITIS_LOOP_49_2_VITIS_LOOP_50_3 BUNDLEDNAME {} DSP 0 BRAM 0 URAM 0 DISPNAME {bind_op add}}} AREA {DSP 0 BRAM 0 URAM 0}} linear_Pipeline_VITIS_LOOP_86_2 {BINDINFO {{BINDTYPE op ID {} IMPL fabric LATENCY 0 OPTYPE add PRAGMA {} RTLNAME add_ln86_fu_205_p2 SOURCE src/gtsrb_cnn.cpp:86 VARIABLE add_ln86 LOOP VITIS_LOOP_86_2 BUNDLEDNAME {} DSP 0 BRAM 0 URAM 0 DISPNAME {bind_op add}} {BINDTYPE op ID {} IMPL fabric LATENCY 0 OPTYPE add PRAGMA {} RTLNAME add_ln87_fu_229_p2 SOURCE src/gtsrb_cnn.cpp:87 VARIABLE add_ln87 LOOP VITIS_LOOP_86_2 BUNDLEDNAME {} DSP 0 BRAM 0 URAM 0 DISPNAME {bind_op add}}} AREA {DSP 0 BRAM 0 URAM 0}} linear {BINDINFO {{BINDTYPE op ID {} IMPL fabric LATENCY 0 OPTYPE add PRAGMA {} RTLNAME add_ln83_fu_136_p2 SOURCE src/gtsrb_cnn.cpp:83 VARIABLE add_ln83 LOOP VITIS_LOOP_83_1 BUNDLEDNAME {} DSP 0 BRAM 0 URAM 0 DISPNAME {bind_op add}} {BINDTYPE op ID {} IMPL fabric LATENCY 0 OPTYPE add PRAGMA {} RTLNAME add_ln84_fu_150_p2 SOURCE src/gtsrb_cnn.cpp:84 VARIABLE add_ln84 LOOP VITIS_LOOP_83_1 BUNDLEDNAME {} DSP 0 BRAM 0 URAM 0 DISPNAME {bind_op add}}} AREA {DSP 0 BRAM 0 URAM 0}} linear_2_Pipeline_VITIS_LOOP_83_1 {BINDINFO {{BINDTYPE op ID {} IMPL fabric LATENCY 0 OPTYPE add PRAGMA {} RTLNAME add_ln83_fu_4389_p2 SOURCE src/gtsrb_cnn.cpp:83 VARIABLE add_ln83 LOOP VITIS_LOOP_83_1 BUNDLEDNAME {} DSP 0 BRAM 0 URAM 0 DISPNAME {bind_op add}} {BINDTYPE op ID {} IMPL fabric LATENCY 0 OPTYPE add PRAGMA {} RTLNAME add_ln84_fu_1417_p2 SOURCE src/gtsrb_cnn.cpp:84 VARIABLE add_ln84 LOOP VITIS_LOOP_83_1 BUNDLEDNAME {} DSP 0 BRAM 0 URAM 0 DISPNAME {bind_op add}} {BINDTYPE op ID {} IMPL fabric LATENCY 0 OPTYPE add PRAGMA {} RTLNAME add_ln87_fu_1444_p2 SOURCE src/gtsrb_cnn.cpp:87 VARIABLE add_ln87 LOOP VITIS_LOOP_83_1 BUNDLEDNAME {} DSP 0 BRAM 0 URAM 0 DISPNAME {bind_op add}} {BINDTYPE op ID {} IMPL fabric LATENCY 0 OPTYPE add PRAGMA {} RTLNAME add_ln87_1_fu_1472_p2 SOURCE src/gtsrb_cnn.cpp:87 VARIABLE add_ln87_1 LOOP VITIS_LOOP_83_1 BUNDLEDNAME {} DSP 0 BRAM 0 URAM 0 DISPNAME {bind_op add}} {BINDTYPE op ID {} IMPL fabric LATENCY 0 OPTYPE add PRAGMA {} RTLNAME add_ln87_2_fu_1490_p2 SOURCE src/gtsrb_cnn.cpp:87 VARIABLE add_ln87_2 LOOP VITIS_LOOP_83_1 BUNDLEDNAME {} DSP 0 BRAM 0 URAM 0 DISPNAME {bind_op add}} {BINDTYPE op ID {} IMPL fabric LATENCY 0 OPTYPE add PRAGMA {} RTLNAME add_ln87_3_fu_1518_p2 SOURCE src/gtsrb_cnn.cpp:87 VARIABLE add_ln87_3 LOOP VITIS_LOOP_83_1 BUNDLEDNAME {} DSP 0 BRAM 0 URAM 0 DISPNAME {bind_op add}} {BINDTYPE op ID {} IMPL fabric LATENCY 0 OPTYPE add PRAGMA {} RTLNAME add_ln87_4_fu_1536_p2 SOURCE src/gtsrb_cnn.cpp:87 VARIABLE add_ln87_4 LOOP VITIS_LOOP_83_1 BUNDLEDNAME {} DSP 0 BRAM 0 URAM 0 DISPNAME {bind_op add}} {BINDTYPE op ID {} IMPL fabric LATENCY 0 OPTYPE add PRAGMA {} RTLNAME add_ln87_5_fu_1561_p2 SOURCE src/gtsrb_cnn.cpp:87 VARIABLE add_ln87_5 LOOP VITIS_LOOP_83_1 BUNDLEDNAME {} DSP 0 BRAM 0 URAM 0 DISPNAME {bind_op add}} {BINDTYPE op ID {} IMPL fabric LATENCY 0 OPTYPE add PRAGMA {} RTLNAME add_ln87_6_fu_1578_p2 SOURCE src/gtsrb_cnn.cpp:87 VARIABLE add_ln87_6 LOOP VITIS_LOOP_83_1 BUNDLEDNAME {} DSP 0 BRAM 0 URAM 0 DISPNAME {bind_op add}} {BINDTYPE op ID {} IMPL fabric LATENCY 0 OPTYPE add PRAGMA {} RTLNAME add_ln87_7_fu_1603_p2 SOURCE src/gtsrb_cnn.cpp:87 VARIABLE add_ln87_7 LOOP VITIS_LOOP_83_1 BUNDLEDNAME {} DSP 0 BRAM 0 URAM 0 DISPNAME {bind_op add}} {BINDTYPE op ID {} IMPL fabric LATENCY 0 OPTYPE add PRAGMA {} RTLNAME add_ln87_8_fu_1620_p2 SOURCE src/gtsrb_cnn.cpp:87 VARIABLE add_ln87_8 LOOP VITIS_LOOP_83_1 BUNDLEDNAME {} DSP 0 BRAM 0 URAM 0 DISPNAME {bind_op add}} {BINDTYPE op ID {} IMPL fabric LATENCY 0 OPTYPE add PRAGMA {} RTLNAME add_ln87_9_fu_1648_p2 SOURCE src/gtsrb_cnn.cpp:87 VARIABLE add_ln87_9 LOOP VITIS_LOOP_83_1 BUNDLEDNAME {} DSP 0 BRAM 0 URAM 0 DISPNAME {bind_op add}} {BINDTYPE op ID {} IMPL fabric LATENCY 0 OPTYPE add PRAGMA {} RTLNAME add_ln87_10_fu_1666_p2 SOURCE src/gtsrb_cnn.cpp:87 VARIABLE add_ln87_10 LOOP VITIS_LOOP_83_1 BUNDLEDNAME {} DSP 0 BRAM 0 URAM 0 DISPNAME {bind_op add}} {BINDTYPE op ID {} IMPL fabric LATENCY 0 OPTYPE add PRAGMA {} RTLNAME add_ln87_11_fu_1691_p2 SOURCE src/gtsrb_cnn.cpp:87 VARIABLE add_ln87_11 LOOP VITIS_LOOP_83_1 BUNDLEDNAME {} DSP 0 BRAM 0 URAM 0 DISPNAME {bind_op add}} {BINDTYPE op ID {} IMPL fabric LATENCY 0 OPTYPE add PRAGMA {} RTLNAME add_ln87_12_fu_1708_p2 SOURCE src/gtsrb_cnn.cpp:87 VARIABLE add_ln87_12 LOOP VITIS_LOOP_83_1 BUNDLEDNAME {} DSP 0 BRAM 0 URAM 0 DISPNAME {bind_op add}} {BINDTYPE op ID {} IMPL fabric LATENCY 0 OPTYPE add PRAGMA {} RTLNAME add_ln87_13_fu_1733_p2 SOURCE src/gtsrb_cnn.cpp:87 VARIABLE add_ln87_13 LOOP VITIS_LOOP_83_1 BUNDLEDNAME {} DSP 0 BRAM 0 URAM 0 DISPNAME {bind_op add}} {BINDTYPE op ID {} IMPL fabric LATENCY 0 OPTYPE add PRAGMA {} RTLNAME add_ln87_14_fu_1750_p2 SOURCE src/gtsrb_cnn.cpp:87 VARIABLE add_ln87_14 LOOP VITIS_LOOP_83_1 BUNDLEDNAME {} DSP 0 BRAM 0 URAM 0 DISPNAME {bind_op add}} {BINDTYPE op ID {} IMPL fabric LATENCY 0 OPTYPE add PRAGMA {} RTLNAME add_ln87_15_fu_1775_p2 SOURCE src/gtsrb_cnn.cpp:87 VARIABLE add_ln87_15 LOOP VITIS_LOOP_83_1 BUNDLEDNAME {} DSP 0 BRAM 0 URAM 0 DISPNAME {bind_op add}} {BINDTYPE op ID {} IMPL fabric LATENCY 0 OPTYPE add PRAGMA {} RTLNAME add_ln87_16_fu_1792_p2 SOURCE src/gtsrb_cnn.cpp:87 VARIABLE add_ln87_16 LOOP VITIS_LOOP_83_1 BUNDLEDNAME {} DSP 0 BRAM 0 URAM 0 DISPNAME {bind_op add}} {BINDTYPE op ID {} IMPL fabric LATENCY 0 OPTYPE add PRAGMA {} RTLNAME add_ln87_17_fu_1821_p2 SOURCE src/gtsrb_cnn.cpp:87 VARIABLE add_ln87_17 LOOP VITIS_LOOP_83_1 BUNDLEDNAME {} DSP 0 BRAM 0 URAM 0 DISPNAME {bind_op add}} {BINDTYPE op ID {} IMPL fabric LATENCY 0 OPTYPE add PRAGMA {} RTLNAME add_ln87_18_fu_1842_p2 SOURCE src/gtsrb_cnn.cpp:87 VARIABLE add_ln87_18 LOOP VITIS_LOOP_83_1 BUNDLEDNAME {} DSP 0 BRAM 0 URAM 0 DISPNAME {bind_op add}} {BINDTYPE op ID {} IMPL fabric LATENCY 0 OPTYPE add PRAGMA {} RTLNAME add_ln87_19_fu_1871_p2 SOURCE src/gtsrb_cnn.cpp:87 VARIABLE add_ln87_19 LOOP VITIS_LOOP_83_1 BUNDLEDNAME {} DSP 0 BRAM 0 URAM 0 DISPNAME {bind_op add}} {BINDTYPE op ID {} IMPL fabric LATENCY 0 OPTYPE add PRAGMA {} RTLNAME add_ln87_20_fu_1892_p2 SOURCE src/gtsrb_cnn.cpp:87 VARIABLE add_ln87_20 LOOP VITIS_LOOP_83_1 BUNDLEDNAME {} DSP 0 BRAM 0 URAM 0 DISPNAME {bind_op add}} {BINDTYPE op ID {} IMPL fabric LATENCY 0 OPTYPE add PRAGMA {} RTLNAME add_ln87_21_fu_1924_p2 SOURCE src/gtsrb_cnn.cpp:87 VARIABLE add_ln87_21 LOOP VITIS_LOOP_83_1 BUNDLEDNAME {} DSP 0 BRAM 0 URAM 0 DISPNAME {bind_op add}} {BINDTYPE op ID {} IMPL fabric LATENCY 0 OPTYPE add PRAGMA {} RTLNAME add_ln87_22_fu_1942_p2 SOURCE src/gtsrb_cnn.cpp:87 VARIABLE add_ln87_22 LOOP VITIS_LOOP_83_1 BUNDLEDNAME {} DSP 0 BRAM 0 URAM 0 DISPNAME {bind_op add}} {BINDTYPE op ID {} IMPL fabric LATENCY 0 OPTYPE add PRAGMA {} RTLNAME add_ln87_23_fu_1971_p2 SOURCE src/gtsrb_cnn.cpp:87 VARIABLE add_ln87_23 LOOP VITIS_LOOP_83_1 BUNDLEDNAME {} DSP 0 BRAM 0 URAM 0 DISPNAME {bind_op add}} {BINDTYPE op ID {} IMPL fabric LATENCY 0 OPTYPE add PRAGMA {} RTLNAME add_ln87_24_fu_1988_p2 SOURCE src/gtsrb_cnn.cpp:87 VARIABLE add_ln87_24 LOOP VITIS_LOOP_83_1 BUNDLEDNAME {} DSP 0 BRAM 0 URAM 0 DISPNAME {bind_op add}} {BINDTYPE op ID {} IMPL fabric LATENCY 0 OPTYPE add PRAGMA {} RTLNAME add_ln87_25_fu_2021_p2 SOURCE src/gtsrb_cnn.cpp:87 VARIABLE add_ln87_25 LOOP VITIS_LOOP_83_1 BUNDLEDNAME {} DSP 0 BRAM 0 URAM 0 DISPNAME {bind_op add}} {BINDTYPE op ID {} IMPL fabric LATENCY 0 OPTYPE add PRAGMA {} RTLNAME add_ln87_26_fu_2038_p2 SOURCE src/gtsrb_cnn.cpp:87 VARIABLE add_ln87_26 LOOP VITIS_LOOP_83_1 BUNDLEDNAME {} DSP 0 BRAM 0 URAM 0 DISPNAME {bind_op add}} {BINDTYPE op ID {} IMPL fabric LATENCY 0 OPTYPE add PRAGMA {} RTLNAME add_ln87_27_fu_2067_p2 SOURCE src/gtsrb_cnn.cpp:87 VARIABLE add_ln87_27 LOOP VITIS_LOOP_83_1 BUNDLEDNAME {} DSP 0 BRAM 0 URAM 0 DISPNAME {bind_op add}} {BINDTYPE op ID {} IMPL fabric LATENCY 0 OPTYPE add PRAGMA {} RTLNAME add_ln87_28_fu_2084_p2 SOURCE src/gtsrb_cnn.cpp:87 VARIABLE add_ln87_28 LOOP VITIS_LOOP_83_1 BUNDLEDNAME {} DSP 0 BRAM 0 URAM 0 DISPNAME {bind_op add}} {BINDTYPE op ID {} IMPL fabric LATENCY 0 OPTYPE add PRAGMA {} RTLNAME add_ln87_29_fu_2113_p2 SOURCE src/gtsrb_cnn.cpp:87 VARIABLE add_ln87_29 LOOP VITIS_LOOP_83_1 BUNDLEDNAME {} DSP 0 BRAM 0 URAM 0 DISPNAME {bind_op add}} {BINDTYPE op ID {} IMPL fabric LATENCY 0 OPTYPE add PRAGMA {} RTLNAME add_ln87_30_fu_2130_p2 SOURCE src/gtsrb_cnn.cpp:87 VARIABLE add_ln87_30 LOOP VITIS_LOOP_83_1 BUNDLEDNAME {} DSP 0 BRAM 0 URAM 0 DISPNAME {bind_op add}} {BINDTYPE op ID {} IMPL fabric LATENCY 0 OPTYPE add PRAGMA {} RTLNAME add_ln87_31_fu_2159_p2 SOURCE src/gtsrb_cnn.cpp:87 VARIABLE add_ln87_31 LOOP VITIS_LOOP_83_1 BUNDLEDNAME {} DSP 0 BRAM 0 URAM 0 DISPNAME {bind_op add}} {BINDTYPE op ID {} IMPL fabric LATENCY 0 OPTYPE add PRAGMA {} RTLNAME add_ln87_32_fu_2176_p2 SOURCE src/gtsrb_cnn.cpp:87 VARIABLE add_ln87_32 LOOP VITIS_LOOP_83_1 BUNDLEDNAME {} DSP 0 BRAM 0 URAM 0 DISPNAME {bind_op add}} {BINDTYPE op ID {} IMPL fabric LATENCY 0 OPTYPE add PRAGMA {} RTLNAME add_ln87_33_fu_2205_p2 SOURCE src/gtsrb_cnn.cpp:87 VARIABLE add_ln87_33 LOOP VITIS_LOOP_83_1 BUNDLEDNAME {} DSP 0 BRAM 0 URAM 0 DISPNAME {bind_op add}} {BINDTYPE op ID {} IMPL fabric LATENCY 0 OPTYPE add PRAGMA {} RTLNAME add_ln87_34_fu_2222_p2 SOURCE src/gtsrb_cnn.cpp:87 VARIABLE add_ln87_34 LOOP VITIS_LOOP_83_1 BUNDLEDNAME {} DSP 0 BRAM 0 URAM 0 DISPNAME {bind_op add}} {BINDTYPE op ID {} IMPL fabric LATENCY 0 OPTYPE add PRAGMA {} RTLNAME add_ln87_35_fu_2251_p2 SOURCE src/gtsrb_cnn.cpp:87 VARIABLE add_ln87_35 LOOP VITIS_LOOP_83_1 BUNDLEDNAME {} DSP 0 BRAM 0 URAM 0 DISPNAME {bind_op add}} {BINDTYPE op ID {} IMPL fabric LATENCY 0 OPTYPE add PRAGMA {} RTLNAME add_ln87_36_fu_2272_p2 SOURCE src/gtsrb_cnn.cpp:87 VARIABLE add_ln87_36 LOOP VITIS_LOOP_83_1 BUNDLEDNAME {} DSP 0 BRAM 0 URAM 0 DISPNAME {bind_op add}} {BINDTYPE op ID {} IMPL fabric LATENCY 0 OPTYPE add PRAGMA {} RTLNAME add_ln87_37_fu_2301_p2 SOURCE src/gtsrb_cnn.cpp:87 VARIABLE add_ln87_37 LOOP VITIS_LOOP_83_1 BUNDLEDNAME {} DSP 0 BRAM 0 URAM 0 DISPNAME {bind_op add}} {BINDTYPE op ID {} IMPL fabric LATENCY 0 OPTYPE add PRAGMA {} RTLNAME add_ln87_38_fu_2322_p2 SOURCE src/gtsrb_cnn.cpp:87 VARIABLE add_ln87_38 LOOP VITIS_LOOP_83_1 BUNDLEDNAME {} DSP 0 BRAM 0 URAM 0 DISPNAME {bind_op add}} {BINDTYPE op ID {} IMPL fabric LATENCY 0 OPTYPE add PRAGMA {} RTLNAME add_ln87_39_fu_2351_p2 SOURCE src/gtsrb_cnn.cpp:87 VARIABLE add_ln87_39 LOOP VITIS_LOOP_83_1 BUNDLEDNAME {} DSP 0 BRAM 0 URAM 0 DISPNAME {bind_op add}} {BINDTYPE op ID {} IMPL fabric LATENCY 0 OPTYPE add PRAGMA {} RTLNAME add_ln87_40_fu_2372_p2 SOURCE src/gtsrb_cnn.cpp:87 VARIABLE add_ln87_40 LOOP VITIS_LOOP_83_1 BUNDLEDNAME {} DSP 0 BRAM 0 URAM 0 DISPNAME {bind_op add}} {BINDTYPE op ID {} IMPL fabric LATENCY 0 OPTYPE add PRAGMA {} RTLNAME add_ln87_41_fu_2401_p2 SOURCE src/gtsrb_cnn.cpp:87 VARIABLE add_ln87_41 LOOP VITIS_LOOP_83_1 BUNDLEDNAME {} DSP 0 BRAM 0 URAM 0 DISPNAME {bind_op add}} {BINDTYPE op ID {} IMPL fabric LATENCY 0 OPTYPE add PRAGMA {} RTLNAME add_ln87_42_fu_2422_p2 SOURCE src/gtsrb_cnn.cpp:87 VARIABLE add_ln87_42 LOOP VITIS_LOOP_83_1 BUNDLEDNAME {} DSP 0 BRAM 0 URAM 0 DISPNAME {bind_op add}} {BINDTYPE op ID {} IMPL fabric LATENCY 0 OPTYPE add PRAGMA {} RTLNAME add_ln87_43_fu_2451_p2 SOURCE src/gtsrb_cnn.cpp:87 VARIABLE add_ln87_43 LOOP VITIS_LOOP_83_1 BUNDLEDNAME {} DSP 0 BRAM 0 URAM 0 DISPNAME {bind_op add}} {BINDTYPE op ID {} IMPL fabric LATENCY 0 OPTYPE add PRAGMA {} RTLNAME add_ln87_44_fu_2472_p2 SOURCE src/gtsrb_cnn.cpp:87 VARIABLE add_ln87_44 LOOP VITIS_LOOP_83_1 BUNDLEDNAME {} DSP 0 BRAM 0 URAM 0 DISPNAME {bind_op add}} {BINDTYPE op ID {} IMPL fabric LATENCY 0 OPTYPE add PRAGMA {} RTLNAME add_ln87_45_fu_2504_p2 SOURCE src/gtsrb_cnn.cpp:87 VARIABLE add_ln87_45 LOOP VITIS_LOOP_83_1 BUNDLEDNAME {} DSP 0 BRAM 0 URAM 0 DISPNAME {bind_op add}} {BINDTYPE op ID {} IMPL fabric LATENCY 0 OPTYPE add PRAGMA {} RTLNAME add_ln87_46_fu_2522_p2 SOURCE src/gtsrb_cnn.cpp:87 VARIABLE add_ln87_46 LOOP VITIS_LOOP_83_1 BUNDLEDNAME {} DSP 0 BRAM 0 URAM 0 DISPNAME {bind_op add}} {BINDTYPE op ID {} IMPL fabric LATENCY 0 OPTYPE add PRAGMA {} RTLNAME add_ln87_47_fu_2551_p2 SOURCE src/gtsrb_cnn.cpp:87 VARIABLE add_ln87_47 LOOP VITIS_LOOP_83_1 BUNDLEDNAME {} DSP 0 BRAM 0 URAM 0 DISPNAME {bind_op add}} {BINDTYPE op ID {} IMPL fabric LATENCY 0 OPTYPE add PRAGMA {} RTLNAME add_ln87_48_fu_2568_p2 SOURCE src/gtsrb_cnn.cpp:87 VARIABLE add_ln87_48 LOOP VITIS_LOOP_83_1 BUNDLEDNAME {} DSP 0 BRAM 0 URAM 0 DISPNAME {bind_op add}} {BINDTYPE op ID {} IMPL fabric LATENCY 0 OPTYPE add PRAGMA {} RTLNAME add_ln87_49_fu_2597_p2 SOURCE src/gtsrb_cnn.cpp:87 VARIABLE add_ln87_49 LOOP VITIS_LOOP_83_1 BUNDLEDNAME {} DSP 0 BRAM 0 URAM 0 DISPNAME {bind_op add}} {BINDTYPE op ID {} IMPL fabric LATENCY 0 OPTYPE add PRAGMA {} RTLNAME add_ln87_50_fu_2614_p2 SOURCE src/gtsrb_cnn.cpp:87 VARIABLE add_ln87_50 LOOP VITIS_LOOP_83_1 BUNDLEDNAME {} DSP 0 BRAM 0 URAM 0 DISPNAME {bind_op add}} {BINDTYPE op ID {} IMPL fabric LATENCY 0 OPTYPE add PRAGMA {} RTLNAME add_ln87_51_fu_2643_p2 SOURCE src/gtsrb_cnn.cpp:87 VARIABLE add_ln87_51 LOOP VITIS_LOOP_83_1 BUNDLEDNAME {} DSP 0 BRAM 0 URAM 0 DISPNAME {bind_op add}} {BINDTYPE op ID {} IMPL fabric LATENCY 0 OPTYPE add PRAGMA {} RTLNAME add_ln87_52_fu_2660_p2 SOURCE src/gtsrb_cnn.cpp:87 VARIABLE add_ln87_52 LOOP VITIS_LOOP_83_1 BUNDLEDNAME {} DSP 0 BRAM 0 URAM 0 DISPNAME {bind_op add}} {BINDTYPE op ID {} IMPL fabric LATENCY 0 OPTYPE add PRAGMA {} RTLNAME add_ln87_53_fu_2689_p2 SOURCE src/gtsrb_cnn.cpp:87 VARIABLE add_ln87_53 LOOP VITIS_LOOP_83_1 BUNDLEDNAME {} DSP 0 BRAM 0 URAM 0 DISPNAME {bind_op add}} {BINDTYPE op ID {} IMPL fabric LATENCY 0 OPTYPE add PRAGMA {} RTLNAME add_ln87_54_fu_2706_p2 SOURCE src/gtsrb_cnn.cpp:87 VARIABLE add_ln87_54 LOOP VITIS_LOOP_83_1 BUNDLEDNAME {} DSP 0 BRAM 0 URAM 0 DISPNAME {bind_op add}} {BINDTYPE op ID {} IMPL fabric LATENCY 0 OPTYPE add PRAGMA {} RTLNAME add_ln87_55_fu_2735_p2 SOURCE src/gtsrb_cnn.cpp:87 VARIABLE add_ln87_55 LOOP VITIS_LOOP_83_1 BUNDLEDNAME {} DSP 0 BRAM 0 URAM 0 DISPNAME {bind_op add}} {BINDTYPE op ID {} IMPL fabric LATENCY 0 OPTYPE add PRAGMA {} RTLNAME add_ln87_56_fu_2752_p2 SOURCE src/gtsrb_cnn.cpp:87 VARIABLE add_ln87_56 LOOP VITIS_LOOP_83_1 BUNDLEDNAME {} DSP 0 BRAM 0 URAM 0 DISPNAME {bind_op add}} {BINDTYPE op ID {} IMPL fabric LATENCY 0 OPTYPE add PRAGMA {} RTLNAME add_ln87_57_fu_2781_p2 SOURCE src/gtsrb_cnn.cpp:87 VARIABLE add_ln87_57 LOOP VITIS_LOOP_83_1 BUNDLEDNAME {} DSP 0 BRAM 0 URAM 0 DISPNAME {bind_op add}} {BINDTYPE op ID {} IMPL fabric LATENCY 0 OPTYPE add PRAGMA {} RTLNAME add_ln87_58_fu_2798_p2 SOURCE src/gtsrb_cnn.cpp:87 VARIABLE add_ln87_58 LOOP VITIS_LOOP_83_1 BUNDLEDNAME {} DSP 0 BRAM 0 URAM 0 DISPNAME {bind_op add}} {BINDTYPE op ID {} IMPL fabric LATENCY 0 OPTYPE add PRAGMA {} RTLNAME add_ln87_59_fu_2827_p2 SOURCE src/gtsrb_cnn.cpp:87 VARIABLE add_ln87_59 LOOP VITIS_LOOP_83_1 BUNDLEDNAME {} DSP 0 BRAM 0 URAM 0 DISPNAME {bind_op add}} {BINDTYPE op ID {} IMPL fabric LATENCY 0 OPTYPE add PRAGMA {} RTLNAME add_ln87_60_fu_2844_p2 SOURCE src/gtsrb_cnn.cpp:87 VARIABLE add_ln87_60 LOOP VITIS_LOOP_83_1 BUNDLEDNAME {} DSP 0 BRAM 0 URAM 0 DISPNAME {bind_op add}} {BINDTYPE op ID {} IMPL fabric LATENCY 0 OPTYPE add PRAGMA {} RTLNAME add_ln87_61_fu_2873_p2 SOURCE src/gtsrb_cnn.cpp:87 VARIABLE add_ln87_61 LOOP VITIS_LOOP_83_1 BUNDLEDNAME {} DSP 0 BRAM 0 URAM 0 DISPNAME {bind_op add}} {BINDTYPE op ID {} IMPL fabric LATENCY 0 OPTYPE add PRAGMA {} RTLNAME add_ln87_62_fu_2890_p2 SOURCE src/gtsrb_cnn.cpp:87 VARIABLE add_ln87_62 LOOP VITIS_LOOP_83_1 BUNDLEDNAME {} DSP 0 BRAM 0 URAM 0 DISPNAME {bind_op add}} {BINDTYPE op ID {} IMPL fabric LATENCY 0 OPTYPE add PRAGMA {} RTLNAME add_ln87_63_fu_2919_p2 SOURCE src/gtsrb_cnn.cpp:87 VARIABLE add_ln87_63 LOOP VITIS_LOOP_83_1 BUNDLEDNAME {} DSP 0 BRAM 0 URAM 0 DISPNAME {bind_op add}} {BINDTYPE op ID {} IMPL fabric LATENCY 0 OPTYPE add PRAGMA {} RTLNAME add_ln87_64_fu_2936_p2 SOURCE src/gtsrb_cnn.cpp:87 VARIABLE add_ln87_64 LOOP VITIS_LOOP_83_1 BUNDLEDNAME {} DSP 0 BRAM 0 URAM 0 DISPNAME {bind_op add}} {BINDTYPE op ID {} IMPL fabric LATENCY 0 OPTYPE add PRAGMA {} RTLNAME add_ln87_65_fu_2965_p2 SOURCE src/gtsrb_cnn.cpp:87 VARIABLE add_ln87_65 LOOP VITIS_LOOP_83_1 BUNDLEDNAME {} DSP 0 BRAM 0 URAM 0 DISPNAME {bind_op add}} {BINDTYPE op ID {} IMPL fabric LATENCY 0 OPTYPE add PRAGMA {} RTLNAME add_ln87_66_fu_2982_p2 SOURCE src/gtsrb_cnn.cpp:87 VARIABLE add_ln87_66 LOOP VITIS_LOOP_83_1 BUNDLEDNAME {} DSP 0 BRAM 0 URAM 0 DISPNAME {bind_op add}} {BINDTYPE op ID {} IMPL fabric LATENCY 0 OPTYPE add PRAGMA {} RTLNAME add_ln87_67_fu_3011_p2 SOURCE src/gtsrb_cnn.cpp:87 VARIABLE add_ln87_67 LOOP VITIS_LOOP_83_1 BUNDLEDNAME {} DSP 0 BRAM 0 URAM 0 DISPNAME {bind_op add}} {BINDTYPE op ID {} IMPL fabric LATENCY 0 OPTYPE add PRAGMA {} RTLNAME add_ln87_68_fu_3028_p2 SOURCE src/gtsrb_cnn.cpp:87 VARIABLE add_ln87_68 LOOP VITIS_LOOP_83_1 BUNDLEDNAME {} DSP 0 BRAM 0 URAM 0 DISPNAME {bind_op add}} {BINDTYPE op ID {} IMPL fabric LATENCY 0 OPTYPE add PRAGMA {} RTLNAME add_ln87_69_fu_3057_p2 SOURCE src/gtsrb_cnn.cpp:87 VARIABLE add_ln87_69 LOOP VITIS_LOOP_83_1 BUNDLEDNAME {} DSP 0 BRAM 0 URAM 0 DISPNAME {bind_op add}} {BINDTYPE op ID {} IMPL fabric LATENCY 0 OPTYPE add PRAGMA {} RTLNAME add_ln87_70_fu_3074_p2 SOURCE src/gtsrb_cnn.cpp:87 VARIABLE add_ln87_70 LOOP VITIS_LOOP_83_1 BUNDLEDNAME {} DSP 0 BRAM 0 URAM 0 DISPNAME {bind_op add}} {BINDTYPE op ID {} IMPL fabric LATENCY 0 OPTYPE add PRAGMA {} RTLNAME add_ln87_71_fu_3103_p2 SOURCE src/gtsrb_cnn.cpp:87 VARIABLE add_ln87_71 LOOP VITIS_LOOP_83_1 BUNDLEDNAME {} DSP 0 BRAM 0 URAM 0 DISPNAME {bind_op add}} {BINDTYPE op ID {} IMPL fabric LATENCY 0 OPTYPE add PRAGMA {} RTLNAME add_ln87_72_fu_3124_p2 SOURCE src/gtsrb_cnn.cpp:87 VARIABLE add_ln87_72 LOOP VITIS_LOOP_83_1 BUNDLEDNAME {} DSP 0 BRAM 0 URAM 0 DISPNAME {bind_op add}} {BINDTYPE op ID {} IMPL fabric LATENCY 0 OPTYPE add PRAGMA {} RTLNAME add_ln87_73_fu_3153_p2 SOURCE src/gtsrb_cnn.cpp:87 VARIABLE add_ln87_73 LOOP VITIS_LOOP_83_1 BUNDLEDNAME {} DSP 0 BRAM 0 URAM 0 DISPNAME {bind_op add}} {BINDTYPE op ID {} IMPL fabric LATENCY 0 OPTYPE add PRAGMA {} RTLNAME add_ln87_74_fu_3174_p2 SOURCE src/gtsrb_cnn.cpp:87 VARIABLE add_ln87_74 LOOP VITIS_LOOP_83_1 BUNDLEDNAME {} DSP 0 BRAM 0 URAM 0 DISPNAME {bind_op add}} {BINDTYPE op ID {} IMPL fabric LATENCY 0 OPTYPE add PRAGMA {} RTLNAME add_ln87_75_fu_3203_p2 SOURCE src/gtsrb_cnn.cpp:87 VARIABLE add_ln87_75 LOOP VITIS_LOOP_83_1 BUNDLEDNAME {} DSP 0 BRAM 0 URAM 0 DISPNAME {bind_op add}} {BINDTYPE op ID {} IMPL fabric LATENCY 0 OPTYPE add PRAGMA {} RTLNAME add_ln87_76_fu_3224_p2 SOURCE src/gtsrb_cnn.cpp:87 VARIABLE add_ln87_76 LOOP VITIS_LOOP_83_1 BUNDLEDNAME {} DSP 0 BRAM 0 URAM 0 DISPNAME {bind_op add}} {BINDTYPE op ID {} IMPL fabric LATENCY 0 OPTYPE add PRAGMA {} RTLNAME add_ln87_77_fu_3253_p2 SOURCE src/gtsrb_cnn.cpp:87 VARIABLE add_ln87_77 LOOP VITIS_LOOP_83_1 BUNDLEDNAME {} DSP 0 BRAM 0 URAM 0 DISPNAME {bind_op add}} {BINDTYPE op ID {} IMPL fabric LATENCY 0 OPTYPE add PRAGMA {} RTLNAME add_ln87_78_fu_3274_p2 SOURCE src/gtsrb_cnn.cpp:87 VARIABLE add_ln87_78 LOOP VITIS_LOOP_83_1 BUNDLEDNAME {} DSP 0 BRAM 0 URAM 0 DISPNAME {bind_op add}} {BINDTYPE op ID {} IMPL fabric LATENCY 0 OPTYPE add PRAGMA {} RTLNAME add_ln87_79_fu_3303_p2 SOURCE src/gtsrb_cnn.cpp:87 VARIABLE add_ln87_79 LOOP VITIS_LOOP_83_1 BUNDLEDNAME {} DSP 0 BRAM 0 URAM 0 DISPNAME {bind_op add}} {BINDTYPE op ID {} IMPL fabric LATENCY 0 OPTYPE add PRAGMA {} RTLNAME add_ln87_80_fu_3324_p2 SOURCE src/gtsrb_cnn.cpp:87 VARIABLE add_ln87_80 LOOP VITIS_LOOP_83_1 BUNDLEDNAME {} DSP 0 BRAM 0 URAM 0 DISPNAME {bind_op add}} {BINDTYPE op ID {} IMPL fabric LATENCY 0 OPTYPE add PRAGMA {} RTLNAME add_ln87_81_fu_3353_p2 SOURCE src/gtsrb_cnn.cpp:87 VARIABLE add_ln87_81 LOOP VITIS_LOOP_83_1 BUNDLEDNAME {} DSP 0 BRAM 0 URAM 0 DISPNAME {bind_op add}} {BINDTYPE op ID {} IMPL fabric LATENCY 0 OPTYPE add PRAGMA {} RTLNAME add_ln87_82_fu_3374_p2 SOURCE src/gtsrb_cnn.cpp:87 VARIABLE add_ln87_82 LOOP VITIS_LOOP_83_1 BUNDLEDNAME {} DSP 0 BRAM 0 URAM 0 DISPNAME {bind_op add}} {BINDTYPE op ID {} IMPL fabric LATENCY 0 OPTYPE add PRAGMA {} RTLNAME add_ln87_83_fu_3403_p2 SOURCE src/gtsrb_cnn.cpp:87 VARIABLE add_ln87_83 LOOP VITIS_LOOP_83_1 BUNDLEDNAME {} DSP 0 BRAM 0 URAM 0 DISPNAME {bind_op add}} {BINDTYPE op ID {} IMPL fabric LATENCY 0 OPTYPE add PRAGMA {} RTLNAME add_ln87_84_fu_3424_p2 SOURCE src/gtsrb_cnn.cpp:87 VARIABLE add_ln87_84 LOOP VITIS_LOOP_83_1 BUNDLEDNAME {} DSP 0 BRAM 0 URAM 0 DISPNAME {bind_op add}} {BINDTYPE op ID {} IMPL fabric LATENCY 0 OPTYPE add PRAGMA {} RTLNAME add_ln87_85_fu_3453_p2 SOURCE src/gtsrb_cnn.cpp:87 VARIABLE add_ln87_85 LOOP VITIS_LOOP_83_1 BUNDLEDNAME {} DSP 0 BRAM 0 URAM 0 DISPNAME {bind_op add}} {BINDTYPE op ID {} IMPL fabric LATENCY 0 OPTYPE add PRAGMA {} RTLNAME add_ln87_86_fu_3474_p2 SOURCE src/gtsrb_cnn.cpp:87 VARIABLE add_ln87_86 LOOP VITIS_LOOP_83_1 BUNDLEDNAME {} DSP 0 BRAM 0 URAM 0 DISPNAME {bind_op add}} {BINDTYPE op ID {} IMPL fabric LATENCY 0 OPTYPE add PRAGMA {} RTLNAME add_ln87_87_fu_3503_p2 SOURCE src/gtsrb_cnn.cpp:87 VARIABLE add_ln87_87 LOOP VITIS_LOOP_83_1 BUNDLEDNAME {} DSP 0 BRAM 0 URAM 0 DISPNAME {bind_op add}} {BINDTYPE op ID {} IMPL fabric LATENCY 0 OPTYPE add PRAGMA {} RTLNAME add_ln87_88_fu_3524_p2 SOURCE src/gtsrb_cnn.cpp:87 VARIABLE add_ln87_88 LOOP VITIS_LOOP_83_1 BUNDLEDNAME {} DSP 0 BRAM 0 URAM 0 DISPNAME {bind_op add}} {BINDTYPE op ID {} IMPL fabric LATENCY 0 OPTYPE add PRAGMA {} RTLNAME add_ln87_89_fu_3553_p2 SOURCE src/gtsrb_cnn.cpp:87 VARIABLE add_ln87_89 LOOP VITIS_LOOP_83_1 BUNDLEDNAME {} DSP 0 BRAM 0 URAM 0 DISPNAME {bind_op add}} {BINDTYPE op ID {} IMPL fabric LATENCY 0 OPTYPE add PRAGMA {} RTLNAME add_ln87_90_fu_3574_p2 SOURCE src/gtsrb_cnn.cpp:87 VARIABLE add_ln87_90 LOOP VITIS_LOOP_83_1 BUNDLEDNAME {} DSP 0 BRAM 0 URAM 0 DISPNAME {bind_op add}} {BINDTYPE op ID {} IMPL fabric LATENCY 0 OPTYPE add PRAGMA {} RTLNAME add_ln87_91_fu_3603_p2 SOURCE src/gtsrb_cnn.cpp:87 VARIABLE add_ln87_91 LOOP VITIS_LOOP_83_1 BUNDLEDNAME {} DSP 0 BRAM 0 URAM 0 DISPNAME {bind_op add}} {BINDTYPE op ID {} IMPL fabric LATENCY 0 OPTYPE add PRAGMA {} RTLNAME add_ln87_92_fu_3624_p2 SOURCE src/gtsrb_cnn.cpp:87 VARIABLE add_ln87_92 LOOP VITIS_LOOP_83_1 BUNDLEDNAME {} DSP 0 BRAM 0 URAM 0 DISPNAME {bind_op add}} {BINDTYPE op ID {} IMPL fabric LATENCY 0 OPTYPE add PRAGMA {} RTLNAME add_ln87_93_fu_3656_p2 SOURCE src/gtsrb_cnn.cpp:87 VARIABLE add_ln87_93 LOOP VITIS_LOOP_83_1 BUNDLEDNAME {} DSP 0 BRAM 0 URAM 0 DISPNAME {bind_op add}} {BINDTYPE op ID {} IMPL fabric LATENCY 0 OPTYPE add PRAGMA {} RTLNAME add_ln87_94_fu_3674_p2 SOURCE src/gtsrb_cnn.cpp:87 VARIABLE add_ln87_94 LOOP VITIS_LOOP_83_1 BUNDLEDNAME {} DSP 0 BRAM 0 URAM 0 DISPNAME {bind_op add}} {BINDTYPE op ID {} IMPL fabric LATENCY 0 OPTYPE add PRAGMA {} RTLNAME add_ln87_95_fu_3703_p2 SOURCE src/gtsrb_cnn.cpp:87 VARIABLE add_ln87_95 LOOP VITIS_LOOP_83_1 BUNDLEDNAME {} DSP 0 BRAM 0 URAM 0 DISPNAME {bind_op add}} {BINDTYPE op ID {} IMPL fabric LATENCY 0 OPTYPE add PRAGMA {} RTLNAME add_ln87_96_fu_3720_p2 SOURCE src/gtsrb_cnn.cpp:87 VARIABLE add_ln87_96 LOOP VITIS_LOOP_83_1 BUNDLEDNAME {} DSP 0 BRAM 0 URAM 0 DISPNAME {bind_op add}} {BINDTYPE op ID {} IMPL fabric LATENCY 0 OPTYPE add PRAGMA {} RTLNAME add_ln87_97_fu_3749_p2 SOURCE src/gtsrb_cnn.cpp:87 VARIABLE add_ln87_97 LOOP VITIS_LOOP_83_1 BUNDLEDNAME {} DSP 0 BRAM 0 URAM 0 DISPNAME {bind_op add}} {BINDTYPE op ID {} IMPL fabric LATENCY 0 OPTYPE add PRAGMA {} RTLNAME add_ln87_98_fu_3766_p2 SOURCE src/gtsrb_cnn.cpp:87 VARIABLE add_ln87_98 LOOP VITIS_LOOP_83_1 BUNDLEDNAME {} DSP 0 BRAM 0 URAM 0 DISPNAME {bind_op add}} {BINDTYPE op ID {} IMPL fabric LATENCY 0 OPTYPE add PRAGMA {} RTLNAME add_ln87_99_fu_3795_p2 SOURCE src/gtsrb_cnn.cpp:87 VARIABLE add_ln87_99 LOOP VITIS_LOOP_83_1 BUNDLEDNAME {} DSP 0 BRAM 0 URAM 0 DISPNAME {bind_op add}} {BINDTYPE op ID {} IMPL fabric LATENCY 0 OPTYPE add PRAGMA {} RTLNAME add_ln87_100_fu_3812_p2 SOURCE src/gtsrb_cnn.cpp:87 VARIABLE add_ln87_100 LOOP VITIS_LOOP_83_1 BUNDLEDNAME {} DSP 0 BRAM 0 URAM 0 DISPNAME {bind_op add}} {BINDTYPE op ID {} IMPL fabric LATENCY 0 OPTYPE add PRAGMA {} RTLNAME add_ln87_101_fu_3841_p2 SOURCE src/gtsrb_cnn.cpp:87 VARIABLE add_ln87_101 LOOP VITIS_LOOP_83_1 BUNDLEDNAME {} DSP 0 BRAM 0 URAM 0 DISPNAME {bind_op add}} {BINDTYPE op ID {} IMPL fabric LATENCY 0 OPTYPE add PRAGMA {} RTLNAME add_ln87_102_fu_3858_p2 SOURCE src/gtsrb_cnn.cpp:87 VARIABLE add_ln87_102 LOOP VITIS_LOOP_83_1 BUNDLEDNAME {} DSP 0 BRAM 0 URAM 0 DISPNAME {bind_op add}} {BINDTYPE op ID {} IMPL fabric LATENCY 0 OPTYPE add PRAGMA {} RTLNAME add_ln87_103_fu_3887_p2 SOURCE src/gtsrb_cnn.cpp:87 VARIABLE add_ln87_103 LOOP VITIS_LOOP_83_1 BUNDLEDNAME {} DSP 0 BRAM 0 URAM 0 DISPNAME {bind_op add}} {BINDTYPE op ID {} IMPL fabric LATENCY 0 OPTYPE add PRAGMA {} RTLNAME add_ln87_104_fu_3904_p2 SOURCE src/gtsrb_cnn.cpp:87 VARIABLE add_ln87_104 LOOP VITIS_LOOP_83_1 BUNDLEDNAME {} DSP 0 BRAM 0 URAM 0 DISPNAME {bind_op add}} {BINDTYPE op ID {} IMPL fabric LATENCY 0 OPTYPE add PRAGMA {} RTLNAME add_ln87_105_fu_3933_p2 SOURCE src/gtsrb_cnn.cpp:87 VARIABLE add_ln87_105 LOOP VITIS_LOOP_83_1 BUNDLEDNAME {} DSP 0 BRAM 0 URAM 0 DISPNAME {bind_op add}} {BINDTYPE op ID {} IMPL fabric LATENCY 0 OPTYPE add PRAGMA {} RTLNAME add_ln87_106_fu_3950_p2 SOURCE src/gtsrb_cnn.cpp:87 VARIABLE add_ln87_106 LOOP VITIS_LOOP_83_1 BUNDLEDNAME {} DSP 0 BRAM 0 URAM 0 DISPNAME {bind_op add}} {BINDTYPE op ID {} IMPL fabric LATENCY 0 OPTYPE add PRAGMA {} RTLNAME add_ln87_107_fu_3979_p2 SOURCE src/gtsrb_cnn.cpp:87 VARIABLE add_ln87_107 LOOP VITIS_LOOP_83_1 BUNDLEDNAME {} DSP 0 BRAM 0 URAM 0 DISPNAME {bind_op add}} {BINDTYPE op ID {} IMPL fabric LATENCY 0 OPTYPE add PRAGMA {} RTLNAME add_ln87_108_fu_3996_p2 SOURCE src/gtsrb_cnn.cpp:87 VARIABLE add_ln87_108 LOOP VITIS_LOOP_83_1 BUNDLEDNAME {} DSP 0 BRAM 0 URAM 0 DISPNAME {bind_op add}} {BINDTYPE op ID {} IMPL fabric LATENCY 0 OPTYPE add PRAGMA {} RTLNAME add_ln87_109_fu_4025_p2 SOURCE src/gtsrb_cnn.cpp:87 VARIABLE add_ln87_109 LOOP VITIS_LOOP_83_1 BUNDLEDNAME {} DSP 0 BRAM 0 URAM 0 DISPNAME {bind_op add}} {BINDTYPE op ID {} IMPL fabric LATENCY 0 OPTYPE add PRAGMA {} RTLNAME add_ln87_110_fu_4042_p2 SOURCE src/gtsrb_cnn.cpp:87 VARIABLE add_ln87_110 LOOP VITIS_LOOP_83_1 BUNDLEDNAME {} DSP 0 BRAM 0 URAM 0 DISPNAME {bind_op add}} {BINDTYPE op ID {} IMPL fabric LATENCY 0 OPTYPE add PRAGMA {} RTLNAME add_ln87_111_fu_4071_p2 SOURCE src/gtsrb_cnn.cpp:87 VARIABLE add_ln87_111 LOOP VITIS_LOOP_83_1 BUNDLEDNAME {} DSP 0 BRAM 0 URAM 0 DISPNAME {bind_op add}} {BINDTYPE op ID {} IMPL fabric LATENCY 0 OPTYPE add PRAGMA {} RTLNAME add_ln87_112_fu_4088_p2 SOURCE src/gtsrb_cnn.cpp:87 VARIABLE add_ln87_112 LOOP VITIS_LOOP_83_1 BUNDLEDNAME {} DSP 0 BRAM 0 URAM 0 DISPNAME {bind_op add}} {BINDTYPE op ID {} IMPL fabric LATENCY 0 OPTYPE add PRAGMA {} RTLNAME add_ln87_113_fu_4117_p2 SOURCE src/gtsrb_cnn.cpp:87 VARIABLE add_ln87_113 LOOP VITIS_LOOP_83_1 BUNDLEDNAME {} DSP 0 BRAM 0 URAM 0 DISPNAME {bind_op add}} {BINDTYPE op ID {} IMPL fabric LATENCY 0 OPTYPE add PRAGMA {} RTLNAME add_ln87_114_fu_4134_p2 SOURCE src/gtsrb_cnn.cpp:87 VARIABLE add_ln87_114 LOOP VITIS_LOOP_83_1 BUNDLEDNAME {} DSP 0 BRAM 0 URAM 0 DISPNAME {bind_op add}} {BINDTYPE op ID {} IMPL fabric LATENCY 0 OPTYPE add PRAGMA {} RTLNAME add_ln87_115_fu_4163_p2 SOURCE src/gtsrb_cnn.cpp:87 VARIABLE add_ln87_115 LOOP VITIS_LOOP_83_1 BUNDLEDNAME {} DSP 0 BRAM 0 URAM 0 DISPNAME {bind_op add}} {BINDTYPE op ID {} IMPL fabric LATENCY 0 OPTYPE add PRAGMA {} RTLNAME add_ln87_116_fu_4180_p2 SOURCE src/gtsrb_cnn.cpp:87 VARIABLE add_ln87_116 LOOP VITIS_LOOP_83_1 BUNDLEDNAME {} DSP 0 BRAM 0 URAM 0 DISPNAME {bind_op add}} {BINDTYPE op ID {} IMPL fabric LATENCY 0 OPTYPE add PRAGMA {} RTLNAME add_ln87_117_fu_4209_p2 SOURCE src/gtsrb_cnn.cpp:87 VARIABLE add_ln87_117 LOOP VITIS_LOOP_83_1 BUNDLEDNAME {} DSP 0 BRAM 0 URAM 0 DISPNAME {bind_op add}} {BINDTYPE op ID {} IMPL fabric LATENCY 0 OPTYPE add PRAGMA {} RTLNAME add_ln87_118_fu_4226_p2 SOURCE src/gtsrb_cnn.cpp:87 VARIABLE add_ln87_118 LOOP VITIS_LOOP_83_1 BUNDLEDNAME {} DSP 0 BRAM 0 URAM 0 DISPNAME {bind_op add}} {BINDTYPE op ID {} IMPL fabric LATENCY 0 OPTYPE add PRAGMA {} RTLNAME add_ln87_119_fu_4255_p2 SOURCE src/gtsrb_cnn.cpp:87 VARIABLE add_ln87_119 LOOP VITIS_LOOP_83_1 BUNDLEDNAME {} DSP 0 BRAM 0 URAM 0 DISPNAME {bind_op add}} {BINDTYPE op ID {} IMPL fabric LATENCY 0 OPTYPE add PRAGMA {} RTLNAME add_ln87_120_fu_4272_p2 SOURCE src/gtsrb_cnn.cpp:87 VARIABLE add_ln87_120 LOOP VITIS_LOOP_83_1 BUNDLEDNAME {} DSP 0 BRAM 0 URAM 0 DISPNAME {bind_op add}} {BINDTYPE op ID {} IMPL fabric LATENCY 0 OPTYPE add PRAGMA {} RTLNAME add_ln87_121_fu_4301_p2 SOURCE src/gtsrb_cnn.cpp:87 VARIABLE add_ln87_121 LOOP VITIS_LOOP_83_1 BUNDLEDNAME {} DSP 0 BRAM 0 URAM 0 DISPNAME {bind_op add}} {BINDTYPE op ID {} IMPL fabric LATENCY 0 OPTYPE add PRAGMA {} RTLNAME add_ln87_122_fu_4318_p2 SOURCE src/gtsrb_cnn.cpp:87 VARIABLE add_ln87_122 LOOP VITIS_LOOP_83_1 BUNDLEDNAME {} DSP 0 BRAM 0 URAM 0 DISPNAME {bind_op add}} {BINDTYPE op ID {} IMPL fabric LATENCY 0 OPTYPE add PRAGMA {} RTLNAME add_ln87_123_fu_4347_p2 SOURCE src/gtsrb_cnn.cpp:87 VARIABLE add_ln87_123 LOOP VITIS_LOOP_83_1 BUNDLEDNAME {} DSP 0 BRAM 0 URAM 0 DISPNAME {bind_op add}} {BINDTYPE op ID {} IMPL fabric LATENCY 0 OPTYPE add PRAGMA {} RTLNAME add_ln87_124_fu_4364_p2 SOURCE src/gtsrb_cnn.cpp:87 VARIABLE add_ln87_124 LOOP VITIS_LOOP_83_1 BUNDLEDNAME {} DSP 0 BRAM 0 URAM 0 DISPNAME {bind_op add}} {BINDTYPE op ID {} IMPL fabric LATENCY 0 OPTYPE add PRAGMA {} RTLNAME add_ln87_125_fu_4398_p2 SOURCE src/gtsrb_cnn.cpp:87 VARIABLE add_ln87_125 LOOP VITIS_LOOP_83_1 BUNDLEDNAME {} DSP 0 BRAM 0 URAM 0 DISPNAME {bind_op add}} {BINDTYPE op ID {} IMPL fabric LATENCY 0 OPTYPE add PRAGMA {} RTLNAME add_ln87_126_fu_4415_p2 SOURCE src/gtsrb_cnn.cpp:87 VARIABLE add_ln87_126 LOOP VITIS_LOOP_83_1 BUNDLEDNAME {} DSP 0 BRAM 0 URAM 0 DISPNAME {bind_op add}}} AREA {DSP 0 BRAM 0 URAM 0}} gtsrb_cnn_Pipeline_VITIS_LOOP_101_1 {BINDINFO {{BINDTYPE op ID {} IMPL fabric LATENCY 0 OPTYPE add PRAGMA {} RTLNAME add_ln101_fu_132_p2 SOURCE src/gtsrb_cnn.cpp:101 VARIABLE add_ln101 LOOP VITIS_LOOP_101_1 BUNDLEDNAME {} DSP 0 BRAM 0 URAM 0 DISPNAME {bind_op add}}} AREA {DSP 0 BRAM 0 URAM 0}} gtsrb_cnn {BINDINFO {{BINDTYPE op ID {} IMPL fabric LATENCY 0 OPTYPE add PRAGMA {} RTLNAME fmul_32ns_32ns_32_4_max_dsp_1_U81 SOURCE src/gtsrb_cnn.cpp:101 VARIABLE add_ln101 LOOP {} BUNDLEDNAME {} DSP 0 BRAM 0 URAM 0 DISPNAME {bind_op add}} {BINDTYPE storage ID {} IMPL bram LATENCY 1 OPTYPE ram_2p PRAGMA pragma RTLNAME c1_out_U SOURCE src/gtsrb_cnn.cpp:161 VARIABLE c1_out LOOP {} BUNDLEDNAME {} DSP 0 BRAM 28 URAM 0 DISPNAME {bind_storage ram_2p}} {BINDTYPE storage ID {} IMPL bram LATENCY 1 OPTYPE ram_2p PRAGMA pragma RTLNAME p1_out_U SOURCE src/gtsrb_cnn.cpp:162 VARIABLE p1_out LOOP {} BUNDLEDNAME {} DSP 0 BRAM 8 URAM 0 DISPNAME {bind_storage ram_2p}} {BINDTYPE storage ID {} IMPL bram LATENCY 1 OPTYPE ram_2p PRAGMA pragma RTLNAME c2_out_U SOURCE src/gtsrb_cnn.cpp:163 VARIABLE c2_out LOOP {} BUNDLEDNAME {} DSP 0 BRAM 14 URAM 0 DISPNAME {bind_storage ram_2p}} {BINDTYPE storage ID {} IMPL bram LATENCY 1 OPTYPE ram_2p PRAGMA pragma RTLNAME p2_out_U SOURCE src/gtsrb_cnn.cpp:164 VARIABLE p2_out LOOP {} BUNDLEDNAME {} DSP 0 BRAM 4 URAM 0 DISPNAME {bind_storage ram_2p}} {BINDTYPE storage ID {} IMPL bram LATENCY 1 OPTYPE ram_2p PRAGMA pragma RTLNAME c3_out_U SOURCE src/gtsrb_cnn.cpp:165 VARIABLE c3_out LOOP {} BUNDLEDNAME {} DSP 0 BRAM 2 URAM 0 DISPNAME {bind_storage ram_2p}} {BINDTYPE storage ID {} IMPL bram LATENCY 1 OPTYPE ram_2p PRAGMA pragma RTLNAME p3_out_U SOURCE src/gtsrb_cnn.cpp:166 VARIABLE p3_out LOOP {} BUNDLEDNAME {} DSP 0 BRAM 1 URAM 0 DISPNAME {bind_storage ram_2p}} {BINDTYPE storage ID {} IMPL bram LATENCY 1 OPTYPE ram_2p PRAGMA pragma RTLNAME fc1_out_U SOURCE src/gtsrb_cnn.cpp:167 VARIABLE fc1_out LOOP {} BUNDLEDNAME {} DSP 0 BRAM 2 URAM 0 DISPNAME {bind_storage ram_2p}}} AREA {DSP 5 BRAM 59 URAM 0}} linear_2 {AREA {DSP 0 BRAM 0 URAM 0}}}}'
INFO-FLOW: DBG:PUTS:      update_csynth_reports json2rpt_hw_sw_interfaces
Execute       send_msg_by_id INFO @200-1603@%s  and missed bursts 
INFO: [HLS 200-1603] Design has inferred MAXI bursts and missed bursts, see Vitis HLS GUI synthesis summary report for detailed information.
INFO-FLOW: Running: gen_csynth_sec_pragma
INFO-FLOW: Done: gen_csynth_sec_pragma time: 0 seconds per iteration
INFO-FLOW: DBG:PUTS:      update_csynth_reports wrote xml
INFO-FLOW: DBG:PUTS:      update_csynth_reports appended to csynth rpt file
INFO: [HLS 200-111] Finished Updating report files: CPU user time: 2 seconds. CPU system time: 0 seconds. Elapsed time: 2.772 seconds; current allocated memory: 400.105 MB.
INFO: [VHDL 208-304] Generating VHDL RTL for gtsrb_cnn.
INFO: [VLOG 209-307] Generating Verilog RTL for gtsrb_cnn.
Execute       syn_report -model gtsrb_cnn -printsummary 
INFO: [HLS 200-790] **** Loop Constraint Status: All loop constraints were NOT satisfied.
INFO: [HLS 200-789] **** Estimated Fmax: 136.99 MHz
Command     autosyn done; 27.126 sec.
Command   csynth_design done; 37.249 sec.
INFO: [HLS 200-111] Finished Command csynth_design CPU user time: 28 seconds. CPU system time: 3 seconds. Elapsed time: 37.249 seconds; current allocated memory: 294.070 MB.
Command ap_source done; 48.124 sec.
Execute cleanup_all 
INFO-FLOW: Workspace C:/Xilinx/pynq-zu/HLS/CNN_GTSRB/CNN_GTSRB/solution1 opened at Sat Sep 13 23:17:56 +0800 2025
Execute     ap_set_clock -name default -period 10 -default=false 
INFO: [SYN 201-201] Setting up clock 'default' with a period of 10ns.
Execute     set_part xczu5eg-sfvc784-1-e 
Execute       create_platform xczu5eg-sfvc784-1-e -board  
DBG:HLSDevice: Trying to load device library: C:/Xilinx/Vitis_HLS/2022.2\lib\win64.o\xv_hlsvwrap.dll
DBG:HLSDevice: first parts/arch.xml in RDI_DATADIR: C:/Xilinx/Vivado/2022.2/data/parts/arch.xml
DBG:HLSDevice: init success
INFO: [HLS 200-1611] Setting target device to 'xczu5eg-sfvc784-1-e'
Command       create_platform done; 0.563 sec.
Execute       source C:/Xilinx/Vitis_HLS/2022.2/common/technology/xilinx/common/xilinx.gen 
Execute         source C:/Xilinx/Vitis_HLS/2022.2/common/technology/xilinx/interface/plb46.gen 
Execute         source C:/Xilinx/Vitis_HLS/2022.2/common/technology/xilinx/interface/axi4.gen 
Execute         source C:/Xilinx/Vitis_HLS/2022.2/common/technology/xilinx/interface/nativeAXI4.gen 
Execute           source C:/Xilinx/Vitis_HLS/2022.2/common/technology/xilinx/interface/saxilite.gen 
Execute         source C:/Xilinx/Vitis_HLS/2022.2/common/technology/xilinx/scripts/xilinxcoregen.gen 
Execute         source C:/Xilinx/Vitis_HLS/2022.2/common/technology/xilinx/interface/XilEDKCoreGen.gen 
Execute         source C:/Xilinx/Vitis_HLS/2022.2/common/technology/xilinx/ip/dds_compiler.gen 
Execute         source C:/Xilinx/Vitis_HLS/2022.2/common/technology/xilinx/ip/util.gen 
Execute         source C:/Xilinx/Vitis_HLS/2022.2/common/technology/xilinx/ip/xfft.gen 
Execute         source C:/Xilinx/Vitis_HLS/2022.2/common/technology/xilinx/ip/xfir.gen 
Execute         source C:/Xilinx/Vitis_HLS/2022.2/common/technology/xilinx/DSP48/dsp48.gen 
Execute       ap_part_info -name xczu5eg-sfvc784-1-e -data info 
Execute       config_compile -quiet -complex-mul-dsp=0 
Command     set_part done; 0.649 sec.
Execute     send_msg_by_id INFO @200-1505@%s%s  vivado 
INFO: [HLS 200-1505] Using flow_target 'vivado'
Command   open_solution done; 0.73 sec.
Execute   set_part xczu5eg-sfvc784-1-e 
INFO: [HLS 200-1510] Running: set_part xczu5eg-sfvc784-1-e 
Execute     create_platform xczu5eg-sfvc784-1-e -board  
Execute     source C:/Xilinx/Vitis_HLS/2022.2/common/technology/xilinx/common/xilinx.gen 
Execute       source C:/Xilinx/Vitis_HLS/2022.2/common/technology/xilinx/interface/plb46.gen 
Execute       source C:/Xilinx/Vitis_HLS/2022.2/common/technology/xilinx/interface/axi4.gen 
Execute       source C:/Xilinx/Vitis_HLS/2022.2/common/technology/xilinx/interface/nativeAXI4.gen 
Execute         source C:/Xilinx/Vitis_HLS/2022.2/common/technology/xilinx/interface/saxilite.gen 
Execute       source C:/Xilinx/Vitis_HLS/2022.2/common/technology/xilinx/scripts/xilinxcoregen.gen 
Execute       source C:/Xilinx/Vitis_HLS/2022.2/common/technology/xilinx/interface/XilEDKCoreGen.gen 
Execute       source C:/Xilinx/Vitis_HLS/2022.2/common/technology/xilinx/ip/dds_compiler.gen 
Execute       source C:/Xilinx/Vitis_HLS/2022.2/common/technology/xilinx/ip/util.gen 
Execute       source C:/Xilinx/Vitis_HLS/2022.2/common/technology/xilinx/ip/xfft.gen 
Execute       source C:/Xilinx/Vitis_HLS/2022.2/common/technology/xilinx/ip/xfir.gen 
Execute       source C:/Xilinx/Vitis_HLS/2022.2/common/technology/xilinx/DSP48/dsp48.gen 
Execute     ap_part_info -name xczu5eg-sfvc784-1-e -data info 
Execute     config_compile -quiet -complex-mul-dsp=0 
Execute   create_clock -period 10 -name default 
INFO: [HLS 200-1510] Running: create_clock -period 10 -name default 
Execute   export_design -rtl verilog -format ip_catalog 
INFO: [HLS 200-1510] Running: export_design -rtl verilog -format ip_catalog 
Execute     config_export -format=ip_catalog -rtl=verilog 
INFO-FLOW: DBG:PUTS: export_design_wrap: -format ip_catalog -rtl verilog
Execute     source C:/Xilinx/pynq-zu/HLS/CNN_GTSRB/CNN_GTSRB/solution1/.autopilot/db/global.setting.tcl 
INFO-FLOW: DBG:PUTS:   auto_impl: pack: -export -rtl verilog
INFO-FLOW: DBG:PROC: ::AESL_AUTOIMPL::auto_impl args='-export -rtl verilog'
Execute     source C:/Xilinx/pynq-zu/HLS/CNN_GTSRB/CNN_GTSRB/solution1/.autopilot/db/global.setting.tcl 
INFO: [IMPL 213-8] Exporting RTL as a Vivado IP.
Execute     source C:/Xilinx/pynq-zu/HLS/CNN_GTSRB/CNN_GTSRB/solution1/.autopilot/db/global.setting.tcl 
INFO-FLOW: DBG:PUTS: automg_wrap -export -pcore_version 1.00.a -rtl vlog -tool Vivado -impltomg_flag
INFO-FLOW: DBG:PROC: ::AESL_AUTOMG::auto_generate args='-export -pcore_version 1.00.a -rtl vlog -tool Vivado -impltomg_flag'
INFO-FLOW: DBG:PUTS:     auto_generate -export -pcore_version 1.00.a -rtl vlog -tool Vivado -impltomg_flag
Execute     source C:/Xilinx/pynq-zu/HLS/CNN_GTSRB/CNN_GTSRB/solution1/.autopilot/db/global.setting.tcl 
INFO-FLOW: DBG:PUTS: read_platform_lib C:/Xilinx/pynq-zu/HLS/CNN_GTSRB/CNN_GTSRB/solution1/.autopilot/db/global.setting.tcl
Execute     source C:/Xilinx/Vitis_HLS/2022.2/common/technology/generic/autopilot/common.gen 
Execute       source C:/Xilinx/Vitis_HLS/2022.2/common/technology/generic/autopilot/APCoreGen.gen 
Execute     source C:/Xilinx/Vitis_HLS/2022.2/common/technology/generic/autopilot/op.gen 
Execute     source C:/Xilinx/Vitis_HLS/2022.2/common/technology/generic/autopilot/op_simcore.gen 
Execute     source C:/Xilinx/Vitis_HLS/2022.2/common/technology/generic/autopilot/interface.gen 
Execute     source C:/Xilinx/pynq-zu/HLS/CNN_GTSRB/CNN_GTSRB/solution1/.autopilot/db/global.setting.tcl 
Execute     source C:/Xilinx/Vitis_HLS/2022.2/common/technology/xilinx/common/xilinx.gen 
Execute       source C:/Xilinx/Vitis_HLS/2022.2/common/technology/xilinx/interface/plb46.gen 
Execute       source C:/Xilinx/Vitis_HLS/2022.2/common/technology/xilinx/interface/axi4.gen 
Execute       source C:/Xilinx/Vitis_HLS/2022.2/common/technology/xilinx/interface/nativeAXI4.gen 
Execute         source C:/Xilinx/Vitis_HLS/2022.2/common/technology/xilinx/interface/saxilite.gen 
Execute       source C:/Xilinx/Vitis_HLS/2022.2/common/technology/xilinx/scripts/xilinxcoregen.gen 
Execute       source C:/Xilinx/Vitis_HLS/2022.2/common/technology/xilinx/interface/XilEDKCoreGen.gen 
Execute       source C:/Xilinx/Vitis_HLS/2022.2/common/technology/xilinx/ip/dds_compiler.gen 
Execute       source C:/Xilinx/Vitis_HLS/2022.2/common/technology/xilinx/ip/util.gen 
Execute       source C:/Xilinx/Vitis_HLS/2022.2/common/technology/xilinx/ip/xfft.gen 
Command       ap_source done; 0.106 sec.
Execute       source C:/Xilinx/Vitis_HLS/2022.2/common/technology/xilinx/ip/xfir.gen 
Execute       source C:/Xilinx/Vitis_HLS/2022.2/common/technology/xilinx/DSP48/dsp48.gen 
Command     ap_source done; 0.155 sec.
INFO-FLOW: DBG:PUTS:   using AESL_AUTOCG::g_clock_period=10.000 (was NA)
INFO-FLOW: DBG:PUTS:       initCTypeInfo top_module=gtsrb_cnn xml_exists=0
Execute     source C:/Xilinx/pynq-zu/HLS/CNN_GTSRB/CNN_GTSRB/solution1/.autopilot/db/gtsrb_cnn.rtl_wrap.cfg.tcl 
Execute     source C:/Xilinx/pynq-zu/HLS/CNN_GTSRB/CNN_GTSRB/solution1/.autopilot/db/gtsrb_cnn.rtl_wrap.cfg.tcl 
Execute     source C:/Xilinx/pynq-zu/HLS/CNN_GTSRB/CNN_GTSRB/solution1/.autopilot/db/gtsrb_cnn.rtl_wrap.cfg.tcl 
Execute     source C:/Xilinx/pynq-zu/HLS/CNN_GTSRB/CNN_GTSRB/solution1/.autopilot/db/gtsrb_cnn.tbgen.tcl 
Execute     source C:/Xilinx/pynq-zu/HLS/CNN_GTSRB/CNN_GTSRB/solution1/.autopilot/db/gtsrb_cnn.tbgen.tcl 
Execute     source C:/Xilinx/pynq-zu/HLS/CNN_GTSRB/CNN_GTSRB/solution1/.autopilot/db/global.setting.tcl 
Execute     source C:/Xilinx/pynq-zu/HLS/CNN_GTSRB/CNN_GTSRB/solution1/.autopilot/db/gtsrb_cnn.tbgen.tcl 
INFO-FLOW: DBG:PUTS:       cosim_export_main adding deadlock detection to gtsrb_cnn
INFO-FLOW: DBG:PUTS: Skipping loadAnalyze_DB, #g_database=19
INFO-FLOW: DBG:PUTS:       generate_json generate_bd_files=0 generate_xo_files=false #modelList=37 #gSsdmPorts=0
INFO-FLOW: DBG:PROC: ::AP::DESIGN_DATA::generate_json generate_bd_files='0' generate_xo_files='false' modelList='gtsrb_cnn_mul_5ns_8ns_12_1_1
gtsrb_cnn_flow_control_loop_pipe_sequential_init
gtsrb_cnn_flow_control_loop_pipe_sequential_init
gtsrb_cnn_flow_control_loop_pipe_sequential_init
gtsrb_cnn_flow_control_loop_pipe_sequential_init
gtsrb_cnn_flow_control_loop_pipe_sequential_init
gtsrb_cnn_flow_control_loop_pipe_sequential_init
gtsrb_cnn_flow_control_loop_pipe_sequential_init
gtsrb_cnn_fadd_32ns_32ns_32_5_full_dsp_1
gtsrb_cnn_fmul_32ns_32ns_32_4_max_dsp_1
gtsrb_cnn_fcmp_32ns_32ns_1_2_no_dsp_1
gtsrb_cnn_c1_out_RAM_2P_BRAM_1R1W
gtsrb_cnn_p1_out_RAM_2P_BRAM_1R1W
gtsrb_cnn_c2_out_RAM_2P_BRAM_1R1W
gtsrb_cnn_p2_out_RAM_2P_BRAM_1R1W
gtsrb_cnn_c3_out_RAM_2P_BRAM_1R1W
gtsrb_cnn_p3_out_RAM_2P_BRAM_1R1W
gtsrb_cnn_fc1_out_RAM_2P_BRAM_1R1W
gtsrb_cnn_gmem0_m_axi
gtsrb_cnn_gmem1_m_axi
gtsrb_cnn_gmem2_m_axi
gtsrb_cnn_gmem3_m_axi
gtsrb_cnn_gmem4_m_axi
gtsrb_cnn_gmem5_m_axi
gtsrb_cnn_control_s_axi
conv_valid_relu
maxpool2x2_valid_2
conv_valid_relu_2
maxpool2x2_valid_1
conv_valid_relu_1
maxpool2x2_valid
linear_Pipeline_VITIS_LOOP_86_2
linear
linear_2_Pipeline_VITIS_LOOP_83_1
linear_2
gtsrb_cnn_Pipeline_VITIS_LOOP_101_1
gtsrb_cnn
' rtl_lang='vlog' bootstrap_tcl='false' outdir='' outfilename=''
Execute     source C:/Xilinx/Vitis_HLS/2022.2/tps/tcl/tcllib1.11.1/yaml/huddle.tcl 
Execute     source C:/Xilinx/Vitis_HLS/2022.2/tps/tcl/tcllib1.11.1/yaml/json2huddle.tcl 
Execute     source C:/Xilinx/pynq-zu/HLS/CNN_GTSRB/CNN_GTSRB/solution1/.autopilot/db/global.setting.tcl 
Execute     source C:/Xilinx/pynq-zu/HLS/CNN_GTSRB/CNN_GTSRB/solution1/.autopilot/db/global.setting.tcl 
Execute     source C:/Xilinx/pynq-zu/HLS/CNN_GTSRB/CNN_GTSRB/solution1/.autopilot/db/top-io-be.tcl 
Execute     source C:/Xilinx/pynq-zu/HLS/CNN_GTSRB/CNN_GTSRB/solution1/.autopilot/db/gtsrb_cnn.tbgen.tcl 
Execute     source C:/Xilinx/pynq-zu/HLS/CNN_GTSRB/CNN_GTSRB/solution1/.autopilot/db/gtsrb_cnn.compgen.dataonly.tcl 
Execute     source C:/Xilinx/pynq-zu/HLS/CNN_GTSRB/CNN_GTSRB/solution1/.autopilot/db/gtsrb_cnn.compgen.dataonly.tcl 
Execute     source C:/Xilinx/pynq-zu/HLS/CNN_GTSRB/CNN_GTSRB/solution1/.autopilot/db/gtsrb_cnn.rtl_wrap.cfg.tcl 
Execute     source C:/Xilinx/pynq-zu/HLS/CNN_GTSRB/CNN_GTSRB/solution1/.autopilot/db/gtsrb_cnn.compgen.dataonly.tcl 
Execute     source C:/Xilinx/pynq-zu/HLS/CNN_GTSRB/CNN_GTSRB/solution1/.autopilot/db/conv_valid_relu.tbgen.tcl 
Execute     source C:/Xilinx/pynq-zu/HLS/CNN_GTSRB/CNN_GTSRB/solution1/.autopilot/db/maxpool2x2_valid_2.tbgen.tcl 
Execute     source C:/Xilinx/pynq-zu/HLS/CNN_GTSRB/CNN_GTSRB/solution1/.autopilot/db/conv_valid_relu_2.tbgen.tcl 
Execute     source C:/Xilinx/pynq-zu/HLS/CNN_GTSRB/CNN_GTSRB/solution1/.autopilot/db/maxpool2x2_valid_1.tbgen.tcl 
Execute     source C:/Xilinx/pynq-zu/HLS/CNN_GTSRB/CNN_GTSRB/solution1/.autopilot/db/conv_valid_relu_1.tbgen.tcl 
Execute     source C:/Xilinx/pynq-zu/HLS/CNN_GTSRB/CNN_GTSRB/solution1/.autopilot/db/maxpool2x2_valid.tbgen.tcl 
Execute     source C:/Xilinx/pynq-zu/HLS/CNN_GTSRB/CNN_GTSRB/solution1/.autopilot/db/linear_Pipeline_VITIS_LOOP_86_2.tbgen.tcl 
Execute     source C:/Xilinx/pynq-zu/HLS/CNN_GTSRB/CNN_GTSRB/solution1/.autopilot/db/linear.tbgen.tcl 
Execute     source C:/Xilinx/pynq-zu/HLS/CNN_GTSRB/CNN_GTSRB/solution1/.autopilot/db/linear_2_Pipeline_VITIS_LOOP_83_1.tbgen.tcl 
Execute     source C:/Xilinx/pynq-zu/HLS/CNN_GTSRB/CNN_GTSRB/solution1/.autopilot/db/linear_2.tbgen.tcl 
Execute     source C:/Xilinx/pynq-zu/HLS/CNN_GTSRB/CNN_GTSRB/solution1/.autopilot/db/gtsrb_cnn_Pipeline_VITIS_LOOP_101_1.tbgen.tcl 
Execute     source C:/Xilinx/pynq-zu/HLS/CNN_GTSRB/CNN_GTSRB/solution1/.autopilot/db/gtsrb_cnn.tbgen.tcl 
Execute     source C:/Xilinx/pynq-zu/HLS/CNN_GTSRB/CNN_GTSRB/solution1/.autopilot/db/global.setting.tcl 
Execute     ap_part_info -name xczu5eg-sfvc784-1-e -data names -quiet 
Execute     ap_part_info -name xczu5eg-sfvc784-1-e -data info -quiet 
Execute     source C:/Xilinx/pynq-zu/HLS/CNN_GTSRB/CNN_GTSRB/solution1/.autopilot/db/gtsrb_cnn.constraint.tcl 
Execute     sc_get_clocks gtsrb_cnn 
Execute     source C:/Xilinx/pynq-zu/HLS/CNN_GTSRB/CNN_GTSRB/solution1/.autopilot/db/global.setting.tcl 
Execute     source C:/Xilinx/pynq-zu/HLS/CNN_GTSRB/CNN_GTSRB/solution1/impl/misc/gtsrb_cnn_fadd_32ns_32ns_32_5_full_dsp_1_ip.tcl 
Execute     source C:/Xilinx/pynq-zu/HLS/CNN_GTSRB/CNN_GTSRB/solution1/impl/misc/gtsrb_cnn_fcmp_32ns_32ns_1_2_no_dsp_1_ip.tcl 
Execute     source C:/Xilinx/pynq-zu/HLS/CNN_GTSRB/CNN_GTSRB/solution1/impl/misc/gtsrb_cnn_fmul_32ns_32ns_32_4_max_dsp_1_ip.tcl 
Execute     source C:/Xilinx/pynq-zu/HLS/CNN_GTSRB/CNN_GTSRB/solution1/.autopilot/db/global.setting.tcl 
Execute     source C:/Xilinx/pynq-zu/HLS/CNN_GTSRB/CNN_GTSRB/solution1/.autopilot/db/gtsrb_cnn.tbgen.tcl 
INFO-FLOW: DBG:PUTS:       cosim_export_main adding deadlock detection to gtsrb_cnn
INFO-FLOW: DBG:PUTS:       copy ip_driver_dir 1_0 C:/Xilinx/pynq-zu/HLS/CNN_GTSRB/CNN_GTSRB/solution1/.autopilot/db/driver
INFO-FLOW: DBG:PUTS:       generate_ip_script #gSsdmPorts=0 g_lang=vlog is_sdaccel=false is_sdsoc=true xo_file=
Execute     ap_part_info -name xczu5eg-sfvc784-1-e -data names -quiet 
Execute     ap_part_info -name xczu5eg-sfvc784-1-e -data info -quiet 
Execute     ap_part_info -name xczu5eg-sfvc784-1-e -data names -quiet 
Execute     ap_part_info -name xczu5eg-sfvc784-1-e -data info -quiet 
Execute     source C:/Xilinx/pynq-zu/HLS/CNN_GTSRB/CNN_GTSRB/solution1/.autopilot/db/gtsrb_cnn.tbgen.tcl 
Execute     source C:/Xilinx/pynq-zu/HLS/CNN_GTSRB/CNN_GTSRB/solution1/.autopilot/db/gtsrb_cnn.compgen.dataonly.tcl 
Execute     source C:/Xilinx/pynq-zu/HLS/CNN_GTSRB/CNN_GTSRB/solution1/.autopilot/db/gtsrb_cnn.compgen.dataonly.tcl 
Execute     source C:/Xilinx/pynq-zu/HLS/CNN_GTSRB/CNN_GTSRB/solution1/.autopilot/db/global.setting.tcl 
INFO-FLOW: DBG:PUTS:       generate_top_info
INFO-FLOW: DBG:PUTS:       prepArgInfo -> loadAnalyze_DB top_module=gtsrb_cnn
Execute     source C:/Xilinx/pynq-zu/HLS/CNN_GTSRB/CNN_GTSRB/solution1/.autopilot/db/gtsrb_cnn.rtl_wrap.cfg.tcl 
Execute     source C:/Xilinx/pynq-zu/HLS/CNN_GTSRB/CNN_GTSRB/solution1/.autopilot/db/gtsrb_cnn.rtl_wrap.cfg.tcl 
Execute     source C:/Xilinx/pynq-zu/HLS/CNN_GTSRB/CNN_GTSRB/solution1/.autopilot/db/gtsrb_cnn.rtl_wrap.cfg.tcl 
Execute     source C:/Xilinx/pynq-zu/HLS/CNN_GTSRB/CNN_GTSRB/solution1/.autopilot/db/gtsrb_cnn.tbgen.tcl 
Execute     source C:/Xilinx/pynq-zu/HLS/CNN_GTSRB/CNN_GTSRB/solution1/.autopilot/db/gtsrb_cnn.tbgen.tcl 
Execute     ap_part_info -name xczu5eg-sfvc784-1-e -data names -quiet 
Execute     ap_part_info -name xczu5eg-sfvc784-1-e -data info -quiet 
Execute     source C:/Xilinx/pynq-zu/HLS/CNN_GTSRB/CNN_GTSRB/solution1/.autopilot/db/global.setting.tcl 
Execute     ap_part_info -name xczu5eg-sfvc784-1-e -data names -quiet 
Execute     ap_part_info -name xczu5eg-sfvc784-1-e -data info -quiet 
Execute     ap_part_info -name xczu5eg-sfvc784-1-e -data names -quiet 
Execute     ap_part_info -name xczu5eg-sfvc784-1-e -data info -quiet 
Execute     source C:/Xilinx/pynq-zu/HLS/CNN_GTSRB/CNN_GTSRB/solution1/.autopilot/db/gtsrb_cnn.tbgen.tcl 
Execute     source C:/Xilinx/pynq-zu/HLS/CNN_GTSRB/CNN_GTSRB/solution1/.autopilot/db/global.setting.tcl 
Execute     source C:/Xilinx/pynq-zu/HLS/CNN_GTSRB/CNN_GTSRB/solution1/.autopilot/db/gtsrb_cnn.constraint.tcl 
INFO-FLOW: DBG:PUTS:       generate_ipi_example_script
Execute     ap_part_info -name xczu5eg-sfvc784-1-e -data names -quiet 
Execute     ap_part_info -name xczu5eg-sfvc784-1-e -data info -quiet 
Execute     ap_part_info -name xczu5eg-sfvc784-1-e -data names -quiet 
Execute     ap_part_info -name xczu5eg-sfvc784-1-e -data info -quiet 
INFO-FLOW: DBG:PUTS:       generate_syn_sh
Execute     ap_part_info -name xczu5eg-sfvc784-1-e -data names -quiet 
Execute     ap_part_info -name xczu5eg-sfvc784-1-e -data info -quiet 
Execute     source C:/Xilinx/pynq-zu/HLS/CNN_GTSRB/CNN_GTSRB/solution1/.autopilot/db/global.setting.tcl 
INFO-FLOW: DBG:PUTS:       generate_imp_constraints
Execute     ap_part_info -name xczu5eg-sfvc784-1-e -data names -quiet 
Execute     ap_part_info -name xczu5eg-sfvc784-1-e -data info -quiet 
Execute     source C:/Xilinx/pynq-zu/HLS/CNN_GTSRB/CNN_GTSRB/solution1/.autopilot/db/gtsrb_cnn.constraint.tcl 
Execute     source C:/Xilinx/pynq-zu/HLS/CNN_GTSRB/CNN_GTSRB/solution1/.autopilot/db/gtsrb_cnn.tbgen.tcl 
INFO-FLOW: DBG:PUTS:       delete-temp-dirs (skipped for debug)
Execute     ap_part_info -name xczu5eg-sfvc784-1-e -data names -quiet 
Execute     ap_part_info -name xczu5eg-sfvc784-1-e -data info -quiet 
INFO-FLOW: DBG:PUTS: read_platform_lib C:/Xilinx/pynq-zu/HLS/CNN_GTSRB/CNN_GTSRB/solution1/.autopilot/db/global.setting.tcl
Execute     source C:/Xilinx/Vitis_HLS/2022.2/common/technology/generic/autopilot/common.gen 
Execute       source C:/Xilinx/Vitis_HLS/2022.2/common/technology/generic/autopilot/APCoreGen.gen 
Execute     source C:/Xilinx/Vitis_HLS/2022.2/common/technology/generic/autopilot/op.gen 
Execute     source C:/Xilinx/Vitis_HLS/2022.2/common/technology/generic/autopilot/op_simcore.gen 
Execute     source C:/Xilinx/Vitis_HLS/2022.2/common/technology/generic/autopilot/interface.gen 
Execute     source C:/Xilinx/pynq-zu/HLS/CNN_GTSRB/CNN_GTSRB/solution1/.autopilot/db/global.setting.tcl 
Execute     source C:/Xilinx/Vitis_HLS/2022.2/common/technology/xilinx/common/xilinx.gen 
Execute       source C:/Xilinx/Vitis_HLS/2022.2/common/technology/xilinx/interface/plb46.gen 
Execute       source C:/Xilinx/Vitis_HLS/2022.2/common/technology/xilinx/interface/axi4.gen 
Execute       source C:/Xilinx/Vitis_HLS/2022.2/common/technology/xilinx/interface/nativeAXI4.gen 
Execute         source C:/Xilinx/Vitis_HLS/2022.2/common/technology/xilinx/interface/saxilite.gen 
Execute       source C:/Xilinx/Vitis_HLS/2022.2/common/technology/xilinx/scripts/xilinxcoregen.gen 
Execute       source C:/Xilinx/Vitis_HLS/2022.2/common/technology/xilinx/interface/XilEDKCoreGen.gen 
Execute       source C:/Xilinx/Vitis_HLS/2022.2/common/technology/xilinx/ip/dds_compiler.gen 
Execute       source C:/Xilinx/Vitis_HLS/2022.2/common/technology/xilinx/ip/util.gen 
Execute       source C:/Xilinx/Vitis_HLS/2022.2/common/technology/xilinx/ip/xfft.gen 
Command       ap_source done; 0.105 sec.
Execute       source C:/Xilinx/Vitis_HLS/2022.2/common/technology/xilinx/ip/xfir.gen 
Execute       source C:/Xilinx/Vitis_HLS/2022.2/common/technology/xilinx/DSP48/dsp48.gen 
Command     ap_source done; 0.156 sec.
INFO-FLOW: DBG:PUTS:     IP package: exec C:/Xilinx/pynq-zu/HLS/CNN_GTSRB/CNN_GTSRB/solution1/impl/ip/pack.bat
INFO-FLOW: DBG:PUTS:     IP package: success C:/Xilinx/pynq-zu/HLS/CNN_GTSRB/CNN_GTSRB/solution1/impl/ip/pack.bat
Execute     send_msg_by_id INFO @200-802@%s CNN_GTSRB/solution1/impl/export.zip 
INFO: [HLS 200-802] Generated output file CNN_GTSRB/solution1/impl/export.zip
Command   export_design done; 24.537 sec.
INFO: [HLS 200-111] Finished Command export_design CPU user time: 5 seconds. CPU system time: 0 seconds. Elapsed time: 24.537 seconds; current allocated memory: 14.707 MB.
Command ap_source done; 35.499 sec.
Execute cleanup_all 
