-0.148336
0.029608
0.015937
0.024709
0.032034
0.072644
-0.055618
-0.016030
-0.241980
-0.064448
0.157784
0.044463
-0.003941
0.040072
-0.158761
0.098416
0.071718
-0.122059
-0.083413
-0.060431
0.034617
-0.279343
-0.080189
0.031365
-0.120026
-0.216250
-0.035650
0.086991
-0.096310
-0.372403
-0.021288
-0.138603
-0.041660
0.049205
0.048982
-0.132909
-0.040226
0.073257
-0.330873
0.006471
0.031012
0.176269
0.005516
-0.058157
0.048679
-0.203567
-0.142287
-0.041645
-0.046194
-0.114515
-0.164840
-0.083662
0.064534
-0.214022
-0.132919
-0.070150
-0.298676
0.051257
-0.004592
0.145059
-0.134388
0.046504
0.023003
-0.119394
-0.066480
-0.223401
0.012060
0.284928
0.107951
0.216199
-0.012578
-0.022108
-0.020259
0.010102
-0.315801
-0.061364
0.001636
-0.103637
0.061152
-0.197483
-0.162670
-0.054874
-0.087771
-0.094146
-0.078024
0.155564
0.050790
0.004086
-0.172973
0.101037
-0.093522
0.217588
-0.056326
0.079750
-0.117583
-0.249655
-0.275792
-0.078375
-0.029548
-0.084407
-0.016513
-0.158854
0.178074
-0.076840
0.067266
0.185709
0.228452
0.270609
-0.074188
0.007555
-0.010620
-0.033491
0.125465
0.298644
0.102022
0.081886
0.040658
0.080570
-0.065479
-0.060837
-0.057625
0.257816
-0.123255
0.225185
-0.373664
0.007087
0.041711
-0.130440
0.056687
-0.060909
-0.003879
0.152939
0.055966
-0.057724
-0.029338
0.050277
-0.055528
-0.139589
-0.031354
0.038120
0.030164
0.040274
0.134582
0.034466
-0.024776
0.117124
0.127810
0.183684
-0.035115
0.066110
-0.099493
-0.050203
-0.003541
-0.095432
0.055022
0.189419
-0.011566
-0.171216
-0.008346
0.148051
0.043720
-0.061315
-0.023023
-0.084741
-0.019579
-0.103484
0.097095
-0.079279
0.065490
-0.029343
0.022035
0.112768
-0.046445
-0.175310
0.013169
-0.000789
0.055931
0.096572
0.015275
0.346703
0.112872
0.041308
-0.061749
0.141774
0.015158
-0.037873
-0.063480
0.130184
0.079214
0.042143
-0.098954
0.046488
-0.227175
-0.147359
-0.074844
0.113923
0.083562
0.240355
-0.226367
0.059077
-0.171578
-0.039736
-0.092377
0.057987
0.006836
0.060258
-0.209809
0.125015
-0.212676
-0.277200
0.002330
0.048184
0.036080
-0.015020
0.041527
-0.048931
-0.144488
-0.153129
-0.034980
-0.002177
-0.058164
-0.328659
-0.112455
-0.109540
-0.033901
-0.018303
-0.133169
0.193622
-0.096835
0.163701
-0.098927
0.052123
-0.061052
0.236952
0.093711
0.171610
0.057102
0.031727
-0.030835
-0.054993
0.059467
0.030121
0.005730
-0.082934
0.018298
0.161162
0.115301
-0.122225
0.028977
-0.084044
0.073971
0.077381
-0.153207
-0.096718
0.316988
0.036603
-0.285505
-0.279220
-0.097294
0.285744
-0.072825
-0.054800
-0.231062
0.035427
0.092676
0.019890
-0.011175
-0.048553
-0.079668
-0.002066
-0.315528
-0.341696
0.218724
-0.181853
0.012214
-0.039900
-0.005369
0.130740
-0.072041
-0.368650
-0.152804
0.181149
-0.077140
-0.319149
0.030529
-0.051541
0.126252
0.018194
-0.159680
-0.076384
0.033772
-0.009592
-0.005733
-0.156080
0.040997
0.035799
0.030802
0.124876
0.094474
-0.084902
0.085396
0.136102
-0.035431
-0.027451
-0.051210
0.024941
0.103279
-0.028040
-0.138151
0.096935
0.182957
-0.104548
-0.037049
0.091651
-0.022931
-0.003784
-0.183965
-0.096863
-0.132417
0.081829
-0.032649
-0.131697
0.022028
-0.024540
0.070325
0.118002
-0.056169
-0.049691
-0.491746
0.022243
0.120594
-0.023010
-0.054457
0.021076
-0.068365
-0.459530
-0.339990
-0.101933
-0.083842
-0.054237
-0.085786
-0.038965
0.003078
-0.156284
-0.117072
-0.035974
0.079736
0.145532
-0.077726
-0.234709
0.095777
-0.149252
0.127776
0.011461
-0.092545
-0.109030
-0.007667
-0.119145
-0.108737
-0.034991
0.062477
0.016635
-0.062878
-0.114825
-0.058299
-0.023667
-0.109515
-0.048384
0.017218
0.001220
0.007560
-0.100007
0.062703
0.181431
-0.062860
-0.054606
0.019105
0.094847
-0.036837
0.026254
0.040177
0.001407
-0.232460
-0.089884
-0.253166
0.320711
-0.044269
-0.122973
-0.221606
-0.139875
0.539887
-0.095192
-0.137600
-0.031713
0.046939
-0.042924
-0.079832
-0.033200
-0.045411
0.082974
-0.036914
0.209554
0.222241
-0.201287
-0.052366
0.100482
-0.057560
-0.157655
-0.281713
-0.126450
-0.102231
-0.135040
0.062773
-0.270944
0.075254
-0.044800
0.098360
-0.077117
-0.034036
0.310673
-0.170275
0.074877
-0.121322
-0.100618
-0.001993
0.002678
-0.309922
0.063728
-0.052100
0.018452
0.059864
0.076483
-0.110936
-0.105757
-0.035272
0.264388
-0.096583
-0.207332
-0.009895
-0.304609
-0.070895
-0.050528
0.052185
-0.015844
-0.024693
-0.003303
0.165782
-0.043079
0.193940
0.093206
0.001568
0.110433
-0.046764
0.042439
-0.055037
-0.056686
0.162202
-0.120156
0.136154
0.007609
0.012097
-0.003717
0.000220
-0.085085
0.172118
-0.057155
0.143151
0.034128
0.055062
0.021663
0.041766
0.072184
0.186107
-0.058768
-0.042745
0.085756
0.051564
0.199452
0.024177
0.086548
-0.079631
-0.009467
0.069091
-0.325084
0.198027
-0.099976
0.230175
-0.011125
-0.023260
0.050503
-0.139782
-0.160471
0.003689
0.074755
0.109405
-0.035703
0.148247
-0.021573
-0.195356
-0.173480
0.041107
-0.035824
-0.046779
0.331237
-0.019697
-0.126466
0.035266
-0.202837
-0.058273
-0.067308
-0.000438
0.011082
0.010766
0.006424
0.033475
-0.002223
-0.046641
0.175984
-0.077547
-0.026587
-0.387386
-0.111952
-0.351313
-0.059264
0.024017
-0.064091
-0.022608
-0.141833
-0.090009
-0.004050
-0.054319
-0.014653
-0.100713
-0.114203
0.022635
-0.277362
-0.001653
0.097479
0.115249
-0.004697
0.038888
-0.129332
0.089449
0.000920
-0.017576
-0.044738
0.051968
0.128853
-0.054444
-0.119274
0.156649
0.039445
-0.050407
-0.128352
0.258270
-0.153429
0.064617
0.009317
-0.108196
-0.111082
0.079135
0.003064
0.140809
0.144195
0.131231
0.123903
0.034442
-0.066986
0.087344
0.141864
-0.061678
-0.041804
-0.013144
0.021994
-0.239790
0.075237
-0.219147
0.028921
-0.056261
-0.008698
0.045712
0.137146
-0.088851
-0.052274
-0.139973
0.061752
0.379775
0.015930
0.070628
-0.003246
-0.157848
-0.008809
-0.063359
-0.256608
-0.066856
0.044883
-0.086750
-0.173862
0.022765
-0.110121
-0.078402
0.234154
-0.210484
-0.081192
-0.027431
-0.291115
0.068919
0.223193
0.006655
0.051778
0.067388
-0.089437
-0.097591
0.087285
-0.213755
-0.070815
-0.095216
-0.062678
-0.080399
0.049300
-0.017990
0.127241
-0.107401
0.029269
-0.118801
-0.208174
0.096699
-0.465346
-0.138533
0.073389
-0.185982
-0.161401
-0.029707
-0.096691
-0.000791
0.027604
-0.157779
-0.088252
0.047569
0.013471
0.006355
-0.135148
-0.092475
0.088303
-0.036268
0.076703
-0.077135
0.059717
-0.016521
-0.058233
0.137450
-0.064912
-0.054840
-0.084932
-0.157582
0.159627
0.116464
-0.116781
0.083214
0.026414
0.020436
-0.063618
-0.027199
0.138646
0.089629
0.133080
0.089925
0.044497
0.028554
0.017718
-0.050046
0.151987
-0.318697
-0.092048
0.007011
0.001618
-0.253959
0.119154
-0.123481
-0.013520
-0.099432
0.334625
0.120829
0.300755
-0.006145
0.013494
-0.141406
0.062001
-0.056802
0.265580
0.017522
0.097558
-0.001632
0.014234
0.298762
-0.239828
-0.184412
0.110690
-0.006546
0.061274
0.279110
-0.055301
-0.013754
-0.000813
0.084133
0.065407
0.014808
0.021602
0.031309
-0.023599
-0.271043
0.006892
0.048325
-0.084034
0.025064
0.008746
0.062246
-0.024780
-0.170468
0.039561
0.068294
-0.076291
0.106383
0.084686
0.008987
0.074179
-0.069021
0.168854
0.099869
0.058752
-0.067427
0.123547
-0.006122
0.018421
-0.073367
-0.046064
-0.298501
0.049915
0.147999
0.035322
-0.029286
-0.047951
0.076977
-0.085938
-0.006850
0.337337
0.075143
0.058684
-0.005311
-0.011873
-0.052822
-0.058275
-0.025849
0.157440
0.029494
0.027322
0.070687
0.025667
0.202508
-0.117429
0.019420
0.097685
-0.045635
-0.019225
0.183277
-0.019786
-0.192439
0.004371
0.059244
0.001848
0.035286
-0.009669
-0.161297
-0.123053
0.232258
0.021419
0.221138
-0.007704
0.012482
0.009766
-0.022641
0.051377
0.126255
0.088195
-0.060483
0.171982
0.102923
-0.058709
0.037351
0.152328
-0.051550
0.078252
-0.157334
0.041624
0.010023
0.069808
-0.042389
0.164469
-0.059280
-0.066114
-0.191693
-0.075622
-0.047421
0.017163
0.178711
-0.010520
0.055770
0.016430
0.000782
0.013536
0.177819
0.038183
-0.050481
-0.039749
-0.009849
-0.042644
0.058253
-0.105500
-0.069434
-0.009848
0.058314
-0.202690
-0.038714
0.046082
0.171011
-0.186117
-0.085133
-0.034897
0.085098
-0.105020
0.127504
-0.126197
-0.127466
0.016771
-0.101879
-0.138379
0.108705
-0.066906
0.344018
-0.031922
-0.365892
-0.074400
0.283599
-0.043390
-0.038490
0.001811
0.037756
0.080875
0.068256
0.254071
-0.091219
-0.014001
-0.070028
-0.265592
0.044015
-0.169513
-0.185292
-0.200696
-0.057900
-0.092847
-0.057940
-0.232747
0.066698
-0.019592
0.121892
0.020716
-0.003859
0.068955
-0.183134
0.074001
-0.191240
-0.087662
0.044111
0.254913
-0.039659
-0.213559
-0.117488
-0.066115
-0.137272
-0.033065
-0.134103
-0.267655
-0.000858
-0.030912
-0.178304
-0.408171
-0.723155
0.014248
-0.117325
0.069107
-0.045202
-0.117381
0.070846
0.016597
0.056427
-0.026298
0.136011
0.001527
-0.005037
0.203227
0.156981
-0.067996
0.039793
-0.016242
-0.147264
-0.010708
0.014689
0.063453
0.063583
-0.060036
0.121224
-0.066957
0.125308
0.007099
0.028643
-0.033564
-0.054397
0.084344
-0.100891
-0.058329
0.078493
-0.048293
0.016597
0.183942
-0.027826
-0.060079
0.082984
0.195744
0.244417
0.038638
0.016065
-0.177852
0.177140
0.238787
0.284678
0.057610
-0.024801
-0.042187
0.041154
-0.254156
0.035411
-0.030409
-0.037174
0.050493
0.018687
-0.000241
-0.021716
-0.176462
0.097085
-0.005925
-0.180527
0.280406
-0.136987
0.011260
-0.142876
-0.112880
0.050830
0.013880
-0.133345
-0.028755
0.072018
0.016309
-0.093147
-0.093746
-0.013043
0.033109
-0.015622
-0.046865
0.196089
-0.048082
-0.030050
-0.081736
0.030159
0.028534
0.051340
0.056385
0.145977
-0.031742
-0.000878
0.076305
-0.062236
0.063450
-0.079096
0.120497
0.168772
0.011243
-0.143517
-0.114285
-0.061038
0.169160
-0.030669
0.178060
-0.203772
0.006314
-0.078781
-0.080405
0.121809
0.020722
0.244193
-0.087264
0.039687
-0.003983
-0.037447
-0.002611
0.048833
-0.012426
0.055899
0.008248
0.148513
0.000760
0.003283
-0.074651
0.076942
0.053815
0.117048
0.179648
-0.064818
-0.110075
-0.054436
-0.165816
0.215902
-0.089425
-0.000566
-0.004623
0.040936
-0.053066
-0.017898
0.089063
0.023122
-0.071742
-0.035909
-0.040040
0.209796
0.019859
0.027742
0.063784
-0.074228
-0.061939
0.054592
-0.093537
0.131756
-0.149939
0.136277
0.129391
-0.013105
-0.128660
0.022561
-0.010829
0.225382
-0.047335
0.006918
-0.056052
-0.087403
0.225733
0.039691
0.044323
-0.140329
0.008490
-0.143419
-0.198262
0.123911
0.017502
0.056884
-0.100228
-0.000583
-0.080018
-0.112272
-0.084381
-0.045443
-0.141598
-0.041332
0.051800
0.102878
0.031878
-0.248820
-0.119236
0.068113
0.212047
-0.003916
0.177476
-0.074682
-0.183109
-0.076199
-0.105111
0.119312
-0.107482
0.041946
-0.095806
-0.164235
0.121497
0.045183
0.202120
0.067823
0.165710
0.043347
0.050988
-0.151419
0.030768
0.008372
0.033101
-0.044526
0.017501
0.102080
-0.359183
-0.121527
0.085439
0.029932
0.063242
0.055159
0.327179
-0.017334
-0.434069
-0.069406
-0.142032
0.359571
0.087038
-0.066885
0.009118
-0.041049
-0.145201
0.073978
0.008554
0.014858
-0.033108
0.005866
0.001909
0.338493
0.043812
-0.025976
-0.297393
-0.029198
-0.250664
-0.027428
0.075311
0.009683
-0.017762
0.175424
-0.082644
-0.160989
-0.031204
0.088476
-0.097807
-0.163048
0.311362
-0.023404
-0.066966
0.000707
-0.352903
-0.314974
-0.012267
0.066415
0.089936
-0.108643
-0.040970
0.024140
-0.154560
0.016748
0.053359
-0.049835
-0.004217
-0.382894
-0.022125
0.064249
-0.110063
-0.097408
0.000696
-0.008136
-0.111089
0.110397
0.146829
-0.064833
0.207286
0.038632
-0.121634
-0.081525
0.039259
-0.197867
-0.214977
-0.101732
0.027635
0.000144
-0.049216
0.028400
-0.074056
-0.050754
-0.038645
0.032393
0.182084
-0.135923
0.156114
-0.324986
-0.121613
-0.066830
0.004691
-0.240718
0.128667
0.054519
-0.093412
-0.033517
-0.078882
-0.052680
0.066291
-0.086902
-0.124548
0.074224
0.114862
-0.113126
-0.000265
-0.135431
-0.006899
-0.126148
0.203885
0.212187
0.037306
-0.119795
-0.023201
0.041547
-0.045418
0.062006
0.013943
0.012712
-0.040690
-0.200271
0.013501
0.037728
-0.050838
0.122244
-0.109247
0.041977
-0.085626
0.042980
-0.032153
0.160438
-0.011731
0.141488
0.098954
0.007325
0.103354
-0.009143
0.310432
-0.042384
-0.241913
0.141035
0.059502
0.028350
0.060865
-0.122531
-0.110141
-0.226220
-0.011588
0.070255
-0.066546
-0.129460
-0.058363
-0.032019
-0.082571
-0.074835
0.217325
-0.024114
0.134478
-0.103841
-0.047875
-0.061151
-0.085619
-0.142513
0.165980
0.118867
-0.070044
0.060394
-0.064522
0.285296
-0.158336
-0.189225
0.185838
-0.005729
-0.006033
0.033475
0.057896
0.018337
0.005957
-0.048086
0.173333
-0.049620
0.012049
0.250127
0.086519
0.279547
0.042954
0.126163
-0.080412
0.367247
0.033490
0.044766
-0.075294
0.014588
0.072902
0.074899
0.132669
0.116326
-0.052649
-0.091811
0.116106
-0.073275
0.244049
-0.064969
0.362340
0.194589
-0.271087
-0.090031
0.087782
-0.097495
0.014854
0.324923
-0.077259
0.250446
0.130570
0.041768
0.158781
0.078934
-0.087280
0.057066
0.173900
0.248804
0.140262
-0.081628
0.247821
0.017110
-0.062401
-0.005801
0.242650
0.361875
0.044315
0.126785
-0.179764
0.086337
0.032853
0.032191
0.227489
-0.101777
-0.161048
0.047032
0.043407
-0.002609
-0.069440
-0.000296
-0.060201
-0.081170
-0.130545
0.044783
0.001537
0.079517
-0.059009
0.086970
-0.076389
-0.007357
-0.119031
-0.009140
-0.052610
-0.090611
0.115610
-0.048080
0.196415
0.008805
0.064024
-0.069144
0.128681
-0.054840
0.146880
-0.066491
-0.311957
-0.026744
-0.073935
-0.068159
-0.031772
-0.015614
-0.294097
-0.284573
0.039896
-0.091011
0.065715
-0.084646
-0.072483
-0.010490
-0.069591
0.039676
0.031435
-0.038221
-0.016194
0.064944
-0.145576
-0.114203
-0.060039
0.080343
-0.086488
-0.167980
0.018641
0.067703
-0.242184
-0.034048
-0.005531
-0.036826
-0.111226
0.012547
-0.122248
-0.112957
0.003329
-0.029778
-0.077948
-0.340757
0.000731
0.008899
-0.025935
-0.141752
-0.080780
-0.039225
-0.047576
-0.119919
0.034842
0.138212
-0.116735
-0.100636
-0.023554
-0.181298
-0.115439
0.129950
-0.239884
-0.040174
-0.103028
0.055370
-0.084788
-0.038311
-0.030389
-0.212547
0.068052
-0.185024
-0.310966
0.026259
-0.150862
0.019452
0.047515
-0.393095
0.036046
0.126122
0.069613
-0.028827
0.122771
-0.197628
-0.045200
-0.019614
0.049928
0.053007
-0.136460
-0.043429
0.097850
0.025888
-0.011060
-0.097773
-0.158216
-0.106879
-0.144840
-0.041330
-0.310164
-0.189025
-0.147616
-0.144873
-0.072207
-0.009693
-0.128635
-0.229367
-0.043953
-0.002927
-0.071571
-0.070876
0.066847
-0.032738
0.056489
-0.029763
0.069936
-0.056955
-0.004928
0.034132
-0.050899
0.075358
-0.015149
-0.081438
-0.082561
0.015898
0.062030
0.077569
0.069059
-0.014940
0.013322
0.010780
0.010423
0.001357
0.057519
-0.020822
0.015236
-0.015343
-0.046334
-0.059844
0.020429
0.010987
-0.019426
0.011762
0.006715
0.030029
-0.034644
0.052352
-0.065009
0.037448
-0.058983
-0.055208
0.055205
0.028676
0.038291
0.082723
0.008456
0.025399
0.018029
0.020514
-0.060488
-0.086105
0.017129
-0.004115
-0.047641
-0.004457
-0.077916
0.013019
0.044076
-0.054890
-0.060133
-0.041453
-0.023212
0.044976
0.007042
0.064729
-0.315278
-0.060561
0.000250
-0.186174
-0.130772
-0.097539
-0.088880
-0.124814
0.032443
0.062701
0.021080
-0.065831
0.062536
-0.201118
0.129344
-0.054006
-0.135325
0.062222
-0.235319
-0.026794
0.040408
0.019945
0.028298
-0.298824
0.045021
0.265100
0.270863
0.007055
0.140429
0.050086
0.121799
-0.235182
-0.036341
0.006242
0.016895
0.022283
-0.155404
0.089064
-0.028430
-0.059450
0.023212
0.422898
-0.053890
0.063317
0.015613
-0.028222
-0.052568
-0.236275
-0.019313
-0.076633
0.145985
-0.105938
-0.268698
-0.032601
-0.127827
0.023073
0.238047
-0.027860
-0.096183
0.117452
-0.053741
-0.002725
-0.036493
0.109831
-0.154317
-0.101917
-0.012053
0.112929
0.015773
0.090216
0.027517
0.161532
-0.017591
-0.029680
0.006137
0.052121
0.016080
0.106543
0.241735
-0.155511
0.061520
0.061153
-0.028448
-0.051835
0.011482
-0.042146
-0.043720
-0.031791
0.111112
-0.239278
0.180866
-0.062380
0.191830
-0.052701
-0.024191
-0.304542
-0.028414
0.100996
0.165755
-0.003308
-0.070215
0.139263
-0.091544
0.037567
0.231350
0.216268
0.089575
0.004246
-0.065847
-0.082298
-0.073823
0.139166
0.145900
0.008359
0.069354
0.129592
-0.008231
0.224749
-0.198269
0.109735
0.046146
0.028359
0.095301
0.044440
-0.074875
-0.043498
0.045710
-0.080284
-0.067442
-0.022957
-0.067673
-0.163436
-0.071999
0.063557
0.029666
0.213847
-0.056799
0.063424
-0.052535
-0.009821
-0.052026
-0.099798
-0.091589
0.315386
0.232674
-0.040294
0.032576
-0.036617
-0.085166
0.030058
-0.071590
-0.038913
-0.514943
0.152154
-0.406831
0.033080
-0.384087
0.049653
-0.091404
-0.192245
-0.094961
0.011069
0.027408
-0.220576
0.028966
-0.228595
-0.037882
0.036370
-0.179925
-0.060356
0.007456
-0.007569
-0.287236
-0.000318
-0.075290
-0.180909
-0.020567
-0.138729
0.014669
0.096008
-0.159272
-0.220029
-0.065819
0.005791
0.026522
0.046007
0.124533
0.333878
0.034039
0.108981
0.029283
0.055645
-0.078355
0.036779
0.075277
0.077245
0.060325
-0.035975
-0.031649
-0.094516
-0.028674
-0.068086
0.012759
-0.076441
-0.027125
0.284975
-0.036322
0.079577
0.143547
-0.044536
0.072274
-0.075459
-0.035787
-0.018016
-0.066302
-0.051772
-0.017481
0.041485
0.218548
-0.094236
0.217325
-0.033185
0.140295
0.194132
0.011990
-0.016920
-0.130873
-0.070899
-0.083684
0.115508
-0.076382
-0.016973
-0.170344
-0.004197
-0.128686
-0.015171
-0.085857
0.013932
-0.063454
0.041028
0.109314
-0.031049
-0.085582
-0.085982
0.285248
0.053803
0.018661
0.063384
0.001840
-0.044656
-0.020793
0.203615
-0.027990
-0.180647
0.086947
0.083092
0.003553
0.033732
0.062389
0.106516
0.014857
0.130738
-0.073792
0.043342
0.018122
0.133749
0.005410
0.043450
0.042401
0.181862
-0.040220
0.093078
0.052516
-0.001991
0.124934
-0.036716
-0.113130
0.020521
-0.235871
0.262786
0.086231
-0.094094
0.086330
-0.086839
0.144156
-0.035774
0.138405
-0.050193
-0.010100
0.266345
0.081298
0.020658
-0.099408
0.105504
-0.079043
0.050238
0.139774
0.123437
0.002579
-0.013510
-0.013227
-0.019517
0.005085
0.269065
0.171404
-0.180894
-0.351735
0.070979
0.146448
0.075544
-0.018766
-0.018065
-0.015965
-0.097568
0.073853
0.240774
0.030233
-0.181920
-0.017648
0.248692
0.092488
0.051719
0.086866
0.235685
-0.046899
0.158913
0.006265
-0.055952
-0.072680
-0.195317
-0.073557
-0.095604
-0.008032
0.201930
-0.032566
-0.030545
0.386187
-0.025369
-0.219645
0.015273
0.230650
0.009376
-0.220967
-0.042992
-0.139920
0.081169
-0.089438
-0.086310
-0.149070
-0.056730
-0.014331
0.445358
0.038356
0.156377
-0.072803
-0.013598
0.102332
0.166002
0.063106
0.046442
-0.080000
-0.049099
-0.233899
-0.010772
-0.009288
-0.045202
0.026359
0.050326
0.162466
0.077463
0.065342
0.031738
0.032467
-0.429446
-0.039520
0.031617
0.038801
0.041030
-0.099066
0.040018
-0.012201
-0.006186
0.006890
-0.175593
0.019531
-0.051917
0.124392
-0.032483
-0.020871
-0.051413
-0.046218
0.006324
-0.033344
0.120641
-0.064291
-0.006251
-0.028665
-0.244661
-0.066683
0.175084
-0.051439
-0.063847
0.188401
-0.013840
0.015973
-0.001499
0.192731
-0.067047
0.077406
0.054912
-0.404114
-0.086608
-0.030837
-0.100933
0.137715
0.073111
0.003108
-0.088001
-0.072777
-0.162240
0.259765
-0.170645
0.019977
-0.053522
-0.140045
0.032054
0.077093
0.048078
0.198413
-0.044495
0.021223
-0.184610
0.013993
0.068755
0.026931
-0.098668
-0.066561
0.009585
-0.152416
-0.217384
-0.009152
-0.077756
0.004905
-0.075618
-0.102385
0.157416
-0.075694
-0.084250
-0.138768
-0.048277
0.134918
-0.002643
-0.053797
0.122427
-0.041632
0.103661
-0.005982
0.110330
-0.107759
0.038953
-0.033134
0.105713
-0.113125
0.015128
0.019938
-0.150936
0.055597
-0.079096
0.026192
-0.039780
-0.254621
-0.043655
0.071412
-0.013908
0.113987
0.002787
0.172970
-0.070205
0.037853
0.003879
-0.051026
0.153133
-0.089936
-0.013805
0.054766
0.207487
-0.022663
0.071484
0.019361
0.140712
0.024635
0.007022
0.007981
-0.093039
0.047685
0.143780
0.166986
-0.061120
-0.066878
0.045884
-0.157702
-0.119995
0.125489
-0.000919
-0.060155
-0.095911
0.005711
0.104390
0.062006
0.107965
-0.046899
-0.040004
0.057806
-0.019805
-0.171327
0.192190
0.041794
-0.018764
-0.023683
-0.255910
0.030172
0.065354
-0.031486
0.039674
-0.038053
-0.239225
0.102120
0.093387
-0.068297
-0.143243
-0.173942
-0.090175
-0.200470
0.046546
0.536817
0.192882
-0.025923
0.033160
-0.079034
-0.046497
0.243723
-0.110112
0.140879
-0.065459
-0.095378
0.162058
0.093182
-0.167027
-0.118250
-0.370901
-0.036058
0.031520
-0.074966
0.282990
0.053216
-0.116254
-0.362629
-0.128850
0.005086
-0.190916
0.332732
0.172527
0.084001
-0.023351
-0.070302
0.025935
0.014452
-0.092282
0.081214
-0.011425
0.194299
0.098914
0.033501
-0.066521
-0.077542
-0.245839
-0.268823
0.030535
-0.104079
-0.007898
0.046634
0.084087
0.054230
-0.131367
0.039136
-0.355696
0.009529
0.023665
-0.090357
0.096944
-0.029702
0.433256
-0.390755
-0.090035
-0.040144
0.047806
-0.167138
-0.033219
0.139169
0.129807
0.041819
0.091963
0.419655
-0.037778
0.001618
0.021117
0.280937
-0.034271
-0.081805
0.231425
0.068406
-0.124636
-0.101118
0.036741
0.006454
0.031198
0.198049
0.156470
0.272344
0.003541
-0.134330
0.010497
-0.047082
0.012534
0.098705
0.300169
0.141707
0.151735
0.254335
0.240048
-0.184991
-0.083093
0.015441
-0.018382
0.205515
-0.157987
-0.008353
-0.075962
-0.042581
0.009981
-0.048814
0.051646
0.032859
0.238227
0.016197
0.193405
0.005132
0.059586
-0.050317
-0.066662
-0.045631
0.022499
0.006637
0.123461
0.154550
0.097271
-0.138273
0.024126
0.132015
0.075428
0.000197
-0.004036
-0.020067
0.073296
0.066790
-0.197254
0.099617
-0.033412
0.082321
0.025886
0.189634
0.135209
-0.002662
-0.120500
-0.039343
-0.157362
0.038147
0.176574
0.055104
-0.022805
0.127061
-0.030594
0.076192
0.023794
0.094504
0.069579
0.016426
0.040935
-0.042403
-0.068154
0.096304
0.137501
-0.068442
-0.000562
0.310060
0.236016
0.106605
-0.066801
0.040072
0.203420
-0.002984
0.004298
0.007840
-0.054623
0.072808
-0.085153
0.059230
-0.057525
-0.174848
0.105118
-0.000027
-0.161457
-0.013008
0.123675
0.023878
-0.063763
-0.007710
0.078604
0.124295
0.115662
0.059189
-0.092609
-0.187811
-0.091277
-0.015979
-0.080433
0.149361
0.131763
-0.045617
0.071573
0.004845
-0.080476
0.058709
-0.082407
0.371356
0.193050
-0.061757
0.128907
0.345758
-0.028433
-0.172496
-0.250993
0.051729
-0.063778
-0.051015
0.090421
-0.038586
-0.055926
-0.101528
-0.088212
0.009914
-0.121344
0.094092
0.017463
0.040006
0.203746
-0.002709
0.009124
-0.392288
-0.097082
0.139645
-0.033244
-0.057734
0.117645
-0.010419
-0.251848
-0.098085
-0.168700
-0.091202
-0.033992
0.246403
-0.003237
-0.063991
0.049770
0.020037
-0.171137
-0.109750
-0.217128
0.028389
0.026380
-0.037649
-0.115778
0.016074
-0.125268
-0.159557
-0.101093
0.103127
-0.004018
0.379742
-0.107782
0.103452
0.068325
0.224394
-0.003967
-0.160888
-0.000921
0.149043
0.102249
-0.050726
0.082066
-0.054132
-0.173606
0.159494
-0.028605
0.130633
0.293742
-0.089146
0.020331
0.096125
-0.075952
-0.026284
-0.075335
0.144568
-0.039828
0.008196
0.206921
-0.076250
0.149346
-0.059626
0.187361
0.213699
-0.011019
-0.039752
0.197940
0.157077
-0.033368
-0.065392
-0.227075
-0.067535
-0.108666
-0.027720
-0.196664
0.009378
-0.033469
0.095965
-0.019076
0.231780
0.203554
-0.090031
-0.465084
-0.004885
0.006156
0.024384
0.054543
-0.089724
0.276935
-0.088406
0.234530
-0.091572
-0.110780
0.003867
0.017595
0.005961
-0.058759
0.349796
0.107054
0.231883
-0.005481
-0.075644
-0.017682
0.096049
-0.052628
0.345782
0.173122
-0.066288
0.103220
0.058128
-0.218424
-0.189116
-0.047726
-0.064500
-0.016034
-0.044457
0.015475
0.114523
0.015816
0.081550
-0.066993
-0.076759
-0.049576
-0.039256
0.053439
-0.169953
0.091963
0.376951
0.254554
-0.054274
0.206774
0.277057
-0.063951
-0.017121
0.300532
0.015913
-0.029106
-0.014257
-0.398475
0.131910
0.049731
-0.300774
-0.182994
-0.129932
0.042180
0.042986
-0.188060
0.019483
0.244611
-0.106154
0.019378
0.025009
-0.301947
-0.122369
-0.166400
0.299404
-0.074111
-0.561005
0.008272
-0.096493
-0.040594
0.385699
-0.098532
-0.071598
-0.287318
0.103326
-0.072122
-0.066914
0.000274
0.249809
-0.025342
-0.067281
0.053688
0.083108
-0.000860
-0.012053
-0.351965
-0.042848
-0.021110
-0.026778
-0.074523
0.004483
-0.087956
-0.205396
-0.107477
0.060300
-0.208195
0.236671
0.031502
0.343000
-0.070854
-0.193202
-0.046349
-0.094726
-0.057667
0.126614
-0.003124
-0.231888
-0.023312
0.038691
-0.181817
0.011874
-0.080383
-0.153548
-0.054152
-0.052097
-0.205986
0.140800
0.161565
-0.043700
-0.036531
-0.094937
-0.158769
0.041770
-0.053004
-0.056563
0.016263
-0.041086
-0.079435
-0.197318
0.108638
0.088307
0.052204
-0.046429
0.020270
-0.144309
-0.015388
-0.196364
-0.089609
0.177788
-0.079768
-0.187494
-0.025314
-0.180554
-0.101612
0.029503
-0.294254
-0.305979
0.137765
0.146986
-0.036130
-0.007048
0.014482
0.008945
-0.214779
-0.053836
-0.079030
-0.197360
0.033234
-0.083807
0.178809
-0.126108
-0.135055
-0.249314
-0.134729
-0.205267
-0.062937
0.222963
-0.036900
-0.259934
-0.044516
0.008218
-0.015403
-0.062038
0.004714
-0.061187
0.043053
-0.017173
-0.070860
0.097182
0.324490
0.012684
0.033091
-0.016905
0.040837
-0.172898
-0.073457
0.008955
-0.019723
0.003367
0.128765
0.108752
0.154714
0.074518
-0.124620
0.075331
0.000577
0.050933
-0.029146
-0.198830
0.122286
0.148956
0.009324
-0.020005
0.015228
0.052646
-0.003742
-0.041170
0.143610
0.027839
0.071106
0.128779
-0.187622
-0.169873
0.106287
-0.037944
0.012544
-0.034286
0.151880
-0.024617
-0.015977
0.022393
-0.000290
0.045555
0.028337
-0.005039
0.008788
0.092531
0.208945
0.204656
0.030906
-0.167425
0.074855
0.231948
0.034428
-0.102374
-0.206864
0.004987
-0.255388
-0.066348
-0.167445
0.075691
-0.063822
0.148717
-0.037587
-0.110883
-0.206971
-0.016290
-0.344747
0.054428
0.001364
0.075871
-0.002886
0.046391
-0.082954
0.034054
0.172959
-0.396379
-0.217502
0.028081
-0.091075
0.048128
-0.039540
0.336508
0.193908
0.249517
0.031046
-0.249301
-0.096201
0.287782
-0.044044
0.238545
-0.018908
0.021856
-0.039555
0.106544
-0.140506
0.126297
0.039509
0.005237
0.064919
-0.101673
-0.167913
0.110522
-0.012659
0.055904
0.018832
0.048773
-0.139573
0.265928
0.140663
-0.119756
-0.143186
0.033718
0.077780
0.161206
0.067980
0.051957
0.042511
0.015998
0.347953
-0.019338
-0.059412
-0.059616
-0.019345
-0.035542
-0.087528
0.136222
0.075825
-0.072379
0.052066
0.069555
0.047480
-0.070517
-0.063481
-0.080629
-0.032658
-0.059835
0.069197
-0.001166
0.059082
-0.086606
-0.205869
-0.133605
0.058408
-0.059291
-0.061055
-0.090255
0.132206
0.027061
0.235772
-0.150921
-0.111550
0.141226
-0.102837
0.252213
-0.039957
0.009172
0.281360
0.082945
-0.184306
-0.120374
-0.172967
-0.006422
-0.077332
-0.133782
0.041370
0.040119
-0.057352
0.081534
-0.047175
-0.086169
-0.047710
0.064207
-0.082289
0.017456
0.126475
0.027142
-0.055717
0.116302
-0.233836
-0.013682
-0.094505
-0.060784
-0.002874
-0.098940
-0.189716
-0.126384
-0.027505
0.136171
-0.076839
0.190855
0.042923
-0.032440
0.203248
0.041292
0.215760
-0.091959
-0.146377
0.004574
-0.059805
-0.028570
0.035416
-0.036901
0.169533
-0.068941
0.039407
-0.015583
-0.062098
-0.103030
0.073318
-0.185556
0.039597
0.072555
0.235019
0.014674
-0.108624
0.153499
0.023915
0.161377
-0.036307
0.057702
-0.071383
-0.163227
-0.110135
-0.046499
0.012176
-0.037702
-0.032693
0.045573
0.066369
0.112098
0.029081
-0.031994
0.000056
0.054320
0.087784
0.116146
-0.111370
-0.040532
0.173426
0.025302
-0.114953
-0.102151
-0.203139
0.060437
-0.105723
-0.052380
-0.062552
-0.046361
-0.160741
-0.040592
-0.140366
-0.022742
-0.075255
-0.294828
-0.107599
0.158133
0.084198
0.045758
0.244486
-0.070576
-0.016648
0.024663
-0.016270
-0.067932
-0.420572
-0.186805
-0.066420
-0.117376
0.192883
-0.152227
0.001241
-0.303712
-0.076130
-0.499562
-0.094193
-0.178977
0.052907
-0.252587
-0.078180
-0.299643
0.014284
-0.245138
-0.247643
-0.055146
-0.021975
-0.341558
0.120661
0.044379
-0.027569
0.035276
-0.067076
0.084124
-0.097606
-0.233332
-0.046733
-0.270480
-0.036322
-0.066466
-0.099692
-0.166158
0.017108
-0.033232
-0.098571
-0.273300
-0.015326
-0.250701
-0.235188
-0.107947
0.060680
-0.099439
-0.171271
-0.078654
-0.006563
-0.111048
-0.193632
0.141992
-0.036859
-0.101368
0.013655
0.057430
-0.072341
-0.013414
-0.535738
-0.046089
0.169666
-0.118951
-0.039559
-0.003764
-0.144426
-0.059848
0.043136
0.079737
-0.057429
-0.099814
0.044832
-0.162014
-0.062606
0.485524
0.186294
-0.085273
-0.199580
-0.011172
0.001712
0.179582
0.039566
0.098523
0.067511
0.044843
-0.000831
0.169340
-0.101583
-0.036746
-0.358473
0.044465
0.006297
-0.010802
-0.066739
0.078851
-0.057326
-0.215815
0.031344
0.074875
-0.294684
0.066666
0.009447
0.113404
-0.077458
0.064055
-0.173716
-0.176000
0.265208
0.067066
-0.029393
-0.128066
0.070734
-0.006713
-0.037537
0.027775
-0.050450
-0.092137
0.027834
0.051763
-0.133924
-0.071096
0.109128
0.041571
-0.176851
-0.087634
-0.113630
-0.016805
-0.018942
-0.011084
0.059517
0.052818
-0.027686
-0.030256
-0.157431
0.094895
-0.044540
0.006104
-0.082233
-0.365179
-0.014714
-0.065672
-0.108412
0.137813
-0.148054
-0.521018
0.077861
-0.156851
0.114761
0.046659
-0.112460
-0.073906
0.085505
0.151345
0.134424
0.071736
-0.025805
-0.039271
0.010785
-0.003880
-0.079575
-0.100791
0.084667
0.042194
0.211562
-0.027580
0.063916
-0.378850
0.097713
0.021320
-0.175874
-0.048576
0.162555
-0.148661
-0.116359
0.169821
-0.025127
-0.062784
-0.006049
-0.079088
0.149267
-0.115460
-0.067013
0.016177
0.046561
0.042560
0.145300
-0.079937
0.196134
0.011480
-0.162532
0.060531
-0.012701
-0.010416
0.014567
-0.120948
-0.073607
0.047577
0.015524
0.228347
0.033263
-0.057641
-0.059425
-0.296660
0.027736
0.050274
0.019554
0.016051
0.042681
0.057440
0.009282
-0.047654
-0.005838
0.001749
-0.202181
-0.333300
0.027209
0.003831
0.155531
-0.076422
0.066195
0.211920
-0.073523
-0.112159
-0.090435
0.132311
0.016811
0.051300
0.254679
-0.010519
-0.058430
-0.007770
-0.007116
0.049635
-0.164962
0.056071
-0.044037
-0.139370
0.009857
-0.190416
-0.102015
-0.069532
0.077335
0.022140
0.023002
-0.085817
-0.096592
0.111341
-0.216702
0.056115
0.101477
-0.012533
0.181392
0.050974
-0.159289
-0.036641
0.062831
-0.090644
0.131748
-0.172579
0.026567
0.021836
0.040498
0.261628
-0.092025
-0.140392
-0.077026
0.041404
-0.047511
-0.090181
-0.074681
-0.011456
0.020558
0.047172
-0.092330
-0.145151
-0.081703
-0.046861
-0.053373
-0.099600
-0.036497
0.122617
0.006859
-0.086960
-0.016438
0.038898
-0.122066
0.010036
-0.069476
-0.064080
0.005567
-0.042820
0.070059
0.048490
-0.149166
-0.236233
0.074078
0.220095
0.081335
0.125028
0.013503
-0.115599
-0.082149
0.020073
0.129471
0.057073
0.016996
0.001418
0.026607
0.215829
-0.060318
-0.292564
0.207556
0.062985
0.063581
-0.074477
-0.340622
0.042655
0.069480
-0.050948
-0.081463
-0.085549
0.383030
0.133892
-0.238465
-0.190223
-0.031180
0.138908
0.012770
0.113540
-0.084904
0.137657
0.070658
-0.167631
0.277324
0.351826
-0.025813
0.039930
-0.059034
-0.137671
0.053480
0.016968
-0.115112
0.157283
-0.023154
-0.064311
0.253701
0.024901
-0.067642
-0.116899
0.013419
-0.190189
0.009509
-0.085652
-0.092412
-0.033844
0.181972
-0.200438
-0.362054
-0.319955
0.050021
0.195115
0.243358
0.145974
0.131376
-0.116102
0.030465
-0.166023
0.130730
0.010573
-0.128071
-0.081480
0.044122
-0.004636
-0.002387
0.264142
-0.099591
-0.145093
0.068434
-0.053367
-0.184307
-0.029062
-0.008138
-0.003841
0.030752
-0.041920
0.048110
-0.013312
0.257005
0.057396
-0.040817
0.077939
-0.027268
-0.309689
0.060893
0.039414
-0.000704
-0.302963
-0.050259
-0.099965
0.046729
-0.001111
-0.109809
0.105150
-0.226745
0.060628
-0.073704
0.133770
-0.069190
-0.228559
-0.328787
-0.011987
-0.000696
-0.295380
-0.218114
0.092986
-0.025298
-0.090106
0.029004
0.006301
-0.067960
0.160427
-0.009049
0.049221
0.079954
0.131538
-0.220585
0.003102
0.110085
0.067638
-0.075528
0.024298
0.305074
0.034579
0.059209
-0.141987
0.037738
0.070558
0.034892
0.140131
0.063246
-0.309706
0.070203
-0.030882
-0.056054
-0.125169
0.042299
-0.059096
-0.081056
-0.006426
-0.175206
-0.120087
0.084924
-0.032486
0.011564
-0.191937
-0.081111
-0.096959
-0.036824
-0.025744
0.058244
-0.091598
0.029100
-0.209979
0.030888
0.092233
0.015618
0.060687
-0.385500
0.047137
0.117170
0.103596
-0.051898
0.005191
-0.265776
-0.067103
0.065313
-0.233860
-0.164302
-0.015230
0.027742
-0.140194
-0.058569
-0.019204
-0.102440
-0.137791
-0.107991
0.136655
-0.144729
0.041839
-0.107436
-0.008911
0.064908
0.007349
-0.083335
-0.023833
0.147231
-0.038672
-0.046800
0.019931
0.167339
0.081184
-0.099046
-0.045947
-0.042408
-0.105457
0.106294
0.010716
0.088800
-0.016984
0.302998
0.054592
-0.019146
-0.032412
-0.178268
0.318282
0.129639
0.036581
0.013434
-0.211194
-0.111314
0.175037
0.056266
0.245407
0.107520
0.280393
0.130946
-0.179241
-0.120535
-0.062182
-0.101956
0.149842
0.196560
-0.021469
-0.060311
-0.021002
0.205048
0.021807
0.089038
-0.095614
-0.033060
0.014045
0.021807
0.042890
-0.005785
0.123256
-0.018419
0.051560
-0.025159
0.084765
0.202351
-0.037845
0.159257
-0.043363
-0.006989
0.132480
0.060876
0.197226
-0.070052
-0.189448
0.137855
-0.053120
0.244450
-0.059121
-0.126055
-0.123928
-0.048341
-0.148522
-0.144567
-0.023326
-0.020022
-0.018421
-0.100569
-0.125248
0.018889
0.032822
-0.073684
-0.102012
-0.359016
-0.091878
-0.172395
-0.068713
0.149651
0.055859
-0.075403
0.044898
-0.076210
0.110610
0.104692
-0.394609
-0.013290
-0.194143
-0.079136
0.013913
-0.051324
-0.021147
-0.371826
0.022441
-0.103624
0.074507
-0.000740
0.030231
-0.104465
0.047674
-0.078847
-0.022696
-0.145863
0.015230
-0.073538
-0.216994
-0.021110
-0.058642
-0.049684
0.038920
-0.012393
0.085725
-0.204142
-0.075094
0.017478
-0.267877
0.033474
-0.045536
0.025863
-0.224010
0.150907
0.020819
0.064645
0.026153
-0.255842
0.066523
0.016699
0.312277
-0.080669
0.073628
-0.085008
-0.100651
0.092204
0.040121
-0.167959
-0.052114
-0.042275
-0.040806
-0.251576
-0.095761
-0.118087
-0.240579
0.044038
-0.031957
0.068964
0.170296
0.020711
0.100775
-0.014802
-0.064381
0.077968
-0.272650
-0.108364
-0.153790
0.072595
-0.055509
-0.107935
-0.015050
-0.217258
0.068514
-0.109970
-0.027691
0.051165
-0.009918
-0.041113
-0.040368
-0.320925
0.074741
0.005169
0.182487
0.018359
0.075079
0.092496
-0.160095
0.047963
0.171904
-0.284277
0.062130
0.079030
-0.022393
0.097684
-0.128856
-0.073844
-0.319588
0.000637
-0.056356
0.064306
-0.087049
0.085739
0.047056
-0.022992
0.033747
-0.000814
-0.001598
-0.035339
-0.069667
0.013428
0.037425
0.000724
0.073642
0.084067
-0.061577
0.051612
0.004456
0.020289
0.040364
-0.008347
-0.079394
0.012171
-0.001835
0.073704
-0.077710
0.068514
0.027898
-0.078538
-0.022623
0.036585
0.043522
0.044574
-0.039613
0.016411
0.068702
-0.012797
0.008176
-0.082195
0.013301
0.007843
0.045667
0.080837
-0.027019
0.054148
0.001866
0.070152
0.044699
-0.004104
-0.065838
0.078351
0.022162
0.038192
-0.024212
-0.071411
0.038963
0.045807
0.064685
0.053042
-0.026803
-0.005748
0.037798
-0.063637
0.043904
0.047153
-0.014581
-0.259128
-0.304377
-0.074607
-0.132222
-0.206799
0.112807
0.151564
-0.063057
-0.081034
-0.001750
-0.398115
-0.063903
-0.093246
-0.075484
-0.249211
-0.394200
0.293112
-0.195008
0.077019
-0.165818
-0.035101
-0.208226
0.060230
-0.102466
0.139530
0.035412
0.094772
-0.021574
-0.038815
0.077669
-0.154920
0.031522
-0.182744
0.014017
0.236952
-0.122007
-0.188089
-0.147721
0.139408
0.016608
-0.046337
0.023619
0.254479
-0.129636
-0.031370
-0.170096
0.043887
-0.076240
-0.269406
0.065147
0.023324
0.107156
0.011009
0.147102
0.018767
-0.343592
0.014514
0.036557
-0.055544
0.146485
-0.207437
-0.084360
-0.037983
-0.108551
-0.184868
-0.064424
-0.130245
0.008122
-0.023161
-0.016022
-0.027783
-0.065732
0.172683
-0.126173
-0.210417
-0.071213
0.056230
0.027239
-0.080886
0.011610
-0.054719
0.177875
0.105683
-0.326896
-0.071187
0.108672
-0.072346
-0.771718
-0.077460
-0.058015
-0.044656
-0.048333
-0.129778
-0.317206
0.060029
-0.177723
-0.165179
0.029882
0.165800
-0.147085
-0.022799
0.072944
0.163352
-0.078577
-0.035756
0.130493
0.166222
0.067308
-0.026418
0.148748
0.013840
0.031838
0.062214
0.113763
-0.053693
0.001242
0.033683
-0.153314
-0.093566
-0.259391
-0.106598
-0.126257
0.017827
-0.101409
-0.320039
-0.046634
-0.107553
-0.106176
0.330048
-0.061377
-0.101227
-0.228080
0.070243
-0.116502
0.003094
-0.054112
0.012117
-0.049648
-0.144980
0.019740
0.007915
0.026097
-0.245693
0.068074
-0.249777
0.427285
-0.211610
0.227495
-0.047930
0.047742
-0.101133
0.347333
0.063367
-0.212408
-0.565295
0.057416
-0.008836
0.064207
-0.006891
-0.023439
-0.323119
-0.101801
0.044791
0.175828
0.010649
-0.190953
-0.092589
-0.084798
-0.009338
0.073016
0.104431
0.144557
-0.042790
0.034279
-0.141367
-0.006517
0.145705
-0.048181
-0.276090
0.188029
0.102991
-0.151086
-0.562612
0.089785
-0.064853
-0.093183
0.069579
-0.174481
0.194370
-0.083245
-0.310893
-0.038015
0.012674
0.121465
-0.049823
0.213596
0.310419
-0.071343
0.147562
-0.036623
-0.094939
-0.163371
-0.164314
-0.030999
0.027301
0.048570
0.314781
0.016781
0.051269
0.318944
0.100256
0.060078
-0.030018
0.051218
-0.071315
-0.349404
0.070784
0.157746
0.100388
-0.041985
-0.029706
-0.274534
-0.066856
-0.150247
0.246091
-0.018182
-0.275137
-0.152682
-0.011799
-0.128009
0.016829
-0.024164
0.066328
0.026285
0.048767
0.030860
0.022980
0.057635
-0.022128
0.010686
0.149274
0.023600
0.010416
-0.108844
-0.028798
0.048820
-0.287166
0.035300
-0.024236
-0.019524
-0.082722
-0.082047
-0.007955
0.008427
-0.142229
-0.104119
-0.225450
0.046843
0.004346
-0.089213
0.083248
-0.010498
0.191678
-0.016755
0.112508
-0.046972
-0.213676
0.019192
-0.024018
-0.093758
-0.016784
-0.059166
0.004944
-0.061963
0.097314
0.175050
0.042985
-0.000571
0.056735
-0.014497
-0.075397
0.030704
0.130843
0.142800
-0.143785
-0.162917
-0.107816
-0.184977
0.018739
-0.102088
-0.185972
-0.172381
-0.137658
0.185466
0.115651
-0.015660
-0.029382
0.194585
-0.129607
0.063142
-0.080590
-0.020321
0.011128
-0.095780
-0.094796
-0.106971
-0.025841
-0.236668
0.061759
-0.286121
-0.116364
-0.134941
-0.068739
-0.061863
-0.093266
-0.323142
0.106459
-0.053302
-0.120515
0.015765
0.139229
0.076118
-0.053026
-0.093394
0.115615
-0.067027
0.042771
-0.026799
-0.377080
0.006207
0.109872
-0.052973
0.020219
0.035163
0.059314
0.252439
-0.159284
0.309640
-0.132225
0.080833
0.048673
0.259984
-0.028933
0.050059
0.206214
0.028317
-0.125185
0.078162
-0.110438
-0.124803
0.001259
0.002975
0.289837
0.033438
-0.015218
0.263293
0.076213
-0.011157
-0.280114
-0.083493
0.011672
-0.069669
0.280128
0.005971
-0.059585
-0.134952
-0.008072
-0.092411
-0.078768
0.045131
0.130088
0.030456
0.146312
0.056303
-0.175520
-0.191384
0.206242
0.033742
-0.058894
0.155834
-0.067332
0.044535
-0.352378
-0.067751
-0.065881
-0.044091
-0.094090
0.363460
0.046387
0.012416
-0.033874
-0.074549
0.306922
0.051655
-0.213695
-0.000328
0.000917
0.018427
-0.095190
0.201788
-0.133071
-0.022392
0.026184
-0.095466
-0.022515
0.188737
0.028275
0.270311
0.197559
0.202723
0.145419
-0.285569
-0.075746
0.034020
-0.048668
-0.028747
0.224785
-0.027344
0.121637
0.053418
-0.231236
-0.098162
0.069203
-0.001793
-0.098117
-0.154393
0.102646
0.098993
0.037216
0.304188
-0.000334
-0.029526
0.329648
-0.009332
0.185880
0.198730
-0.000987
-0.018851
-0.009899
0.170254
0.222866
0.109410
-0.082311
0.117921
-0.019363
0.040357
0.086401
-0.031896
-0.154818
-0.056061
0.052618
0.047371
0.017179
0.087328
0.042197
0.054790
0.035317
-0.045401
-0.035340
-0.026415
-0.052828
-0.083171
0.143080
-0.203667
0.010729
-0.210491
0.023423
0.164380
0.048983
0.020645
-0.074728
-0.158815
0.152840
-0.017770
-0.048586
0.422657
-0.136619
-0.189179
-0.055265
-0.087784
0.060344
-0.011554
-0.020690
-0.113530
-0.150923
-0.009148
0.109748
0.024465
0.054579
0.002952
-0.139376
0.011526
-0.049696
-0.183628
0.019160
-0.056413
0.101682
0.129667
-0.103413
-0.174920
0.048733
0.086607
0.196820
-0.019685
0.035536
-0.271732
0.027945
-0.052463
0.014120
-0.046208
-0.034736
0.025704
-0.101824
0.133215
0.049414
0.291128
-0.001968
0.066799
0.071572
-0.040970
0.168231
-0.014063
-0.018087
-0.085485
0.013286
-0.077409
-0.120825
0.220804
0.066018
0.192498
0.237015
0.072667
0.014494
0.085850
-0.073857
-0.185414
0.005870
0.007354
0.052714
-0.144538
0.039725
0.359940
-0.066985
0.338326
-0.146012
0.051875
0.037792
0.132897
0.225306
0.015390
0.170087
-0.023008
0.043755
-0.402989
0.139097
-0.039114
-0.081918
0.097309
-0.048746
0.056951
0.042645
0.224335
0.073006
0.029522
0.167007
0.136760
0.131828
0.383113
-0.065894
-0.169169
-0.083681
-0.073393
-0.046253
-0.083730
0.167841
-0.098150
-0.100437
-0.283438
0.032604
0.100568
0.254076
-0.012115
-0.016325
-0.066631
-0.230236
0.000890
-0.040360
-0.069255
-0.073942
0.058977
0.039510
-0.010377
0.227352
0.234787
0.004703
-0.099732
-0.026542
0.095216
-0.101740
-0.435949
0.149517
0.179767
-0.107788
-0.053904
-0.062476
0.276487
0.045407
0.271639
-0.338649
-0.102637
0.269983
-0.076703
-0.075726
-0.325850
-0.369452
-0.036324
-0.062027
-0.381255
0.108779
0.074348
0.009174
0.033807
-0.107833
0.012702
0.117109
0.255539
0.113606
-0.114285
-0.128069
0.122274
0.104096
0.118210
-0.286683
0.202498
-0.072094
0.102436
-0.161991
0.030110
0.162018
-0.043002
0.037985
-0.176703
0.002289
0.011404
0.025822
0.065826
0.013111
-0.064816
0.104941
-0.049292
-0.172402
-0.067898
0.020359
-0.047233
-0.045621
-0.196719
-0.065124
-0.243917
-0.084131
0.108340
-0.012035
0.085559
0.045667
-0.200370
0.020071
0.142990
-0.206490
0.171099
-0.081481
0.009456
-0.046645
0.056133
0.139651
0.028315
0.011296
-0.086003
-0.140175
-0.109823
0.100868
0.057190
0.002424
0.197255
-0.180359
0.074475
-0.018228
-0.059493
-0.054607
0.022201
0.042659
0.059160
0.253147
0.014280
0.089997
0.007338
-0.000546
-0.120194
0.072055
-0.056289
-0.066288
-0.141833
-0.168065
-0.079971
0.048976
0.019575
-0.190296
-0.052139
0.062885
-0.163604
0.070795
0.049472
0.141144
0.013970
-0.262320
-0.044067
0.109317
0.027568
0.023198
-0.101975
-0.109831
0.009874
0.052911
0.142094
-0.124918
-0.069054
-0.083613
-0.265678
0.054097
-0.178354
0.040189
0.081501
-0.157002
-0.129039
-0.033705
-0.331928
-0.014056
0.004308
-0.368189
-0.057075
0.066640
-0.081204
0.050872
0.013660
-0.167992
-0.015129
0.055444
-0.192164
0.090084
-0.000702
-0.086087
-0.061923
0.001232
-0.086071
-0.089079
0.161553
-0.120108
-0.013499
-0.127479
0.139770
0.131129
-0.013717
0.048387
0.113888
0.030809
-0.338307
-0.277218
0.011873
-0.165214
-0.069541
-0.149590
-0.164342
0.034241
-0.123991
-0.031847
-0.069036
-0.020023
-0.025556
-0.147140
-0.073876
-0.300294
-0.019636
-0.064093
0.057371
0.098936
0.028156
-0.075629
-0.003768
-0.011456
-0.005789
-0.093481
0.009411
0.009246
-0.261992
0.060377
0.148216
-0.074172
0.022625
-0.081684
-0.073385
-0.099915
-0.016643
-0.195542
-0.043319
0.123651
0.065470
0.077553
-0.043472
0.052592
-0.079580
-0.008479
0.086534
-0.058731
0.022810
0.079028
0.005811
-0.059356
-0.077510
0.125302
-0.081200
0.073573
-0.106483
-0.187046
0.193179
0.168692
0.022948
-0.028277
0.099566
0.057078
-0.032004
-0.315320
-0.031030
-0.089508
0.016751
0.136897
0.012775
-0.073103
0.003438
0.065265
-0.075033
0.185246
0.041552
-0.132407
-0.108326
-0.070938
0.002456
-0.080090
-0.053107
0.028697
0.117988
0.171488
0.060840
0.047570
0.004291
0.048186
-0.058835
-0.023026
0.121853
0.026378
0.121065
-0.099622
-0.095866
-0.016330
0.091599
-0.092187
0.107893
0.034133
-0.009504
0.144160
0.018477
0.137570
-0.034931
0.113749
-0.073349
-0.091213
-0.052936
0.059404
0.193234
-0.067492
0.152065
-0.146173
0.033783
0.041870
-0.033202
0.068673
-0.007535
0.163351
0.232123
-0.023393
0.250550
-0.007380
-0.014141
-0.078678
-0.021430
-0.082321
-0.067838
0.196156
-0.053200
-0.300643
-0.042630
-0.104168
0.008579
0.111954
-0.191014
-0.255120
-0.010496
-0.331275
-0.047612
0.070946
-0.024916
0.004382
0.020304
-0.318729
-0.031865
-0.216488
0.045480
-0.067834
-0.258114
0.052615
-0.259886
0.008406
0.233533
0.219132
-0.073900
-0.000499
-0.118511
0.088500
-0.138323
-0.083967
-0.068098
-0.190032
-0.050113
-0.152925
0.082833
-0.090987
-0.162527
-0.297190
-0.030744
-0.041202
-0.330378
-0.349277
0.243938
-0.047675
-0.216841
-0.002978
0.033870
0.054774
0.057310
0.107989
0.065165
-0.459501
-0.175458
-0.114206
0.124686
0.277554
0.219618
-0.083814
-0.117039
-0.184550
-0.042189
-0.150866
0.030957
-0.035954
0.054323
-0.049234
-0.139892
-0.396594
0.146282
0.006369
-0.047384
-0.023852
-0.035977
-0.193080
0.032608
-0.085952
0.029970
-0.064669
-0.226443
-0.250865
-0.291406
0.127563
0.235640
-0.022036
-0.097945
-0.098267
0.038921
-0.208582
-0.038949
0.145347
0.245119
-0.003414
0.107751
-0.008571
0.304614
-0.052694
-0.082700
-0.066693
-0.478446
-0.064124
0.053887
0.027737
-0.085144
-0.011175
0.081874
-0.249067
0.123238
0.048770
0.139293
0.066750
-0.016663
0.020508
-0.069124
0.346235
-0.246228
-0.126993
-0.340400
-0.021966
-0.190336
0.119565
-0.075224
-0.029391
0.018807
0.166225
-0.032440
-0.034444
-0.043019
-0.063631
-0.186581
-0.056350
-0.052106
0.187141
-0.243509
0.096463
0.058118
0.046608
-0.079300
-0.277511
0.005012
-0.057816
-0.003258
0.055639
-0.053159
0.123033
-0.167454
-0.039759
0.052221
-0.093835
-0.199545
-0.047337
-0.184820
0.095824
0.219769
-0.079074
-0.087615
-0.056271
0.020143
-0.085338
-0.136708
0.019771
0.050570
0.104450
0.112173
-0.188027
-0.084291
-0.057253
-0.094387
-0.076615
0.110234
-0.077051
0.056988
-0.040195
0.044624
-0.043973
0.027586
-0.012102
0.012638
0.241116
0.230399
0.091476
0.141522
-0.025833
-0.190070
0.163545
0.200350
-0.004325
0.036327
-0.195748
-0.040243
-0.110538
-0.064425
0.126775
0.108094
-0.029221
0.300564
-0.115907
-0.039093
0.121066
-0.091290
-0.060911
-0.050878
0.057806
-0.034758
0.006938
-0.014033
0.139513
0.124276
0.055227
0.114541
0.061872
0.134068
-0.005112
0.160116
-0.086448
0.120914
0.018033
0.036381
0.081173
-0.039693
0.064916
0.205283
-0.067414
0.343361
0.047673
0.006307
-0.058933
0.224868
0.082249
0.091129
0.232204
-0.002360
-0.086511
-0.240741
0.003235
0.081088
-0.037715
0.229680
-0.064652
-0.083373
-0.104647
0.137335
-0.187890
-0.043745
0.150192
0.173214
0.035762
0.318406
-0.173934
-0.092927
-0.124379
0.148857
0.036008
0.012041
0.258809
0.036983
-0.167447
-0.334275
-0.077005
-0.137137
-0.011499
0.002545
-0.035626
0.013374
-0.093065
0.014360
-0.382417
0.046119
-0.067556
-0.002641
-0.008760
-0.165554
0.061416
0.101747
-0.122400
0.021282
-0.029986
0.029134
0.012091
-0.385069
-0.208432
0.002514
-0.272754
-0.155847
0.015436
-0.245187
-0.028739
-0.092420
-0.193852
0.003551
0.104061
-0.008236
-0.149474
-0.057328
-0.169840
-0.031859
-0.060684
-0.131208
0.223250
-0.011543
-0.083047
-0.131835
-0.106077
-0.015741
-0.348688
0.079762
-0.136312
-0.066209
-0.060328
-0.098637
0.024423
0.064214
0.218495
-0.128905
-0.067236
-0.184138
-0.173633
-0.086632
-0.003884
-0.089405
-0.037541
-0.137480
0.035430
0.125856
-0.150378
-0.007522
-0.077409
-0.043227
-0.005426
0.043049
-0.192234
0.014320
-0.094725
-0.060018
0.012958
-0.366029
-0.164274
-0.073869
0.052507
0.074730
-0.040564
-0.074833
0.006692
-0.313130
-0.144917
-0.067899
-0.059300
-0.009928
-0.003303
-0.058637
0.011627
-0.147523
-0.118391
0.011357
0.001584
0.052975
-0.267106
-0.148939
-0.092307
0.027251
-0.026265
0.075201
0.053063
0.049428
0.047517
0.112657
0.014783
0.022134
-0.042217
-0.096416
-0.035214
-0.029419
0.045710
0.058450
-0.075615
-0.164045
0.219799
0.082039
-0.029495
-0.117545
-0.276605
-0.088708
-0.049697
0.001688
0.033952
0.026840
-0.023473
-0.031980
-0.058520
0.122265
-0.156293
0.049742
-0.177512
-0.093035
0.138593
-0.031340
-0.086322
-0.066517
-0.219016
-0.145661
0.027500
-0.170472
-0.011289
-0.044307
0.024862
0.246916
-0.055517
-0.094066
0.022106
0.183895
-0.089693
-0.221244
-0.039586
0.005879
0.014324
-0.048451
-0.068596
0.022315
0.059144
-0.177180
-0.058599
-0.081999
-0.046389
0.047103
-0.024698
-0.069559
0.085282
-0.404364
-0.078574
-0.155512
0.036312
-0.067243
0.028755
-0.073008
-0.260962
-0.037487
0.128749
0.000466
-0.064407
-0.397937
-0.160019
0.076299
0.051768
0.077441
-0.002101
-0.093901
-0.037090
-0.026470
0.133431
0.142075
-0.017904
0.322106
0.068884
0.084375
-0.145644
-0.020943
0.099678
0.036720
0.126255
-0.048228
-0.007028
0.011320
0.131736
0.123985
-0.018333
-0.031964
0.034258
-0.067030
0.015683
-0.045344
-0.084140
0.166325
0.071163
0.027976
-0.010069
0.067336
-0.069753
0.068157
-0.001890
0.054104
0.234768
0.012911
-0.355537
0.152414
0.139256
-0.069881
0.053974
-0.050269
0.017559
-0.151475
-0.139709
0.126699
-0.057673
-0.019411
-0.125537
0.071711
0.148862
0.140719
0.161293
0.207522
0.169766
0.057777
-0.210659
0.149931
0.062001
-0.048354
0.005177
-0.014068
-0.110999
0.052555
0.240036
-0.003592
0.193183
0.100987
-0.007941
-0.042810
-0.116386
0.077907
-0.002894
-0.036224
-0.082419
-0.037802
-0.088174
0.008917
-0.083491
-0.084288
0.083948
0.091190
-0.057836
0.023836
0.000598
0.198445
-0.042932
0.037350
0.039350
0.169578
-0.022875
0.186497
0.069826
0.064253
-0.156389
0.087759
0.034103
-0.070930
0.154530
-0.035297
-0.126934
-0.323420
-0.216667
0.080240
0.113555
-0.011794
-0.046534
-0.050318
-0.192402
-0.082493
-0.086018
-0.144963
-0.016584
0.035344
0.091670
-0.065683
0.188490
-0.148335
0.005918
-0.011435
-0.201988
-0.180537
0.304128
-0.062928
-0.140043
0.208216
0.098942
-0.035726
-0.166948
-0.110126
0.181639
-0.038439
0.024177
-0.015597
-0.162900
-0.015351
-0.135103
0.038414
0.037835
-0.102686
-0.005280
0.059124
0.056160
-0.045445
-0.131554
-0.146327
-0.059581
-0.167897
-0.012538
0.174363
-0.006381
0.136803
0.048066
-0.052369
-0.241305
0.025134
0.021452
0.158914
-0.007559
0.115407
-0.071421
0.058939
0.121610
0.048849
0.062075
-0.139499
-0.107653
-0.162119
0.097848
-0.085151
0.047460
0.257567
-0.067101
-0.064815
0.072791
0.118838
0.014033
-0.055704
0.128562
-0.011221
0.078744
-0.120299
-0.066521
-0.152339
-0.034940
0.140341
0.112081
0.068769
-0.006542
0.173897
0.093250
-0.021107
-0.090296
-0.106955
0.154935
0.045551
0.034641
0.038829
-0.115356
0.036092
0.010430
0.015355
0.115486
-0.008330
-0.087479
-0.070672
0.039723
-0.075936
0.076449
-0.080819
-0.061063
-0.058056
0.089108
0.108907
-0.071844
0.056758
0.008448
0.033012
-0.115858
0.102078
-0.049949
0.165905
-0.005073
0.011186
-0.064519
-0.147577
0.045527
-0.053075
-0.006158
-0.206030
0.016423
-0.075204
0.161325
0.018073
0.070354
-0.026045
-0.043897
-0.116514
-0.049182
0.240008
0.009721
0.053981
0.063007
-0.030758
-0.152908
-0.100394
0.287548
0.034069
0.032921
0.078676
0.069276
-0.071482
0.032275
0.010542
0.063216
-0.044424
0.005320
0.003304
0.105233
0.122775
-0.070565
-0.216903
0.262774
-0.136918
-0.034006
-0.082018
0.044147
-0.046811
0.116060
-0.016145
-0.057545
-0.097309
0.237072
0.192115
0.068393
-0.085553
-0.029733
-0.012284
-0.077609
-0.108626
-0.078018
0.159491
0.084565
0.161747
-0.071532
0.034159
-0.018782
-0.070536
-0.083525
-0.216572
0.071864
0.021181
-0.039559
-0.138461
-0.113210
-0.233569
0.017940
-0.045247
-0.023882
0.115616
-0.103365
-0.020453
-0.092234
-0.111108
0.013841
0.021029
-0.093746
0.105615
-0.231239
0.110767
0.066009
-0.135066
0.077609
0.034037
-0.064723
-0.109762
-0.087188
-0.195285
-0.235354
-0.063780
0.035855
-0.030437
0.105923
0.087537
0.038092
0.042101
-0.144798
-0.081931
0.172079
0.071384
0.029634
-0.047972
0.017043
0.033120
-0.039472
0.056446
-0.112070
-0.000272
0.082329
-0.033543
-0.016658
0.052182
0.025361
0.075589
0.036323
-0.042131
0.013303
-0.062220
-0.101105
-0.223692
-0.103460
0.074422
-0.014634
0.077931
-0.262156
0.020920
-0.363086
0.136915
0.094937
-0.032955
-0.034960
-0.019493
-0.030480
-0.065837
0.106318
0.078501
-0.001645
0.006644
-0.134739
0.041091
-0.153318
0.198780
-0.345880
0.022080
0.124720
0.141919
-0.129143
0.116698
0.164978
-0.125136
-0.075170
-0.110292
-0.186267
0.050606
0.308559
0.009718
-0.054629
-0.045595
-0.006045
-0.005891
-0.360242
0.217117
0.232117
-0.001141
0.049530
-0.001162
-0.219524
-0.007000
-0.070286
-0.025160
-0.077259
-0.175912
-0.207188
0.123226
-0.067745
-0.003664
-0.027955
-0.051991
-0.081700
-0.009368
-0.145844
-0.096674
-0.137157
0.036466
-0.047601
-0.019210
-0.123443
0.025885
-0.119147
0.021142
-0.438413
-0.117728
0.002620
-0.071141
-0.077737
-0.018006
-0.011923
0.026506
0.008469
-0.166161
-0.007202
-0.024558
0.007434
-0.038424
-0.326959
0.074682
-0.062662
0.000647
-0.128071
-0.098159
-0.047866
0.032059
0.065354
-0.288625
0.009778
-0.075358
0.081262
0.038357
0.012225
0.006655
0.038691
0.086608
-0.019727
-0.016909
0.017377
0.263201
-0.118776
0.060963
0.073775
-0.036279
0.300181
-0.044681
-0.101157
-0.076538
-0.088541
0.296472
-0.133373
0.105321
-0.010579
0.134565
-0.036685
-0.036584
0.048877
0.452940
0.031944
0.073602
0.085994
-0.057683
0.030227
0.066642
-0.043022
0.032571
0.325103
-0.075016
0.093324
-0.050648
-0.058188
0.157722
0.106295
0.057483
0.032413
0.072757
0.110392
0.212658
-0.026594
0.165310
0.052087
-0.022308
0.203793
0.051913
0.276029
0.060787
0.085031
0.165436
-0.163805
0.072332
0.060494
-0.102548
-0.093628
0.114218
0.286384
0.040866
0.128297
-0.045954
-0.116686
0.122667
-0.012531
0.077539
-0.152211
-0.020230
0.168521
0.034766
0.029255
-0.107131
-0.075879
-0.101669
-0.035817
-0.020773
-0.234002
-0.106361
0.020940
-0.095604
0.215690
-0.179225
-0.034185
0.170960
-0.038612
-0.254916
-0.106335
-0.086898
-0.076935
-0.095394
0.029806
0.160770
-0.013113
0.039865
-0.280163
-0.098140
-0.268509
-0.059221
0.223276
-0.166149
0.146048
-0.112471
-0.047427
-0.144990
-0.023415
0.007322
0.045340
-0.001876
-0.126875
0.010573
-0.156631
-0.058285
-0.333898
0.087662
0.029183
-0.248347
-0.132055
-0.018293
-0.123575
-0.153379
-0.069872
-0.072819
-0.297745
-0.062393
0.053539
-0.067625
0.143243
0.029726
0.039290
0.237803
-0.314846
0.097837
-0.213119
0.045699
-0.078288
0.061931
0.088309
0.034883
0.051303
0.046084
0.131043
0.156238
-0.268666
-0.118208
0.005817
0.136507
-0.077834
0.208394
0.011642
0.142040
-0.138153
-0.083978
-0.028278
-0.118410
-0.028206
0.047355
0.053641
-0.015581
-0.013232
-0.042947
-0.130546
0.169983
-0.003733
0.062136
0.209826
0.034106
-0.013617
-0.077716
0.082135
-0.060661
-0.040133
0.131432
-0.009826
-0.061840
0.052090
-0.155051
-0.011072
-0.027372
0.091213
0.100225
0.077069
0.044080
-0.126431
-0.052047
-0.069043
0.127647
-0.120453
0.046145
0.009680
-0.067272
0.009208
-0.074974
0.002475
-0.015898
0.032843
0.035184
0.073149
-0.054960
0.081678
-0.049762
0.004486
-0.049698
0.027645
0.057494
0.072946
0.034211
-0.022810
-0.094614
0.005658
0.054085
-0.024431
0.010336
0.057542
0.003495
-0.035375
-0.018783
-0.021885
-0.042042
0.012639
-0.012606
-0.042858
-0.008651
-0.041431
-0.042975
0.023374
-0.040916
-0.020251
0.030664
-0.046641
-0.056735
0.018479
0.003401
-0.076008
-0.076080
-0.064493
-0.003232
0.062820
0.005718
0.076323
-0.008564
0.048335
0.035504
-0.034126
0.010359
0.013795
-0.042982
-0.052211
-0.068907
0.016457
-0.014203
-0.073255
-0.057074
0.045733
0.062454
0.170321
-0.067448
0.031221
-0.064214
0.041808
0.072386
-0.050785
-0.076110
-0.079959
-0.086482
-0.140750
-0.040447
0.023686
0.031715
-0.007300
-0.054740
0.191433
0.015040
0.080692
0.129974
-0.064820
-0.049672
-0.069648
0.032900
0.040749
0.281234
-0.131053
-0.093984
0.037160
-0.038682
-0.021113
0.069330
-0.058513
-0.052216
0.126361
0.061550
0.009207
-0.173835
0.089965
0.045554
-0.083334
-0.211710
-0.113759
-0.221332
-0.037776
-0.106485
-0.159824
-0.046320
0.139603
0.095866
0.040475
-0.030792
-0.043455
0.214376
-0.041744
0.029745
-0.053804
0.021494
-0.058539
-0.000926
0.036378
0.009043
-0.123746
0.014428
0.090340
-0.309147
-0.015197
-0.194167
-0.288329
-0.212605
-0.019685
0.010530
0.062051
-0.055039
-0.115920
0.013252
-0.097620
-0.065672
-0.220096
-0.104206
-0.188658
-0.121359
-0.018985
-0.058934
-0.080645
0.200584
-0.065534
0.109305
0.075011
-0.080452
-0.084500
-0.214431
-0.044269
0.002801
-0.111679
-0.309384
-0.232300
-0.079823
0.300451
0.092287
0.012023
-0.059647
0.037345
-0.089895
-0.038058
0.063254
-0.065089
-0.026354
-0.041648
-0.136254
-0.066558
0.046707
-0.015474
-0.406809
-0.119974
0.032431
-0.010542
-0.079369
-0.139176
-0.231802
0.170701
0.052403
0.032904
0.063991
-0.025232
-0.012180
-0.283756
-0.032066
-0.226429
-0.031785
0.009002
0.177327
-0.054190
0.048276
-0.081857
-0.048913
-0.128475
-0.049261
-0.191565
0.055233
-0.012304
-0.072409
-0.049012
-0.217273
-0.052532
0.089640
0.037810
-0.295622
-0.015576
0.040083
-0.006803
-0.047902
0.140945
-0.072336
0.101528
-0.048954
0.072780
-0.023930
-0.075228
0.140285
0.086251
-0.047064
-0.137367
-0.005651
0.033184
0.071779
0.024495
-0.000737
0.025874
-0.074273
-0.136642
0.173152
0.057452
-0.072230
0.005015
0.009931
0.077062
0.315617
0.083637
-0.031267
-0.015903
0.032210
-0.302243
0.230018
0.283296
-0.361505
0.019969
-0.147838
-0.091068
0.028584
0.036852
-0.098013
-0.100019
0.004249
0.044940
-0.042588
-0.132123
-0.215777
-0.026708
0.028713
-0.054059
-0.145845
-0.163808
0.062138
0.042693
0.033916
-0.038262
0.073197
-0.030907
-0.147832
0.048605
0.173387
-0.070965
-0.245763
0.049870
0.004149
-0.018634
0.163324
0.004865
-0.175664
-0.120292
-0.430820
0.056792
-0.259365
-0.071750
-0.005156
0.126136
-0.142042
-0.161636
-0.222180
-0.047920
-0.009524
0.085509
0.101394
-0.200126
-0.050316
0.064467
-0.061056
-0.077950
-0.042036
0.001472
-0.125932
0.017325
-0.016185
-0.041288
0.021218
0.042898
-0.198834
0.082579
0.041087
-0.074802
0.091230
-0.365701
0.026616
-0.197355
-0.047980
0.113722
-0.049428
0.055103
-0.121493
-0.146862
-0.118915
-0.136910
0.028775
0.060383
-0.130283
-0.075567
0.053501
-0.083653
0.045160
0.214593
-0.104458
-0.056607
-0.308047
0.021385
0.220505
0.024981
0.108148
0.027678
-0.009558
-0.033705
0.126404
-0.048156
0.161312
0.032136
-0.064486
-0.090106
-0.176736
0.087229
-0.023287
0.205941
-0.149047
0.023656
-0.206969
0.040587
-0.039495
-0.029298
-0.023598
-0.023451
-0.091408
-0.005843
0.192051
-0.055122
0.056045
0.150178
-0.015344
-0.070404
-0.042802
0.089744
-0.165971
0.170601
-0.103798
0.037850
0.192161
-0.007188
0.109736
-0.116956
-0.115138
-0.017952
-0.039955
-0.157821
-0.067725
0.054557
0.428128
0.139020
-0.073152
0.165280
0.017290
-0.071245
-0.090381
0.052676
-0.081282
-0.076685
0.042362
0.058115
0.150026
0.092161
-0.042028
0.095974
-0.005696
-0.062052
-0.134817
-0.016421
-0.018834
0.119140
0.260323
0.152759
-0.046698
0.009030
-0.341222
0.029378
0.001558
0.316311
-0.017553
-0.272958
0.022126
-0.005172
-0.130933
0.061234
0.022271
-0.088509
0.000821
-0.212566
0.228601
-0.028399
-0.204956
-0.017976
0.046962
0.041375
0.060359
0.296034
0.103774
0.026878
-0.017312
-0.111788
0.143082
0.261711
-0.120428
-0.058481
-0.134751
-0.252944
-0.069360
0.291677
-0.021506
0.020117
0.004062
0.009779
-0.059555
-0.196328
0.127935
-0.144650
0.031514
-0.262518
-0.040626
0.125536
-0.100143
-0.050976
-0.021554
0.295095
0.210718
-0.119193
0.080127
-0.124925
0.106664
-0.021707
0.155684
-0.007384
0.119561
-0.023076
0.073815
0.225520
-0.054709
0.041869
0.096055
0.031799
0.169169
0.215289
0.057423
0.262328
0.085194
0.198074
0.115608
0.084866
-0.075840
0.021370
-0.099158
0.306740
0.271567
0.017215
0.122552
-0.042329
-0.027641
-0.009577
0.053995
0.162849
0.048751
0.180601
0.146094
0.277597
0.047445
0.010146
-0.036860
-0.062014
0.189125
0.171510
-0.043324
0.098184
-0.027044
0.185956
0.048763
0.064109
0.029201
0.073481
0.066097
-0.039549
-0.062043
0.112009
0.050981
0.026007
-0.012044
-0.084043
-0.019347
0.203289
0.010413
0.045067
-0.148635
-0.041555
0.069449
-0.066708
0.035162
0.054015
-0.027640
0.061543
0.211308
-0.113076
0.131643
-0.016042
0.136449
-0.088051
0.095081
0.181771
0.050578
0.106959
-0.132470
-0.071303
-0.226808
0.141599
0.069146
0.020724
-0.106559
0.123179
0.024928
0.000966
0.097854
0.030743
0.049493
0.128228
-0.038572
-0.057988
0.042736
0.170255
-0.049886
0.020263
-0.117253
0.089510
0.108769
-0.121497
0.246795
0.051048
-0.039639
-0.004606
-0.033735
0.137780
-0.083608
-0.030764
-0.051251
0.110606
-0.137300
-0.083616
0.051065
-0.075364
0.004971
-0.081017
-0.108802
0.028668
-0.087156
0.153238
0.078905
0.132669
0.077529
-0.236697
-0.320469
-0.032578
-0.038513
0.036742
0.026385
-0.039966
-0.072685
-0.141796
0.066349
-0.053237
-0.036300
-0.045145
-0.192917
0.062600
-0.078835
-0.000159
0.075560
-0.114157
0.183522
0.036865
-0.040964
0.048199
-0.129515
0.155005
0.055191
0.040937
-0.260633
-0.027688
-0.041494
0.019582
-0.340099
0.025264
-0.029790
0.003100
-0.068700
-0.182965
-0.024284
0.105866
-0.041670
0.037356
0.088361
0.032647
-0.072875
0.237848
-0.112736
0.183918
0.071118
0.037525
0.031557
-0.123971
0.118447
-0.262698
-0.064282
-0.599263
-0.092850
-0.191486
-0.066483
0.023128
-0.086247
0.153731
-0.082012
-0.124995
0.257613
0.003079
-0.194313
-0.005815
-0.052558
0.024087
-0.084440
-0.102784
-0.002164
0.012004
0.043938
-0.007516
0.278492
0.024867
-0.009763
0.248584
0.036381
-0.403050
0.167838
0.130487
0.141479
0.345672
-0.040401
0.018916
-0.234575
-0.063551
0.001432
-0.063790
0.156706
-0.119242
-0.001081
0.071279
-0.026683
-0.004282
-0.263829
-0.053712
0.370511
0.022996
0.111710
0.189452
-0.041393
0.065520
0.154180
0.016757
-0.011212
0.230111
0.072093
-0.132612
0.178596
0.008732
0.302623
0.011576
0.209368
-0.032650
-0.036093
0.084322
-0.024373
0.207582
-0.112316
0.037449
-0.006600
0.052271
0.044042
0.202642
0.064110
0.167978
-0.087258
-0.085069
0.137340
-0.100736
-0.009604
-0.064934
-0.151471
0.196734
-0.357136
-0.089127
0.068464
-0.036920
0.256717
0.049847
-0.033207
-0.117503
0.084474
0.220479
-0.074896
0.070799
-0.052927
0.048224
-0.071920
0.321229
-0.131489
0.025574
0.057816
-0.091840
-0.082854
-0.232494
0.058477
0.254395
-0.190690
-0.003364
0.069294
0.022273
0.014850
0.018262
-0.010921
0.017072
-0.272470
0.066927
0.010643
-0.007319
-0.067244
0.296557
0.175001
-0.078714
0.064056
-0.169646
0.013650
-0.065793
0.049709
-0.041605
-0.092372
0.045708
-0.004691
-0.002675
0.004310
-0.036870
-0.135593
0.002695
-0.104806
0.006007
0.040464
-0.044964
-0.127670
-0.059642
0.063856
-0.382407
-0.235837
-0.263655
-0.058203
0.010297
0.052575
0.020277
-0.022395
-0.071516
-0.003786
-0.091955
0.354252
-0.089841
0.185132
-0.286976
0.073517
0.009462
-0.069549
-0.105043
0.026750
-0.036387
0.095013
-0.084625
-0.010161
0.051410
-0.287206
0.073769
-0.009850
0.237782
0.073703
-0.231670
-0.127601
0.184193
0.068092
-0.030008
0.038526
0.100890
-0.019419
0.178370
0.003672
0.073431
0.412593
0.031053
0.035552
-0.027509
0.093150
0.099019
-0.079414
0.263691
-0.002482
-0.045140
0.040248
-0.023231
-0.024319
0.250776
-0.113955
0.289637
0.379942
0.135611
-0.028904
0.057730
-0.105716
-0.024024
-0.159418
-0.012834
-0.392631
0.269094
-0.074480
-0.055939
0.137600
-0.073116
-0.059219
0.331074
0.061505
0.152765
0.241957
-0.216453
0.116292
-0.470792
-0.051738
-0.028945
-0.291479
-0.007578
-0.190973
0.006693
-0.217951
0.006549
-0.013652
-0.305394
0.261307
-0.232956
-0.186368
-0.171656
0.318207
-0.138814
-0.224610
-0.038763
-0.057200
-0.114683
0.177934
0.088454
-0.026508
0.102305
0.048818
0.085776
0.244756
-0.049351
-0.009313
-0.123587
0.209423
-0.036809
0.052246
0.219995
-0.110388
0.045615
-0.021700
0.055368
-0.051678
-0.109983
-0.254959
0.303803
0.260366
-0.016144
0.124843
-0.035087
-0.003477
0.030099
-0.203440
-0.204622
-0.364567
0.024728
-0.546560
-0.110103
-0.095522
-0.009104
-0.240023
0.026801
-0.052304
-0.181043
0.060190
-0.330036
0.079119
-0.010821
-0.071430
-0.073821
-0.386746
0.131405
-0.360900
0.050762
0.020555
-0.119275
0.064683
-0.073501
-0.346984
0.246291
-0.123767
0.318727
-0.059824
-0.376930
-0.090608
0.074929
0.162791
0.024211
0.046888
0.084732
0.010866
0.270665
0.067682
-0.226562
0.019626
-0.020139
0.051323
-0.533170
-0.254053
0.375905
-0.055264
0.067927
-0.058966
-0.027403
-0.012736
0.017124
-0.053040
-0.123042
-0.122004
-0.442076
0.324789
-0.025123
-0.210805
0.059541
-0.034806
0.000161
-0.009974
-0.125611
0.045825
-0.294471
-0.383547
-0.006918
-0.209688
-0.021753
-0.149948
0.108656
0.027888
-0.381415
0.135015
-0.311723
0.056650
-0.035512
0.047700
0.025253
-0.284192
-0.235210
-0.034660
0.068973
0.235992
-0.017424
-0.072667
0.221546
0.062273
0.141113
0.484452
-0.474383
-0.212843
0.061782
-0.209281
-0.106867
0.241810
-0.095408
-0.073286
0.138086
-0.017431
-0.190329
-0.001631
-0.166296
-0.125201
0.039786
0.063691
-0.179298
-0.011231
-0.032347
0.045957
-0.183045
-0.037227
0.248867
0.005868
-0.001613
-0.042676
-0.024413
-0.043910
0.107038
-0.156448
0.149144
-0.091001
-0.030709
-0.131224
-0.063258
-0.079564
0.268422
0.178750
-0.124065
-0.096850
-0.000829
-0.166188
-0.032960
-0.230539
0.026471
0.035910
0.298630
-0.044521
0.117872
0.178360
0.177994
0.008633
-0.028224
-0.101397
0.292094
-0.117888
-0.080933
0.134324
0.037189
0.047515
-0.196343
0.132170
-0.211420
-0.369371
-0.157893
0.076980
-0.026265
0.007642
0.134223
0.089229
-0.023025
0.201803
0.128858
-0.078814
0.015237
-0.011823
0.065170
0.205425
-0.047475
0.059503
-0.068480
0.409378
0.043582
-0.056214
0.291924
0.077540
0.148998
0.012716
0.036287
-0.021441
-0.039608
-0.342696
0.014781
0.278790
0.066676
-0.045528
-0.038077
0.287623
0.012097
-0.293935
-0.283338
-0.477274
0.093275
-0.314391
-0.042207
0.019171
0.109581
0.059350
-0.015679
0.039418
-0.565819
0.225968
-0.215759
-0.094798
-0.290288
0.053353
-0.042459
-0.106833
0.119743
-0.029213
0.011170
0.065293
0.018362
-0.018892
-0.017790
-0.133713
0.305295
0.167563
0.180059
-0.065648
-0.114657
-0.194725
0.039996
0.047902
-0.048967
-0.537050
-0.101988
-0.031740
0.077761
0.051455
0.172915
-0.068140
-0.086626
-0.283791
0.097319
-0.047782
-0.121686
-0.067827
-0.049999
0.052746
-0.082520
-0.083611
-0.012865
0.056899
0.049412
0.145059
0.232433
-0.031679
-0.225602
-0.080607
0.065397
-0.139843
-0.093541
-0.093777
0.050911
-0.171239
-0.077791
0.148138
0.003526
-0.241356
0.012837
-0.141928
0.128822
0.029878
0.099352
-0.078912
-0.163365
0.056440
-0.138201
-0.012975
-0.073798
-0.088883
-0.153208
-0.050172
0.034540
-0.243872
-0.032902
-0.065583
0.010584
-0.331078
-0.106592
-0.327338
0.019385
-0.014646
-0.384055
-0.064895
-0.026250
-0.073362
0.033554
0.232059
-0.096266
0.012282
0.226998
-0.070826
0.130117
0.045253
-0.026189
-0.172940
0.240970
-0.072607
0.170811
-0.095911
0.000704
-0.009515
0.234256
-0.074295
-0.038066
-0.068413
0.294077
0.075303
0.120321
-0.049284
0.142868
0.098718
0.035432
-0.232049
0.024208
0.007734
-0.091892
0.196849
-0.213632
0.338273
-0.014433
0.011203
-0.032214
0.098377
0.126658
0.014176
0.093640
0.067551
0.191342
0.055907
0.136242
-0.095510
-0.013311
0.009643
-0.028115
0.195815
-0.028461
0.137720
-0.005887
0.056487
-0.033441
0.098879
-0.144947
0.064594
0.023571
0.307641
0.249659
0.134642
0.124398
0.121241
-0.024021
0.287510
0.502749
0.029635
-0.133155
-0.013327
-0.053798
0.124642
-0.067592
-0.007580
0.221427
0.003387
0.023539
-0.008239
0.243560
-0.095079
0.161544
0.010101
-0.041712
0.023825
0.222594
-0.069799
0.112186
0.030236
0.061877
-0.035478
-0.012361
-0.176721
0.007927
-0.167905
-0.040534
0.032984
-0.119061
0.102499
0.004013
-0.096175
0.039703
0.268221
-0.020090
-0.016416
0.165808
0.155562
0.105145
0.125790
0.010839
-0.045096
0.049075
0.181135
0.091956
0.036674
0.061226
-0.043150
-0.004705
-0.098278
-0.127181
0.085920
-0.149674
-0.001188
-0.032951
0.133920
0.161784
0.022881
0.060086
-0.125701
0.061028
0.113882
0.201719
0.014932
-0.088371
-0.007242
-0.098347
0.011049
0.035792
-0.120115
0.060275
-0.142849
0.039804
-0.086263
0.121320
-0.019273
-0.189384
-0.028474
-0.000799
0.048012
0.069080
0.250609
-0.036297
-0.077208
0.108140
-0.203417
-0.033169
-0.004633
-0.023891
0.102606
-0.028948
0.167501
-0.006406
0.317748
0.005521
0.196952
-0.034783
0.103544
-0.231675
-0.016846
0.222040
0.015513
0.181039
0.122174
0.381208
-0.105154
-0.094867
0.214238
0.113369
0.059661
-0.091768
0.187432
0.062929
0.030856
-0.099168
0.288940
-0.043315
0.062232
0.077888
0.080956
0.067629
0.218263
0.055902
-0.348530
0.027804
-0.027715
0.005691
-0.046472
-0.054903
-0.112400
-0.316443
-0.174422
-0.078593
-0.024829
-0.122658
-0.179349
0.186923
0.002826
0.087651
0.008716
-0.274321
-0.054390
0.002755
-0.003301
-0.113472
-0.086185
0.155557
0.153384
0.025423
-0.045172
-0.078242
-0.088831
0.031083
-0.054079
-0.087361
-0.285784
-0.251486
-0.285373
-0.057345
-0.312112
-0.140558
-0.045428
-0.190242
-0.103839
-0.096471
-0.040459
-0.173881
0.151530
-0.009094
0.017807
-0.069514
0.044236
-0.174402
0.165702
-0.056778
0.004650
-0.046160
-0.016754
0.196075
-0.142723
0.174250
0.222430
-0.179296
-0.389037
-0.014978
0.045529
0.021736
0.077282
0.027558
-0.133195
0.076660
0.074250
0.071983
0.000186
-0.217607
-0.067172
-0.088496
0.127463
-0.128678
0.145944
-0.188625
0.050394
-0.131463
0.046920
0.108522
-0.140521
-0.088771
-0.029017
-0.036025
0.073160
-0.102762
-0.368061
0.236991
-0.016267
0.045445
0.044585
0.029129
-0.013196
0.016377
0.158975
0.026955
-0.288172
-0.078330
-0.138786
0.031843
0.138584
0.089235
0.049665
0.147769
0.130587
0.132976
0.140975
-0.038762
-0.013260
-0.017006
-0.010406
0.094434
-0.112208
0.005710
0.258024
-0.018603
-0.060168
-0.429210
0.244090
0.121425
-0.412022
-0.074526
0.176986
0.221855
0.174661
-0.062360
0.147090
-0.132778
0.145722
0.067170
-0.026010
-0.002651
-0.041731
-0.075235
0.102692
-0.041501
0.002074
0.179630
-0.105396
0.089975
0.044632
0.113844
0.005345
0.202524
0.023951
0.038314
0.050699
0.060899
0.230613
0.020055
-0.081931
0.150207
-0.115812
-0.038253
-0.028159
0.016001
0.094779
0.188336
0.060404
0.108950
-0.038293
-0.107463
-0.003276
-0.064556
0.017383
0.029524
-0.026921
0.138132
-0.032183
0.100289
0.037055
0.114799
0.040243
-0.089124
-0.017516
0.155469
-0.190811
-0.083179
0.160421
0.033164
-0.038994
-0.157243
0.199507
-0.164128
-0.349368
-0.014011
0.063429
0.089644
0.106333
-0.188857
0.009492
-0.006730
-0.078092
0.195824
-0.108236
0.079959
-0.061685
-0.079796
0.045300
-0.027117
-0.060007
-0.085360
-0.060512
0.010335
-0.018674
0.108638
-0.091538
0.054584
0.061377
0.001739
0.016194
-0.111451
-0.068352
-0.038806
-0.053135
0.000627
-0.062313
-0.028785
0.099125
-0.002095
-0.014588
0.231078
-0.118720
0.076331
-0.060118
-0.047067
0.039418
-0.081361
0.135855
-0.211833
-0.031023
0.151854
-0.029796
0.159586
-0.049326
0.170991
-0.053130
-0.070794
0.034128
-0.001376
0.009727
-0.084783
-0.094220
-0.074610
0.013368
-0.115207
0.166402
-0.084479
-0.283591
-0.040249
0.056431
0.098681
0.213900
-0.131601
-0.030317
-0.028847
-0.163138
0.194478
-0.019560
0.050651
-0.021961
-0.253835
-0.028765
-0.091119
0.071611
-0.639057
0.086315
0.047990
0.061376
-0.164601
-0.000505
-0.078843
-0.015808
-0.057635
-0.029277
-0.379458
0.041244
-0.065561
0.167835
0.109276
0.076635
-0.033684
-0.004592
-0.047906
-0.088354
-0.102788
-0.200775
-0.057639
-0.664246
-0.019548
-0.355026
0.084325
-0.016295
0.176108
0.047281
0.047680
0.150652
-0.271796
0.050254
-0.487568
-0.039595
-0.084091
-0.271350
0.098263
-0.243674
0.025729
-0.218081
-0.062013
-0.079244
-0.234716
-0.074283
0.064131
0.102850
-0.123500
-0.221926
-0.331513
-0.316244
-0.161792
-0.162054
-0.029927
-0.055245
0.079793
-0.021681
-0.047014
-0.020703
0.016945
-0.019852
0.032435
-0.206332
-0.015741
-0.027352
-0.260802
0.026601
-0.070961
0.040713
-0.058547
-0.055419
0.000157
-0.003452
0.151960
-0.096183
0.098243
-0.047913
-0.212224
0.023604
-0.014569
-0.016847
0.039809
-0.018421
-0.130050
-0.491636
-0.233099
0.099331
-0.123575
-0.029422
-0.029265
0.076921
-0.269899
-0.027500
0.061152
0.039422
0.193326
-0.037346
0.146751
-0.037219
0.031483
-0.058627
-0.220312
-0.001734
-0.088655
0.073595
-0.069525
0.073728
0.100044
-0.244917
-0.011165
-0.125103
0.081839
-0.168848
0.179040
0.185765
0.073843
0.068691
-0.069404
0.251777
-0.012070
0.001608
0.096860
0.019237
0.046282
0.029474
-0.075572
-0.205868
0.178941
0.094310
-0.092408
-0.045328
-0.115472
-0.117451
0.206535
-0.047784
-0.008614
-0.015007
0.141774
0.086538
0.069249
0.058155
0.195165
0.030815
-0.057481
-0.027191
0.055143
0.067382
0.065026
0.102982
-0.058884
0.212644
0.032216
-0.077594
0.009925
-0.011724
-0.308337
-0.051974
0.217735
-0.022948
0.201240
-0.018169
0.153030
-0.095270
0.040513
0.165075
0.066767
0.054161
-0.055366
0.128933
0.004356
-0.021050
-0.212192
0.325703
-0.137917
-0.184747
0.113015
0.221544
0.205564
-0.221328
0.003855
0.287972
0.058039
0.311277
0.082132
-0.112579
-0.083588
-0.107572
0.061685
-0.152641
0.072524
0.125715
0.221008
0.234619
-0.123266
-0.053760
0.002988
-0.081791
-0.068239
0.064755
0.029501
-0.011509
-0.055746
0.227344
-0.070412
-0.006287
0.096990
0.005103
0.043048
0.201316
0.023021
0.151806
0.195072
0.308569
0.110603
0.217702
-0.124132
0.148204
-0.158056
0.035566
0.242314
-0.064083
0.130432
-0.048311
-0.224757
0.125457
0.324926
-0.096148
-0.065413
0.095015
0.278636
0.279246
-0.039624
0.186090
-0.024104
0.027146
0.066094
0.178448
-0.018807
-0.123793
0.089073
0.068462
0.180571
-0.126357
0.037203
0.123179
-0.050388
0.367275
-0.001099
-0.089892
0.170266
-0.084545
0.022894
-0.142673
-0.033279
0.067004
-0.008634
-0.095806
-0.374395
-0.024361
0.021839
-0.053093
-0.350335
-0.034877
0.019655
-0.003175
0.023014
0.089852
-0.090161
-0.020782
-0.214762
-0.070623
0.067315
-0.031495
0.037606
0.051785
-0.037697
-0.298410
-0.165377
-0.145765
-0.124721
-0.065540
-0.073938
-0.136880
-0.229002
0.034400
0.011679
0.187000
0.072189
0.121269
0.221070
-0.092414
-0.068867
-0.033789
0.050727
0.045242
-0.042233
0.086662
-0.062772
-0.015297
-0.082330
0.175840
0.006982
0.089203
-0.093460
-0.229008
0.039137
-0.084830
-0.077361
-0.088629
0.059745
-0.000153
-0.038464
-0.051878
-0.206554
0.070498
-0.125634
0.010871
-0.004928
-0.047500
0.209986
-0.046010
-0.161321
-0.048330
0.085620
0.011039
-0.257531
-0.023419
-0.089001
-0.007631
-0.004587
0.224123
-0.043352
-0.031544
-0.130255
-0.089887
-0.001655
0.021588
-0.074450
-0.079139
-0.020713
-0.239635
-0.140564
-0.007282
-0.098955
0.048145
0.029861
-0.121211
0.077786
0.055706
0.246991
0.041627
-0.133337
0.155140
-0.049472
-0.030964
-0.051935
0.054100
-0.119964
-0.077867
-0.023513
-0.151596
-0.031609
-0.061730
-0.251551
0.154639
-0.092205
-0.384959
-0.110647
-0.000936
-0.063178
-0.184640
-0.184974
-0.025583
-0.046349
0.085452
-0.096986
0.049609
0.200223
-0.006728
0.062211
0.017125
0.009048
-0.002544
-0.000098
-0.041145
-0.051822
-0.012784
0.007873
-0.075788
-0.014722
-0.045544
0.028522
-0.012784
0.064519
-0.038506
0.035078
-0.018413
-0.053355
-0.072451
0.020384
-0.067779
-0.039003
-0.045233
0.003874
-0.063068
0.061816
-0.042263
0.040888
0.055091
-0.032223
0.029157
0.053918
-0.006628
-0.074191
-0.019519
0.065116
0.028649
-0.049181
0.069974
0.027064
0.010214
-0.047811
0.028844
-0.029850
-0.017698
-0.061104
0.036449
0.035715
0.058644
-0.000015
-0.051921
0.078537
-0.014762
-0.069888
0.071268
-0.066582
-0.061641
-0.052258
0.003722
0.068141
0.057136
0.072759
-0.029402
-0.119171
0.092886
0.016827
-0.163188
-0.021618
-0.250750
0.075811
-0.076357
-0.058004
-0.118962
0.010416
-0.045032
-0.003557
0.066814
0.163606
-0.119401
0.318995
0.083926
0.155775
-0.084068
-0.089577
0.187501
-0.068396
-0.216490
-0.080196
-0.010314
-0.030363
0.164788
0.022987
0.015021
-0.058572
0.414636
0.046642
-0.050953
-0.219131
-0.044917
0.111214
0.019444
0.205379
0.003876
-0.066608
-0.046039
-0.143782
0.197746
-0.050853
0.031643
-0.184029
-0.087305
-0.260753
0.263681
0.081656
0.083215
0.297879
-0.209869
-0.416238
0.083525
-0.002238
-0.138235
-0.028042
-0.245593
0.008568
0.040435
0.109207
-0.016149
0.168550
-0.068663
0.026326
0.197837
-0.022817
0.187816
0.062434
-0.076181
0.293709
-0.094000
-0.114385
-0.015422
-0.040251
0.039815
0.057350
0.005896
0.036022
0.133461
-0.006962
-0.025309
-0.019838
0.082094
-0.083740
-0.042860
-0.006300
-0.031503
0.076200
0.134510
-0.072850
0.264006
0.030293
0.343505
-0.136726
-0.015651
0.068465
0.142642
0.015232
0.112176
0.057749
-0.001631
-0.096006
0.240684
-0.002149
0.128922
0.043274
0.259286
-0.057560
-0.036718
-0.041691
0.142956
-0.148374
0.117417
-0.036358
-0.000879
0.177160
0.076258
0.037260
-0.163148
-0.170143
-0.596194
0.026160
0.034206
-0.146334
-0.002184
-0.032625
-0.160605
-0.031889
-0.175062
0.122275
-0.176535
0.064361
-0.051651
-0.075458
-0.071832
-0.079588
0.022997
0.031258
0.000304
0.168057
-0.033626
0.008966
0.072434
0.074024
0.138052
-0.042535
0.006540
-0.041854
0.241430
-0.103014
0.021895
-0.290520
0.260284
0.014634
0.208794
-0.036600
0.156349
-0.615096
0.038267
-0.142821
-0.065664
0.005506
0.117700
-0.105232
0.031166
-0.022996
0.090376
-0.060695
0.161080
0.065417
0.034145
0.025942
-0.005024
-0.109010
0.119994
-0.060370
-0.022145
-0.196119
0.058720
-0.032327
-0.189750
0.240550
0.271338
-0.115925
-0.310757
0.236931
0.061360
-0.069725
-0.053677
-0.202667
-0.119355
-0.080731
0.070535
0.102973
0.177244
0.055492
-0.040124
-0.043899
-0.122128
-0.030125
-0.078419
-0.039754
-0.079321
-0.297408
0.033111
-0.000975
0.134681
0.099750
-0.280609
-0.068139
-0.022136
0.037939
-0.182506
0.058280
-0.315114
0.134409
-0.545002
-0.009204
-0.185439
-0.034488
0.267637
-0.038373
0.046982
-0.023620
0.039165
-0.045631
-0.175917
0.018618
-0.006950
-0.033521
0.196106
-0.094969
-0.085459
0.015657
0.249624
0.110243
-0.079910
0.058075
-0.233651
0.156035
-0.135275
0.011588
-0.190380
0.064770
0.100114
-0.173523
-0.097418
0.070481
-0.450028
0.030256
0.067331
-0.076818
-0.088362
-0.208340
-0.041074
0.011604
0.107039
-0.165942
0.060884
-0.048544
-0.040900
0.041062
-0.105992
0.120733
0.040343
0.001870
0.045538
0.002111
-0.024880
0.155798
0.011442
0.086224
0.006345
-0.054628
-0.022254
-0.038011
-0.165948
0.072269
-0.087142
0.110974
-0.203680
-0.012173
-0.173847
0.040830
0.140277
-0.048847
0.049860
0.024287
-0.013399
0.076215
0.215587
-0.164069
-0.064487
0.033269
-0.044039
0.069017
-0.123307
0.046272
-0.044746
0.027586
-0.073418
-0.085666
0.027329
-0.096542
-0.365600
-0.051257
0.080105
-0.128253
0.024349
-0.039767
-0.046751
-0.072797
-0.261370
0.008737
-0.060501
-0.004114
0.047373
-0.179394
-0.079178
0.058578
0.090296
-0.316484
-0.077432
-0.003123
0.032104
0.167160
-0.117509
-0.102794
-0.051605
-0.005770
-0.002436
-0.375968
0.035736
0.017383
0.255578
0.255728
-0.150638
-0.066279
0.219699
-0.097624
-0.068917
0.037832
-0.261565
-0.102682
-0.514766
-0.107128
0.013883
0.017124
0.099653
-0.049464
-0.046384
-0.280496
0.033278
-0.233696
-0.024495
-0.251984
-0.034757
0.024755
-0.035175
-0.156554
0.042383
-0.055784
0.204632
-0.048994
0.009042
-0.143364
-0.152024
0.321529
0.360598
-0.359831
-0.097902
0.310079
-0.031291
0.032461
-0.032902
0.013599
-0.352702
0.115879
0.009215
0.069405
0.027974
0.170970
0.158765
0.046729
0.046721
0.248739
-0.023149
-0.218888
-0.040578
-0.173467
-0.096365
0.070375
0.071380
-0.080718
-0.053734
0.176698
0.162063
-0.062752
0.048374
0.156711
0.189500
-0.012488
-0.071585
0.003960
-0.103683
-0.156590
-0.020077
0.167843
0.300165
-0.026792
0.432700
0.067950
-0.054357
0.132844
-0.075612
0.064095
-0.111059
-0.247276
0.270431
-0.170192
0.013255
0.055692
0.079687
-0.111673
0.167560
-0.101229
-0.035908
-0.098227
0.002559
-0.011844
-0.114864
0.193963
-0.160102
0.012499
0.157375
-0.070504
-0.235411
-0.016393
-0.106084
-0.127858
0.109696
0.104784
-0.112337
0.417267
-0.001700
-0.139557
0.007906
-0.093947
-0.052792
-0.238254
0.022423
-0.107578
-0.033539
-0.004538
-0.050600
0.044833
0.000127
-0.022118
0.007274
-0.176571
0.031387
0.302193
-0.005645
0.099238
0.047878
-0.008286
-0.103867
0.024073
-0.016944
-0.119963
0.039041
0.011045
-0.396676
-0.091247
0.073432
-0.040942
0.179519
0.115401
-0.008996
-0.158585
0.007645
0.127523
0.122788
-0.121450
0.037634
0.055068
0.002654
0.046090
-0.020484
0.020077
-0.156175
-0.022478
0.040220
-0.170926
0.221453
0.139584
-0.211576
-0.088084
-0.126718
-0.337429
0.070371
-0.109790
-0.033773
-0.107590
-0.312429
0.164115
-0.046434
0.203546
-0.041919
0.238894
-0.091481
-0.098538
-0.234413
0.261799
0.002707
0.150847
0.006704
0.048991
-0.070447
-0.013584
0.031484
-0.100083
-0.088886
0.236801
0.026505
0.045697
0.205049
-0.328564
0.209419
0.041015
0.172280
-0.061680
-0.079395
0.227791
-0.097010
-0.051503
0.391902
0.001460
0.366947
-0.059335
0.072275
0.081281
0.065035
0.224264
-0.048177
0.058093
-0.026552
-0.003665
0.009316
-0.093284
-0.060348
0.054922
0.122670
-0.016712
-0.004357
-0.113444
-0.013044
0.246579
-0.141761
0.154625
0.115211
-0.029056
-0.012989
-0.059342
0.032918
0.136247
-0.005871
0.000579
0.342097
0.178500
-0.049924
-0.443044
0.012510
-0.108598
0.056488
-0.029577
-0.144782
0.090118
0.092702
0.122145
-0.016752
0.014918
-0.006138
-0.094259
-0.059028
-0.033454
0.062803
0.582100
0.219638
-0.037261
0.129122
0.068053
-0.006114
-0.058809
0.020388
-0.077345
0.236193
0.034579
0.232548
0.208086
0.227356
0.062415
0.280208
0.039896
0.121334
0.227517
-0.091242
-0.003965
-0.139185
0.092186
0.142535
0.329895
0.016026
-0.051669
0.164635
-0.189591
0.265770
-0.008652
0.160467
-0.105394
-0.021253
0.190215
-0.351372
0.082398
0.102139
-0.128819
0.108405
0.450191
0.019700
0.275634
0.057257
-0.139368
0.271869
0.107852
-0.036576
-0.401459
-0.097524
0.001951
0.052799
-0.053433
0.049690
0.136382
-0.005075
-0.058937
0.019913
0.109807
-0.079179
0.078304
-0.042647
-0.062811
-0.049149
-0.045703
0.208047
0.062216
-0.191084
-0.002245
0.000187
-0.008059
0.186896
0.040701
-0.017532
-0.223054
0.024701
0.164273
0.021557
-0.010592
-0.050826
0.051920
-0.020390
0.179680
-0.015300
-0.313737
-0.057187
0.201967
-0.080034
0.263291
-0.060301
0.074089
-0.024816
-0.065005
0.018595
-0.032827
-0.021891
0.073058
0.007509
-0.279193
-0.151293
0.026831
0.014904
0.137725
-0.150696
-0.172186
0.036074
0.076776
-0.266976
-0.108375
-0.359484
-0.031589
-0.021573
0.087211
-0.145217
0.154615
0.072118
-0.077325
0.049184
0.252404
0.078110
0.050889
-0.010301
0.334244
-0.013127
0.083758
0.066138
0.010813
-0.001220
0.008601
0.028869
0.253000
0.110841
-0.133331
-0.051026
0.044353
0.170056
0.001805
0.153902
-0.041271
0.099282
0.196510
-0.159694
-0.021029
0.306830
0.018456
0.192132
-0.041775
0.000596
-0.167488
-0.188278
0.014436
-0.208024
-0.030579
-0.008366
0.010696
-0.079452
-0.031770
0.279374
0.069824
0.202229
-0.067534
0.026668
-0.084020
0.023506
-0.286594
0.237420
-0.173289
-0.028395
0.025247
0.145306
0.093796
-0.072485
-0.068092
0.053786
0.045329
-0.038768
-0.266199
-0.125670
0.232460
0.476925
-0.068517
0.019901
0.017141
0.115147
0.119736
0.007359
0.106322
-0.004028
0.134760
0.023769
0.050916
0.043386
0.115875
0.216046
-0.037208
0.373480
0.069644
0.027725
-0.011269
-0.039978
-0.073122
0.153920
-0.142831
0.037814
0.276401
-0.197756
-0.050615
0.303965
-0.046953
-0.056786
0.164962
-0.000161
-0.212849
0.220987
0.083145
-0.158480
-0.119412
0.036267
0.023868
-0.448429
-0.013437
-0.010522
-0.074897
-0.088488
0.037740
-0.009321
-0.170620
0.204267
-0.550590
-0.194048
-0.248277
-0.044317
-0.177780
-0.030684
0.237116
-0.137595
0.052417
0.104590
0.080945
0.042132
-0.225388
-0.103300
0.309950
0.407058
-0.015275
-0.184904
0.092965
0.292550
0.123706
0.042355
0.192076
-0.058213
0.312785
-0.079042
0.037252
0.001716
0.088389
0.377934
-0.094309
0.135703
-0.150239
0.217791
-0.036465
0.304562
-0.079478
0.380593
-0.275624
-0.234811
0.132963
-0.015345
-0.025395
0.577187
-0.109731
0.097036
0.181965
-0.015472
0.150346
0.101971
0.132858
-0.394813
0.052882
-0.094422
0.000942
-0.083141
0.147567
0.149380
-0.100561
0.169605
-0.030122
-0.025959
0.183129
-0.313136
-0.095041
-0.142999
0.114878
-0.012496
-0.059466
0.229506
0.257887
-0.215153
-0.032292
0.173873
0.175599
0.009342
-0.191317
-0.055897
-0.477821
-0.222013
0.001018
0.079147
0.295476
-0.481466
-0.276698
-0.062332
0.289800
-0.017357
-0.373584
-0.100922
0.053363
0.034643
-0.211678
0.143956
0.134898
0.020349
-0.291226
-0.425378
0.007662
-0.203929
-0.037236
0.165342
0.198173
0.230209
-0.362616
-0.186511
-0.009121
-0.269458
0.021939
-0.700417
-0.172757
0.076684
0.278220
-0.438868
-0.391708
-0.171757
0.405610
-0.045153
0.000935
-0.215614
-0.415208
-0.043047
0.015528
0.364272
-0.064137
0.017120
0.259023
-0.047071
0.385456
0.314545
-0.384660
0.187976
0.393332
-0.283736
0.157982
0.101491
-0.029276
0.114815
-0.157203
-0.075210
-0.438364
-0.040343
-0.498210
-0.183098
-0.012749
-0.150143
-0.029137
-0.080618
-0.149939
0.047283
-0.136704
-0.101762
-0.102297
-0.053732
-0.042837
0.048067
0.023705
-0.196327
-0.133823
0.030393
0.033748
-0.289852
0.048323
-0.470296
-0.070058
-0.065359
-0.285456
-0.085543
-0.264796
-0.447546
-0.046226
-0.313146
-0.029408
-0.450585
-0.076216
0.006353
-0.204680
0.123940
0.090032
0.129729
-0.140321
0.038078
0.031302
-0.269981
-0.007811
-0.533190
-0.095666
-0.037000
-0.066981
0.044592
0.058037
-0.130707
-0.086917
-0.193509
-0.536560
0.007189
-0.156136
-0.006480
-0.057196
0.043595
0.018340
-0.125862
0.039773
-0.085011
0.124425
-0.049174
0.215463
0.255664
-0.049453
0.086239
-0.023200
0.288149
0.055505
0.047948
0.085132
0.034157
0.157593
-0.107491
0.035941
0.015327
-0.159341
0.306640
-0.277058
0.064259
0.106016
-0.136938
-0.094226
0.473885
0.038515
0.417488
-0.029526
-0.071925
0.215469
-0.065477
-0.060221
0.045454
-0.041976
-0.037590
0.197270
0.027261
-0.385122
0.042419
0.217543
-0.071023
-0.038755
-0.014077
0.080553
0.059905
-0.054836
0.228178
-0.029160
0.246924
-0.017992
-0.029715
-0.084311
-0.180648
0.047310
-0.031999
0.239885
-0.101062
0.108240
0.224525
0.092892
-0.648971
-0.052478
-0.533613
-0.133974
-0.008950
-0.069784
0.004915
0.184227
0.199034
-0.027609
-0.174632
0.077392
-0.179829
0.200910
0.016133
0.044871
0.003529
0.023402
0.044682
-0.004162
-0.007966
0.299638
0.070804
-0.051373
0.314130
-0.028132
0.204465
0.000207
0.012910
-0.050224
0.098798
-0.114629
-0.187118
-0.031617
0.432116
0.032857
0.361685
-0.042336
0.249637
0.226688
-0.081919
0.355779
0.067639
-0.015249
-0.328764
-0.172789
-0.100050
0.023422
-0.283805
0.122165
0.092708
-0.022217
-0.051844
-0.065250
0.025599
0.100575
-0.126011
-0.291179
-0.323294
0.042239
0.023693
-0.255507
-0.004517
0.151346
0.041972
-0.030042
0.236425
0.598585
0.016661
-0.173369
-0.003342
-0.169970
-0.023577
0.054087
0.144797
0.090744
0.099580
0.069569
-0.041421
0.208787
-0.118668
-0.043605
0.062028
-0.055843
0.013260
0.183449
-0.092835
0.331928
-0.052132
0.144957
0.039456
0.013333
0.159313
-0.066818
-0.326633
0.001168
0.046048
0.348119
0.080214
-0.102057
0.162091
-0.025903
0.376538
-0.077305
0.039796
-0.063086
-0.357852
0.139595
0.093686
-0.022287
-0.086845
-0.034263
0.243804
-0.268290
0.250105
-0.009276
-0.070136
-0.008404
0.034568
-0.098919
-0.112344
0.015289
-0.089045
-0.307523
0.298103
0.036866
0.137385
-0.147558
-0.047780
-0.098474
0.158094
0.069717
-0.062454
-0.159203
-0.094513
-0.158001
0.034394
-0.080558
-0.222558
0.031216
0.091494
0.146286
-0.089532
0.007316
0.019355
0.070836
-0.058809
-0.093116
-0.011247
-0.030049
-0.037606
0.034649
0.024202
0.154927
0.126279
0.030391
0.157872
-0.082368
-0.181099
0.012552
-0.053639
0.172085
0.080307
-0.093094
-0.210019
-0.063132
0.249004
-0.034697
-0.042808
-0.066887
-0.145109
0.069818
-0.045853
-0.211860
0.026352
-0.042449
0.102907
-0.210782
0.102200
-0.000104
-0.108233
-0.092109
-0.011843
-0.265125
-0.103400
-0.240839
-0.161143
-0.018409
-0.083552
0.013553
0.055262
-0.071298
-0.470617
-0.009781
-0.268148
0.035015
-0.037586
-0.026272
-0.039951
-0.434698
-0.447833
-0.062518
-0.241356
-0.201199
-0.142080
-0.431668
-0.022527
0.116360
-0.095944
-0.205956
-0.077875
-0.009253
0.052887
0.094469
-0.544141
0.063000
-0.400091
0.280445
-0.123423
0.001873
-0.471018
0.042607
-0.073792
0.297033
-0.105269
-0.289945
0.131088
-0.076568
-0.410057
-0.131103
-0.244794
-0.079306
-0.081760
0.030660
-0.125925
-0.058397
0.190221
0.074467
-0.095515
-0.003246
0.105837
-0.112919
-0.032613
0.013500
-0.256996
-0.180266
-0.081970
-0.029185
0.104868
-0.038340
0.100594
-0.080670
0.025879
-0.162408
-0.098056
-0.388606
0.181463
-0.030779
0.116270
-0.218559
-0.111789
0.024929
-0.024769
0.240801
-0.177621
-0.070437
-0.238085
0.207465
-0.058698
-0.208302
0.052221
0.237999
0.035669
-0.104833
0.043856
0.012306
-0.053257
-0.383241
-0.007734
-0.433913
-0.007261
-0.420620
0.195736
-0.025684
0.098431
0.039396
0.217024
0.269680
-0.363131
-0.231019
0.162750
-0.024115
0.032353
-0.106170
-0.393497
-0.167781
-0.057121
0.394657
-0.295934
-0.117239
-0.100111
-0.006248
0.043788
-0.022438
-0.167874
-0.348008
-0.034699
0.037268
0.373198
-0.105143
0.073399
0.397589
-0.656281
0.149199
0.237220
0.168493
-0.079202
0.049707
-0.162000
0.135082
0.233624
-0.096601
-0.016273
0.015628
-0.018935
-0.307881
-0.016765
-0.355319
-0.033111
0.028161
0.108400
-0.336682
-0.035694
0.021416
-0.027842
-0.256770
0.001805
0.022767
0.014044
0.005501
-0.000215
0.061839
-0.204882
-0.037785
-0.224398
0.102521
-0.243980
-0.083622
0.049261
0.046611
-0.245422
-0.168195
-0.105685
-0.165512
-0.487552
-0.044648
-0.114562
0.015659
-0.170619
0.010485
-0.015670
-0.140138
0.219181
0.331937
0.177501
-0.123194
-0.062633
-0.070813
-0.168490
-0.025977
-0.220426
-0.074912
-0.028432
0.050127
-0.042095
0.098096
-0.123859
0.291776
-0.451893
-0.302952
0.059713
-0.143712
0.002738
0.062825
0.233767
0.051508
-0.127581
0.155634
0.002691
0.134538
-0.044944
-0.489485
-0.125765
-0.040319
-0.089230
-0.125568
-0.158761
0.021939
0.044803
-0.178677
-0.079839
0.046046
-0.099222
0.049784
-0.038627
-0.158384
0.003733
-0.051683
-0.199499
0.154561
-0.185889
0.061392
-0.246436
-0.059751
-0.009167
-0.152618
0.011005
-0.235882
0.016274
-0.111689
-0.172919
0.026163
-0.190437
0.085597
-0.014478
-0.077094
0.027863
-0.090515
-0.015407
-0.035987
-0.009534
-0.048252
-0.068657
0.001640
-0.070364
0.051214
-0.119770
-0.028069
0.018802
-0.126287
-0.011837
-0.037142
-0.230010
0.005576
-0.239317
-0.140742
0.063857
-0.162753
-0.113657
-0.035468
-0.225019
0.058154
-0.059096
0.228222
-0.060948
-0.125535
-0.020126
0.027803
-0.109432
-0.104378
0.009486
0.047896
0.014974
-0.163856
-0.094928
0.023303
-0.064833
-0.097990
0.025750
-0.024701
-0.048804
-0.098530
0.068677
0.029475
0.072487
0.037894
-0.122153
-0.013106
-0.147256
-0.106521
-0.230490
-0.090744
0.047667
-0.066698
-0.115449
-0.044305
-0.157389
-0.070257
0.013198
0.004884
0.012832
0.087427
0.094614
-0.184805
-0.074172
-0.026824
-0.049656
-0.083710
-0.215296
-0.094207
-0.052065
0.054297
-0.016788
-0.050698
-0.015097
-0.182644
-0.338662
0.096656
-0.165996
-0.104065
0.044624
-0.101491
0.058863
0.016427
-0.185449
0.166545
0.003912
0.162041
-0.031313
-0.026613
-0.050820
0.066927
-0.287591
0.221764
0.252610
0.206266
-0.006146
-0.395221
-0.107342
-0.004400
-0.086722
-0.038162
-0.036039
-0.074707
0.269959
-0.327685
0.065189
-0.102203
0.022378
0.019855
0.141547
0.037852
0.001832
0.039806
-0.298084
0.090111
-0.125278
-0.010320
0.128893
0.035257
-0.398236
0.273924
0.022591
0.119318
0.154079
-0.404064
-0.032933
-0.255541
-0.055567
-0.029173
-0.312568
0.147657
-0.214839
-0.109002
0.125875
-0.115879
0.031347
0.094553
-0.312547
-0.076468
-0.126440
0.215464
-0.174595
-0.233617
-0.067348
-0.112878
0.033732
0.016041
-0.119619
0.031457
-0.031270
-0.101426
-0.040686
-0.113503
-0.173899
-0.093171
-0.019851
-0.000683
-0.063084
0.039879
-0.052721
0.070468
-0.007104
-0.042214
-0.032102
-0.097660
-0.056704
0.119878
-0.056532
0.096397
-0.126752
-0.190288
0.212610
-0.017362
0.159442
-0.027979
-0.383567
-0.200932
-0.532470
-0.092632
0.415394
0.064197
-0.041130
0.059759
0.269211
-0.280991
-0.036429
0.062930
-0.345381
0.082988
-0.294304
0.204240
0.024541
0.050298
0.105065
-0.344390
0.216090
-0.088721
-0.096697
0.023093
-0.064742
0.129245
-0.208370
-0.008863
0.078383
-0.294514
0.027138
-0.063600
-0.025020
-0.071549
-0.179632
-0.149768
0.035376
0.253568
-0.063790
-0.146238
-0.057943
-0.087188
-0.133986
-0.023715
-0.131562
0.217741
-0.274006
0.067171
-0.072022
0.155883
-0.017809
0.002649
-0.066323
-0.090207
-0.076350
0.081264
0.114537
0.411132
-0.069455
-0.024909
-0.118197
0.066609
-0.168092
-0.039726
-0.126341
0.128944
-0.027088
0.143501
0.090063
0.042454
0.040511
-0.045227
0.408443
-0.536433
-0.018165
0.091449
-0.236993
-0.051144
-0.024481
0.001770
-0.043000
-0.010535
0.034638
-0.129966
-0.000680
-0.039858
0.003932
-0.096714
0.025718
-0.172267
0.002230
0.004212
-0.067575
0.017011
-0.100601
-0.061223
0.154631
-0.247714
0.070517
-0.112458
-0.053162
0.233011
-0.043548
0.061149
-0.002488
-0.013427
-0.214571
-0.048981
-0.050307
-0.105807
-0.285438
-0.087287
-0.024559
-0.028229
0.002063
0.028286
0.082478
0.040381
0.018279
0.141022
0.288467
0.041928
-0.105039
-0.062499
-0.042256
-0.017211
0.058911
0.037036
0.117994
0.075002
0.201955
0.043980
0.082090
-0.005165
-0.032306
-0.122662
0.122246
0.075883
0.014009
0.277185
-0.123709
-0.081070
0.179333
0.161800
-0.025158
-0.068072
0.024666
0.219539
0.041197
-0.091522
0.112240
-0.130248
-0.018849
-0.082107
0.249865
0.159272
0.007988
-0.024002
0.141039
0.199583
-0.245779
0.165771
0.111570
-0.050971
0.272113
0.234405
-0.077880
0.046859
-0.073367
0.049781
-0.348688
-0.068913
-0.262011
-0.062407
-0.059758
0.050029
-0.034470
0.083104
-0.106522
-0.171733
-0.076225
0.062586
0.004695
0.035454
-0.204838
-0.013652
-0.121135
0.102763
-0.032163
-0.012569
-0.092003
-0.060003
-0.334502
0.013441
-0.171474
0.064946
0.280852
-0.093950
0.009921
-0.048607
0.012243
-0.267618
-0.063332
0.160589
-0.154490
-0.075916
0.056165
0.158286
-0.030311
-0.084831
-0.032513
-0.029869
-0.130257
-0.021992
0.145120
-0.074216
-0.079294
-0.053602
-0.152958
-0.004818
0.151830
-0.158109
-0.120118
-0.088552
-0.199321
-0.290443
0.028573
-0.150657
-0.167687
0.011159
-0.011434
0.028409
-0.031713
-0.109036
-0.055226
-0.069247
-0.069392
-0.355187
-0.237256
0.003910
-0.028117
-0.131709
0.014056
0.086831
-0.006413
-0.017104
0.005187
-0.059638
-0.003595
-0.103840
-0.034086
0.154202
0.038015
-0.075868
-0.234933
-0.054316
-0.145014
-0.174819
-0.301454
0.020881
0.060338
0.005772
0.215983
-0.060523
0.178781
-0.059633
-0.061573
0.237958
0.005058
-0.110189
0.107020
-0.757151
-0.013208
-0.029465
-0.314829
-0.056771
-0.187644
-0.065906
-0.389280
-0.073413
-0.024840
-0.212966
0.056347
-0.052918
-0.504493
-0.424158
0.200978
-0.199346
-0.285923
0.139226
-0.021823
-0.124276
0.241355
0.307997
-0.102562
-0.106934
-0.046201
0.054614
-0.063607
0.070111
0.020326
-0.057430
-0.022883
0.051329
-0.067393
-0.047328
-0.023180
-0.016657
0.033426
0.031483
-0.017948
-0.079884
0.008425
-0.046809
-0.069686
0.011139
-0.034897
-0.059558
-0.041606
0.060869
-0.078414
0.065385
0.054825
0.045307
0.054398
0.047935
0.042410
-0.023732
-0.025908
0.032958
0.045729
0.076772
-0.004233
0.037817
-0.055915
-0.046282
0.054186
0.051967
-0.005902
-0.028617
-0.019582
-0.041305
-0.073617
0.023045
0.075101
0.037921
0.022420
-0.071923
-0.022758
0.027529
-0.020743
-0.029748
0.027272
-0.029789
0.023212
0.022153
0.031507
0.060756
0.006394
0.044828
0.071422
0.004410
0.190151
0.048632
0.079559
0.083772
0.039654
-0.099292
0.029401
-0.025659
0.000237
0.049918
-0.022845
-0.043902
-0.029674
0.102933
-0.126292
-0.284228
-0.105725
-0.067138
-0.179857
-0.002912
-0.088929
-0.048404
0.046224
0.412967
-0.193999
-0.102497
0.394446
-0.063954
-0.164759
-0.105785
-0.047366
0.218285
-0.007738
0.037441
-0.128155
-0.057895
0.005131
-0.255301
-0.085022
-0.040100
-0.016133
-0.193309
0.136895
0.021698
0.026097
-0.154959
0.063483
0.176805
-0.032487
-0.217657
-0.052643
0.058593
0.238413
-0.078359
0.043179
-0.033600
0.073647
-0.062646
-0.033045
-0.217065
-0.019951
-0.141204
0.023810
-0.064665
-0.062359
-0.037221
-0.064514
-0.426383
-0.032481
-0.391454
-0.050817
0.297768
-0.056267
-0.073465
-0.053587
0.015373
-0.021807
-0.170164
-0.238033
0.028915
-0.502607
0.365808
-0.109251
-0.077187
-0.134214
-0.101993
0.013216
-0.022618
0.035965
0.194261
-0.041903
-0.016485
-0.042341
-0.021176
-0.117037
0.028969
-0.060660
-0.058256
0.004087
0.125661
0.152490
0.068433
-0.105044
0.025534
0.130281
-0.067208
0.122066
-0.071792
-0.146239
0.024825
-0.043845
-0.263511
0.075172
-0.031142
-0.028736
-0.076625
0.357870
-0.021794
-0.114660
0.080985
-0.088198
-0.003124
-0.397968
-0.392525
-0.024477
-0.137499
-0.099241
0.076768
-0.230077
-0.074066
0.162628
-0.057417
-0.194002
-0.144364
-0.087215
-0.020327
0.015514
-0.610756
-0.091096
0.046132
-0.009222
0.003576
0.145148
0.299927
-0.172956
-0.301969
-0.199572
-0.087367
-0.655135
-0.098402
0.009160
0.023983
-0.064460
-0.512417
0.068747
0.034711
0.042445
-0.107698
-0.262171
-0.386290
-0.103122
0.052110
0.048981
0.059342
-0.020899
0.025073
0.033517
-0.051485
-0.204452
-0.380913
0.009849
-0.047438
0.230750
-0.044044
-0.082817
-0.200793
0.271976
0.129303
0.174031
-0.134237
-0.446711
-0.016283
0.175497
0.131638
-0.015790
0.018523
0.029779
-0.101264
-0.000563
-0.288055
-0.069607
-0.220740
0.022469
-0.070132
-0.259695
-0.217589
0.050850
0.105584
-0.008739
-0.111529
-0.063376
-0.201890
0.003683
0.022772
0.059912
-0.304951
-0.037655
-0.209233
-0.100859
-0.043013
0.130521
-0.091129
-0.075744
0.040614
-0.146438
-0.189563
-0.257741
0.073533
-0.294920
-0.004915
-0.482275
-0.043057
-0.180139
0.191842
0.008137
-0.113382
0.081899
0.156858
-0.162340
-0.184624
0.032992
-0.041392
0.197477
-0.316754
-0.005704
-0.090174
-0.115837
0.090012
-0.102869
-0.035744
-0.363182
-0.125359
-0.127760
-0.148790
-0.119735
0.193399
0.031645
-0.187966
-0.317766
0.020824
-0.203322
-0.016948
0.057033
0.157954
0.029368
-0.228037
0.067861
-0.091325
-0.158513
-0.303936
-0.088517
-0.263118
0.040532
-0.033377
0.007982
-0.035283
0.015897
0.037605
-0.044842
-0.212040
-0.076272
-0.239998
-0.103524
0.125016
0.050361
-0.048484
-0.031047
-0.021825
-0.075770
-0.178651
0.011311
-0.099988
-0.364272
-0.019993
-0.157903
-0.028624
-0.110383
0.102416
0.033386
-0.081962
0.119556
-0.033958
0.017801
-0.397505
-0.086953
-0.074358
-0.003136
-0.099739
-0.021406
0.033339
-0.304439
-0.051299
0.004845
-0.251976
-0.107955
-0.037245
-0.527985
-0.151874
-0.053208
-0.161190
-0.120363
-0.183021
0.060449
0.002730
-0.135944
0.113858
-0.089335
-0.004872
-0.115009
0.194980
0.010578
-0.019739
0.183174
0.214500
-0.168228
-0.128434
0.025868
0.086747
-0.135734
-0.148785
-0.061266
-0.019331
0.036799
-0.340619
0.230184
-0.023213
-0.048128
-0.192091
-0.129694
0.027846
0.256961
0.044732
-0.009545
-0.132086
-0.249644
-0.036488
-0.251331
-0.130083
-0.195819
0.021831
-0.599732
0.068285
0.069631
0.206495
-0.219441
0.033702
-0.145200
0.125584
0.040738
-0.059051
-0.148888
-0.309255
-0.252631
-0.026062
0.413783
-0.067404
0.030073
0.172155
-0.519940
0.352090
0.146346
0.099376
-0.309388
0.043228
0.144372
0.143759
-0.002202
0.046422
-0.250308
0.005105
0.005035
-0.112454
0.090200
0.182857
0.142948
-0.066113
0.156977
-0.136259
-0.245028
-0.089971
-0.068943
0.023053
-0.122457
0.190917
0.042817
-0.059283
0.038900
0.030296
0.228464
0.281401
-0.036811
-0.068268
0.100170
0.051138
-0.122486
-0.106344
0.332598
-0.059459
0.101284
-0.117910
-0.012721
-0.086320
0.403640
-0.111725
0.231168
-0.102525
-0.043030
-0.125762
-0.100645
0.067883
-0.119693
-0.517188
0.074721
-0.092017
-0.380461
0.096405
-0.025376
-0.019027
-0.084815
-0.071214
-0.073059
-0.108370
0.188292
-0.097228
-0.023637
-0.079621
0.242396
-0.297008
-0.132498
0.682232
0.056522
-0.053535
0.245324
0.385309
-0.114962
-0.375260
-0.065988
0.029524
0.015023
0.051141
-0.050427
0.014216
0.053975
0.006288
-0.056965
-0.225017
-0.070691
0.102906
-0.010889
0.067051
0.029786
-0.141027
-0.087576
-0.272093
-0.087870
0.086800
0.126164
0.013062
0.022081
0.023277
-0.080462
-0.006014
-0.017105
0.096255
-0.155546
-0.107779
0.196915
-0.095405
-0.301110
0.145995
-0.029168
-0.185883
0.116444
-0.257000
0.008763
-0.295289
-0.080227
-0.071893
0.045073
-0.022437
-0.050562
0.027369
-0.054024
-0.057392
-0.081224
0.121069
-0.387161
-0.089741
-0.254867
0.274603
0.098101
-0.453790
-0.214334
0.098800
0.041034
0.025174
0.016184
0.003020
-0.009737
0.060385
-0.048364
0.249945
0.247582
-0.059891
0.358643
0.333716
-0.190972
0.094905
-0.073291
0.144249
0.100913
0.023057
0.020905
0.022582
-0.092829
0.348157
-0.034693
0.019778
0.068304
-0.137860
-0.041868
0.037224
-0.019708
-0.087443
-0.354619
0.123373
-0.133659
0.046601
0.038534
0.062711
-0.281216
-0.014716
0.275924
-0.196101
0.027547
-0.185325
0.113513
0.282128
-0.015197
-0.053508
-0.054153
-0.052419
0.383353
-0.115235
0.088432
-0.063168
-0.034722
-0.115167
-0.074672
0.106773
0.201688
-0.018420
0.079230
-0.139463
0.084585
0.117010
0.006485
-0.171965
-0.112339
-0.005927
-0.020797
-0.027257
0.046556
0.070530
-0.063381
0.145746
0.305014
0.039578
0.184758
0.081429
-0.175021
-0.001927
0.000659
0.062779
-0.000565
0.140074
0.051436
0.066390
-0.034198
-0.014724
0.217180
0.278852
-0.013874
-0.048630
-0.055536
-0.032032
0.022495
-0.000989
-0.382657
0.035177
0.047620
0.247800
0.060081
-0.075512
-0.416170
0.017082
0.153594
-0.088338
-0.037469
0.127128
-0.204487
0.651807
-0.036329
-0.046590
-0.052093
0.060214
0.347187
0.014364
0.129993
-0.053243
-0.170831
0.060160
-0.057546
0.030040
0.131127
0.152059
0.050424
0.079046
0.078837
0.161382
-0.015028
-0.198038
0.049807
0.015271
0.173252
-0.165216
0.037393
0.098615
-0.113961
-0.170001
0.031020
0.009100
-0.036108
-0.096907
0.055426
-0.357733
0.010080
-0.055169
-0.040854
0.168946
-0.149339
0.019621
-0.068343
-0.365631
0.188005
-0.461158
-0.315410
0.029869
-0.106971
-0.008661
-0.251985
-0.038102
0.150415
-0.185499
0.310462
-0.110844
-0.100445
-0.066535
-0.433682
-0.005219
-0.293309
0.145431
0.039410
-0.079826
-0.164785
0.084094
-0.237308
0.111478
0.036532
0.021466
0.017290
-0.077104
0.070904
0.002213
-0.287048
-0.061470
-0.023719
0.076199
-0.025128
0.176283
-0.006865
-0.272919
-0.187739
0.070052
-0.181323
0.161616
-0.065352
0.030417
-0.090474
-0.017932
0.034988
0.081047
-0.077962
0.051016
0.092519
-0.030091
0.009846
-0.126998
-0.223237
-0.012622
-0.081468
0.055862
0.142475
0.175381
-0.068431
0.057735
-0.040449
-0.122594
0.080525
-0.261992
0.006796
-0.315791
0.261392
-0.099949
0.401026
-0.043811
0.123773
0.095602
0.074787
0.075941
-0.045320
-0.007480
-0.041735
-0.033467
-0.013655
-0.098756
-0.088957
0.169492
-0.171000
0.396047
-0.001923
0.199439
-0.029323
-0.051978
0.211672
-0.143438
0.101986
-0.059406
0.023517
0.035134
-0.108501
-0.008956
0.073570
0.000756
0.097337
0.039623
-0.015791
0.142388
-0.015719
0.305529
-0.026764
0.005149
-0.168620
-0.163996
0.033031
-0.184510
-0.085077
-0.070517
0.141687
-0.047465
-0.154822
0.172951
-0.254701
0.177840
-0.035783
-0.298674
-0.081650
0.068384
-0.074752
0.048411
0.002673
-0.155557
0.279667
-0.332283
-0.102727
0.004793
-0.184908
0.051422
-0.185214
-0.002194
0.563289
-0.135091
0.273932
0.226653
-0.090228
-0.087205
0.133575
-0.059431
0.002016
0.077210
0.025666
-0.025130
0.028921
0.222918
-0.301927
-0.257127
0.030504
0.029468
-0.107099
-0.279892
0.136840
-0.049495
0.084859
0.032627
0.025575
-0.027307
-0.129286
-0.275404
0.149602
-0.005949
-0.256286
0.098695
0.155687
0.326021
-0.111061
-0.041302
-0.175716
-0.167330
-0.027352
-0.113079
-0.170717
0.039476
0.272286
-0.085840
0.101104
0.082024
-0.143943
-0.235460
-0.088296
-0.069928
-0.090624
0.196784
-0.006739
0.061427
-0.012775
-0.170932
0.347502
-0.061227
-0.027678
-0.254816
-0.088542
-0.099795
0.034108
0.042180
0.154532
-0.089286
0.055383
0.092609
0.093742
-0.058756
-0.210592
-0.120501
0.122183
0.035242
0.033424
0.023553
0.007319
0.430384
-0.225999
0.047522
-0.049432
-0.036567
-0.072887
-0.138520
0.257183
-0.096251
-0.123087
-0.056058
0.035759
-0.148609
0.369950
-0.126754
-0.094514
-0.292023
-0.346552
0.013276
0.218481
-0.158132
-0.255980
0.041466
-0.207972
0.036076
-0.058654
-0.165841
-0.071191
0.091541
-0.168386
-0.061157
-0.319361
0.171918
-0.554748
-0.053514
-0.058108
0.083026
-0.070648
0.076389
-0.038649
-0.033870
-0.068715
-0.009590
0.024614
-0.135143
-0.040761
-0.447283
0.310379
-0.050435
0.105835
-0.093002
-0.596959
0.215384
0.150329
0.149189
-0.000867
0.042651
0.333210
-0.013489
0.067538
-0.037427
0.076807
0.258703
-0.158625
-0.278283
-0.187887
0.377152
0.017913
0.010172
-0.140142
-0.423597
-0.075832
0.057174
0.000509
-0.008522
0.074407
0.227261
-0.171276
0.398599
0.130665
-0.016987
0.143224
0.003097
-0.134106
-0.296620
-0.052709
0.016991
-0.079219
0.123462
0.050375
-0.160095
-0.039231
-0.073610
-0.072330
0.005970
-0.041828
0.014740
0.180584
-0.038140
-0.051535
-0.117321
-0.114148
0.155058
-0.076809
0.055376
-0.071603
-0.194792
-0.175876
-0.143093
-0.044497
-0.108597
-0.000886
0.045384
-0.276873
-0.046457
0.091412
-0.234083
0.130914
-0.097854
-0.022916
0.058191
-0.015400
-0.074968
-0.021744
0.005453
-0.021093
-0.205507
0.013003
-0.111066
-0.094079
-0.061913
0.020384
-0.015537
0.026119
-0.018169
-0.203932
-0.055360
-0.177055
0.058170
-0.044766
-0.066516
-0.090210
0.041939
-0.135925
-0.409061
-0.066902
-0.002709
-0.080933
0.184676
0.029520
0.015814
-0.009455
0.291845
-0.086907
-0.089110
-0.106915
-0.061142
0.117919
0.044673
-0.426625
-0.156688
-0.118807
-0.317846
-0.016131
-0.259355
-0.052360
0.159919
-0.060905
-0.074841
-0.079177
-0.188214
0.227283
-0.511602
-0.058256
-0.046780
-0.119707
0.029185
-0.034971
0.033031
0.383467
0.025056
0.101677
0.054673
-0.088424
-0.014795
-0.102005
-0.060351
-0.084971
0.059156
0.076151
0.113640
-0.129038
0.332641
-0.454068
-0.058107
0.006492
-0.077487
-0.019637
-0.012362
0.092067
-0.089725
0.004039
0.008245
-0.100665
-0.073913
-0.048250
-0.023201
-0.209383
-0.420265
-0.005875
0.113702
0.244952
0.083912
-0.205630
0.042697
-0.361752
-0.241375
-0.035822
-0.042256
-0.079045
0.349962
0.232675
-0.006318
0.225674
0.145507
-0.145639
0.344681
0.007896
-0.148397
0.087188
0.022215
-0.077717
0.068628
0.040728
0.267212
0.173553
-0.074211
0.269181
-0.030772
-0.299168
-0.036083
-0.152966
-0.041475
-0.060103
-0.075527
-0.043437
-0.014372
0.004778
-0.027071
-0.205405
-0.015326
-0.102297
0.072754
0.029837
-0.243719
-0.048280
0.312705
-0.110810
-0.039255
0.066186
0.029517
0.023056
-0.065854
0.071085
0.028825
0.101513
-0.008843
-0.027425
0.049209
0.315139
-0.314001
-0.058993
-0.020623
0.026414
-0.033102
0.037312
-0.070900
-0.005996
0.038014
-0.212560
0.023259
-0.034425
-0.116338
-0.004398
-0.083976
0.181886
0.059112
0.049729
-0.229428
-0.299933
-0.059771
-0.029414
-0.042487
0.016096
0.064019
-0.064219
-0.076999
-0.041128
0.298988
-0.098169
-0.197952
-0.172314
-0.133541
0.202055
0.015029
0.090785
-0.092819
-0.056826
-0.016064
-0.122525
0.039573
0.079198
0.002675
-0.088753
-0.069774
-0.384043
-0.070997
-0.035692
-0.043051
-0.076348
0.414536
0.156769
0.034355
0.001016
-0.070169
0.259801
-0.228493
-0.147758
-0.059963
0.092120
-0.111422
-0.040238
0.072724
-0.326374
0.153563
0.092781
0.072314
-0.114180
-0.020132
-0.133920
0.312725
0.130587
0.039830
0.139847
-0.418591
-0.026419
0.052413
-0.093564
0.011165
0.114177
0.024849
0.006652
-0.608695
-0.050904
-0.183213
0.031844
-0.138010
0.022124
0.139768
-0.071036
-0.033073
0.030540
0.022904
-0.099315
-0.630782
-0.145677
-0.000771
0.033684
0.048345
-0.042865
-0.109111
0.272587
0.013155
0.087224
-0.026638
0.105672
-0.125900
0.082567
-0.112470
-0.379938
0.081691
-0.042118
-0.015387
-0.121441
0.107856
-0.264084
-0.385752
0.027507
-0.050876
-0.080525
-0.152699
-0.154404
0.029765
0.150165
-0.048096
-0.041050
-0.079834
-0.065267
-0.132673
0.004062
-0.162327
-0.002997
-0.182420
0.033905
0.215967
0.089115
-0.070326
-0.068133
-0.032066
-0.074531
0.025207
-0.051201
0.070879
0.113532
0.045518
0.249857
-0.211094
0.149179
-0.264500
0.055732
0.015020
0.022926
0.193448
-0.031651
-0.001143
-0.034736
-0.001450
-0.523835
0.229825
0.074218
0.105535
-0.148418
0.044589
0.182346
0.006238
-0.183859
0.116017
0.092897
-0.066433
0.156461
0.002133
-0.132324
-0.141404
0.025886
-0.123884
-0.039403
-0.017899
-0.149906
-0.184941
0.042451
-0.374041
-0.101747
0.014666
-0.068145
0.232220
-0.157753
-0.034471
0.039211
-0.069220
-0.012519
0.090837
0.244714
-0.235902
-0.132437
0.175144
0.047687
-0.232068
-0.036930
-0.268310
0.165353
0.074347
0.250245
0.001210
0.033260
0.093836
-0.066877
0.142650
-0.053017
-0.008484
-0.076686
0.250649
-0.289197
0.143359
0.055708
-0.141680
-0.053775
0.045732
0.065292
-0.057631
-0.090923
0.096252
-0.053148
-0.278252
0.005448
-0.206304
-0.112599
-0.060543
0.124765
-0.064808
-0.459540
0.200343
-0.199800
0.044455
-0.040177
0.052675
0.331408
0.025571
0.198622
0.077096
-0.094582
0.093748
-0.017825
-0.086944
-0.264720
0.003598
0.056976
-0.007291
0.195143
-0.326488
0.097303
0.016138
0.036637
-0.069073
-0.078811
0.057184
0.173347
0.237779
-0.057392
-0.051345
0.072195
0.033708
-0.030734
-0.325874
-0.258705
0.070249
-0.028183
0.160546
-0.083899
-0.077431
0.028385
-0.173443
-0.059605
0.031674
-0.020067
0.043429
0.015196
-0.015562
0.040617
0.025042
-0.089404
0.088853
-0.100102
-0.084818
-0.099008
-0.250435
-0.124387
-0.288405
0.068717
0.028385
-0.099431
-0.055376
-0.057039
-0.057477
-0.099972
-0.029111
-0.006518
-0.264078
0.018591
0.003710
-0.222748
-0.069803
-0.261710
0.160481
0.058310
-0.380553
-0.086115
0.193107
0.001921
0.233487
0.015470
0.076464
-0.073828
-0.097056
0.113220
0.021374
-0.134895
0.044364
0.013814
0.396997
-0.339964
0.072796
-0.354880
-0.223378
0.094085
0.125384
-0.120457
0.193831
-0.103117
-0.106769
0.089710
0.105361
0.016677
0.051683
-0.017853
0.038415
-0.175705
0.024547
-0.068067
-0.202526
0.121598
-0.011312
-0.086647
0.075848
-0.028500
0.139127
0.033496
0.004046
0.022651
-0.036849
-0.197747
-0.089037
0.095831
0.002313
0.118138
-0.017987
-0.068077
-0.110708
0.159376
-0.155792
0.173073
-0.002963
0.126597
-0.011506
-0.036534
-0.022378
-0.026176
0.119953
0.035372
-0.133889
-0.228494
-0.013666
-0.173890
0.057275
-0.082562
-0.060663
-0.117208
-0.024836
-0.177967
-0.053646
0.027162
0.024956
-0.004400
-0.041501
0.076050
-0.032172
-0.256701
-0.051918
-0.028256
0.111200
-0.076030
-0.004103
0.106604
-0.053221
-0.011479
0.119035
-0.064539
-0.004438
-0.134133
0.122230
0.073910
-0.046513
-0.002123
-0.181114
0.123386
-0.131197
-0.008526
0.060493
0.011193
0.063725
-0.060113
-0.040952
-0.033683
-0.123982
-0.025855
-0.162868
0.116339
0.009609
0.046974
-0.009603
-0.011232
-0.098335
0.083771
-0.125928
0.038654
-0.220086
0.072892
-0.087254
-0.127490
-0.099929
-0.232929
-0.086989
-0.057886
-0.318622
-0.193338
-0.003925
-0.060134
0.118149
-0.006018
-0.007994
-0.078444
0.019647
-0.116044
-0.051932
0.138022
-0.101879
-0.056054
0.057415
-0.036342
-0.246676
-0.268100
-0.070015
-0.167627
0.039286
-0.031177
-0.014703
0.101415
0.015958
-0.037435
0.035496
0.051732
0.016759
-0.108755
-0.233024
-0.149795
0.015704
-0.273366
0.146889
-0.063825
-0.166447
0.061497
-0.104160
-0.034513
0.070794
0.017334
0.020035
-0.075012
-0.178661
0.033578
0.059417
-0.020546
-0.263615
-0.100151
-0.018631
-0.026559
-0.088312
0.207338
0.010600
0.018731
0.016651
-0.032638
-0.129958
-0.058460
-0.008549
-0.173122
0.136760
-0.069953
-0.055822
-0.053947
-0.134123
-0.647365
-0.044535
0.015962
-0.021944
-0.074014
0.072829
0.065432
-0.003071
-0.116620
-0.045083
0.048145
-0.228919
-0.132336
-0.150775
-0.004111
-0.201343
-0.041094
-0.027304
-0.060752
-0.101697
-0.259564
0.020409
0.110575
-0.012154
0.065827
-0.099796
-0.077365
0.131300
0.313459
-0.076771
0.125226
-0.247740
-0.191017
-0.216559
-0.000809
0.090487
0.096410
-0.110554
-0.074044
-0.030837
-0.080500
0.062258
-0.176619
0.048189
-0.163939
0.075113
-0.156338
0.053802
-0.085985
-0.055892
-0.408540
0.047616
-0.139570
-0.066565
0.227634
-0.098868
-0.407620
-0.122307
-0.047336
-0.115860
0.010333
-0.276234
-0.164321
0.195406
-0.052209
0.049307
-0.052745
0.015776
0.174450
-0.534595
0.061299
0.011269
-0.194409
-0.067531
0.035601
0.009290
0.153355
-0.055832
-0.125503
-0.277737
-0.052981
-0.164086
-0.143699
-0.158928
-0.165489
-0.084115
-0.045889
-0.138549
-0.074102
-0.004945
0.032803
-0.296535
-0.023066
-0.055035
0.163616
-0.272194
-0.065666
-0.099030
0.043952
-0.021679
-0.002276
-0.298108
-0.118030
-0.052923
-0.019718
0.300711
-0.533791
-0.151250
-0.093882
0.067479
-0.146880
-0.045871
-0.229706
-0.003308
-0.634026
0.055958
-0.009779
-0.111699
0.222211
-0.145545
-0.363755
-0.094317
-0.192712
0.030809
-0.023955
-0.248539
-0.123730
-0.231621
0.106453
-0.108543
0.052247
0.049869
0.020492
-0.181585
0.029601
0.055937
-0.043597
-0.083172
-0.073851
-0.021296
-0.004131
-0.298562
-0.100311
-0.099827
-0.050461
-0.289747
-0.051761
-0.099766
0.017702
0.049985
-0.116559
-0.243463
-0.066957
0.117278
-0.058306
-0.193197
-0.142535
-0.008938
-0.020064
0.094068
0.025423
0.103165
-0.010069
-0.095860
0.012189
-0.216469
0.003447
-0.070512
-0.088253
0.151109
0.101436
0.134657
0.078445
-0.048721
-0.324421
-0.040776
-0.171620
-0.036231
-0.378200
0.100131
0.121400
-0.137459
0.096715
-0.017250
-0.077200
-0.037819
-0.009502
-0.040697
0.052939
0.135642
0.208401
-0.290127
0.223211
-0.123340
-0.044164
-0.001257
-0.177474
0.159105
-0.121784
0.013503
-0.031007
-0.143261
0.048904
-0.071426
0.191627
0.120769
-0.061775
-0.011732
0.032059
-0.082776
-0.025879
0.022515
0.032482
-0.154819
0.029037
-0.059881
0.028132
0.039105
-0.017089
-0.115645
0.052871
-0.086495
0.167622
-0.154194
-0.034806
-0.264966
0.011027
-0.051297
-0.122420
0.068889
-0.076424
-0.019687
0.017458
-0.021307
-0.410627
-0.061201
-0.015592
0.034259
-0.261884
0.048755
-0.126210
-0.015332
-0.210956
0.225959
-0.173356
-0.144977
0.023840
0.006208
-0.349677
-0.086781
-0.106061
-0.128492
-0.014172
-0.129703
-0.100699
0.014137
-0.102296
-0.216163
-0.023405
0.059895
-0.053393
0.138853
-0.030872
0.054910
-0.258042
-0.055758
0.017711
0.015731
0.026863
-0.005266
-0.017380
-0.179528
0.075864
-0.218805
0.000080
-0.451327
-0.013960
0.067918
-0.018906
-0.176762
-0.016209
0.128807
-0.038278
0.105257
0.072846
0.047723
0.162792
0.059153
-0.140067
0.186939
-0.020987
-0.120338
-0.038243
0.017423
-0.087909
-0.048062
-0.030839
0.209301
-0.068887
-0.160787
0.119336
0.155122
-0.404602
-0.091134
-0.149882
-0.090731
-0.044804
-0.199022
0.263596
-0.048781
-0.099551
-0.043909
0.082629
-0.137410
0.057714
-0.171694
-0.062640
-0.825729
-0.132857
-0.068058
-0.132216
-0.184666
-0.011224
0.013478
-0.503619
-0.011816
-0.061726
-0.007441
0.064091
-0.054315
-0.088067
-0.143886
0.098732
-0.488854
-0.108558
-0.087074
-0.048519
-0.256635
0.066144
-0.269279
-0.162950
-0.076729
0.049084
-0.084178
-0.092765
-0.005676
0.026671
-0.059713
0.018187
0.009989
-0.094156
0.009977
0.087466
0.019172
-0.021671
0.085683
-0.064235
-0.008509
-0.067987
0.037836
0.008712
0.035517
-0.061201
-0.042849
-0.034479
-0.092981
-0.054615
0.020059
0.038412
-0.021447
0.022349
0.013110
-0.083958
0.058786
-0.007583
0.010637
-0.019136
0.071476
-0.032583
0.035992
0.056665
-0.030028
0.080279
-0.027518
-0.020700
-0.023551
0.036293
0.041298
0.078001
0.024089
-0.060173
0.023193
0.033561
-0.048529
0.074740
-0.079487
-0.011271
-0.009638
-0.044989
-0.065395
-0.053111
0.051645
-0.025459
0.009078
-0.040964
0.047128
-0.011075
-0.035278
0.077744
0.060277
0.047092
0.136892
0.160693
-0.036619
-0.120013
0.111407
-0.065301
-0.143116
-0.060650
-0.211136
-0.055342
0.131316
-0.054784
0.007251
0.038174
0.250164
0.007324
0.113695
-0.010709
-0.008009
-0.106717
-0.016629
-0.120450
-0.078844
0.084419
0.251072
-0.029941
0.130246
0.179048
0.022319
-0.003852
-0.126903
0.153179
0.030402
-0.018390
-0.167075
-0.153939
0.212876
-0.225811
-0.153315
0.063008
-0.082568
-0.008321
0.002304
0.121139
-0.081775
0.029277
0.023555
-0.068635
0.158269
0.129020
-0.057292
-0.207935
0.077512
-0.003262
0.125443
0.328020
-0.191062
-0.014122
0.004261
-0.054735
-0.020698
-0.071376
-0.049652
0.016396
0.030352
0.032362
-0.066334
-0.151871
-0.264013
0.087373
-0.113664
0.009925
0.255347
-0.153258
0.179171
-0.082400
-0.096802
-0.024182
0.108888
-0.267296
0.096357
0.073373
0.084317
-0.055505
0.072384
0.202318
-0.067252
-0.199969
-0.006616
0.158346
0.028054
-0.006277
-0.005541
0.220970
-0.098648
-0.194350
0.108574
-0.029104
0.061134
-0.139712
0.223558
0.014256
0.032012
-0.031195
-0.046237
0.071605
0.200769
-0.233960
-0.092247
0.121344
-0.105496
0.070933
0.128207
-0.181358
-0.147020
-0.081246
0.136360
0.195779
-0.274911
0.107736
0.030249
0.232367
0.001671
0.221622
-0.248369
0.040557
-0.026250
-0.066299
0.189654
-0.161249
0.010294
0.188045
-0.077453
0.043781
-0.073721
0.061301
0.269929
-0.043302
-0.252740
-0.086538
0.047821
-0.066400
0.031067
-0.198434
-0.189953
-0.208583
0.069880
0.026373
-0.062009
0.190729
-0.032444
-0.109993
0.093357
0.008759
-0.068124
0.238870
0.021540
0.227785
-0.077297
-0.023576
-0.029422
-0.070441
-0.093833
0.134649
-0.135293
0.059167
0.187416
0.067252
-0.060411
0.305788
-0.334795
0.014371
0.055004
-0.074467
0.002232
-0.053454
0.150657
-0.338862
0.118617
-0.125412
-0.123219
0.265637
0.076338
-0.037791
-0.012210
-0.367648
-0.120771
-0.011528
0.195202
-0.048822
-0.224726
-0.013974
-0.003783
0.104434
-0.014835
-0.246477
-0.505828
0.069159
-0.223632
-0.048088
0.012025
-0.047282
0.009063
-0.040458
-0.082408
0.042841
-0.069093
-0.100763
-0.469413
-0.025551
-0.038930
0.005583
0.038229
-0.002091
-0.012939
-0.055571
-0.209180
-0.052884
-0.062752
-0.033070
0.062689
0.184546
0.040526
-0.376545
0.206290
-0.014379
0.091640
-0.261980
0.038504
-0.368861
-0.089989
-0.074384
-0.015407
-0.166010
0.027495
-0.138833
0.015225
-0.036701
-0.054630
-0.083574
0.090007
-0.134897
-0.123312
-0.206389
-0.274954
0.045227
0.104620
-0.246271
0.119003
0.259806
0.076803
0.025083
0.127176
-0.033365
-0.018848
-0.061408
-0.058810
-0.056869
-0.067401
-0.184594
-0.250666
0.031442
-0.210224
0.018551
0.066693
-0.103966
0.115063
-0.074717
0.037243
-0.042655
-0.097986
-0.288116
-0.176945
0.037406
-0.081502
-0.097217
0.055543
-0.053832
0.026123
-0.082429
-0.263381
0.203685
0.033374
0.011060
-0.083278
0.040674
0.019245
-0.232279
0.140975
-0.001816
-0.131485
-0.361058
0.023175
-0.285044
-0.072781
0.054393
-0.061863
-0.233351
0.220166
-0.082680
0.049378
0.086921
-0.084841
-0.055930
0.083580
0.064394
-0.231252
0.104698
-0.029255
0.147317
-0.051745
0.010396
0.137940
0.291117
0.040817
0.103334
-0.013612
0.003757
0.069894
-0.118481
0.078503
0.075593
-0.091189
-0.234632
0.031642
-0.193812
0.191242
-0.077349
0.028955
-0.100810
0.052746
0.000871
0.044089
0.043742
-0.192585
-0.005822
-0.786965
-0.041339
-0.133087
0.201263
-0.018349
0.327050
0.024117
-0.327610
-0.171376
-0.261582
-0.100220
-0.030772
-0.003019
0.126638
-0.077560
0.140434
0.138526
-0.049231
0.189831
-0.094934
0.186437
-0.328919
0.191179
-0.006100
0.064355
0.085831
-0.403224
0.139002
-0.055297
-0.046929
0.077637
-0.010803
0.095140
-0.350764
0.222393
-0.109631
-0.007780
0.365784
0.014515
-0.146226
-0.291671
-0.424996
-0.003577
-0.049565
0.036589
0.004847
0.150160
0.058082
0.241260
-0.114637
-0.096236
0.014680
0.181455
-0.061468
0.424961
0.009512
0.062436
0.015732
-0.250327
0.017745
-0.089795
-0.051216
0.052253
0.225163
-0.165798
-0.061912
-0.008388
-0.096260
-0.066215
0.068951
-0.021403
-0.159923
-0.214652
0.398108
-0.113240
-0.306300
-0.056972
0.028674
0.021813
0.082641
-0.087526
0.051532
-0.385777
-0.030148
0.173888
-0.188048
0.376549
-0.001005
0.020100
-0.019718
-0.067000
0.227910
-0.070547
0.154397
-0.086112
0.068781
0.000296
0.051815
0.137229
0.038574
0.141923
-0.050224
0.189527
0.106012
0.106187
-0.160732
0.061894
-0.138355
-0.436250
-0.063152
-0.000375
-0.117536
0.043177
0.043395
0.043094
0.040662
-0.079899
0.186714
0.038202
-0.094560
0.118084
0.040861
0.000163
0.041297
-0.058213
-0.048334
-0.073527
0.121419
-0.234963
0.071688
0.049622
-0.046474
-0.025803
-0.010032
0.019554
0.271626
-0.107266
0.309528
-0.027937
-0.083653
0.028282
0.048792
-0.010875
-0.041351
0.248642
-0.019831
-0.216891
-0.143078
0.042664
-0.430668
0.093936
0.032986
0.016492
0.043363
0.032475
0.051999
0.000476
0.142198
-0.012028
-0.081481
0.074206
0.023698
0.071388
-0.112094
0.113281
0.120661
-0.002228
0.050018
0.278651
0.008115
0.061512
0.092374
0.046786
-0.011540
-0.164972
-0.042176
-0.151108
0.072236
-0.012649
-0.091936
-0.102303
0.164208
0.141677
-0.100137
-0.114321
-0.071852
0.027364
-0.068166
-0.043810
0.000561
-0.007723
0.180457
-0.066822
-0.058901
-0.115048
-0.080832
0.040916
-0.156835
-0.000261
-0.065784
0.076605
0.027387
-0.244964
0.091877
0.010353
0.145122
0.011002
0.248330
0.047346
0.037428
-0.121304
-0.025595
-0.126417
0.005323
0.065855
-0.073670
0.056809
0.087173
0.002099
-0.005105
-0.068384
0.052791
0.054369
0.061772
0.109451
-0.233289
0.103308
0.061911
-0.281142
0.060479
-0.004461
0.187293
0.015541
0.095888
-0.082632
-0.154366
0.046821
-0.005158
0.210327
0.028748
0.130482
0.239285
0.018549
-0.017256
-0.450331
0.172877
0.108320
-0.065318
0.034785
-0.007626
0.053608
-0.132887
0.032744
0.035273
0.167323
0.255493
-0.327136
-0.183727
-0.060438
-0.034658
0.062366
-0.536041
-0.029177
-0.209923
-0.255430
0.100680
-0.117150
-0.385321
-0.062120
-0.316260
-0.122339
-0.000849
0.100228
-0.095043
0.108095
0.193899
-0.065413
0.021425
-0.100339
0.023443
0.027731
-0.003019
0.023320
-0.230598
0.043474
0.033248
-0.102901
-0.037367
0.061751
-0.235611
0.034331
-0.136673
-0.053792
-0.069150
-0.180773
0.138525
0.055204
-0.139101
0.002978
-0.045348
0.211700
0.023830
0.230751
-0.019087
-0.308447
-0.025410
-0.088854
0.132260
0.029264
-0.147474
0.106198
0.041611
-0.081460
-0.136213
-0.219530
-0.005114
0.051809
0.001710
-0.000671
0.112073
0.107383
0.059740
0.136626
0.006851
0.062672
0.025662
-0.054894
-0.158532
0.223206
-0.094026
0.161286
-0.109982
-0.106906
0.090254
0.037892
-0.027027
0.026623
-0.097007
0.132115
0.106053
0.001101
0.003378
0.041961
-0.077744
-0.064952
-0.171760
0.108561
-0.063572
-0.098004
0.241693
-0.106941
0.053496
-0.352525
0.228010
0.072090
-0.159755
0.024531
-0.026528
0.159781
-0.015532
-0.029573
-0.164287
0.044691
0.249516
-0.044018
-0.086887
-0.103903
-0.045584
0.064108
-0.191385
0.010235
-0.186800
-0.279131
0.239151
-0.039732
0.034520
0.052156
-0.045013
-0.059622
-0.081993
-0.021624
-0.079155
0.009851
-0.175255
-0.037476
-0.088086
0.105540
0.086519
-0.066895
-0.261463
-0.010090
0.148561
-0.056284
-0.575593
0.002578
0.048065
-0.044962
-0.166191
-0.003211
0.058389
-0.100301
-0.082581
-0.059135
0.000731
-0.057838
0.123912
0.057786
-0.017634
-0.071449
-0.201778
-0.070759
0.127696
-0.052429
0.215143
0.006927
-0.072669
0.055709
-0.175401
0.085045
-0.159998
-0.359740
-0.331077
-0.251919
0.087929
-0.119930
-0.018868
-0.010328
-0.070737
0.037211
-0.048484
0.078136
-0.025628
-0.024431
-0.135146
-0.042927
-0.053304
-0.230967
0.167006
-0.025364
-0.056257
0.223456
-0.108872
0.174936
0.031347
-0.034715
-0.069780
-0.102046
-0.288804
0.027876
0.085444
0.104096
0.264792
0.019493
-0.049821
-0.058895
0.018138
0.319901
-0.481522
0.314328
-0.196518
-0.118148
-0.025350
0.066691
-0.110160
-0.118491
-0.005976
-0.106336
0.327662
0.001413
0.016007
-0.248972
0.020364
-0.055853
0.073695
0.043418
-0.001766
0.050156
-0.133539
-0.115662
-0.087688
0.023498
-0.272488
-0.064755
0.178359
-0.002180
-0.249600
0.165437
0.280218
-0.361484
-0.025516
-0.103120
0.017618
0.064077
0.100731
-0.270166
-0.047541
-0.131160
-0.019118
0.020473
-0.103569
-0.170940
-0.133635
0.009281
0.009877
0.238840
-0.062016
-0.208054
0.029520
-0.004473
-0.018805
0.093965
0.013577
-0.160128
-0.088147
0.016475
0.003518
-0.012196
-0.037748
0.035040
-0.083549
0.268830
-0.273081
-0.098297
0.062662
-0.109446
0.112233
-0.028703
-0.071674
-0.093253
-0.094017
0.062634
0.033067
-0.260964
0.134384
0.048624
-0.037111
-0.012708
-0.127351
0.017138
-0.203496
-0.048505
-0.020961
-0.015639
-0.057007
0.006210
-0.081175
-0.118019
0.019641
-0.421272
-0.298904
0.108148
-0.044369
-0.148874
-0.146282
-0.024241
0.086582
0.050326
0.007104
-0.122313
-0.087104
0.132490
0.244468
0.026125
0.275283
-0.208510
0.293261
-0.052279
-0.051820
-0.262145
0.016313
0.310582
0.000680
0.032023
-0.016575
0.209904
-0.348297
-0.420861
-0.110860
0.124687
0.119092
-0.096332
-0.076402
-0.079025
0.123893
-0.317019
0.199881
-0.053095
-0.015902
0.135667
0.149592
-0.110112
-0.005824
0.024725
0.049768
-0.373596
0.005668
0.055378
-0.366094
0.170882
-0.100841
-0.074244
-0.480334
-0.328804
0.030926
-0.089689
0.317175
-0.093227
-0.058224
-0.023234
-0.095604
0.375412
0.216456
-0.181469
0.379774
0.245316
0.040158
0.133687
0.038225
-0.005102
-0.046835
-0.416016
-0.017332
0.029407
0.009454
-0.106953
0.179648
-0.011853
0.284739
0.278657
-0.111485
-0.044621
-0.065536
0.030850
0.060657
-0.071116
-0.053123
0.003891
-0.075955
0.082953
-0.064304
-0.020041
-0.005227
-0.002977
0.083569
-0.010523
0.121152
0.013853
0.023503
0.067586
0.153166
0.047211
0.154296
0.044762
-0.012045
-0.013908
-0.162022
0.189510
-0.011727
0.141642
0.239321
0.031166
-0.096451
0.154980
-0.042442
-0.053093
-0.036654
0.183777
0.187968
-0.094869
0.056678
0.023167
-0.033477
-0.035250
0.323198
-0.100366
0.086821
0.274658
0.204926
0.178939
-0.225467
0.030852
0.002063
-0.041853
-0.074888
-0.134784
-0.062408
-0.155670
-0.004438
-0.197740
-0.039906
-0.091563
-0.054016
-0.291647
-0.067308
0.115533
-0.010725
0.057659
-0.145611
-0.039032
-0.014922
-0.098553
-0.003736
-0.172984
0.051086
-0.079110
0.158780
0.089166
0.142094
-0.025483
-0.108665
-0.045182
-0.114458
0.193178
-0.633065
0.124947
-0.311911
-0.067688
-0.141741
-0.081420
-0.159819
-0.031754
0.020194
0.197207
0.045490
-0.417523
0.119636
-0.235808
-0.065528
0.032861
-0.162265
-0.077064
0.002581
-0.005728
0.018401
-0.023336
-0.045770
-0.203121
0.036712
-0.226491
0.138814
-0.588724
-0.449292
-0.205298
-0.067188
-0.160154
-0.261765
-0.066640
0.323307
0.179356
0.054582
-0.067343
-0.109294
-0.026093
-0.171437
0.019229
-0.264889
-0.125211
-0.017727
-0.144927
-0.086718
0.090881
-0.012498
-0.030978
0.021911
0.034513
-0.022982
0.085973
-0.010650
0.032136
-0.013592
-0.059797
-0.167298
-0.052351
-0.016738
-0.012235
0.117715
0.000796
-0.190323
-0.242897
-0.016932
0.015601
0.050673
-0.094515
-0.052747
-0.427546
0.041345
0.088943
-0.034349
0.078046
-0.055041
0.016673
-0.019461
-0.042612
0.072787
0.225045
-0.174307
0.001609
-0.002559
-0.040392
-0.023626
0.018979
-0.303852
0.062523
-0.117725
-0.072969
-0.093331
0.170869
-0.014260
0.080994
0.141856
0.068495
-0.107307
-0.178591
0.033358
0.038909
-0.106841
0.027861
-0.166326
-0.005154
-0.247863
-0.140742
0.262394
0.110636
0.031440
0.051355
-0.102623
0.228757
-0.090832
0.044662
-0.096312
-0.173914
-0.175595
0.184414
-0.115569
-0.021244
0.193009
0.022170
-0.146424
-0.076227
-0.017842
0.073472
-0.218495
-0.127693
-0.001079
-0.033824
-0.198897
-0.041698
0.230965
0.157694
-0.068966
-0.177794
-0.013993
0.133603
0.197432
0.054825
-0.099865
0.012727
0.055336
-0.042883
0.444648
0.037077
0.068241
0.067085
-0.002895
-0.023868
-0.109410
-0.142323
0.025717
0.046793
-0.379772
-0.177958
0.163380
-0.184663
0.115943
0.045786
0.050374
0.236827
0.023430
-0.047639
0.035197
0.006818
-0.154968
-0.046777
-0.213829
0.035439
0.075462
0.004098
-0.074679
0.084694
-0.018282
0.077247
0.032029
-0.043212
-0.048300
-0.242182
-0.039468
0.139314
-0.026804
-0.074719
0.011496
0.064432
0.197382
-0.103708
0.102280
0.177893
-0.140185
0.017212
-0.156205
-0.014181
-0.214993
-0.107238
0.032300
0.002551
-0.103294
0.123289
-0.074614
0.048084
-0.019110
0.130026
0.040069
-0.008706
-0.014567
0.004488
0.152142
-0.094526
0.188805
-0.041920
0.024585
-0.049791
-0.144755
-0.144051
-0.016925
0.058935
-0.296558
-0.100277
0.181875
-0.057324
-0.037759
-0.040177
0.029344
0.101584
-0.039941
-0.013826
0.062304
0.024962
0.096418
-0.038958
-0.210912
-0.049919
-0.150894
0.064073
0.005749
-0.253019
-0.030578
-0.202910
-0.064594
-0.093304
-0.059634
-0.002968
0.056376
0.083241
-0.270609
-0.038751
-0.012737
-0.015819
-0.081551
-0.067843
-0.103122
-0.139231
0.199423
-0.124135
-0.054201
0.007947
-0.209292
-0.122221
0.267397
-0.063322
0.009387
-0.026481
0.211047
0.109735
-0.093907
-0.037000
-0.110986
0.045212
0.138261
-0.113221
0.078492
-0.037937
0.030865
-0.024669
-0.030365
-0.070937
0.053949
0.031938
-0.017497
0.188157
0.232182
-0.133106
0.453353
-0.119191
-0.153000
0.064390
-0.474551
-0.336108
-0.048592
0.075649
-0.089796
-0.010815
0.427344
-0.079966
0.164256
-0.342300
0.177914
-0.217589
0.066625
-0.108650
0.030265
0.221155
-0.095099
-0.081226
0.014401
0.098226
-0.054947
-0.304036
0.107123
0.130649
0.221629
0.009322
0.203968
-0.077366
0.152067
-0.052234
0.135988
-0.274882
0.056766
-0.041893
0.166422
-0.110732
0.073108
-0.122057
-0.022899
-0.200337
0.158463
-0.039755
-0.090340
0.066241
0.029016
-0.071731
-0.343317
0.048799
0.084629
-0.046774
0.214062
0.024130
-0.034804
-0.103807
-0.045148
0.209686
0.075599
-0.368742
0.324310
-0.020533
-0.085533
0.139415
0.026783
0.027823
-0.017781
-0.228230
0.034444
-0.061175
0.012721
-0.095325
0.148384
-0.043781
-0.089583
0.335957
-0.167316
0.001675
-0.012527
0.318850
-0.037170
0.031372
-0.093487
0.053301
0.063231
-0.059605
0.111798
0.060829
0.074082
0.099445
0.043084
-0.010777
-0.011854
0.052003
-0.092794
-0.091144
0.107194
0.172037
0.155321
-0.005591
0.028465
-0.015184
-0.118651
0.152503
-0.019986
0.110412
0.087428
-0.101494
0.134340
0.036555
-0.059363
0.058846
-0.004544
0.275157
0.041856
-0.052473
0.011383
-0.101341
-0.051798
-0.163210
0.199341
-0.407609
-0.175841
0.111375
0.011889
0.160800
-0.439427
0.080007
0.135741
-0.152364
0.176848
-0.061373
0.000397
-0.103289
-0.085082
-0.097533
0.001691
-0.016540
-0.049603
0.166417
-0.241319
0.029317
0.076160
-0.029785
0.068402
0.017147
0.044844
0.047831
0.037603
0.003929
0.063061
0.077086
-0.161138
0.033611
0.086674
-0.054884
0.256965
-0.081103
-0.056295
0.094258
0.325531
0.123337
-0.043550
0.000401
-0.079676
-0.045040
-0.151993
0.046802
-0.091210
0.280192
0.008651
0.040615
-0.119284
0.177317
-0.074606
-0.043314
0.023125
0.156868
0.028609
-0.104549
0.176335
-0.121912
0.014846
-0.230518
0.180739
-0.266659
-0.109312
0.148818
0.094704
0.235598
-0.304743
-0.064325
0.009893
-0.051814
-0.000483
-0.153654
-0.032020
0.008479
-0.105902
-0.094541
-0.069273
0.002622
-0.208150
0.169148
-0.245180
0.021788
-0.038820
0.158813
-0.050972
0.045473
0.052508
-0.021134
-0.063141
-0.029830
0.037710
0.015162
-0.096305
-0.072729
-0.130212
0.041589
0.334944
0.040130
0.079751
0.140632
-0.101139
0.005268
0.055330
0.042120
-0.159708
-0.030270
-0.221237
-0.085224
-0.092324
0.338736
0.115099
-0.014781
-0.091612
0.233602
-0.026813
0.051913
0.111801
0.056956
-0.021423
-0.041955
0.147934
0.007054
-0.096161
-0.089273
0.165426
-0.154157
-0.064894
-0.030957
-0.018984
0.136168
-0.372147
-0.018321
0.166789
-0.033750
-0.235079
-0.015322
0.007603
-0.062627
-0.096023
-0.113798
0.077346
0.048368
0.122202
-0.021634
-0.073830
-0.221662
0.013015
0.332859
-0.024299
-0.100827
-0.063502
0.017600
0.001117
0.035029
-0.158758
0.166478
0.260105
-0.047686
-0.261047
0.041847
0.143417
-0.031295
-0.148141
-0.215789
-0.337517
-0.021422
-0.026211
0.078435
0.020247
-0.072338
-0.154320
-0.341309
-0.077406
-0.011239
0.025202
0.147315
-0.029751
0.008776
-0.031915
0.061714
0.072991
-0.040562
-0.092816
0.048879
0.000065
0.005850
0.020561
0.162741
0.062968
0.031517
0.071938
-0.036269
-0.010675
0.272498
-0.133406
-0.045205
0.073542
-0.030170
-0.031152
0.072409
0.056859
-0.117842
0.023083
0.008976
-0.005767
-0.044838
-0.037539
-0.089655
-0.106095
-0.095794
-0.101961
-0.140451
-0.002342
-0.367840
-0.074533
0.066178
-0.022984
0.125116
0.086624
0.099388
-0.139067
-0.133681
0.096163
0.012304
-0.079484
-0.003828
-0.034683
-0.133873
-0.290040
-0.145592
-0.014724
-0.086649
-0.113584
-0.046848
0.080607
-0.238765
0.044796
-0.052574
0.020677
-0.018454
-0.053047
0.045956
-0.011296
-0.049450
-0.075204
0.090759
-0.135804
-0.012614
-0.045540
-0.028208
-0.032780
0.054555
-0.033661
-0.048420
-0.014856
-0.232865
-0.080276
-0.171683
0.192462
-0.063530
0.202952
0.083902
0.046203
-0.167198
-0.018976
-0.086444
-0.110658
0.018108
-0.071749
-0.017631
-0.078371
0.149866
0.269836
0.104273
-0.026047
-0.161591
-0.030310
0.119522
-0.020444
-0.090788
-0.095442
0.001047
-0.050382
0.006003
-0.135049
-0.043231
0.078695
-0.015936
0.362487
-0.094271
-0.018272
0.016442
0.107804
-0.125189
0.003557
-0.095784
0.048659
-0.134731
0.107981
0.032431
0.005729
-0.183193
-0.125151
0.293401
-0.210067
0.140260
-0.096066
-0.020735
-0.091152
0.044961
0.142114
-0.086044
0.038618
0.015392
-0.060092
0.064828
-0.116680
-0.082558
-0.016087
0.149253
0.056514
0.097504
0.242303
-0.077005
0.139589
-0.061258
0.201067
-0.214868
-0.024779
-0.277833
-0.008398
0.259744
0.117496
0.048036
0.280428
0.112812
0.199390
0.004290
0.074085
0.052100
0.025378
0.150539
0.019119
-0.012702
-0.089493
0.021262
0.028045
0.028220
-0.088687
0.071288
-0.029187
0.037149
0.118104
-0.035879
0.160977
0.126539
0.560832
-0.064949
0.165708
-0.018540
0.259777
-0.079881
0.242044
0.214330
0.067701
-0.124293
-0.068152
0.293524
0.079168
0.426997
-0.039859
0.014410
-0.137876
0.115200
0.349917
-0.093556
0.045564
-0.020828
-0.009682
0.090079
0.052390
0.117080
-0.037857
0.422723
0.295224
0.168559
0.287132
0.237915
-0.006658
-0.076563
0.223773
-0.270867
-0.056081
0.247756
0.012584
-0.071119
0.196768
-0.025896
-0.106761
-0.172920
-0.122372
-0.148364
-0.000872
-0.204727
-0.032758
-0.082958
0.056486
0.011159
-0.081547
0.068237
-0.001502
0.112761
-0.127578
-0.024122
-0.098444
-0.071372
-0.027754
0.018337
-0.210348
-0.085839
-0.140705
-0.341698
-0.256024
0.035538
0.017824
-0.098258
0.153813
-0.229268
-0.008046
-0.041633
0.014637
0.112562
-0.088457
-0.005973
-0.019090
0.044920
-0.012626
-0.169277
0.031701
0.060986
-0.085992
0.048342
-0.092821
-0.219540
-0.133648
0.063513
-0.013977
-0.082245
0.279449
-0.060923
0.262626
0.097412
0.066942
0.087103
-0.105927
-0.164534
0.000131
-0.184606
-0.076396
-0.124468
-0.033884
-0.093209
-0.101808
-0.010576
-0.083183
-0.260573
-0.070023
-0.167977
-0.012906
-0.170511
-0.055071
-0.015909
0.023854
0.133645
-0.195484
-0.149336
-0.066275
-0.126656
-0.215992
-0.045017
0.053811
-0.017763
0.258795
0.070968
0.064824
-0.003404
-0.013747
-0.134825
0.069976
-0.086316
-0.016430
-0.278450
0.028137
-0.184153
0.041296
0.200924
0.098414
0.118079
0.050594
0.032057
0.056843
0.037727
-0.107996
0.022315
-0.060210
-0.148704
-0.040615
0.011735
-0.188950
0.325728
0.145726
0.241772
0.155730
0.285159
0.003561
0.065757
0.020430
-0.040423
-0.021169
-0.174049
0.032505
0.030589
-0.019598
0.052727
0.039795
-0.040882
0.077043
-0.075579
-0.008124
-0.058481
-0.034486
0.060503
0.001508
0.009619
0.081070
0.046730
0.003088
-0.062031
-0.026719
-0.004374
0.070566
0.065089
-0.000534
0.070528
-0.035383
0.041933
0.006669
0.034480
0.028433
-0.014648
-0.001889
0.004664
-0.082806
0.075398
-0.050900
-0.029456
0.005611
0.027143
0.043545
-0.031298
-0.023953
-0.000721
-0.037200
-0.065549
0.036538
-0.047129
-0.087129
0.058800
0.051184
-0.067548
-0.033397
0.029155
0.006616
0.055342
0.036226
-0.062789
-0.062099
-0.061011
0.059156
0.080678
0.073783
-0.031094
-0.050790
-0.039432
0.033432
-0.044696
-0.070774
-0.126081
0.037309
0.053183
-0.034799
-0.269347
-0.159021
0.145807
-0.052056
-0.250514
-0.115345
0.232538
-0.015733
-0.091527
0.024560
-0.110011
-0.109027
-0.076053
0.052697
-0.029669
0.107960
-0.031614
-0.113784
-0.086848
-0.115445
-0.176609
0.074736
-0.399146
-0.133972
-0.074038
-0.727475
-0.122663
-0.048649
-0.117238
-0.082072
-0.065973
-0.028088
-0.033688
-0.159987
0.137134
0.027979
0.042555
-0.057064
-0.053476
-0.004498
-0.081193
-0.174400
-0.124028
-0.042668
-0.096472
-0.134349
0.036305
0.171600
0.101325
-0.051434
-0.236167
0.071521
-0.228043
0.078283
0.067858
-0.207114
0.029828
-0.063940
0.072752
-0.080687
-0.036211
-0.094796
-0.084138
-0.121532
-0.194817
-0.154008
-0.156752
-0.080349
-0.013211
-0.086448
-0.238179
-0.112124
0.039940
-0.015727
-0.007820
-0.141895
0.048077
0.068815
0.206119
0.118241
-0.062207
-0.170616
-0.089612
0.027661
0.036617
-0.135522
0.093289
-0.347505
-0.030452
-0.091629
-0.078836
0.202583
-0.011292
-0.096976
-0.169483
0.107351
0.000732
0.064840
-0.121833
-0.093393
-0.071575
0.123946
-0.097926
0.093666
-0.017341
0.189846
0.052218
0.005008
-0.147948
-0.016087
0.024827
0.091022
0.035245
0.031909
-0.135094
0.284473
-0.094691
-0.042133
0.014030
-0.135416
0.065246
0.039290
0.086145
-0.059073
0.189586
0.052881
-0.020795
-0.031491
0.413796
0.221130
-0.052628
0.010993
-0.098144
-0.094000
0.029024
-0.033907
0.040808
-0.077913
0.172853
-0.097791
-0.032229
0.012660
0.293707
0.317696
-0.038393
0.379332
-0.000761
-0.193868
-0.094922
0.170675
0.631951
0.117518
-0.023278
0.210259
-0.069056
0.028294
-0.070876
-0.014795
-0.004576
0.188580
0.135856
-0.119145
0.067300
0.061492
0.006304
-0.198540
0.145921
0.029975
-0.051703
0.160885
-0.064240
-0.020972
-0.018504
0.055313
0.084979
0.135547
0.103937
0.138831
0.056583
0.294175
-0.032107
0.179386
-0.038189
-0.132968
-0.323883
-0.039598
0.109493
0.059070
-0.119607
0.012951
-0.018797
-0.130741
0.134762
-0.120308
0.002128
0.078673
0.230053
-0.008778
-0.154895
0.016480
-0.020832
-0.064611
-0.149664
0.106633
0.178277
0.059478
-0.067061
-0.260955
-0.068197
0.053794
-0.087439
0.085146
0.058147
-0.161730
0.001544
0.038233
0.019794
-0.004161
0.034831
0.017782
-0.063890
-0.089335
0.219499
-0.032152
-0.098225
0.195619
0.008457
0.043346
-0.024049
0.090618
0.177178
-0.047063
0.007537
-0.046747
-0.010150
-0.029764
-0.336455
0.066694
-0.279000
-0.079979
-0.060462
-0.140629
-0.010787
-0.230590
-0.033433
-0.044446
-0.129906
0.027141
0.013279
-0.012579
-0.017561
-0.077303
-0.144517
-0.082999
-0.067547
-0.194820
0.071918
-0.136700
0.010104
0.070583
0.100843
-0.066451
-0.317082
0.006824
0.046108
0.055755
0.013429
0.092165
-0.000718
0.134716
-0.017918
0.041450
-0.027000
0.098630
-0.024395
0.151325
0.024592
-0.225176
0.095189
-0.082528
-0.033196
0.117517
0.005547
-0.226019
-0.187929
0.010456
0.149267
0.226963
0.094363
0.120452
-0.020676
-0.102237
0.078820
-0.058452
0.080026
-0.041145
-0.038069
0.126915
-0.086239
-0.102011
-0.179813
0.093360
0.235040
-0.315948
0.039089
0.072885
0.044422
-0.307711
0.008494
-0.185799
0.024479
-0.129273
0.096627
-0.046130
0.055346
-0.036200
0.167591
0.369436
-0.058481
0.196737
0.190336
-0.016253
-0.400440
-0.011446
0.197860
-0.050970
0.109666
-0.095332
-0.102332
-0.020477
0.129064
-0.027293
-0.035485
0.215169
0.207776
-0.094426
-0.071792
0.268222
0.029065
0.246226
0.009668
0.001468
0.082863
0.211170
0.005811
0.135785
-0.076023
0.057013
0.068339
-0.069061
0.073043
-0.023280
-0.031219
0.061352
0.122870
-0.062043
0.047474
-0.089335
0.095600
0.052601
-0.117485
0.166283
-0.001724
0.057982
-0.016832
0.011559
0.145930
0.088575
-0.230257
-0.019449
0.222306
-0.206559
0.244144
0.084033
0.003051
0.199538
0.031609
-0.036025
0.048411
-0.088892
0.123419
0.087221
-0.068921
0.139328
0.010561
-0.001884
-0.380549
-0.074471
-0.129722
-0.067951
0.061849
0.014242
-0.007066
-0.082033
0.248590
-0.193188
-0.141321
0.128024
-0.040208
-0.079012
0.071062
0.014422
-0.036039
0.109754
0.172628
0.005296
0.241237
0.252731
-0.056774
0.019981
-0.085431
0.116806
0.085236
0.049127
-0.122621
0.210808
0.046085
0.197130
0.179014
0.027086
0.052501
-0.261006
0.083915
-0.180730
0.011197
-0.033616
-0.069416
-0.052200
0.091394
0.034574
0.394821
-0.093213
0.212450
0.017912
0.476074
-0.064082
-0.067076
0.151641
-0.068604
0.088671
-0.289246
-0.026321
0.278057
0.044100
0.032649
0.124017
-0.035718
-0.168321
-0.040918
-0.170471
-0.090723
0.025816
0.151356
-0.042571
-0.092922
-0.065410
0.021978
-0.013932
-0.060425
-0.096643
0.022119
0.146885
0.106576
0.010345
0.035051
0.027899
-0.060810
-0.043584
0.077370
-0.013684
-0.097800
-0.181325
-0.079655
-0.169654
-0.037103
-0.031055
-0.189599
-0.022411
0.146747
0.003367
0.066567
0.026476
0.054814
0.030983
0.034330
0.076602
0.159462
0.089698
0.035636
0.021346
-0.100347
0.019521
-0.250872
-0.047327
0.034077
-0.222713
-0.119432
-0.139930
0.238272
-0.281810
0.046165
0.125160
0.016814
-0.043569
0.200567
0.052481
0.136275
-0.089262
-0.022633
-0.122583
-0.069628
-0.113342
0.208789
-0.126641
-0.108336
0.030830
-0.131226
-0.080201
-0.129968
-0.036005
-0.055507
0.037781
-0.187716
0.143429
0.283667
-0.009812
0.014969
-0.057230
0.007926
-0.001505
-0.047641
0.089339
0.155254
-0.342609
-0.066041
0.101707
-0.051192
-0.214986
-0.079971
-0.297930
-0.012595
-0.074083
0.019789
-0.221839
-0.049729
0.328232
0.017846
-0.024457
-0.033315
0.237636
-0.016057
0.110304
0.047734
0.150133
-0.059721
-0.003302
0.143809
-0.131832
0.144595
0.006767
0.333262
-0.388922
-0.056198
0.200547
-0.071254
0.085511
-0.026236
0.126075
-0.121409
0.013261
-0.145813
-0.016920
0.138432
-0.014327
-0.012606
-0.158428
0.084358
-0.036851
0.071935
0.055533
0.051612
0.004738
0.014457
0.025073
-0.043514
-0.047145
-0.132583
0.007785
0.078960
0.265593
0.181426
-0.158054
0.020920
-0.184428
-0.051430
0.288378
-0.039359
-0.268982
0.034773
0.224276
0.035754
-0.309447
0.014419
-0.175074
0.144045
0.029119
-0.053734
0.020638
-0.220620
0.368862
-0.138890
-0.014611
0.043706
0.154261
-0.026133
0.094972
-0.002294
0.009538
0.044827
-0.059806
0.291570
-0.303691
-0.046773
-0.002958
0.079615
-0.346784
-0.073616
0.275187
0.060480
0.035962
-0.132779
0.078133
-0.167941
-0.080466
0.158944
0.028129
-0.318191
-0.079009
0.045010
-0.083048
-0.165671
-0.116417
-0.013640
-0.017480
-0.216149
0.002045
-0.177877
-0.025046
0.010463
0.050193
-0.009909
0.007913
0.044271
-0.173752
0.037222
-0.103966
0.011989
-0.111726
-0.034412
-0.134724
0.106039
0.058326
0.058223
0.204045
-0.105097
-0.055140
0.010022
-0.131518
0.278938
-0.030086
0.080618
0.223437
-0.410073
0.029259
-0.005970
0.022295
0.013730
-0.008500
0.138821
-0.461423
-0.105747
-0.146873
0.027523
0.021744
-0.229632
0.253188
-0.108435
-0.023826
-0.220160
-0.024810
0.035052
-0.129879
-0.072324
-0.011819
-0.114836
0.111270
-0.188532
-0.083608
0.089636
-0.118492
0.094663
-0.051335
-0.029172
0.098312
0.059252
0.126127
-0.315916
0.003252
0.165801
0.013580
0.177086
0.046317
0.037767
-0.027043
-0.079198
-0.107062
0.018411
-0.064067
-0.012267
0.016384
-0.047242
-0.026325
-0.074179
0.130523
0.237042
-0.020056
-0.098357
0.126637
-0.036566
-0.192767
-0.088964
0.042968
0.027493
0.051880
-0.079344
-0.416141
-0.002876
0.086184
0.099825
-0.003044
0.006581
0.215498
-0.047560
-0.041530
0.028744
-0.144719
0.046678
-0.102188
0.056537
0.024313
-0.054000
0.174745
-0.109525
0.128736
0.038219
-0.168240
-0.167365
-0.290463
-0.088848
0.286501
-0.005652
0.024412
0.048025
-0.008426
0.141160
0.074521
0.048180
-0.133995
-0.074900
0.177056
-0.203517
-0.015290
0.300533
0.004662
0.022312
-0.005459
0.031979
-0.024560
-0.014422
0.059642
0.004103
-0.195397
0.046547
0.283858
0.031290
0.070015
-0.050655
0.071642
0.070006
-0.462060
-0.074142
0.280398
-0.124324
0.085784
-0.056432
-0.134007
-0.111257
0.008900
-0.078697
0.043586
0.061589
-0.057819
-0.072130
0.090381
-0.027632
0.070600
0.109602
-0.136003
-0.071687
-0.043759
-0.002081
0.028637
0.202011
-0.201828
-0.237844
0.166937
0.142162
-0.216081
0.188602
0.124273
-0.018495
-0.044384
0.004438
-0.007893
-0.017712
0.106085
0.019160
0.001491
0.091288
-0.328373
0.008399
-0.154919
0.200792
-0.077781
-0.069460
-0.041411
0.134460
-0.031908
-0.137350
-0.071399
0.057135
-0.098608
-0.078016
0.070596
0.253029
-0.141407
-0.136210
-0.025621
-0.065487
0.047569
-0.062103
0.103003
0.165854
-0.400764
0.164461
0.313575
-0.133900
0.011398
-0.081128
-0.294490
-0.013135
-0.090528
-0.045957
-0.071802
-0.336175
0.124041
-0.081954
0.009471
-0.054282
0.279079
0.082239
-0.377055
0.008335
-0.165359
-0.121620
0.016292
0.186410
0.252744
-0.174753
0.078859
-0.074252
-0.556196
0.145700
-0.019392
0.010027
-0.041552
-0.098437
0.116237
-0.007125
0.015009
-0.146819
-0.047665
-0.200849
0.298136
0.002385
0.487574
-0.069104
-0.037575
-0.028618
0.035172
-0.004839
-0.036752
0.119503
-0.060766
0.060733
0.031811
0.003161
-0.107509
-0.226677
0.041325
-0.168471
-0.291955
-0.037069
-0.294442
-0.062660
0.205879
-0.290400
0.448988
-0.761370
-0.275340
0.057997
0.142994
-0.083451
0.066243
-0.024582
-0.068776
-0.415054
-0.406338
0.237764
0.028283
0.354062
-0.111135
0.013325
-0.073683
-0.094007
-0.043301
-0.033513
-0.033543
0.015473
-0.039550
-0.052506
0.150799
0.154689
0.048384
-0.121079
0.562772
0.160096
-0.144942
0.383058
0.145056
-0.024576
0.070602
-0.222772
-0.065592
-0.232064
-0.078313
-0.198452
-0.012453
0.024313
0.043202
-0.004705
-0.363517
0.123683
-0.034727
-0.097198
-0.082339
-0.114472
0.053377
0.055447
-0.023955
0.065472
-0.063078
-0.231446
-0.070329
-0.086937
-0.063906
-0.092683
-0.046566
-0.097732
-0.069094
-0.193909
0.042831
-0.011071
-0.165016
0.035123
0.241041
-0.086686
-0.064528
0.063927
0.030828
-0.002046
0.467424
-0.068961
-0.084550
-0.085393
0.045065
-0.049498
0.076903
0.288646
-0.362583
0.018987
-0.062066
0.054040
-0.004211
-0.122015
0.116750
-0.043276
-0.224679
-0.089213
0.041769
0.058925
-0.139665
-0.112807
0.101751
-0.068316
-0.244336
-0.161975
-0.023895
-0.129233
-0.133489
0.079492
-0.014312
-0.017350
0.125874
-0.245671
0.100054
-0.185352
-0.072594
0.020923
-0.114288
0.031460
-0.082723
0.043366
-0.035417
0.142115
0.161425
-0.053649
-0.013126
-0.099949
0.121269
0.029284
-0.126638
-0.017259
0.043021
0.059283
-0.137116
0.177331
-0.054418
0.042507
0.094001
-0.011643
-0.286492
0.247215
0.014722
0.193077
0.003035
-0.488517
-0.048103
-0.100307
0.055162
-0.033219
-0.432846
0.159256
-0.584055
-0.003068
-0.104755
0.034352
-0.095198
-0.151712
0.272816
-0.134771
0.098553
-0.423044
-0.125867
-0.111033
-0.049137
-0.133342
-0.020098
-0.063408
0.137516
-0.019199
-0.090368
0.131749
0.028624
0.021300
0.027341
0.032853
-0.140753
0.230259
-0.006418
-0.265990
-0.092447
0.304103
-0.014213
0.095201
-0.073314
-0.064013
0.003804
-0.329818
0.027117
0.225733
0.029584
-0.131535
-0.121535
0.037756
0.052799
-0.048935
0.067788
0.169786
-0.408017
0.185961
0.222314
-0.147264
-0.063756
-0.078258
-0.248641
-0.408389
0.033196
0.005681
-0.182284
-0.014678
-0.071959
-0.040297
0.018160
0.021268
0.474184
0.258901
0.083447
-0.080480
0.007367
0.065289
0.061765
0.068865
-0.201104
-0.202975
0.057597
0.228532
-0.537606
0.259327
0.205919
0.000317
0.047836
-0.100521
0.050325
-0.042851
0.015913
-0.404188
-0.091272
-0.007183
0.052606
0.057716
0.240586
-0.296450
0.094507
-0.338205
0.065877
-0.036730
-0.017598
0.045725
-0.004822
0.040747
0.049857
0.082853
-0.022717
-0.257869
0.177359
-0.070902
0.190125
-0.031323
-0.085929
-0.011444
-0.110467
0.041707
-0.024798
0.029320
-0.213375
0.007838
-0.036858
-0.102878
-0.036631
-0.034431
-0.078394
0.010066
0.036999
0.057124
0.002175
-0.091600
0.047737
-0.068124
0.266284
-0.204316
0.178205
-0.115142
-0.009781
-0.018061
-0.068601
-0.141427
-0.169750
0.048902
-0.086145
-0.096541
0.046957
0.021543
-0.268392
-0.150394
0.025799
0.055924
0.184725
0.139129
-0.073985
0.200488
-0.017904
-0.059211
-0.182497
-0.084765
-0.115416
-0.152870
0.087347
-0.175841
-0.067097
0.047754
-0.117809
0.134976
-0.068064
-0.063226
0.057015
0.147095
-0.089135
-0.228425
0.086302
-0.102835
0.142747
0.057965
0.044626
-0.011335
0.019758
0.086995
0.001747
0.020919
-0.309267
0.055193
0.052061
-0.099354
-0.323728
-0.070547
0.027651
0.151750
0.077610
-0.010870
0.037240
-0.027536
-0.001393
0.022093
-0.127765
-0.202533
-0.115815
-0.047333
0.009195
-0.147460
0.012596
0.157270
-0.199487
-0.089313
-0.012739
-0.163571
0.035500
-0.173846
-0.157219
-0.138524
0.357408
0.012409
-0.063979
-0.108221
-0.044775
0.150256
-0.095695
-0.114260
-0.236666
-0.105553
-0.329587
-0.041669
0.140700
0.147098
-0.068631
-0.377765
-0.106160
0.044898
-0.017027
0.022238
-0.075658
0.224760
-0.496187
-0.302594
0.038119
0.185437
-0.166115
0.022583
0.131125
-0.080848
-0.034799
-0.021572
0.102655
0.074950
-0.354176
-0.024078
-0.026134
-0.047435
0.233373
0.159330
0.006647
-0.241189
-0.143096
-0.296054
0.073639
-0.103865
-0.109362
0.046134
-0.567199
-0.153945
0.417237
-0.057521
0.220580
-0.048074
-0.041250
0.102358
-0.381480
-0.212609
0.015271
0.147704
-0.063847
-0.198109
0.191928
-0.132797
0.254274
0.004656
-0.035624
-0.496119
-0.064848
0.267546
0.061215
0.021787
-0.196695
-0.050934
0.098754
0.168741
-0.294602
0.031163
-0.093608
-0.016466
-0.006780
-0.317602
0.036267
-0.050120
-0.032734
0.047415
0.307603
0.195843
-0.068235
-0.039157
-0.119041
-0.053320
-0.196268
-0.080581
0.066912
-0.033845
0.103077
-0.373932
0.006753
-0.002113
0.300529
-0.103534
-0.255295
-0.217734
-0.081761
-0.090443
-0.230844
-0.019449
0.182660
0.271493
0.043192
-0.031963
-0.277826
0.105246
-0.184322
0.066448
0.203976
0.000751
-0.079465
0.071550
0.066353
-0.044305
0.117934
0.041959
-0.162969
-0.063904
-0.066631
0.081504
0.244549
0.042808
0.112910
-0.041575
-0.041917
-0.388071
0.057801
-0.413909
0.006311
0.042035
-0.339491
-0.002025
-0.071989
0.196797
-0.004433
-0.011761
-0.129719
-0.136359
-0.039456
0.034353
-0.088687
-0.043559
0.032332
0.161181
-0.040660
-0.042188
-0.103851
-0.019443
-0.115708
0.044194
-0.069296
-0.222998
-0.294381
0.056372
-0.002488
0.006351
0.038445
-0.065171
-0.012250
-0.048451
-0.004000
0.123246
0.207693
-0.276672
0.022715
-0.327006
-0.019218
0.062832
0.064308
0.129402
-0.354699
0.025667
-0.114416
-0.006195
0.052695
-0.276317
0.148705
-0.167893
-0.293906
-0.092506
-0.018568
0.200961
-0.096760
-0.096934
0.045617
0.045119
0.206373
-0.019625
0.000582
0.005560
-0.032963
-0.274847
0.082178
-0.038182
-0.074904
-0.146464
-0.016696
-0.007389
-0.037197
-0.074948
-0.039682
0.057963
-0.037934
0.004221
0.051088
-0.025408
0.084841
0.005278
0.075978
0.015341
-0.110859
-0.048832
-0.123880
-0.089530
-0.008152
-0.251826
0.002369
-0.022633
-0.184607
-0.003001
0.074157
0.000827
-0.091710
0.088802
-0.043704
0.295258
0.394275
-0.146640
-0.271338
-0.172245
-0.086240
0.023047
-0.139238
0.281284
-0.248875
0.019070
0.001132
-0.130731
-0.030012
-0.324376
-0.017307
-0.147497
-0.355735
-0.047707
0.083477
-0.025865
-0.137326
0.086703
0.079737
-0.018947
0.016387
-0.099298
0.045980
0.106244
-0.075950
-0.076259
-0.098357
-0.075466
-0.238025
0.031097
-0.104455
-0.067328
0.027111
-0.242373
-0.086116
0.013697
-0.020452
-0.087609
0.000520
-0.089434
-0.046849
-0.128669
0.152607
0.068401
-0.101519
-0.041278
0.119624
-0.094641
-0.007037
-0.010940
-0.064190
0.021281
-0.073896
-0.033109
-0.007912
-0.066348
-0.176473
0.013856
-0.082451
0.167902
0.107242
-0.113263
-0.101919
-0.189034
-0.091265
0.046761
-0.088877
0.179891
-0.091882
-0.060611
0.102765
-0.092090
-0.012378
-0.150058
0.175741
-0.243502
-0.243972
-0.002023
-0.094709
-0.043320
-0.282720
-0.005805
0.215346
-0.083610
-0.146215
0.072611
-0.032914
-0.031501
0.010123
0.079643
-0.099338
0.011776
-0.249604
0.096321
0.031399
0.008399
0.020063
-0.042422
0.028712
-0.170619
-0.065475
-0.034731
-0.029596
-0.070414
-0.023114
0.246898
-0.122119
-0.143245
-0.011806
0.005240
0.099484
-0.014479
-0.082114
-0.010170
-0.343203
0.161906
0.059489
0.054008
-0.017308
-0.021249
0.245590
-0.115219
-0.085960
-0.019753
-0.075971
-0.219245
-0.069400
-0.064969
-0.042180
0.045388
-0.179202
0.166051
-0.190972
-0.074445
-0.081325
-0.013340
-0.003322
0.082124
0.096282
-0.019007
-0.013399
0.145160
0.139655
0.090789
0.026258
-0.083108
-0.078865
0.039861
-0.201577
0.071970
0.008370
0.048708
-0.030690
-0.220466
-0.307647
-0.078130
-0.131909
0.161106
-0.111874
-0.077849
-0.025344
0.046005
0.037875
-0.127695
0.044618
0.017578
-0.016224
0.014927
-0.140947
0.036781
0.164826
-0.151335
0.047385
-0.012174
0.127405
-0.068202
-0.091449
-0.074436
-0.047802
0.008044
0.140816
-0.030860
-0.226634
-0.001282
-0.416469
-0.365149
-0.044221
-0.120073
-0.220238
-0.041037
0.143433
0.370638
0.035397
-0.064824
0.212525
-0.215104
-0.161002
0.074898
-0.086472
-0.004381
-0.024605
-0.007544
-0.118274
0.056597
-0.014248
-0.002824
-0.077360
-0.081693
-0.387367
-0.118027
0.066586
0.047534
-0.120683
0.036100
0.011073
-0.117051
-0.091882
-0.354335
0.131264
-0.058331
-0.216340
0.307740
-0.250706
-0.252868
-0.093421
-0.037935
-0.096271
0.049432
0.009306
0.043717
-0.074819
0.046333
-0.053985
0.092681
-0.299599
-0.036739
0.229720
-0.032927
-0.023430
-0.048482
-0.445996
-0.042063
0.033995
0.238731
0.116789
0.037099
-0.379335
-0.008991
0.088458
-0.185320
-0.060668
0.079463
-0.397108
0.268175
-0.241593
0.233379
-0.020166
0.046275
0.216634
-0.560636
0.162220
-0.092286
-0.048571
-0.098661
-0.053349
-0.306110
-0.251725
0.145937
0.126010
0.156101
0.025515
0.054716
-0.103821
-0.406525
0.068524
-0.087799
-0.211154
-0.121892
0.038215
0.293424
-0.075493
0.326973
0.126503
-0.044101
0.110264
0.505359
0.010020
0.169648
-0.042799
0.259661
-0.069954
0.260190
-0.019542
-0.082295
-0.061764
0.138304
0.223156
0.288082
-0.039243
0.164496
0.118890
-0.088631
0.233493
0.032069
-0.017382
0.062846
0.404630
0.206898
0.232693
0.040212
0.085974
-0.005546
0.162174
0.170690
-0.038660
-0.121425
-0.082968
0.318962
-0.058963
0.239153
-0.093416
0.035872
0.270774
0.139803
0.356311
-0.086180
0.193457
-0.016743
0.020069
0.045176
0.006165
0.095595
-0.006189
0.476005
0.037081
0.332002
0.352693
0.223159
0.040294
-0.136063
-0.005894
-0.180126
-0.067774
0.027880
-0.015785
-0.229084
-0.382728
-0.022202
-0.215406
-0.032158
-0.143573
0.037864
-0.060141
-0.234237
-0.037736
-0.058295
-0.111690
0.054142
-0.074871
-0.091356
-0.237398
0.015203
-0.112040
0.044391
-0.107513
-0.023386
-0.096947
-0.054270
-0.072041
-0.014844
0.225950
-0.247670
-0.174782
0.056542
-0.365834
-0.034372
-0.245615
-0.192400
-0.090826
-0.077649
-0.330271
-0.092602
0.104168
0.119916
-0.088942
-0.069334
-0.251318
-0.133548
-0.009483
0.006374
-0.000986
-0.073518
-0.039818
0.069009
-0.135748
0.177812
0.284665
0.142693
-0.074027
-0.153958
-0.151618
-0.034207
0.137983
-0.060461
-0.206707
-0.152683
0.032943
0.041417
0.020437
0.079496
-0.054763
-0.100200
-0.528292
0.272836
-0.068063
0.073369
-0.011179
0.310488
-0.068430
-0.046543
-0.003377
0.034194
0.074673
-0.022328
-0.041224
0.136441
0.091716
0.029873
-0.109750
-0.021997
-0.077214
0.015366
-0.165390
-0.013536
-0.374837
0.205502
0.072242
-0.127896
-0.148876
-0.090461
-0.186657
-0.264656
0.078377
-0.035623
-0.163968
0.032441
-0.138628
0.126688
0.038363
-0.026689
0.278723
0.013817
-0.067962
-0.081307
-0.081829
0.013814
0.059658
0.227089
-0.537883
0.018962
0.196836
0.313667
-0.286257
0.243740
0.111105
-0.415663
0.072025
-0.075744
-0.207562
-0.206662
-0.033125
-0.101856
0.054286
-0.004200
0.050666
-0.035626
-0.041775
-0.049020
0.071884
0.055488
-0.011293
-0.081154
0.048129
-0.050831
0.012582
0.077758
-0.002338
0.075998
-0.000366
-0.068494
-0.003335
0.025177
-0.071944
0.025500
0.058977
-0.040617
0.014677
0.041563
0.037549
-0.056725
0.039832
-0.039861
-0.081523
0.075989
-0.038260
-0.029423
-0.075873
-0.020328
-0.039405
0.065669
0.067926
-0.079677
0.044289
0.064325
-0.071489
0.032919
-0.070610
0.047941
-0.037310
0.015673
-0.044072
-0.049223
0.009340
-0.032297
-0.071335
-0.028413
0.021620
-0.071525
-0.018274
0.037563
0.060928
-0.059804
0.008933
0.037439
-0.077265
-0.029043
0.026025
0.043991
-0.422707
-0.067727
0.046953
0.007893
0.246358
0.134207
-0.011264
-0.120843
-0.040662
0.118098
-0.046483
-0.053847
-0.048353
0.049742
-0.069545
-0.339948
0.041321
-0.039265
0.003133
0.041598
-0.042808
-0.016119
-0.019362
0.187716
-0.116801
0.388640
-0.226483
-0.075443
0.015939
0.005080
-0.196014
0.237078
0.025485
0.084804
-0.048286
-0.704617
0.281095
-0.166259
-0.061442
0.028856
-0.229203
-0.156687
-0.017320
0.055355
0.294882
-0.025026
-0.066605
0.072463
-0.490443
-0.218734
0.006822
0.155557
-0.540367
-0.042492
-0.131187
-0.077805
0.095302
-0.012138
0.013223
-0.136452
-0.046471
0.115461
-0.031295
0.028311
-0.060750
0.008336
-0.166428
-0.519403
0.352090
-0.105253
-0.066489
-0.123315
-0.107684
0.053045
-0.053319
-0.085584
-0.054790
0.240311
-0.381667
-0.186124
-0.118446
0.255056
0.043550
0.076766
-0.262396
-0.080281
0.057841
-0.067600
0.056932
-0.117013
-0.511531
0.040788
0.132745
0.016097
0.067554
0.167195
-0.061762
0.091848
-0.077830
-0.253500
0.122868
-0.111418
0.040923
0.063648
-0.817571
-0.102383
-0.030226
-0.030855
0.078297
-0.015263
0.044245
0.138810
-0.296626
-0.065433
-0.065138
-0.104568
-0.040962
-0.159035
0.284358
-0.172024
0.028452
-0.046290
0.109443
-0.217960
-0.100055
0.160642
0.041444
-0.308436
0.271425
0.009277
0.124941
-0.234848
-0.355889
-0.368785
-0.056163
-0.364282
-0.108672
-0.269628
-0.004950
-0.068514
-0.059148
0.165458
-0.037716
0.211664
-0.222516
-0.127972
-0.052809
-0.070506
-0.386990
-0.068684
-0.216042
-0.229087
-0.442348
-0.514795
0.190812
0.029511
-0.117448
-0.132924
0.322052
-0.302472
0.043189
-0.203780
-0.005463
0.236603
0.041944
-0.130183
0.021730
0.041485
-0.245154
-0.327102
0.106947
0.027595
-0.001174
-0.035945
0.044748
-0.412330
-0.025023
-0.011494
-0.075225
0.164640
0.106781
-0.029153
0.145116
0.059513
0.040518
-0.051500
-0.372402
0.023623
-0.067066
-0.053912
-0.041995
-0.103445
-0.129184
-0.072830
-0.199061
-0.093247
0.198788
0.024649
-0.069502
0.075950
-0.148542
-0.213539
-0.097022
-0.015736
-0.072308
0.030317
0.032144
0.020608
0.138361
-0.141885
-0.104394
0.031389
-0.237811
-0.007568
0.127163
-0.212744
0.087499
-0.073321
-0.080888
-0.040152
0.130274
-0.095329
-0.062469
0.040754
-0.034315
-0.136054
0.075982
0.023646
-0.031811
-0.414516
-0.029319
-0.053073
-0.002791
0.328642
-0.458953
0.009354
-0.180793
0.013019
0.060679
0.092922
0.212220
-0.100559
-0.021892
-0.381066
0.180188
-0.305357
-0.059443
-0.019055
0.264250
-0.096348
0.093191
0.145589
-0.059484
0.106080
-0.062031
-0.039064
-0.205396
0.016234
-0.263354
-0.013016
0.111304
0.003176
0.066242
-0.187538
0.034929
-0.059141
0.045542
-0.024650
-0.106146
-0.110941
0.004282
-0.166249
0.038096
-0.033093
-0.222415
-0.028765
-0.205024
0.053217
0.017520
-0.230454
-0.068332
-0.169073
-0.047231
0.069784
0.100604
0.026252
-0.174355
-0.017052
0.013094
-0.076838
0.066360
-0.189903
-0.195866
-0.199532
-0.030264
-0.053468
-0.029989
0.119708
-0.406066
-0.077850
0.049091
-0.150539
-0.082216
-0.107356
-0.160895
-0.183188
-0.163073
-0.137755
-0.073265
0.035778
-0.150259
-0.155788
0.176136
0.021586
0.062749
-0.194595
-0.045872
0.020768
-0.114862
-0.104130
0.122994
-0.105783
-0.065457
-0.013299
-0.237819
0.147879
-0.056747
0.137986
-0.011428
-0.364564
0.019275
-0.035602
-0.057725
-0.154904
0.114897
0.287775
0.091517
-0.033892
-0.157695
-0.020583
-0.107233
0.002263
0.100353
-0.130552
0.139052
-0.460331
0.053583
-0.002609
0.262523
-0.100936
0.100355
0.018210
-0.020939
-0.161837
-0.130998
0.179255
0.220577
-0.045031
0.003441
-0.065631
-0.122206
0.073015
-0.143515
0.058403
-0.073983
-0.057358
-0.053985
-0.184396
0.327175
-0.100968
0.035394
-0.062717
-0.037519
-0.067450
-0.185823
0.115375
0.041323
-0.081421
0.253665
0.298236
-0.093436
-0.186334
-0.018220
0.095318
0.223441
-0.048257
-0.064185
0.374955
0.094226
-0.069947
0.017963
0.500299
0.015910
0.066462
0.018016
-0.087567
-0.052044
-0.071073
0.088864
0.530590
-0.049077
-0.027374
-0.128387
0.060975
-0.236282
-0.044808
-0.354856
-0.000239
-0.037139
0.152665
0.380351
0.018933
-0.104717
0.014792
0.143619
-0.142313
-0.069973
-0.023741
-0.175654
0.241516
-0.170864
0.104557
-0.081595
-0.000259
0.338207
-0.073920
-0.128137
-0.038798
-0.293332
-0.049353
-0.043110
0.093009
-0.070058
0.143962
0.073157
0.120369
-0.202338
0.174393
0.174025
-0.231555
-0.230332
-0.012629
0.018923
0.059605
-0.001760
0.035483
0.028150
0.011805
-0.155145
-0.076114
-0.143814
-0.074672
0.034832
-0.141332
0.049054
0.051394
0.049659
-0.134381
-0.091455
-0.001160
-0.015039
-0.031220
0.049494
0.049002
0.117307
0.051770
-0.089581
-0.051991
-0.138778
-0.022676
-0.078368
0.032688
-0.302951
0.138546
0.153540
-0.013422
0.075614
-0.097540
0.038008
-0.110050
-0.074271
0.069380
0.102160
-0.453139
0.016764
-0.228358
0.000020
0.053582
-0.106065
0.165203
-0.094067
0.032938
-0.038708
-0.093732
-0.084719
-0.052336
-0.019050
-0.209585
-0.254406
0.035928
-0.108422
0.051301
-0.275509
0.059315
0.106186
0.016467
0.036807
0.010556
-0.089829
0.031724
-0.064768
0.129516
-0.081989
-0.069345
0.066806
-0.112503
0.050322
0.134953
-0.014719
-0.119427
0.007778
0.091341
0.016273
-0.046095
-0.062794
0.097311
0.095264
-0.379474
0.189989
-0.221813
0.198491
0.016860
0.046577
-0.060669
-0.235471
0.055994
0.113000
0.091634
0.048781
-0.034765
0.176382
0.063328
-0.032993
0.060729
0.040108
-0.051745
-0.192527
0.088209
0.098157
0.199242
-0.011361
-0.086861
0.357671
-0.181959
-0.020364
0.004088
-0.023713
-0.025839
0.037138
0.113133
-0.001772
0.235445
-0.159709
-0.133284
0.322013
0.012835
-0.179608
-0.128790
0.018885
0.058977
0.004124
0.123255
-0.076090
0.162919
-0.054496
-0.067272
-0.054929
-0.046948
0.115414
-0.047752
0.015192
0.122197
-0.023856
-0.101149
-0.060074
0.046160
-0.080569
-0.023614
-0.053307
0.138649
-0.036739
-0.191977
0.163349
-0.202363
0.327867
-0.077567
0.085579
0.005931
-0.368739
0.154337
-0.100832
0.096820
-0.246532
-0.038118
-0.080839
0.003484
-0.182056
0.105046
-0.081700
0.037495
-0.058475
0.408395
0.326783
0.130099
0.004785
-0.054112
0.245104
-0.232766
0.143980
0.020096
-0.288020
0.006852
-0.031836
-0.032872
-0.120261
-0.133953
0.095593
-0.100242
-0.010134
0.071204
-0.200168
-0.034374
0.003099
-0.066831
0.051607
0.092439
-0.094155
0.157442
0.019232
-0.358209
-0.166965
-0.039928
0.186414
0.069289
0.235288
-0.021988
-0.019069
-0.260060
-0.005441
-0.139035
-0.043034
0.019998
-0.047353
0.045307
-0.025716
-0.031707
-0.042087
-0.015275
-0.217680
-0.005976
-0.251939
-0.076923
-0.013465
-0.036237
0.035766
-0.068542
0.036937
-0.004024
-0.085610
-0.011345
0.007592
0.209055
-0.081897
0.098816
-0.040768
-0.580050
-0.072334
0.021426
-0.055456
-0.028103
-0.320063
0.149330
-0.262812
-0.058373
0.025545
-0.080024
-0.078631
0.056961
-0.100322
0.172416
-0.032376
0.021478
-0.103814
-0.085616
0.085423
0.153550
-0.037876
-0.035368
0.276617
-0.254657
-0.044152
-0.055855
-0.086124
0.088608
0.101978
-0.036777
0.073247
0.025323
-0.140690
-0.088868
-0.052998
0.039025
-0.081655
-0.011486
0.078371
-0.053735
-0.046180
0.118307
0.194691
0.001999
0.033829
-0.147221
0.274781
0.056377
-0.104179
0.025230
0.023527
0.165951
0.165289
-0.051527
-0.028652
-0.108149
0.263507
-0.013824
-0.154740
0.039287
-0.036086
-0.036950
-0.144548
0.222802
0.109326
0.314351
-0.117536
0.043500
0.173634
-0.093733
-0.059462
-0.074507
0.036566
-0.011019
-0.037908
0.187875
0.252972
0.118910
-0.003550
-0.195521
-0.061526
-0.075795
-0.120498
0.140257
-0.086328
0.029693
-0.004470
0.164118
-0.049818
-0.071142
-0.014775
-0.038888
-0.208183
-0.017597
0.019205
0.127717
-0.166962
0.199424
-0.095778
0.334829
-0.067184
-0.230993
-0.017887
-0.068652
-0.094842
0.159105
0.047200
-0.028389
-0.127559
0.070219
0.098533
0.000376
-0.003840
-0.078035
0.159520
-0.051076
-0.223840
-0.041717
0.263531
0.038924
0.139714
0.102680
-0.149041
0.012146
-0.043228
0.011378
-0.129218
-0.028092
-0.340077
0.039672
0.051568
-0.038489
0.086848
-0.003835
-0.024035
-0.091424
-0.033903
-0.095307
0.030457
0.084368
-0.180606
-0.056610
0.167672
0.034960
0.020093
0.140400
0.055419
0.035851
-0.082518
0.020715
0.130997
0.021756
0.078285
0.102597
0.122145
-0.069905
-0.239678
-0.076640
0.080915
0.090072
-0.038550
0.126010
-0.065019
0.020861
-0.064970
0.029652
-0.036632
0.021205
0.000145
0.040408
0.112119
-0.062738
-0.149280
-0.164177
0.148081
-0.002019
0.136225
-0.016103
-0.127413
0.179707
-0.174692
-0.078101
0.027206
0.023434
-0.137259
-0.038186
-0.260264
-0.026564
-0.075154
0.200532
-0.055454
-0.035526
-0.225455
-0.028180
-0.099240
-0.047849
0.224203
-0.068029
-0.060050
-0.060220
-0.178033
-0.065651
-0.011589
-0.066365
-0.004780
0.022139
0.062674
0.028545
-0.029331
0.002699
-0.225411
-0.108338
-0.058139
0.015344
0.009361
0.045887
0.002793
0.038227
-0.084049
0.258085
0.052149
-0.030372
-0.052024
0.258061
-0.476650
-0.037506
-0.040414
0.223684
-0.060772
-0.014590
-0.039187
-0.052879
0.045828
-0.171729
0.271615
-0.128211
-0.215817
-0.227749
0.019169
-0.103508
-0.079808
-0.037167
-0.002297
-0.444302
0.249861
-0.130367
-0.044059
0.056045
-0.222826
0.011926
0.008662
-0.177524
-0.041418
0.150136
-0.008306
0.032670
0.283226
0.278427
-0.018079
0.047398
0.045919
-0.131095
0.249917
0.012628
0.025872
-0.035962
-0.078331
0.085599
-0.005555
0.378199
0.158762
-0.085453
-0.056334
0.351923
0.030869
-0.070102
-0.250489
0.055471
-0.085201
-0.337801
-0.030026
-0.333789
-0.039238
0.113217
-0.114885
-0.109508
0.058244
0.190283
-0.100037
0.063392
0.007155
0.024817
-0.027823
0.001456
-0.080631
0.044613
0.026112
0.103639
0.026464
0.080805
0.093042
0.024351
-0.080046
0.006856
-0.091323
-0.103791
0.197364
0.019311
0.088619
-0.388802
-0.119139
-0.007090
0.179424
-0.089855
0.149265
-0.107953
0.037445
-0.318946
0.221943
-0.337123
-0.147916
-0.107264
0.050932
0.072968
-0.223816
0.120063
-0.290889
-0.067271
0.039794
-0.020200
-0.071060
-0.012443
0.100476
-0.188088
-0.008690
0.089814
-0.007183
0.008042
0.189435
0.117709
0.164166
0.054893
-0.049279
-0.069947
0.056655
-0.207702
-0.113529
-0.101842
-0.062003
-0.027950
-0.066754
-0.006973
0.123327
0.215757
-0.003702
-0.038753
-0.058958
0.088739
0.028273
0.022765
0.013841
-0.055281
0.072195
0.154255
-0.113125
-0.095094
-0.030485
0.044873
0.025930
0.054384
0.043957
-0.136095
0.164347
0.074074
-0.073258
-0.049511
-0.151987
0.068740
0.112347
0.005987
-0.022841
0.025301
-0.026857
-0.099841
-0.368506
-0.031160
0.015565
0.078892
-0.243016
0.144076
-0.210667
0.023561
0.058551
0.015564
0.021173
0.029270
-0.217513
-0.101854
0.095356
-0.177392
-0.097676
-0.239681
0.299912
0.031856
-0.124723
-0.089756
0.229091
-0.102511
-0.045384
0.002261
0.000015
0.004465
0.040224
0.000115
0.061334
-0.035247
-0.073161
0.160723
-0.058389
0.111492
0.105146
0.077326
0.073712
0.060240
-0.089023
0.061711
0.121926
-0.266179
-0.042839
-0.295073
0.313915
-0.080138
0.200516
0.063183
-0.072063
0.128505
-0.223291
-0.230882
0.119535
-0.149836
0.034546
-0.062876
-0.117089
-0.292871
-0.076905
0.082511
-0.167428
0.171332
-0.084923
0.216167
-0.006525
-0.072280
0.400752
-0.173222
-0.033643
-0.114941
0.082221
0.002678
0.030602
-0.171321
-0.212432
0.051524
-0.145398
-0.065552
0.086955
0.160377
-0.154358
0.000795
-0.330562
-0.096685
-0.072383
0.274035
-0.012216
-0.207376
-0.007431
-0.218850
0.058365
-0.074473
-0.011752
-0.420019
-0.354564
0.093888
-0.011479
-0.042018
-0.010808
-0.011764
0.032988
0.017100
0.056015
-0.163699
0.216329
-0.271647
0.336803
-0.048028
0.111866
0.066679
-0.093527
-0.051369
-0.129477
-0.052443
-0.042111
-0.236445
-0.198675
-0.019613
0.198466
-0.031952
-0.341358
0.182431
-0.001673
0.172345
0.197029
-0.012782
0.213948
-0.003751
0.014451
0.049639
-0.278911
0.123386
-0.104847
0.035154
-0.041413
-0.108633
0.030678
0.121461
-0.216891
-0.003454
0.029542
-0.311265
-0.090647
0.027521
-0.012811
-0.030940
0.116955
0.086864
0.061670
-0.060001
-0.043221
0.019085
0.054576
-0.128747
-0.085776
0.069342
-0.100408
-0.221993
-0.011287
0.185396
0.064603
-0.036520
-0.044243
0.100416
-0.075565
-0.040370
-0.009582
-0.237011
-0.100125
-0.160762
0.061150
-0.034522
0.089460
-0.083706
0.163878
-0.011098
-0.021114
-0.097585
-0.088180
-0.238807
0.073533
0.005404
0.131257
0.025504
-0.072369
-0.099365
0.038516
0.022310
0.053626
0.115958
-0.209470
0.040472
-0.011043
-0.031659
-0.434877
0.103281
0.017864
-0.051267
0.146400
-0.079934
-0.077041
-0.012430
-0.345238
-0.215296
-0.159362
-0.155843
-0.119809
-0.201610
0.082217
-0.008604
0.114357
0.009356
0.044394
0.065662
-0.097700
0.051664
0.042280
0.122305
0.202885
0.041651
0.351239
-0.065496
0.202309
-0.022216
0.047067
0.035858
0.075892
0.113375
-0.062269
0.042898
-0.011535
-0.043279
-0.126518
0.073334
0.156992
-0.044907
0.292188
-0.054958
0.237129
0.019052
-0.056302
0.077221
0.070798
-0.112031
-0.135091
0.017803
-0.060295
-0.019355
-0.104980
-0.109197
-0.079123
0.056858
-0.029499
0.316527
-0.088911
-0.243823
-0.021842
-0.059912
-0.099986
-0.140407
0.165626
-0.024028
-0.036202
-0.038315
-0.057354
0.025145
-0.086294
0.036302
-0.163056
0.213744
-0.182403
-0.018553
0.073967
0.169340
0.147278
0.051051
-0.059972
0.018925
-0.098695
0.309838
0.010009
0.201053
-0.122313
-0.017409
0.009945
0.181173
-0.088847
0.136405
-0.042475
0.381129
-0.033559
-0.093048
0.012525
-0.012136
0.068756
-0.081669
-0.044050
-0.189964
-0.227695
-0.165456
-0.016505
0.081103
-0.048091
0.006242
-0.120883
-0.326285
0.210453
0.003395
0.099820
0.069607
-0.141518
-0.011351
-0.026866
-0.218671
-0.035445
0.080073
-0.079223
-0.040862
-0.008399
0.399361
-0.056314
-0.049665
0.343638
-0.118431
0.028958
-0.040893
0.179794
-0.044997
0.011092
0.123060
-0.046231
0.271329
-0.033498
-0.020849
0.096190
0.055910
-0.023153
-0.114069
-0.189028
0.009182
-0.216631
0.063703
0.055284
-0.218585
-0.075127
-0.210624
-0.049415
-0.028126
-0.205599
0.085279
0.128375
0.101544
-0.061664
-0.068452
-0.124132
-0.095160
-0.100989
-0.053697
-0.016966
0.014110
0.106006
-0.042283
0.078692
-0.147912
-0.435216
0.001492
-0.107157
0.056331
0.127588
-0.185259
0.042041
-0.158835
0.154698
-0.079248
0.186588
-0.053096
0.172085
0.069935
0.044076
0.127658
0.161172
-0.378361
-0.273200
-0.126964
-0.070111
-0.043169
-0.149007
0.130818
-0.374530
0.008646
-0.182309
0.002816
-0.052738
-0.032401
-0.073886
-0.173904
-0.138279
-0.048325
-0.084242
0.096814
-0.049900
0.190303
-0.075398
0.031586
-0.030141
0.052321
-0.010857
-0.267648
-0.009762
0.217171
-0.043916
-0.070177
-0.017268
-0.071548
0.081184
0.182457
-0.076148
0.024419
0.012320
0.123515
-0.004685
0.008273
-0.023577
-0.018426
0.010106
0.011445
0.106705
0.147178
-0.030679
0.014568
-0.040675
-0.028077
0.154279
0.078560
0.121019
-0.361669
-0.136245
-0.005502
0.059595
-0.106115
0.073915
-0.032918
0.019050
-0.109502
0.151907
-0.115600
-0.151043
-0.208281
0.017185
-0.062601
-0.150027
0.117130
-0.119769
-0.083950
0.091882
0.023057
-0.052050
-0.041644
0.078608
-0.098492
0.121952
-0.093453
-0.022427
-0.210727
0.241306
0.242677
0.146379
-0.032515
0.052344
-0.003340
-0.097141
-0.072782
-0.131690
0.115301
-0.128190
0.024874
0.011320
-0.127167
0.155502
0.001577
-0.008463
-0.122271
0.056677
0.147310
-0.107491
-0.039673
-0.077985
0.038842
0.007162
-0.040569
0.160739
0.039118
-0.181099
-0.042360
-0.037470
-0.068673
0.231646
-0.095743
0.014656
-0.306747
-0.040721
-0.011893
-0.084047
-0.041218
0.015603
-0.051318
0.021996
-0.193338
0.071044
-0.157531
-0.164429
-0.050835
-0.019043
-0.073245
-0.128506
0.055095
-0.039142
0.030385
-0.028589
-0.025196
-0.100441
-0.064837
-0.026306
-0.115883
-0.303182
-0.148993
0.039945
-0.200121
-0.022683
0.082319
0.092044
-0.045651
-0.087865
-0.014357
-0.068580
0.033404
0.025395
0.231327
0.031394
0.036472
-0.065806
0.109398
0.173308
0.244806
0.037243
-0.044358
-0.026438
-0.016417
-0.108134
-0.000454
0.060837
0.121676
0.056052
-0.017113
-0.139027
-0.280733
-0.096588
0.070141
0.053585
0.030261
0.087800
0.136622
0.048977
0.192784
0.109244
-0.078330
0.064465
0.050361
0.111454
-0.124666
-0.060465
-0.158295
0.030230
-0.083500
-0.223469
0.061481
-0.093771
-0.040874
0.117153
-0.028990
-0.139816
-0.014260
0.075599
-0.123117
0.007499
0.287295
0.089970
0.084993
-0.149087
0.243732
0.367789
-0.038376
0.039968
-0.020111
0.058507
-0.054901
-0.159169
0.007000
-0.053185
-0.042253
-0.064253
-0.200914
-0.064851
0.036049
-0.007384
-0.161419
-0.069841
0.103133
0.048251
-0.158297
-0.096539
-0.094569
-0.046739
-0.013917
-0.073677
0.002575
0.000994
-0.475352
0.022346
0.000169
0.057685
-0.095037
-0.107671
0.034103
-0.049795
0.099831
-0.015239
-0.312219
-0.141649
-0.145110
-0.089335
-0.010695
-0.081405
-0.168633
-0.096590
0.183811
-0.179187
-0.262986
0.180822
0.287270
0.001585
0.000368
0.124613
-0.428393
0.000111
-0.032191
-0.133740
0.006000
-0.037962
0.056367
-0.364606
-0.085515
-0.266941
-0.391533
0.034857
0.015348
-0.362876
-0.193457
-0.150681
-0.045127
-0.020812
0.054262
0.012957
-0.005356
0.058449
-0.305018
-0.032365
-0.009380
0.172348
-0.341784
-0.238858
-0.072680
-0.007184
-0.280814
-0.116862
-0.172084
0.047969
0.027289
0.038805
-0.111687
-0.044536
-0.329533
-0.015318
0.007357
0.151415
-0.080707
-0.484757
-0.098672
-0.274308
-0.018199
-0.150865
-0.420332
-0.212978
-0.015022
0.102492
-0.047422
-0.149160
-0.033863
-0.073841
0.075321
0.111224
-0.606788
0.258843
-0.202381
0.032852
0.063039
-0.162680
-0.186348
-0.111729
-0.036673
-0.207861
-0.060441
0.069274
0.068206
-0.266387
-0.232007
-0.257986
-0.195983
-0.250885
-0.154652
-0.297401
-0.301713
0.128991
0.075912
0.096730
0.064083
0.032405
0.071894
0.054665
0.169008
0.163399
-0.071883
0.014728
0.116885
-0.139690
-0.036776
-0.088959
0.112120
-0.114594
0.095195
-0.030902
-0.062586
-0.017253
0.048910
0.196130
0.076492
-0.008873
-0.013243
0.264674
-0.028084
0.140364
-0.081077
-0.331642
0.054252
-0.035622
0.117440
0.210732
-0.067477
-0.202795
-0.007745
0.410219
0.034029
0.075321
-0.049236
0.294870
0.207329
0.295651
-0.020062
-0.082104
-0.086001
0.102927
-0.087542
0.297873
-0.010976
-0.140080
-0.018476
0.047269
-0.023679
0.199730
0.094025
-0.049845
0.452665
0.029503
0.236917
0.148965
0.081215
-0.121613
0.009618
-0.002107
0.066852
-0.017304
0.079145
-0.080386
-0.066644
-0.120081
-0.024694
0.177284
-0.017459
0.147566
0.064852
0.049334
-0.226053
0.022678
0.136607
-0.089686
0.002823
0.053134
0.091434
-0.250702
-0.347640
0.011950
-0.155578
-0.002888
-0.036772
-0.044947
-0.083257
-0.142068
0.074723
-0.061007
-0.261113
-0.383371
-0.059098
-0.062860
-0.106005
-0.088694
-0.114111
-0.095198
0.199856
-0.242484
-0.250508
-0.003905
-0.143858
-0.031714
-0.028934
-0.021648
0.001639
0.005046
-0.078278
0.022754
0.011498
0.043029
0.045281
-0.147222
0.041053
-0.065605
0.120132
0.120218
-0.036967
-0.317012
-0.264401
0.099321
-0.022582
0.076478
-0.052087
-0.048404
0.137244
0.042379
0.092500
0.122313
-0.036842
0.126249
0.234210
-0.279453
-0.003332
-0.082900
0.298720
-0.003897
-0.094968
0.071443
0.040004
-0.012212
-0.151386
-0.104519
-0.039363
-0.141829
0.012529
0.135608
0.026364
0.047714
-0.069711
0.041675
0.010569
-0.250166
-0.226887
0.312537
0.004178
0.106687
0.026065
-0.013905
-0.356096
-0.090417
0.148431
-0.140787
0.094255
-0.177507
-0.214042
0.063409
-0.043536
0.213768
0.040779
-0.088754
0.018174
-0.187000
-0.122331
-0.072999
-0.262921
-0.167931
-0.117378
-0.187763
0.219744
0.065583
0.144214
0.056454
-0.218639
-0.193403
-0.088691
0.005894
0.153317
-0.090287
0.058519
-0.028535
0.007425
0.067602
0.048935
0.058990
-0.062590
0.068053
-0.042721
-0.029781
0.024271
-0.078965
0.007856
0.072271
-0.000991
-0.033541
0.037207
0.025133
0.007424
-0.016312
0.038557
-0.030243
-0.076194
0.062037
0.022447
0.047823
0.049827
0.009797
-0.059566
-0.061940
0.045032
0.010004
0.004699
-0.022963
0.000123
0.054799
0.055948
-0.012263
-0.046702
-0.028533
0.007227
-0.070508
0.053291
-0.071703
0.042035
0.070272
0.020410
-0.032798
0.021590
0.002699
0.079027
-0.046362
0.038345
-0.038342
-0.034543
0.038945
0.059772
0.075061
-0.010114
-0.029181
-0.082362
-0.069268
-0.068070
-0.079439
0.008177
0.052695
0.218778
0.086917
-0.053634
-0.001500
-0.002266
0.024308
0.147399
-0.076430
0.112720
-0.012744
-0.150802
0.037538
0.008148
0.034622
-0.022568
0.065840
-0.043998
0.003827
-0.314772
0.380721
-0.012439
-0.021572
0.047807
0.099045
-0.011677
0.091374
0.211427
-0.142839
-0.062530
-0.043252
-0.005296
-0.106372
-0.047594
-0.008825
0.169956
0.002963
-0.083395
-0.257368
0.118496
0.028741
-0.027871
0.036062
-0.336990
0.141075
-0.056310
0.055056
-0.071082
-0.030712
0.060206
-0.295621
-0.119632
-0.062908
-0.062324
0.148989
-0.063578
-0.031046
0.019191
0.130127
-0.052245
-0.130444
0.103034
-0.089866
-0.060225
-0.034810
-0.230565
0.084756
0.029748
-0.144710
0.016044
-0.014373
-0.009704
-0.037372
0.150253
0.007842
0.033608
-0.128991
0.065033
0.046227
-0.442546
-0.092984
0.127909
0.068531
0.088663
-0.142503
0.011969
0.110557
-0.009021
-0.033061
-0.267885
0.171059
-0.116035
0.110361
-0.035250
-0.164711
-0.005988
0.083089
0.017655
0.059445
0.231850
-0.271708
0.222795
-0.293575
-0.025147
-0.080963
-0.045442
-0.215260
0.222615
0.193627
-0.022402
-0.081000
-0.005819
-0.070688
0.049563
-0.004027
-0.081529
-0.142244
0.057873
-0.248727
-0.158292
0.174046
0.070049
-0.048345
-0.017457
0.129002
-0.025356
-0.019996
0.236544
-0.028328
-0.184142
-0.306865
-0.023630
-0.100557
-0.204621
0.101575
0.106232
-0.049676
0.020965
-0.034231
-0.397348
-0.074314
-0.015555
-0.106386
0.261612
-0.127662
-0.148609
-0.152673
0.136014
-0.307304
-0.026413
-0.385954
-0.070696
0.067665
0.056632
0.106545
-0.182357
0.074914
0.047233
-0.050430
-0.057826
-0.271379
-0.307434
0.049195
-0.322669
-0.083093
-0.236347
0.398928
0.089815
-0.031020
-0.071382
0.073864
-0.322860
-0.134411
-0.078806
0.187457
-0.075483
-0.076386
0.255453
-0.057366
0.016161
0.107048
-0.101475
-0.041282
0.112118
-0.109667
0.032914
0.003495
-0.106772
-0.099594
0.113080
0.006668
-0.104341
-0.069159
-0.074096
-0.040481
0.021767
-0.172542
-0.131854
0.139502
0.143689
-0.057841
0.007060
-0.170871
-0.008209
-0.004364
-0.052448
-0.053490
0.016790
-0.091376
0.072206
0.138941
-0.048811
-0.029382
0.017357
0.014873
-0.005019
0.123098
-0.285118
0.258920
-0.128020
0.014219
0.026465
0.014167
-0.068685
0.137328
0.067070
0.024975
-0.289589
0.104477
0.156219
-0.243124
-0.243613
0.026471
-0.047616
0.102142
0.261620
-0.066959
-0.075393
-0.009242
-0.121780
-0.018805
0.031172
0.034191
-0.184011
-0.285022
-0.206244
0.177146
-0.288138
-0.030299
0.039038
0.062223
0.029276
0.131633
0.129638
-0.008263
0.073010
-0.114155
-0.041938
-0.132056
0.023174
0.134588
0.186621
0.025003
0.148844
-0.022496
0.087198
0.041741
-0.039016
0.014554
-0.032363
0.017989
-0.120583
-0.212250
0.082265
0.104048
0.002766
-0.101523
-0.087310
0.146249
-0.096813
0.223583
-0.053134
-0.005079
-0.099649
0.044591
-0.108957
-0.137511
0.015350
0.003339
-0.154970
-0.011644
-0.188622
-0.042530
-0.025858
-0.426391
-0.006757
0.005110
-0.022922
-0.077170
0.057643
0.034592
-0.087216
-0.116563
-0.044677
-0.102855
-0.020252
-0.133908
-0.168313
-0.238189
0.049817
0.092122
0.011922
0.099686
-0.014659
-0.099141
-0.066374
-0.059527
-0.061054
0.027723
-0.212049
-0.071215
-0.094670
-0.249064
0.007279
-0.191736
0.065123
-0.075514
0.151716
0.046102
0.118068
-0.047256
-0.112494
-0.064252
0.021467
-0.075033
0.037304
0.179872
0.003560
0.014618
-0.274517
-0.216415
-0.041389
0.011841
0.001782
0.108626
-0.239534
0.304291
0.006523
-0.031899
-0.033647
-0.021843
-0.085789
-0.146942
0.073447
0.016850
0.028391
0.135711
-0.119961
0.067269
0.055670
-0.040173
0.038412
-0.076832
0.231271
-0.077751
0.017172
-0.064270
0.040507
0.021965
0.041866
0.198063
0.195851
-0.015431
-0.375617
-0.089993
0.001306
-0.204710
-0.044127
-0.060857
0.012943
0.107516
0.184553
-0.066333
-0.170142
-0.070479
0.353773
0.043219
-0.109154
-0.033197
0.043248
-0.548876
-0.146700
-0.078611
0.223746
-0.035242
-0.140107
-0.006848
0.001438
-0.103969
0.009852
0.109160
-0.193219
-0.231837
0.083362
0.106710
0.018239
-0.158093
-0.093534
-0.067136
0.070147
-0.186959
-0.315709
0.455693
0.031250
0.055369
-0.094532
0.132691
-0.094480
-0.070868
-0.003138
-0.025291
-0.001841
0.068198
-0.018510
-0.060091
0.069631
0.113626
-0.229072
-0.121333
-0.037291
-0.269489
-0.082971
-0.011588
-0.193518
0.219608
-0.038004
-0.029365
0.046754
0.072969
0.304694
-0.041884
-0.252982
-0.267113
-0.046415
0.076337
0.176830
-0.087001
-0.116440
-0.072573
0.221525
-0.138171
-0.021627
0.015591
0.220440
0.084634
0.251063
-0.077514
0.148607
0.012414
-0.015980
-0.086983
0.044720
-0.054739
-0.005821
0.047576
0.036738
0.041973
-0.103225
-0.039063
-0.066505
0.043192
0.046546
0.252577
-0.111223
0.031255
-0.236003
0.141024
0.039673
0.094000
-0.013982
0.063188
-0.027757
-0.072218
-0.052050
0.035895
-0.020574
-0.227594
0.170535
-0.040572
0.015268
0.180835
0.004948
0.075967
-0.085337
0.172063
0.012707
-0.012367
-0.016220
0.008455
-0.080375
-0.079614
-0.019888
0.122829
0.138324
0.233352
0.153204
-0.111784
-0.058927
-0.085410
0.186447
0.042799
-0.104575
-0.011616
