0.048877
0.092142
-0.162157
0.148670
-0.007006
0.123750
-0.118572
-0.108343
0.040583
0.044712
-0.144498
-0.244351
-0.125415
0.006232
0.234703
0.280031
0.028625
-0.086690
0.263819
0.268612
-0.025960
0.025561
-0.130451
-0.118403
0.255949
-0.159797
0.120940
0.067691
0.102786
0.119044
0.023948
0.248980
0.286012
-0.159449
-0.119334
0.082081
-0.145357
-0.017611
-0.067141
-0.072776
-0.006136
0.086190
-0.185395
0.086842
-0.074561
-0.037460
0.049849
0.234631
0.280749
-0.134319
-0.057966
0.228161
0.062403
0.012715
-0.030511
-0.038201
-0.130001
-0.024809
0.000396
0.183728
-0.105143
0.053001
-0.025109
-0.208326
-0.199279
-0.010762
-0.162652
-0.197981
-0.010850
0.077700
0.052886
-0.120336
0.030705
-0.013993
0.211353
0.125215
-0.004395
-0.039185
0.022947
0.043975
-0.130038
-0.016289
-0.006173
-0.180394
0.173671
0.013365
-0.175508
-0.064937
0.261891
0.194450
0.049802
0.179168
-0.209024
0.035602
0.100284
0.145736
-0.037922
0.084208
0.111235
0.027184
-0.034009
-0.042839
-0.086192
-0.158804
0.193843
0.163786
0.037534
-0.118164
0.140548
0.107313
-0.039921
-0.124378
-0.027774
0.050697
-0.099316
0.129178
-0.038241
0.270680
0.074567
0.036223
0.301234
0.045919
-0.034319
0.061037
-0.009357
-0.137214
-0.063969
-0.316230
0.051034
0.118959
0.106079
0.029298
-0.042246
0.104087
0.094685
0.003159
-0.059878
0.040879
0.136974
0.022026
-0.097789
0.131750
-0.124187
0.017490
0.072166
-0.014994
0.124102
-0.054445
-0.076756
-0.035233
0.109875
-0.052721
-0.096343
-0.084663
0.001950
-0.041261
0.123725
0.118202
0.093948
0.021999
0.048611
-0.008484
-0.015677
-0.011311
-0.050784
-0.076065
0.014266
-0.014914
0.005467
-0.004060
-0.073490
0.112135
0.048797
-0.041986
0.030169
0.047947
0.083385
0.008784
-0.128547
-0.157692
0.093404
-0.086927
0.116235
-0.039670
0.084233
-0.122050
-0.159979
0.089334
0.037859
0.103141
-0.004634
-0.029342
-0.011084
-0.122116
-0.087141
-0.077851
-0.079528
0.034701
-0.201630
0.014874
0.120462
0.178668
0.183521
-0.077156
-0.147586
0.104624
0.040954
-0.028433
-0.054066
0.141427
0.000364
0.039163
0.113076
-0.129594
-0.003913
-0.041880
0.076965
-0.198948
0.108832
0.300057
-0.248750
0.248491
0.351597
0.249522
0.065748
-0.073824
0.131901
-0.064956
-0.122790
0.092692
0.036672
0.081683
0.204162
0.022351
-0.081694
-0.059412
-0.160635
-0.125198
0.140757
-0.034804
-0.182010
0.082469
0.131027
0.195241
0.042441
0.109344
-0.149775
-0.001301
0.493714
0.106863
-0.092358
-0.033118
-0.129558
-0.102639
-0.305851
-0.119339
-0.003837
0.267766
-0.018905
-0.212351
0.008466
0.089639
-0.191435
0.109798
-0.147697
-0.072901
0.147962
-0.062120
0.058431
-0.004350
-0.009712
0.050073
0.082919
0.003918
-0.092214
0.072152
0.037251
0.108934
0.161618
-0.105912
0.181550
0.041683
-0.090530
0.117408
-0.267492
-0.094211
-0.225075
-0.147242
-0.141213
-0.134740
-0.006256
0.043357
-0.143676
-0.001767
-0.025447
0.084876
0.161790
-0.112213
-0.035887
-0.041683
-0.060738
0.345515
0.084331
0.245632
-0.071297
0.004614
0.035182
-0.221105
0.042657
-0.122680
0.098936
0.032471
-0.206293
-0.209702
0.033588
0.126900
-0.030303
0.100043
0.125610
0.032917
0.082020
-0.123749
-0.150016
0.029455
-0.043158
-0.157094
-0.044414
-0.039866
-0.160400
0.031753
-0.198168
0.152231
0.013009
0.030416
0.089298
0.089611
-0.059539
0.127896
0.131637
-0.127402
0.008337
-0.008036
-0.126251
0.100897
-0.109805
-0.061604
0.148555
-0.163881
0.230081
0.061453
0.007516
-0.138762
0.155991
0.206744
-0.000251
-0.020815
-0.021929
0.292632
-0.056855
-0.105437
-0.148620
0.053181
-0.146525
-0.018738
-0.009655
-0.006611
0.068740
-0.118187
0.159655
-0.070845
-0.121414
0.106459
0.082623
-0.145274
-0.106188
-0.087418
0.085699
0.212914
-0.054876
-0.011996
0.078432
0.091214
-0.078353
-0.098209
0.252519
0.036117
-0.017905
0.119244
-0.168297
0.084697
0.068222
-0.094521
0.087533
0.264564
-0.034776
-0.220204
0.332002
-0.178454
0.113491
0.138499
0.066854
-0.050253
0.309633
-0.002535
-0.141755
0.091226
0.083142
-0.037072
-0.172270
-0.129189
-0.096262
-0.048661
-0.037421
-0.143865
-0.188446
0.222550
0.165449
-0.002932
0.064394
-0.022620
-0.087352
-0.243014
-0.126324
-0.082950
-0.185813
-0.153478
-0.134930
-0.025947
0.062129
-0.038525
-0.154493
0.236381
0.142692
-0.088033
-0.085943
0.064982
0.282401
0.091958
-0.031154
-0.095087
-0.104638
-0.173819
-0.215150
0.036830
-0.138493
-0.190985
-0.133939
0.161550
0.055723
-0.079015
0.033802
0.059990
0.045324
0.056364
-0.110124
0.132359
-0.061352
0.078880
0.074474
-0.133848
0.128329
-0.013853
-0.135332
-0.042807
0.123490
-0.057418
-0.038558
-0.070781
0.069195
-0.127934
-0.103880
0.054290
0.026910
0.072181
-0.044660
-0.008900
0.101592
0.060710
-0.064703
0.024897
-0.136670
-0.118345
-0.134830
0.035938
0.009091
-0.017453
0.077379
0.060451
-0.005073
0.012901
0.073178
0.041722
0.102982
0.135835
0.080268
0.000404
0.096866
0.029351
-0.104145
0.112710
-0.033588
-0.116840
-0.055806
0.070988
-0.097116
-0.122904
-0.053103
0.128189
0.127386
0.011322
-0.120016
-0.037252
-0.149445
0.167815
-0.142759
0.127686
-0.010679
0.058374
0.086552
-0.112477
0.063206
0.070759
0.095549
-0.093040
0.080702
0.079842
0.060928
0.011572
-0.007898
0.108967
-0.044254
0.134397
0.132452
-0.033130
-0.002420
-0.017354
-0.167437
0.001967
0.012613
0.073747
0.054599
0.219932
0.054698
0.153004
0.043213
0.223727
-0.209991
-0.017940
0.043455
0.201855
0.027515
0.005227
-0.137668
0.131633
-0.161276
-0.159544
-0.215015
-0.197497
0.121065
0.114579
0.032097
-0.043955
-0.141002
-0.179209
-0.093272
-0.098598
-0.125293
0.009477
-0.038542
0.262528
0.188242
0.082647
0.050317
0.073385
0.031631
0.138079
0.075622
-0.033903
-0.093291
0.040409
0.061469
-0.129101
0.096582
0.010356
-0.020156
0.006618
-0.127615
-0.072565
-0.025455
0.100677
-0.135827
-0.040307
0.019949
-0.120290
0.034958
0.117171
-0.006680
0.057298
0.163922
0.117776
0.003660
0.118198
-0.013795
0.073564
0.018208
-0.003715
-0.062600
0.040317
-0.018873
-0.011483
0.027713
0.050419
0.035325
0.066607
0.002339
-0.090740
-0.077248
0.203573
-0.050557
0.116515
0.044586
0.045030
-0.068028
-0.031410
0.068367
0.045843
0.115978
0.072169
0.075166
0.056360
0.105449
0.074501
-0.008737
0.096269
0.009031
-0.018260
-0.086095
-0.090736
-0.066254
0.191793
-0.147833
-0.282069
0.044299
-0.124074
0.067376
0.021193
0.238723
0.007353
-0.146387
-0.049568
0.204646
-0.088674
0.102177
-0.109326
0.139519
0.001290
0.107267
0.011235
0.052183
0.060780
0.055596
-0.034679
-0.357585
0.055825
0.120224
0.328799
0.156036
-0.095424
-0.038444
-0.129385
0.047700
-0.031833
-0.218912
0.131679
-0.091380
-0.090163
-0.076045
0.157851
0.016658
0.037935
0.121964
0.131046
0.049071
-0.028466
0.275089
0.018832
-0.048315
-0.177654
-0.044708
0.076198
-0.122520
0.342417
0.188486
0.131843
0.006820
-0.101702
-0.014238
-0.116639
-0.245643
0.129206
0.027407
0.023105
0.116112
0.084441
-0.100955
0.060253
0.008174
-0.067679
0.029031
0.080187
-0.068689
-0.006191
0.018363
0.021746
0.067105
-0.070201
-0.059103
0.119665
0.045790
-0.108292
0.043097
-0.059915
0.061194
0.092509
-0.095306
-0.135906
-0.075317
0.013017
-0.059125
-0.135880
-0.018025
-0.094337
-0.004444
0.112278
0.119905
0.053889
-0.115744
-0.076797
0.040075
0.079706
0.024052
0.051963
-0.099644
-0.020766
0.150240
-0.011948
-0.013728
0.005850
-0.108178
0.105514
0.027917
0.100524
-0.009244
0.055414
-0.009766
0.005540
-0.092746
-0.062454
-0.056051
0.133961
0.004185
0.143493
0.124869
-0.046949
-0.070906
-0.000696
-0.105757
0.020192
-0.036797
-0.008918
0.080420
0.020505
-0.021392
0.048727
0.059610
0.014601
0.071155
-0.109392
0.016469
-0.102481
0.082907
-0.109532
-0.075932
-0.119990
0.047848
0.009213
0.125493
0.028451
0.120547
-0.019981
0.032102
-0.067257
0.040524
0.062298
0.098616
0.029741
0.052368
-0.004285
0.035130
0.039028
0.068100
-0.007408
0.088165
-0.071410
-0.108024
0.026899
0.134679
-0.045403
0.107313
0.127016
-0.108655
-0.135121
-0.090969
-0.048739
0.039237
0.094838
-0.025124
-0.052150
0.032640
-0.140301
-0.018362
-0.015814
-0.122539
0.100135
0.055039
0.053760
-0.022186
0.016884
-0.097695
-0.010431
0.083761
-0.030143
0.110851
0.121525
0.056746
-0.051166
0.035544
0.066483
-0.137641
0.052125
-0.031111
0.077504
0.037697
0.136016
-0.112923
0.128328
-0.127433
-0.009608
-0.060439
-0.137318
0.024472
0.032525
0.053891
0.069599
0.126183
0.119551
-0.095748
-0.058583
-0.100001
0.013067
0.066137
-0.051233
-0.000684
-0.125708
0.088140
-0.029237
0.137988
0.014449
0.000609
-0.058581
0.008446
0.062573
-0.102754
0.093252
-0.048625
0.091016
-0.075495
-0.024115
-0.094823
-0.131914
-0.121990
0.113002
-0.029483
-0.068929
-0.058832
-0.090780
-0.021781
-0.021538
-0.128708
-0.044960
-0.133423
0.139051
0.003798
0.119663
-0.092012
0.034681
0.140650
-0.125700
-0.098620
-0.020127
0.127233
0.100771
-0.066617
-0.087057
-0.020195
0.071223
0.161789
0.166807
-0.106274
0.065979
-0.026171
-0.089091
-0.058992
-0.023599
-0.014159
-0.066117
-0.052314
-0.101711
0.028508
-0.067549
0.053726
-0.064423
-0.053537
-0.078512
-0.313092
-0.148369
0.094541
-0.079867
0.118769
0.073452
0.030251
-0.122731
-0.117095
-0.120733
0.102720
-0.076069
0.179201
-0.198847
0.088688
0.104103
0.117445
-0.049821
0.058505
0.148539
-0.052601
-0.127336
0.044327
0.083042
0.106158
0.210481
0.009006
-0.074565
0.173415
-0.095538
0.098094
0.113002
-0.070577
-0.014923
-0.009765
-0.199532
0.309296
0.379072
-0.020251
-0.107435
-0.072117
0.049535
0.189563
-0.014101
-0.015774
0.028825
0.065269
0.027879
0.233192
-0.123588
0.171034
0.049619
0.030661
-0.056774
-0.251440
-0.004088
0.026056
-0.026564
0.239403
-0.131370
0.365960
0.069738
-0.196080
0.248050
-0.220429
-0.142707
0.045518
-0.011401
0.225475
0.192264
0.231762
-0.098683
0.040659
-0.395771
0.047033
-0.107314
0.287650
0.048895
-0.074702
0.084740
0.193085
0.032979
-0.104144
0.239147
-0.117703
0.063041
0.103166
-0.072231
-0.120213
-0.133927
0.113750
0.053264
-0.122947
-0.190171
-0.033545
0.060029
-0.120042
0.087084
0.070960
0.139459
-0.473928
-0.013158
-0.150614
-0.207391
-0.021212
0.074525
-0.100652
0.045464
0.046044
-0.394798
0.212400
0.247569
0.235374
-0.087173
-0.014917
0.055590
-0.128520
-0.121877
0.027060
-0.171088
0.068419
-0.127240
-0.071249
-0.051765
-0.251716
0.124934
0.309658
0.194822
-0.088194
0.029454
-0.040138
-0.161542
-0.000654
-0.012010
-0.068089
-0.051353
0.000443
0.104493
0.071424
0.073795
-0.077308
0.234600
-0.063148
0.009218
-0.031781
0.236100
0.107233
0.040446
-0.143051
-0.107360
-0.012137
-0.248796
0.029633
0.149590
0.081819
0.091231
0.088805
0.083969
0.294975
0.049524
-0.028211
-0.156792
0.158827
-0.067793
0.131187
0.080704
0.063980
-0.071074
-0.057094
-0.133408
0.075739
-0.087212
0.042701
-0.090307
-0.211046
-0.168979
0.180827
0.182434
-0.269794
-0.046911
-0.108695
0.116145
0.301134
0.152558
-0.133549
-0.111439
-0.170566
0.141093
-0.214525
-0.223742
0.066707
-0.218395
-0.029706
0.268919
-0.050288
-0.127279
-0.109063
0.097708
-0.038524
-0.067274
0.034261
0.066914
-0.185258
0.048060
-0.125859
0.033861
0.025386
0.050351
-0.185305
0.153713
-0.123077
0.089389
-0.104247
-0.110939
-0.087792
0.069079
-0.108964
-0.195900
0.099985
0.054481
0.144561
-0.067105
0.043878
-0.252298
-0.068031
0.032992
0.231701
0.156506
0.040282
-0.105681
-0.134651
0.059061
-0.034928
-0.032396
-0.016171
0.062294
0.084256
0.192155
-0.243107
0.041613
0.251235
0.060229
-0.006197
0.027956
0.131869
-0.025829
0.116971
-0.063566
0.036080
-0.173164
-0.255833
0.083949
0.014721
-0.083300
0.158034
-0.140833
0.233557
0.059600
0.068299
-0.103902
0.098618
0.171356
0.061941
-0.143451
-0.101729
0.063832
0.059030
0.116057
-0.229230
0.252163
-0.000777
-0.054656
0.121944
-0.228198
0.055781
-0.137030
0.129142
-0.101493
0.031953
-0.104529
0.050751
0.126427
0.047340
-0.134320
0.020338
0.122527
0.026306
-0.075121
0.036218
0.179143
0.045064
0.103085
0.088489
-0.080590
-0.053194
0.014411
-0.102049
0.009424
0.050238
-0.111297
-0.075443
-0.039386
-0.000955
0.097237
-0.005869
0.044376
0.005113
-0.085809
-0.034991
-0.199442
-0.056743
0.005233
0.266866
0.050707
0.014782
-0.156900
0.167190
-0.055213
-0.023193
-0.093630
-0.116811
-0.134269
-0.250805
-0.268645
0.101589
0.144969
-0.295168
-0.171184
-0.093271
0.135263
-0.070050
0.045413
0.036250
-0.027332
-0.139829
-0.076413
-0.165041
0.113957
-0.164046
-0.144832
0.099705
-0.011537
0.053527
0.127175
0.022493
-0.003568
0.014005
0.046369
0.165298
0.181207
0.131258
-0.077955
-0.113506
-0.045577
0.160376
-0.122142
-0.023661
0.098125
0.022168
-0.071807
0.124041
0.125086
-0.121110
0.007184
-0.113255
-0.035996
0.084007
-0.092456
-0.087088
-0.086768
-0.013311
0.027237
-0.128501
0.034948
-0.115078
-0.112169
0.139954
0.022237
-0.046689
-0.143570
0.056455
0.032490
-0.026236
0.085426
0.071281
-0.111848
0.109395
-0.095175
-0.101479
0.082775
-0.009068
-0.121913
0.054400
-0.036661
0.044831
-0.005491
0.054663
-0.088322
0.024850
0.025813
0.132860
-0.019621
0.073394
0.095571
0.123152
-0.030945
-0.102568
0.076120
-0.004482
-0.033826
0.088826
-0.079831
0.085177
-0.029161
-0.118842
-0.104494
-0.042370
-0.105155
-0.062349
-0.013268
-0.215849
-0.040741
-0.003336
-0.132965
-0.101375
0.061443
-0.025858
-0.017569
-0.067403
-0.093790
0.136178
0.047320
0.206138
0.172651
0.000259
0.017080
-0.084863
-0.186608
0.034260
0.078838
0.105101
-0.021210
-0.110857
0.190413
0.188013
-0.109905
0.237613
-0.209810
-0.042013
-0.023293
-0.089874
-0.231516
0.008194
0.141205
-0.125987
-0.156404
-0.061131
0.033563
-0.028749
-0.066961
-0.081789
-0.009182
-0.077224
-0.079946
-0.151579
0.133715
-0.150859
0.022916
0.042163
-0.041440
-0.017292
-0.050869
0.041371
0.004485
-0.020051
-0.010051
-0.042137
-0.047853
0.115076
0.085304
-0.041473
0.176745
0.098938
-0.064315
-0.010487
-0.126404
0.075910
-0.020268
0.094930
0.122548
0.031972
-0.105429
-0.039457
-0.133476
-0.040423
0.070466
0.119998
-0.106534
-0.014942
0.051513
-0.040558
-0.089429
-0.057424
0.042121
0.023102
-0.098423
0.092075
0.030237
-0.006589
0.002256
0.060953
-0.132775
0.045135
-0.006253
0.083646
0.133362
0.097091
0.038972
-0.119790
0.021043
-0.129601
-0.023577
-0.047119
-0.131939
0.135132
-0.076955
-0.067018
-0.078833
0.134981
-0.108101
0.071421
0.097993
-0.097923
-0.086927
0.012085
-0.116485
-0.006303
-0.077318
-0.099357
0.056940
-0.021802
-0.059998
-0.092234
0.129693
0.061732
-0.033186
-0.001789
0.031817
0.213778
0.113838
-0.031381
0.008153
0.046851
0.066386
0.025747
-0.038027
-0.018672
0.001097
-0.298824
0.159438
0.167993
-0.115496
0.144395
0.112748
0.008395
-0.053400
0.000677
-0.005783
-0.332295
-0.159240
-0.043317
-0.014984
0.264789
-0.022544
-0.272423
-0.120861
-0.105506
-0.053342
0.007741
0.265930
0.042849
-0.098415
0.069249
-0.238124
0.037086
-0.187797
0.011320
-0.115663
0.186485
-0.003308
-0.046215
-0.140895
0.116099
-0.063547
-0.324284
0.075348
-0.069807
0.085389
-0.112533
0.162795
0.030262
0.001675
-0.020463
0.061034
0.241410
0.008068
-0.048747
0.114810
-0.010283
0.015022
-0.168872
0.007543
0.145968
-0.017735
-0.050807
0.106196
-0.111617
-0.096603
0.032680
-0.088656
-0.089297
0.075546
-0.058189
-0.064795
-0.057779
0.013355
0.131283
0.053682
0.080392
-0.025404
-0.068154
0.120197
0.137921
0.053318
-0.023480
-0.127404
0.265329
0.092477
-0.047101
-0.032946
-0.113747
0.047381
-0.095250
-0.081395
-0.015109
0.126290
0.144828
-0.014905
-0.022985
0.232902
-0.081818
0.087342
0.128659
0.184200
-0.067331
-0.117847
0.034356
-0.128217
-0.107260
0.139916
0.023069
0.015306
0.015999
-0.213585
0.140116
0.003869
-0.051306
-0.029047
0.094798
0.117751
0.133412
0.024621
-0.087331
0.218100
0.010631
-0.276980
0.097932
0.030872
-0.066317
-0.025783
-0.177761
-0.137062
0.192965
-0.008364
-0.092752
0.136502
0.068539
0.002413
-0.194495
-0.079434
0.228631
0.047974
0.144849
-0.073051
-0.021765
-0.174100
0.140418
-0.125405
-0.295311
-0.271022
-0.078940
0.230642
-0.186896
0.431198
-0.028024
0.157932
0.303997
0.343917
-0.266058
-0.215584
0.117986
-0.108778
-0.040588
-0.140211
-0.176560
0.070307
0.149316
-0.126571
-0.043648
-0.012727
0.227768
-0.233827
-0.290438
0.186342
-0.044180
0.052580
0.066775
0.291792
0.252793
0.269321
-0.118072
-0.128088
-0.029186
0.237165
-0.153713
-0.146475
0.011430
-0.122084
-0.347190
0.126325
-0.090464
0.196803
-0.177997
-0.015729
0.118054
0.017202
-0.113481
-0.105664
0.044311
0.011616
0.080953
-0.026796
0.161474
0.007212
0.115614
0.139592
0.119994
-0.097378
-0.052588
0.020135
-0.126170
-0.082580
0.069945
0.097496
-0.009424
-0.160542
0.068105
-0.380975
-0.134274
-0.195103
-0.356947
-0.206184
0.043034
0.210251
-0.289380
-0.020531
-0.012902
0.052212
-0.066779
0.064937
0.223743
-0.011347
-0.058054
-0.021096
-0.262820
0.281346
-0.027943
-0.064573
-0.074950
0.048229
-0.147773
-0.027688
0.125149
-0.090924
-0.111209
0.005625
-0.038626
-0.069189
-0.113727
-0.127688
0.018844
0.056501
0.079541
0.124949
-0.174119
-0.165844
-0.104403
0.153705
-0.049812
-0.093057
-0.058984
-0.126172
-0.004566
-0.250276
0.113615
0.120867
-0.019342
-0.238897
-0.131348
-0.130744
-0.148922
-0.013338
-0.219200
0.002796
0.281083
-0.130087
0.004705
0.004372
-0.130224
-0.056502
0.153446
-0.013347
0.216470
0.029887
0.055345
-0.061390
-0.055389
0.252638
-0.095172
-0.026468
0.048717
0.181130
0.090438
-0.026720
-0.236555
-0.009772
-0.114398
0.035322
-0.140846
0.080611
-0.108499
-0.124359
0.197876
-0.112867
-0.138806
0.156430
-0.108219
-0.010392
0.090755
-0.025219
0.134343
0.089952
0.219264
0.142201
-0.041131
0.347779
0.144189
-0.144862
0.013685
-0.040837
-0.026142
-0.019577
-0.056782
0.127447
0.080749
0.033706
-0.128531
-0.040865
0.024141
0.049708
-0.065688
0.071234
-0.039133
-0.003067
-0.065558
0.190078
0.046284
0.044398
0.068028
0.069521
-0.096265
0.111586
-0.001148
0.047865
-0.063458
-0.084654
0.089798
0.031919
0.176331
-0.038661
0.053549
-0.063715
-0.104434
-0.132743
-0.103128
0.030694
-0.058706
0.114480
-0.008613
0.113654
0.102575
0.122475
-0.000131
0.040236
0.001889
-0.039289
-0.077455
-0.063842
-0.024940
-0.100442
-0.082629
-0.038639
-0.079214
-0.060895
0.030562
-0.107126
-0.003825
0.055978
-0.096688
0.044504
-0.003612
0.067177
0.027072
0.056882
-0.085903
0.165174
0.056966
0.086865
0.320966
0.020867
0.056957
-0.224882
0.226518
-0.193081
-0.104310
-0.087953
0.151170
0.057258
-0.096265
0.051419
0.124427
-0.162813
0.071095
-0.047068
-0.076064
-0.083067
-0.208707
0.012041
0.140376
-0.196305
0.071228
-0.128235
-0.150518
0.117391
-0.089452
0.146070
-0.095105
0.095271
-0.097238
0.170787
-0.009969
-0.056517
-0.100755
0.107169
-0.062274
0.055912
-0.082528
0.322338
0.016809
0.347772
0.102995
0.043648
-0.090965
-0.045630
0.112851
-0.271998
0.094964
0.015437
-0.135620
-0.091731
0.065496
-0.091335
-0.058623
0.218780
0.279375
0.207198
0.071391
0.046628
-0.103297
-0.111815
0.056281
0.104436
0.001138
0.063438
0.112446
0.084843
-0.068426
-0.014889
0.113661
0.107496
0.054488
-0.038420
0.074473
0.032136
-0.064765
0.082803
0.094738
-0.105762
-0.012063
0.124747
0.093158
0.126423
-0.050942
0.112756
-0.107542
0.041181
0.061812
0.105318
-0.098171
0.058878
0.038166
0.136338
0.109399
-0.055656
-0.129315
-0.119427
-0.122813
0.059440
0.052391
-0.004659
-0.000032
0.100301
0.055616
-0.128129
-0.078526
0.118111
0.030065
0.053790
0.116008
-0.087392
0.102442
-0.010639
-0.028096
-0.018588
-0.081239
0.102380
-0.074338
-0.005500
0.066153
-0.068855
-0.263028
0.070614
-0.099929
0.074223
0.007148
-0.038031
0.211167
-0.036836
-0.088880
-0.188080
0.114749
-0.087532
-0.018623
-0.111053
0.138793
-0.063187
-0.170706
0.014780
0.240983
0.072639
0.060587
0.032934
-0.130679
-0.000282
-0.027680
-0.032867
0.294803
-0.188054
0.122673
-0.120052
-0.230326
0.057473
0.149175
-0.127299
-0.062866
-0.022249
0.087612
0.051730
-0.035433
0.004234
0.097678
-0.080882
0.010490
-0.084305
-0.285863
0.123551
-0.073519
-0.068078
0.006392
0.000971
-0.070162
0.124636
0.288364
0.120806
-0.001651
0.062818
0.015676
-0.117070
0.092224
0.251372
-0.035361
0.048811
0.167383
0.014187
0.019011
0.146003
-0.085077
-0.017277
0.075983
-0.120819
0.299515
0.000060
0.034949
0.022355
-0.144643
0.196277
-0.051943
0.041566
0.121838
0.328426
-0.121830
0.121662
0.102835
0.100661
0.092444
-0.053809
-0.342247
0.287976
0.223397
0.219655
0.030742
-0.123367
0.044525
0.007229
0.046012
0.127865
0.010215
0.152297
-0.158880
-0.104752
0.046510
0.088152
-0.165412
-0.108198
0.154275
0.022201
0.067858
0.032294
-0.144601
-0.107215
0.114253
-0.107216
-0.210199
0.027409
-0.044683
0.025365
0.160301
-0.001157
-0.040826
-0.054380
-0.095930
-0.101410
0.085027
-0.392937
-0.080222
0.016014
0.066455
0.069880
-0.048536
-0.093416
0.042624
0.115645
0.044358
-0.082515
0.120990
0.011576
-0.111602
-0.033574
0.055166
-0.070975
-0.121416
0.106675
-0.112594
0.050080
-0.088833
-0.112674
-0.083793
-0.141606
0.065827
0.089595
-0.053191
-0.105014
-0.138689
-0.094488
-0.158801
0.138115
-0.098960
-0.112606
0.047355
0.044710
0.026409
-0.051027
-0.022204
-0.037082
0.035826
0.038915
0.029103
-0.071383
0.034070
0.077866
0.117345
0.039442
0.107701
0.092577
0.094914
-0.133366
-0.015858
0.087278
0.102348
0.116075
0.035006
0.109960
-0.133651
0.077177
0.078506
-0.052263
-0.031530
0.049723
0.047023
-0.046204
0.114120
0.015159
0.031041
-0.332856
-0.160982
-0.017208
0.006893
0.053553
0.150258
-0.071771
-0.076748
0.050834
0.215440
0.106653
-0.038842
-0.107266
-0.186274
0.071375
0.070722
-0.066062
-0.248958
-0.018044
0.175449
-0.118394
0.081170
0.039994
0.158852
0.140188
-0.080576
-0.069408
0.135222
-0.200355
-0.069002
-0.157127
-0.201999
0.171578
-0.140374
-0.171728
-0.079754
0.038418
-0.110472
0.045848
-0.126809
0.225349
-0.055747
0.069302
0.165585
0.012249
0.128519
-0.015412
0.128740
-0.112193
-0.088258
-0.337551
0.072173
-0.124146
0.023914
-0.155891
0.124396
0.074093
0.214658
0.055327
-0.048489
0.393787
0.066890
-0.139908
0.127777
-0.342867
0.041608
-0.141752
0.054663
0.024389
-0.281753
0.062140
-0.106713
-0.051703
0.107245
0.267733
0.093102
0.022137
0.100509
-0.030457
0.127615
0.191602
0.333715
-0.254216
0.060899
-0.112507
-0.108371
0.150690
0.086421
0.022090
0.023058
-0.193563
-0.150824
0.027992
-0.167513
-0.230314
-0.131212
0.014986
0.309577
-0.025815
0.060437
-0.104673
0.094438
-0.047920
0.126919
0.007349
-0.029900
-0.095930
0.158224
0.126727
0.018295
0.138416
0.091399
0.009900
-0.032242
-0.043336
-0.093696
0.255105
-0.002711
0.015629
0.082615
-0.164825
-0.076145
0.112536
-0.134824
-0.013483
-0.016866
-0.194859
-0.319292
-0.009850
-0.081142
0.063449
-0.126790
-0.022232
0.018656
-0.027288
0.112279
-0.054050
0.141229
0.007479
-0.255189
-0.107243
-0.016024
-0.204156
-0.047537
0.032299
0.171564
-0.080221
0.246195
-0.013750
-0.069998
0.019133
0.205800
-0.053976
0.139936
0.181340
-0.135951
-0.065710
0.009826
-0.291863
-0.095047
0.174288
0.104413
-0.096577
-0.039441
0.102718
-0.012888
0.091145
0.058720
-0.057948
-0.122018
0.033675
0.118834
0.304761
0.154591
0.232568
0.040009
-0.087464
-0.000048
0.142666
-0.128814
0.235684
0.006809
-0.090224
-0.104533
0.017280
0.219065
0.052283
-0.130918
-0.095294
0.274328
-0.230176
-0.223215
-0.062257
-0.146296
-0.052956
0.019422
-0.134368
-0.574624
0.013489
-0.082776
0.470486
0.075959
0.227785
0.197237
-0.036862
-0.075578
0.064227
0.005458
0.159511
-0.084312
0.022867
0.124645
-0.105507
-0.396437
0.067745
0.163501
-0.045829
0.266609
0.191625
-0.078226
0.199553
-0.277543
0.209629
-0.189256
-0.024513
0.000939
0.052866
-0.100583
-0.110334
0.050015
-0.111773
0.178281
-0.107809
0.084926
-0.001773
0.077313
-0.347257
-0.155138
-0.070441
0.017416
-0.123858
0.070120
-0.327530
0.299964
0.122958
-0.025288
-0.079623
0.212686
0.111192
-0.085718
-0.061689
-0.040682
-0.061988
-0.028752
-0.263032
0.048814
0.279226
-0.032521
0.099866
-0.031969
0.054270
0.054250
-0.152089
-0.045500
0.081791
-0.015033
0.019588
-0.126949
0.031717
0.093918
0.215837
0.055322
-0.133556
0.049060
0.031122
0.159851
-0.095612
0.213268
-0.069806
0.157428
0.013460
-0.152162
0.218809
-0.138781
-0.015582
0.177293
0.274826
0.015668
-0.174978
-0.031307
0.009377
0.021463
0.070182
0.021865
0.094784
0.164905
-0.130216
-0.051870
0.053188
0.139346
-0.065078
0.024777
0.086716
-0.058741
0.028270
-0.159925
-0.255865
0.122260
0.189961
-0.090746
-0.084771
-0.197568
0.115735
0.152192
0.041884
0.057850
0.110795
-0.075362
0.124710
-0.112640
-0.114290
-0.019922
-0.036982
-0.001531
-0.052658
0.085803
0.026404
-0.108576
0.075342
-0.019769
0.071011
-0.001793
-0.128421
0.055918
0.127162
-0.129759
0.069535
-0.038964
0.126233
-0.095753
0.098751
0.018276
-0.070457
-0.115420
-0.126061
-0.129951
0.128283
-0.023183
0.103315
0.121741
-0.045018
-0.135059
0.107598
-0.109308
0.095977
0.075018
-0.107467
-0.001250
0.066882
-0.021670
0.019535
-0.008610
-0.023473
0.070578
0.130247
-0.018833
-0.107579
-0.000127
0.110630
-0.088239
-0.013289
0.000239
0.029587
-0.110119
0.076826
-0.090641
0.038161
-0.012130
0.131458
0.020848
0.045961
0.018362
-0.066830
-0.125243
0.018937
0.038566
-0.072963
0.121926
-0.106679
-0.055298
-0.082933
0.077483
0.099652
-0.026450
-0.081233
0.123993
0.124366
0.087186
0.044616
0.109324
0.124154
-0.043141
0.127827
0.012031
-0.116536
-0.008255
-0.013546
-0.085766
-0.008627
0.127708
-0.043163
-0.034646
0.121205
-0.105978
0.107172
-0.050607
0.110681
-0.095244
0.082000
-0.074661
-0.088918
0.061915
-0.055144
0.016646
-0.112225
-0.032012
-0.017727
-0.088556
-0.037024
0.073176
-0.033353
0.145288
0.035607
0.036658
-0.077985
-0.072647
-0.047859
0.042821
-0.079181
-0.073583
-0.135638
0.060177
-0.117821
-0.004818
0.028604
-0.035792
0.112875
0.005016
0.338663
-0.074841
-0.135664
-0.022962
-0.034155
-0.273856
0.087631
-0.102991
0.029852
-0.079105
-0.019299
0.134920
0.070692
0.124646
0.096313
0.065520
-0.206573
0.166743
0.050039
0.199822
-0.066567
0.254006
-0.081440
0.082040
0.238282
-0.034726
0.071657
0.005721
0.050297
-0.008260
-0.205626
-0.087752
0.099106
-0.203413
-0.056651
-0.129585
0.171332
-0.096048
0.028034
0.119424
-0.070271
0.040036
0.086451
-0.347565
0.111895
0.222525
0.191305
-0.244820
0.026702
-0.155642
-0.054740
-0.085950
-0.168563
0.101985
-0.036867
-0.017156
0.197809
0.150861
0.116283
0.078924
0.237276
0.230549
0.047456
-0.133617
0.018048
-0.008699
0.246784
-0.026710
-0.126724
0.040431
-0.027410
0.017851
-0.096833
0.224945
0.078721
0.112845
0.019448
0.162112
-0.148979
-0.151130
-0.081442
0.151312
-0.316604
-0.022008
-0.054578
-0.106984
0.226273
-0.122367
-0.157747
0.211851
0.071045
0.160853
0.299030
0.158193
0.078572
-0.223002
0.069655
0.035707
0.094612
-0.042178
0.033283
0.035134
-0.123614
-0.127635
0.155056
-0.071741
-0.053773
0.225358
0.228753
0.156172
0.085781
-0.009881
0.023236
-0.147185
-0.161165
-0.046538
0.104130
-0.014569
0.026414
0.039189
-0.247990
0.004668
-0.080040
0.031547
0.142302
0.063593
0.184036
0.023656
0.019760
-0.127632
-0.217208
0.033631
-0.111199
0.214637
-0.050087
-0.107690
0.035444
0.031371
-0.131546
-0.008523
-0.151439
-0.062208
-0.137080
-0.149102
-0.181398
-0.096123
0.304522
-0.115185
-0.127125
-0.187717
-0.211785
0.138874
-0.327969
-0.006135
-0.428383
0.015003
-0.045730
-0.221362
0.013480
-0.066794
0.123122
-0.135608
-0.000541
-0.125501
0.169009
-0.169595
0.098379
0.053042
0.052642
0.096208
0.102765
0.185437
0.232282
-0.080765
-0.095551
0.013841
-0.060183
-0.142314
0.115785
0.240553
0.149933
-0.100970
-0.093852
-0.073393
-0.040629
0.104015
0.008085
-0.015964
0.018439
0.198731
0.015799
-0.039695
0.157589
0.110773
-0.087267
-0.123757
0.075381
-0.069869
0.014389
0.042831
-0.018048
0.046081
0.001759
-0.066228
0.077014
0.003929
-0.039630
-0.002770
0.022177
-0.126166
-0.043019
-0.060026
-0.041216
-0.062061
-0.040431
0.005755
0.007324
-0.062014
0.082626
-0.041063
-0.121145
-0.099891
0.094420
0.083486
-0.085587
-0.129618
-0.104190
0.011311
-0.072110
-0.015322
0.082153
-0.032903
0.085500
-0.134524
0.125201
0.071553
0.102436
-0.133805
-0.009200
-0.101869
0.010708
-0.070273
0.084354
0.044681
0.085673
-0.016308
-0.071355
-0.035457
0.083408
0.133010
-0.047227
-0.069881
0.019630
0.057484
-0.029632
0.209884
0.228312
0.067476
-0.099747
0.001181
-0.144670
0.016191
-0.036147
0.031290
-0.105029
-0.086769
0.166892
0.026560
-0.186767
-0.054768
0.017633
0.057481
0.050560
0.011902
0.223834
-0.186034
-0.098148
0.147777
0.207599
0.156116
0.046670
0.027044
-0.112701
-0.015216
0.215364
0.023185
0.179876
0.050747
-0.133962
-0.079900
-0.043026
0.075094
0.030384
-0.092611
-0.089048
-0.058105
0.010580
-0.047903
-0.117932
0.058743
-0.022555
-0.143831
0.128667
-0.090438
-0.010224
0.021253
0.099253
0.174492
-0.003393
-0.098030
-0.058988
0.076101
0.085160
0.166381
0.109547
-0.123686
-0.044950
-0.185985
0.111544
-0.066408
-0.093091
-0.100179
0.027413
0.004567
0.100593
0.009460
0.109997
0.030795
-0.036777
-0.034856
-0.105355
-0.020465
0.124683
0.071363
0.079327
0.079942
-0.131303
0.061272
-0.087665
-0.057804
-0.000600
-0.022247
0.092088
0.054995
-0.130567
0.060742
-0.090173
0.174273
0.031445
-0.046232
-0.053815
0.077507
-0.099772
0.014776
-0.098612
-0.092172
0.033513
-0.046196
-0.053251
0.046369
-0.025586
-0.152478
0.063308
0.045404
0.017329
-0.071216
0.030834
0.109735
-0.109986
0.020182
-0.018909
-0.124695
0.045243
0.111814
-0.066789
0.040224
0.037959
0.019051
-0.091368
0.057583
0.105456
0.057545
0.059888
-0.111632
0.041928
-0.033862
-0.120372
0.096149
-0.070201
0.015084
0.075681
0.067455
0.112861
-0.101354
-0.027115
-0.085791
0.050134
-0.128869
-0.117353
0.066937
-0.075166
0.087125
-0.099486
0.138792
-0.083390
0.090434
-0.107878
-0.041243
0.077698
0.046764
-0.034675
-0.099023
-0.054213
-0.057231
0.018008
-0.092169
0.074505
-0.001440
0.054541
0.071647
-0.076860
-0.054028
-0.055565
-0.061575
0.041071
-0.098002
0.034915
0.035975
-0.033723
-0.036726
0.036668
0.086462
-0.004238
-0.069695
0.110413
-0.017657
0.027334
0.113124
0.099435
-0.092276
-0.010987
0.068713
0.027270
-0.100607
-0.106575
-0.113618
-0.059951
0.312124
0.081174
0.096230
0.033483
0.033937
-0.196469
-0.014173
-0.047408
-0.020987
-0.104729
-0.091250
-0.368917
0.139491
-0.102634
0.112646
-0.053935
-0.155390
0.156941
-0.009707
-0.016611
0.117215
0.032396
0.396635
-0.168568
-0.001539
-0.128299
-0.345435
-0.091960
0.067655
0.053091
0.092767
-0.079172
-0.096057
0.000218
-0.203575
-0.106827
0.103387
0.135530
0.096939
-0.063261
-0.091605
0.229651
-0.137282
-0.040602
-0.173052
0.017977
-0.032986
0.316423
0.188004
0.049126
-0.006719
-0.076343
-0.039870
-0.381994
0.110503
-0.167667
0.005153
0.000901
0.295843
-0.052510
0.051364
0.048905
-0.001923
-0.000014
-0.163275
-0.619598
-0.051994
-0.092184
-0.010190
0.044648
0.161987
0.007333
0.018204
-0.227339
0.255342
0.360924
-0.131272
-0.053629
0.128589
-0.027340
-0.011228
0.049150
0.098365
-0.222399
0.214356
-0.009844
-0.211766
-0.131056
-0.218334
-0.054224
0.406886
-0.014585
0.308363
0.134407
-0.037081
-0.154243
0.025295
0.087738
0.226952
-0.100308
-0.054156
-0.289029
-0.047787
-0.057914
-0.031876
0.007722
-0.016663
0.012031
0.192102
0.024301
-0.123101
-0.371937
0.363778
-0.012844
0.059722
0.221694
-0.316769
0.710537
0.086764
-0.140760
0.290092
0.450130
-0.024612
0.273043
-0.157367
-0.273457
0.304413
-0.002570
0.282677
0.382896
0.006130
-0.124198
0.003654
0.115401
-0.129549
-0.091528
0.102489
0.265848
0.086600
0.023254
-0.157106
-0.177897
0.001115
-0.003093
-0.019425
0.264101
-0.016895
0.028371
0.147496
0.102742
0.180705
0.125741
0.100657
0.271071
0.067045
0.173513
-0.087214
0.264460
0.063434
0.267627
-0.031726
-0.280326
0.023126
0.157184
-0.093715
-0.188901
-0.139896
-0.015021
0.018336
0.067986
-0.114210
-0.056357
-0.162036
-0.069449
-0.136660
-0.122189
-0.026618
-0.183449
0.025825
0.012275
-0.018367
-0.088825
0.100900
0.024795
-0.125162
-0.139381
0.145776
0.149253
0.062924
0.030367
0.024150
0.070958
0.211058
0.036227
0.086939
0.044288
-0.043445
0.042764
-0.106264
-0.084261
0.127429
0.136561
-0.027225
-0.189909
-0.056164
-0.152215
-0.225498
-0.106231
0.061143
-0.069870
-0.024678
0.247313
-0.047159
0.113720
0.192489
0.114519
-0.297627
0.222187
-0.083557
0.149451
-0.072416
0.056821
0.132810
0.370643
-0.261437
-0.172576
-0.043019
0.218864
0.017072
-0.251666
-0.156939
0.005068
-0.197493
0.239708
0.029483
0.012354
-0.051677
-0.065337
-0.109420
0.132204
0.217811
-0.252540
0.025237
-0.140080
0.081246
-0.161461
-0.120757
-0.160822
-0.093555
0.088495
0.058684
0.095203
-0.098052
-0.137355
-0.127368
0.015935
-0.041852
0.425830
-0.096825
-0.012456
0.049259
-0.016097
-0.084182
-0.148362
-0.095871
-0.113287
-0.054516
-0.175537
0.352779
-0.081156
-0.027970
-0.029258
0.103214
-0.132059
-0.228715
0.121031
-0.119599
-0.051934
0.273791
0.041067
0.146719
0.010886
0.019276
-0.062042
-0.099526
-0.056372
-0.198564
-0.052925
0.185543
-0.291045
0.080769
0.180989
0.054253
-0.026134
-0.085219
-0.095113
0.206377
0.063956
-0.084069
0.026336
0.063361
0.033259
0.183694
0.144233
0.096935
0.092639
-0.167591
0.008609
0.171855
-0.187061
-0.037742
-0.110280
-0.116406
-0.148265
0.101415
-0.018828
0.039117
-0.021816
-0.073055
0.219111
0.067980
0.001581
-0.022239
-0.309998
0.073833
0.069528
0.201745
0.117965
0.060341
0.140017
0.206825
-0.046874
-0.234772
-0.127051
0.069518
0.062324
-0.162505
0.031803
0.077893
0.083554
-0.231228
-0.038799
0.057084
-0.004607
-0.082458
0.036702
-0.104194
0.064178
-0.134413
-0.226108
-0.058039
0.190527
0.298383
-0.282332
-0.159162
0.005226
-0.087059
-0.131562
0.073686
-0.104431
0.182230
0.080437
0.059423
0.077918
0.058753
-0.071825
-0.017939
-0.103709
0.265844
0.057678
0.098800
0.215601
0.365566
-0.000740
-0.150347
-0.134119
-0.045643
-0.041985
-0.152200
0.093310
-0.133776
-0.270071
-0.207307
0.179435
-0.091900
0.081234
-0.097142
-0.005851
-0.060047
0.086739
0.013829
-0.151210
-0.079912
-0.231219
0.044666
0.090783
0.005939
-0.008300
0.278051
0.213519
-0.002512
0.124686
-0.156054
0.089221
0.176250
0.081266
0.247607
0.004984
-0.032648
-0.087505
-0.177601
0.163041
-0.014743
-0.079204
-0.146615
0.042594
-0.120229
0.164272
0.015044
0.110288
-0.020930
-0.120617
-0.134938
0.058980
0.020728
0.056983
0.064310
0.103100
-0.183817
0.255964
0.235596
-0.075817
-0.053073
0.029995
-0.045941
-0.125951
-0.067970
-0.109163
-0.162507
0.070871
-0.172234
0.068343
0.094975
0.179796
-0.066872
0.364878
-0.022457
-0.061513
-0.136890
0.120618
-0.150294
-0.122846
-0.032505
0.110268
0.022962
-0.026517
0.012900
-0.186278
0.110128
-0.047659
-0.112412
-0.075731
-0.196689
-0.035384
0.031444
-0.163691
-0.041367
-0.199677
0.047482
0.071263
0.085406
-0.009273
-0.046098
-0.283976
-0.018570
-0.024030
-0.009836
0.186084
-0.167946
-0.174960
0.016140
0.005947
-0.088465
-0.173875
-0.023920
0.139118
-0.137948
-0.024492
-0.261973
-0.000678
-0.144284
0.038321
0.085551
0.097133
-0.018382
0.165891
0.284899
-0.211183
0.048570
0.073490
0.028483
0.188109
-0.026746
0.031243
-0.299355
-0.170020
-0.062094
0.028723
-0.061237
-0.006224
-0.048603
-0.042781
0.195931
-0.013635
-0.016298
0.029770
-0.048055
0.032402
-0.003829
-0.134225
0.042522
0.224279
-0.059807
-0.090335
0.118496
-0.031909
0.114759
-0.140064
-0.119021
0.011286
-0.067038
0.021933
-0.114022
0.022289
0.225622
0.108457
-0.021985
-0.148672
0.052754
0.029647
0.178721
0.103287
0.264098
0.157028
0.173634
0.063952
0.133978
-0.119136
0.062083
0.013777
-0.152906
-0.172810
0.112290
0.120855
-0.082550
-0.128743
0.181207
0.049583
0.000275
-0.051692
0.126748
-0.009004
-0.124235
0.197762
0.113025
-0.002156
0.039661
-0.020784
-0.026018
-0.082386
0.216146
0.078055
-0.111363
-0.108416
0.122267
-0.002845
0.233120
0.101101
0.041310
-0.112866
-0.065868
0.029541
-0.132802
-0.016046
-0.111915
-0.109619
-0.037994
-0.006493
0.182296
0.109525
-0.001227
-0.191157
0.020719
0.124653
0.052026
-0.112291
-0.156223
0.050788
0.234185
-0.046881
-0.223461
-0.171524
-0.017053
-0.302751
0.029463
0.318549
0.082195
-0.228429
-0.032168
0.109088
-0.148388
-0.048692
-0.014099
0.127318
0.053607
-0.103644
-0.088163
-0.232059
0.042114
-0.029923
-0.087537
0.068100
0.047029
0.164211
-0.021904
0.121883
0.033735
0.125849
0.127917
-0.090520
-0.125632
-0.133179
0.066165
-0.150767
-0.028025
-0.164771
-0.052997
-0.145070
0.279770
0.244623
-0.110047
-0.009926
-0.100806
-0.012759
-0.110893
0.011398
-0.104799
0.052991
-0.068448
0.055246
0.048340
0.026939
-0.076362
0.038290
0.076643
0.085428
0.017830
-0.017583
-0.011435
0.033252
0.015963
-0.011682
-0.148609
-0.033739
-0.050815
0.110629
0.014487
-0.071428
-0.039544
-0.012250
0.110228
-0.145037
0.032950
-0.105791
0.023005
-0.050583
-0.058520
0.044759
0.071638
-0.064584
-0.104430
-0.024074
-0.130402
0.061076
0.042836
0.043439
0.098550
0.069087
-0.096960
0.071800
0.028468
-0.110769
-0.047735
-0.109991
-0.003812
0.003513
0.047541
-0.000738
-0.110914
-0.051711
0.060496
-0.026158
-0.091827
-0.025228
-0.106331
-0.132558
-0.156728
-0.110535
-0.125942
-0.130322
0.122383
0.059002
-0.072752
0.052680
0.254153
-0.312709
0.160422
0.059063
0.053623
-0.248531
0.101684
0.063797
0.214454
-0.238356
0.273807
0.057216
-0.021748
0.180815
-0.259081
0.121408
0.076434
0.184213
0.036784
-0.227736
0.083550
0.088619
-0.027530
0.127497
-0.102317
-0.035435
-0.107020
0.020836
-0.035138
-0.089013
-0.191249
0.121062
-0.149711
-0.059856
0.099562
0.134324
-0.125936
0.054635
-0.118867
-0.106325
-0.016227
-0.158923
0.022572
-0.066937
-0.009880
0.082629
-0.343525
-0.003686
0.131949
-0.012558
-0.087652
-0.279390
-0.013945
-0.014927
0.063044
-0.030344
0.091985
0.347014
-0.118579
-0.011565
-0.052168
0.036262
-0.006238
-0.029730
-0.170000
-0.127217
0.021398
0.096963
-0.180524
0.261438
-0.038421
0.270921
0.071101
0.118495
0.167541
-0.050142
0.005597
0.127658
0.002227
0.024575
0.374846
0.225785
0.304611
0.178758
-0.109424
0.234138
-0.063885
-0.387362
-0.100876
-0.014203
-0.141279
-0.204182
0.049375
-0.157478
0.090261
0.357001
0.076983
0.042194
-0.189647
0.145944
-0.066695
-0.179723
0.124418
-0.102238
0.020061
0.079442
0.184947
0.172740
0.046601
-0.137935
0.286543
0.075564
-0.119245
-0.180104
0.062438
-0.179728
0.209204
-0.033246
-0.015646
-0.105308
-0.012807
0.115636
-0.126895
-0.057304
-0.108285
-0.032895
0.063417
0.011590
0.000275
0.047908
-0.103817
-0.133357
0.054210
0.042351
0.006319
-0.004607
-0.109952
0.028670
-0.042390
0.085833
-0.094467
-0.098570
-0.003471
0.002501
0.049561
-0.011268
0.095593
-0.007348
0.021325
-0.086553
-0.026989
0.032662
-0.065440
-0.064297
0.136026
-0.085036
-0.093417
0.087281
-0.064987
-0.083860
-0.064778
-0.022907
-0.081642
0.061903
-0.038048
0.071535
0.032112
-0.089553
0.107603
0.097018
-0.087827
0.095062
-0.058098
-0.132356
-0.040829
0.106863
0.011780
0.153333
0.004173
0.048680
0.054735
-0.092567
-0.145760
0.092616
-0.071866
0.032080
0.014928
-0.071505
0.218819
-0.070976
-0.076410
0.113956
-0.074901
-0.083040
0.219614
-0.027659
0.055645
-0.026079
0.024627
-0.148078
0.107953
-0.255839
0.139832
-0.140100
-0.143940
-0.141104
0.004030
0.206833
0.136746
-0.097546
0.081243
0.034704
0.119867
-0.125847
0.164538
0.154849
-0.183240
-0.087887
-0.121569
0.099262
-0.052557
-0.171233
0.054315
-0.086070
-0.015557
0.034736
0.088206
-0.069961
-0.008932
-0.238794
-0.225532
-0.025026
-0.074517
0.151558
0.268415
-0.116839
0.018032
0.010646
-0.009885
0.092334
0.120190
-0.015650
-0.136655
-0.159460
0.153989
0.084420
0.064052
-0.042433
0.057259
0.050421
-0.114558
-0.117561
-0.022488
0.041947
0.003021
0.061672
0.002577
-0.042499
0.128566
-0.118605
0.086387
-0.013136
0.059955
-0.008690
-0.089169
0.103025
0.077328
-0.003519
0.031991
-0.117561
-0.116592
0.125681
-0.101173
-0.087163
-0.154150
0.083593
0.009708
0.120607
-0.076140
0.103804
-0.105553
0.104092
0.004847
-0.122996
-0.051787
0.034795
-0.002699
-0.048759
0.018860
0.000192
-0.088936
-0.034448
0.131229
0.064523
-0.030178
-0.118307
-0.121350
0.049046
0.066942
-0.116731
-0.121402
0.010870
-0.000541
-0.084919
0.100139
0.090238
-0.135030
0.050697
-0.106218
0.005716
-0.016201
-0.218313
0.061386
0.169700
0.018162
0.071526
-0.184899
-0.146220
-0.165829
0.194370
0.118051
-0.068876
-0.051429
0.004781
0.120754
-0.154561
-0.177889
-0.232004
-0.093698
0.268505
-0.027632
-0.123619
-0.170585
-0.198102
-0.007338
0.076584
-0.017531
-0.029086
0.160152
-0.098333
-0.005619
0.081013
0.181287
-0.083785
0.104132
0.159395
0.025094
-0.171041
-0.146644
0.028633
0.007529
-0.103487
-0.005054
-0.005357
0.128088
0.396900
0.265983
0.018793
-0.197784
-0.010575
-0.103983
-0.043027
0.193180
0.173004
0.061830
0.067791
0.216551
0.178281
-0.029573
0.144593
-0.051689
-0.175974
0.039370
-0.160853
0.262148
0.297191
0.046242
-0.097592
-0.129428
0.078500
-0.012411
0.013875
-0.106813
0.086922
-0.174674
0.138974
0.136917
0.123467
0.078725
-0.067653
-0.111181
0.004971
-0.198457
0.113268
-0.053510
0.093684
0.249234
0.009483
0.138098
0.111329
-0.023759
0.153237
-0.459699
0.029100
-0.110948
-0.041341
0.237524
-0.123691
0.079452
0.130841
-0.122501
-0.268431
0.118011
0.035239
-0.105234
-0.127524
-0.121505
0.029009
0.120076
0.036855
0.000878
-0.031133
-0.042478
-0.013980
0.053971
0.114551
-0.116542
-0.150227
-0.071510
0.130159
0.081297
-0.114128
0.038772
-0.089877
0.037686
-0.056155
-0.131634
-0.141148
0.055411
-0.033278
-0.061619
-0.044220
-0.114670
-0.018516
0.003293
-0.039234
0.035878
-0.140685
-0.092739
-0.046514
-0.002300
0.076510
0.048055
0.057672
-0.065213
-0.034009
-0.027905
0.004951
-0.110571
-0.029680
-0.009052
-0.096577
-0.026377
-0.071428
0.103959
0.038775
-0.015906
-0.048755
0.058811
0.100019
-0.094216
0.093257
-0.071502
-0.083085
-0.121121
0.021432
-0.089811
-0.106180
0.103889
-0.085465
0.063871
0.034617
0.059977
0.082965
-0.027733
0.043998
0.013008
0.110975
0.127420
0.029796
-0.004226
0.111941
-0.010246
-0.064726
0.150257
0.135619
-0.111925
-0.036253
0.040610
0.111493
-0.004213
0.085042
-0.071994
0.205950
-0.001434
-0.046226
-0.057690
-0.046553
-0.103695
0.018387
-0.109254
0.155432
-0.062039
0.087896
0.147979
0.010138
0.042491
-0.030352
0.012457
-0.082765
-0.060686
-0.234917
-0.046956
0.060197
-0.054134
0.113000
0.084982
0.010205
-0.078688
-0.106721
0.026042
-0.080740
0.072984
0.128180
-0.024106
0.008660
0.307096
0.005286
-0.123854
0.001289
-0.145444
0.076951
0.039228
0.188507
-0.026391
0.099774
0.064328
-0.003640
-0.074317
-0.091202
0.164433
0.075078
-0.086588
-0.250564
0.037178
0.061547
0.055955
-0.084241
-0.243060
-0.134285
-0.077177
0.138579
0.009137
0.013561
-0.049091
-0.018276
-0.021500
-0.310831
-0.098120
-0.238444
0.080897
-0.062946
0.082194
-0.074707
-0.070948
-0.155810
0.061934
0.041217
-0.041027
-0.029321
0.226038
0.088532
-0.061270
-0.108306
0.152512
-0.097667
0.054251
0.056665
-0.058416
0.068701
0.101691
0.194032
0.219498
-0.192014
0.200973
-0.108419
-0.035870
-0.164483
0.111013
-0.106373
0.073181
-0.054720
-0.096739
0.029062
0.074965
-0.080949
-0.046617
-0.019224
0.104497
-0.146990
-0.124568
-0.027396
0.018008
-0.252006
-0.040891
-0.107151
-0.083826
0.098609
-0.103832
0.299657
-0.119148
0.083134
0.366930
0.203708
-0.288488
-0.037111
-0.085637
-0.071398
0.114085
0.145637
-0.186511
-0.047158
-0.100700
0.055311
-0.115625
0.093128
0.070685
0.033113
0.045258
0.140393
0.093904
-0.008224
-0.189281
-0.131461
-0.155469
0.058924
0.008921
0.041582
-0.062189
-0.048039
-0.090223
0.086368
-0.000387
-0.003513
0.360264
0.144804
-0.147038
-0.029170
-0.439001
0.126439
0.016199
-0.044606
-0.050114
-0.161617
-0.104963
-0.138084
0.002227
-0.027166
-0.123747
-0.052664
-0.040156
0.218994
0.034593
-0.065434
0.104077
0.169595
0.000656
-0.003311
0.018496
-0.164449
-0.013016
0.238580
0.063654
-0.010422
0.071355
0.067323
0.043861
-0.111403
0.221537
0.014127
-0.034673
-0.134018
0.271804
-0.256182
-0.221867
0.032170
-0.046729
-0.077570
0.046475
-0.039378
0.068874
0.002306
-0.154188
-0.060025
0.088759
-0.037084
-0.054965
-0.156657
-0.300183
0.053118
0.011763
-0.179518
0.059530
-0.019714
-0.093398
0.100058
-0.078394
0.093494
0.172403
-0.134643
0.394660
-0.306759
0.001757
-0.062887
0.170075
-0.125162
0.027810
0.117876
-0.098848
-0.141127
-0.142547
0.328690
-0.091806
-0.047390
-0.026627
0.118492
0.084612
-0.006120
0.027678
0.005657
-0.009688
-0.059781
-0.023419
-0.042907
0.066267
0.048040
-0.116611
-0.120788
0.038268
0.065795
0.121753
0.063796
0.064703
-0.337882
-0.035244
-0.002780
0.305726
0.210957
0.006429
-0.079207
-0.134095
0.096158
-0.097328
-0.113498
0.095074
-0.087867
-0.129018
0.112496
-0.021678
0.082561
-0.064073
-0.022045
-0.151656
-0.006084
0.045279
-0.116357
-0.109860
-0.079747
0.131829
0.108300
0.035103
0.050488
0.055332
0.050285
0.034489
-0.037562
-0.099874
-0.092449
0.083118
-0.076399
0.080158
0.067880
0.060569
0.052533
0.038999
0.095361
0.029317
0.059398
-0.029831
0.136425
0.086754
0.077441
-0.137301
0.117044
0.024127
-0.139839
-0.087231
-0.085346
-0.058184
0.077316
0.106975
-0.021635
0.037718
-0.022890
-0.018832
0.027441
-0.111905
-0.128479
0.078916
-0.089020
0.044491
0.055552
0.148428
0.155739
-0.007095
0.086547
-0.141164
0.084178
-0.170603
-0.049051
0.081826
0.101047
0.078082
0.010758
-0.038352
-0.091699
0.333282
-0.081721
-0.111020
-0.162272
-0.014748
0.285974
0.028142
-0.107786
0.226306
0.009853
-0.184694
0.089535
-0.113559
0.066561
0.112401
-0.285449
-0.107565
0.151975
0.142076
-0.297036
-0.031813
-0.120995
0.059153
-0.243292
-0.061567
-0.026778
0.032077
0.299292
0.057457
-0.137378
-0.265544
0.225072
0.139459
0.249636
-0.068857
-0.072062
0.087146
0.083518
-0.016130
-0.040780
-0.076521
-0.129478
-0.051217
-0.125087
-0.100977
0.024831
0.008823
-0.046958
-0.308023
-0.075279
0.173048
-0.096632
0.065188
-0.052245
-0.118727
0.089005
-0.117764
-0.030252
0.040269
-0.006122
-0.032990
-0.045309
0.106362
0.033560
0.122133
0.001115
0.090274
-0.106568
-0.227968
-0.008555
0.173695
0.123940
-0.057570
-0.049387
0.162309
0.009858
-0.000857
0.022877
0.139354
-0.096328
-0.090090
-0.071899
-0.026070
-0.102977
0.182492
0.044196
0.072848
-0.025587
0.061585
-0.131946
0.165393
-0.145826
-0.050464
-0.054614
-0.024858
-0.046076
0.176874
0.085049
-0.156346
0.117856
0.001711
-0.076717
0.090730
-0.068905
-0.120240
-0.098198
-0.116267
0.048947
0.136252
0.176834
-0.085308
-0.065484
-0.085115
0.136743
0.077230
-0.053893
0.056000
0.096142
0.090683
-0.103931
0.105052
0.087855
0.106970
0.056490
-0.232052
0.043430
0.166035
-0.114725
0.142037
0.065014
0.083382
0.014708
-0.065861
0.033485
-0.125392
-0.126862
-0.088366
0.018636
0.349068
0.044889
-0.000533
0.155287
-0.114191
-0.040448
0.196660
0.001213
-0.127106
-0.100544
0.098535
0.171551
-0.094744
-0.075133
-0.146328
-0.023287
0.323584
-0.085950
-0.076706
-0.004609
0.062700
0.000950
-0.249246
-0.117285
0.053334
0.011779
0.032385
0.022868
-0.002928
0.053513
-0.061336
-0.112153
-0.085099
-0.097292
0.099441
0.023527
-0.142370
-0.044827
0.099775
0.044301
0.055754
-0.023534
-0.013828
-0.016209
-0.133633
-0.013304
0.051544
0.017123
-0.019748
-0.106100
-0.076944
-0.038431
-0.160390
-0.057497
0.074326
-0.014861
0.055943
-0.065259
-0.044170
-0.071180
0.014258
-0.135384
0.051802
-0.127050
-0.027014
0.088626
-0.137179
-0.069023
0.117035
0.096139
-0.079936
-0.152019
0.030748
-0.012626
0.028180
0.102056
-0.016495
-0.097809
0.014223
-0.125884
0.087972
-0.123624
-0.025637
-0.113635
-0.087611
0.098334
0.039140
0.137734
-0.130738
0.005756
0.056492
0.051738
-0.123602
0.017233
0.092115
-0.101740
-0.047218
0.025747
0.107465
0.122862
0.064902
-0.061061
0.105965
0.045185
0.025014
0.029166
0.104418
-0.074349
-0.038920
-0.036900
-0.110098
-0.123008
0.040071
0.107048
0.070269
0.091818
0.068659
0.083671
0.085474
0.046079
0.129009
0.050462
-0.137967
-0.117262
-0.032128
0.058375
-0.053458
0.089409
0.020239
-0.120451
-0.009424
-0.111297
-0.087468
-0.006829
-0.106564
-0.111083
-0.005961
-0.011674
0.024458
0.096649
-0.020772
-0.035617
-0.121226
0.026749
-0.110190
0.066906
-0.092441
-0.048804
-0.062569
0.118243
-0.049992
0.055172
-0.101890
0.061723
-0.022771
0.101677
-0.042027
-0.036042
-0.095625
0.004753
-0.003768
0.127411
-0.038777
0.001757
-0.042647
-0.005200
0.103874
-0.117696
-0.066884
-0.095169
0.049921
-0.102365
0.108757
0.069738
-0.140432
-0.025978
0.087478
0.136229
-0.082418
0.040158
-0.045255
-0.041905
0.105508
-0.097077
-0.062566
-0.007288
-0.090164
0.020891
0.075420
-0.124661
-0.115622
0.117327
0.036244
0.097444
0.127136
-0.055084
-0.071955
0.111626
0.063685
0.118007
-0.044438
-0.042551
0.019092
0.101912
-0.039355
0.089123
-0.099066
-0.067629
-0.129613
0.029367
-0.120486
-0.101313
-0.070730
-0.023592
0.085847
0.093745
-0.002571
0.060833
0.135753
-0.083133
-0.098385
-0.003348
0.092898
0.110698
0.123121
-0.020012
0.104436
0.086433
0.098639
-0.087250
-0.029184
0.015755
-0.295850
0.040138
0.081457
-0.216443
-0.069726
-0.050473
-0.158363
-0.034311
0.048373
0.003689
0.074506
-0.027077
0.189384
0.122087
-0.173794
-0.123490
0.023406
-0.148161
-0.156187
-0.171976
0.075233
-0.035544
0.123509
-0.087131
0.137480
-0.020877
0.143601
-0.053313
0.002085
0.054481
0.050068
0.009720
-0.027308
0.007055
0.028398
-0.095278
0.047213
-0.048865
0.060633
0.042592
-0.037865
-0.175850
0.030253
-0.065317
0.123571
0.080447
-0.186706
0.132610
-0.037032
-0.144332
0.000949
-0.234989
-0.060243
0.241434
0.041122
0.006332
-0.103322
0.082052
0.027135
-0.138379
-0.143879
-0.118964
0.031442
-0.065623
0.179782
0.016720
-0.094347
-0.055320
0.002377
-0.087125
-0.154128
0.023094
-0.032787
0.096774
-0.196799
-0.095030
0.419294
-0.021174
0.063312
0.128081
0.011223
0.046102
0.086320
0.128529
0.005530
0.115413
-0.090193
0.024441
0.091003
0.092898
0.128574
-0.048925
0.251725
0.059902
0.027940
-0.141014
0.059061
0.254339
0.154447
-0.004118
-0.127553
0.239279
-0.019823
-0.047895
-0.067497
0.236521
-0.122041
-0.000110
0.030738
-0.151086
-0.069638
-0.119965
-0.141989
-0.098016
-0.054728
0.091340
0.075913
0.139559
-0.112933
-0.061726
0.080689
0.003564
-0.058934
-0.068301
-0.122378
0.040092
0.112274
-0.025587
0.376944
0.152678
-0.025524
-0.031085
-0.049236
-0.033629
0.063783
-0.088769
-0.025102
0.098558
-0.446434
-0.097803
-0.106709
-0.018220
0.067915
-0.003675
0.121296
0.000576
0.084175
0.162914
0.008121
-0.174184
0.208922
-0.135810
0.241694
-0.025920
-0.221039
0.082967
0.224506
-0.004047
-0.027045
-0.185242
0.074277
0.134103
0.063549
-0.026141
0.003794
-0.078445
-0.002186
-0.049361
0.155280
-0.202130
-0.177340
-0.129510
-0.098558
-0.204990
-0.104120
-0.044339
-0.020509
0.040827
-0.083064
0.187388
-0.046364
-0.088489
-0.059947
0.031171
0.117872
0.126832
-0.001770
0.037652
-0.133383
-0.000225
0.008243
0.145506
-0.205027
0.121428
-0.086451
0.046620
0.018191
0.081260
0.053595
-0.037958
-0.168341
-0.105382
0.094698
-0.003131
0.025249
-0.134259
-0.063720
-0.032439
-0.157442
-0.045477
0.024015
0.106726
0.121038
-0.166315
0.056784
0.156873
0.005134
-0.026861
-0.038158
0.106857
-0.332875
-0.120799
0.149036
-0.217418
0.302947
0.015859
0.036936
-0.057628
0.063763
-0.183541
-0.037586
-0.172132
0.120797
-0.131821
0.091160
-0.033477
0.147028
0.006193
0.167686
0.027595
-0.017196
-0.188079
-0.119473
0.097782
-0.160757
0.016764
0.002724
-0.042222
-0.208210
-0.357480
0.076148
-0.012534
-0.098203
-0.192456
-0.065018
0.007271
-0.044240
0.110167
-0.128433
0.197850
0.009771
0.058112
-0.014764
0.026683
-0.031944
-0.084242
-0.056497
0.028217
0.241560
0.054194
-0.137026
0.010256
0.049907
-0.132696
0.131182
-0.059444
0.212507
0.035852
0.185968
-0.141811
0.040557
-0.067199
0.026483
0.059983
0.200516
0.149283
0.134510
-0.053718
0.100443
-0.007517
-0.035248
0.000909
-0.072307
-0.135313
0.062609
-0.210390
0.006651
0.328109
0.017090
-0.148792
-0.219411
0.157328
0.164794
-0.115861
-0.182627
0.037115
-0.183137
-0.076228
0.172452
0.055056
-0.087190
0.016757
-0.094412
0.011589
0.256516
0.146246
0.074786
0.104444
0.137461
0.029553
-0.135776
-0.086259
0.082983
-0.157883
-0.072036
0.118019
-0.021326
-0.073263
0.022909
0.152312
-0.011767
-0.064847
-0.207072
-0.040112
0.104182
0.058428
-0.165964
-0.228161
-0.088828
0.252285
0.026737
-0.157626
-0.023040
0.046721
0.207396
0.045957
0.013911
0.086628
-0.071787
-0.106472
-0.015143
0.117002
0.118707
-0.034101
0.027266
-0.086848
-0.045230
0.042803
0.004408
-0.130577
0.067137
-0.185107
0.006954
-0.131272
0.063377
-0.033749
0.016016
0.016529
0.111440
-0.042317
0.045079
-0.042587
0.131520
-0.031904
0.065524
-0.011328
-0.218500
0.231015
0.004612
-0.291347
-0.009896
0.091823
-0.092265
-0.154812
-0.084344
-0.034303
-0.028592
-0.102696
-0.072198
-0.082474
0.067595
0.098482
0.109017
0.104556
0.116060
0.001793
0.129132
0.076610
-0.058984
-0.064171
-0.131426
0.027093
0.006595
-0.024858
0.092590
-0.047873
-0.043350
0.011512
0.031461
0.088593
0.151336
0.033450
-0.048826
-0.025620
-0.069925
0.061925
-0.043742
0.001309
-0.077919
-0.092462
0.002535
-0.093666
0.061205
-0.109813
-0.024004
0.059880
-0.042673
-0.054837
-0.086222
-0.138281
-0.073383
0.057887
0.041295
0.079728
0.011269
0.116210
0.045564
0.092365
0.101820
-0.021725
0.037667
-0.061773
-0.119310
-0.083435
-0.007222
-0.030379
-0.046246
-0.014725
0.018729
-0.068593
-0.148138
-0.280546
0.006995
-0.124127
-0.152901
-0.041535
0.031706
-0.003018
0.075374
0.210106
0.022747
-0.042976
-0.155927
0.111094
-0.030480
-0.170260
0.008102
-0.011842
-0.144495
-0.011883
0.165454
0.013267
0.202599
0.026715
-0.078752
0.063031
-0.119517
-0.148565
0.015982
-0.052205
0.174259
0.047783
0.177975
-0.188353
0.084071
0.088528
-0.059286
-0.026341
0.078164
0.050208
-0.101462
0.029031
0.202134
-0.121948
-0.005796
0.096116
0.137438
0.024930
-0.119691
-0.155897
-0.291022
0.183307
-0.139528
-0.104673
0.308109
-0.105655
-0.121313
0.068256
-0.056343
-0.084438
0.082299
0.011588
0.121219
-0.055280
-0.099497
-0.048779
0.005503
-0.044808
0.146017
-0.025822
0.036118
0.000223
0.030554
0.052077
-0.052072
-0.005828
-0.009656
-0.034664
-0.117153
0.136869
0.133508
-0.089034
0.149638
0.007881
-0.101194
-0.002682
-0.144305
-0.152545
0.134586
0.109502
-0.008759
-0.005383
0.014398
0.007470
-0.059569
-0.100538
-0.006071
-0.112768
-0.109290
-0.045487
0.053811
0.009751
0.027202
0.100795
-0.084079
-0.018670
-0.041965
0.027558
0.070696
0.050974
0.037037
0.060350
-0.114548
-0.113012
0.042802
0.052457
0.116151
0.111653
0.053841
-0.074641
0.055823
0.100354
0.075269
0.039544
0.015917
-0.012170
-0.111469
0.032722
-0.127909
0.208407
-0.009988
-0.072186
-0.037054
-0.144125
0.007227
0.025270
-0.092313
0.004380
-0.063004
-0.199843
-0.189782
-0.292601
-0.117227
-0.270847
-0.023456
0.127775
-0.076654
0.056695
-0.001393
0.081222
-0.076047
-0.276113
0.153321
0.078937
0.201563
-0.081950
0.055566
0.156347
-0.028101
-0.001127
-0.044542
0.005784
-0.074604
0.147779
0.033338
-0.082555
-0.192000
0.212373
0.014191
-0.112760
-0.015365
-0.006715
0.195057
-0.018044
0.120759
0.018026
-0.044760
-0.159278
0.027793
0.112245
-0.004745
-0.029873
0.239649
0.102947
0.258110
-0.160011
0.034943
-0.063655
0.027543
0.215052
0.105526
-0.180525
-0.158329
-0.078997
0.013457
0.019908
-0.027387
0.037906
0.003317
-0.011414
0.208968
-0.022094
-0.257210
0.102366
-0.187002
-0.069517
0.036358
-0.066138
0.111940
-0.034295
0.199842
0.002078
0.170870
0.031353
0.065609
0.096162
0.121845
-0.009336
0.042620
-0.123853
0.072735
-0.020602
0.031574
-0.022590
0.032804
-0.057391
-0.090676
0.201796
0.010677
0.040869
-0.173551
-0.104738
0.084160
-0.118742
0.147130
-0.073918
0.032725
0.086686
0.164149
-0.162949
0.065717
-0.039379
-0.193521
-0.010085
-0.031709
0.095039
0.076677
0.066592
-0.022086
-0.045247
-0.171621
0.166843
0.152388
-0.006320
-0.104926
-0.018819
-0.053204
0.024674
0.098187
-0.029718
-0.068692
0.050909
-0.085542
-0.092478
0.208553
0.245104
-0.012896
-0.075270
-0.026031
0.046884
-0.007338
-0.039428
-0.209524
-0.257150
0.015241
-0.024077
0.270566
0.230485
0.129651
-0.160854
0.093832
0.050117
-0.093883
0.258094
0.079233
0.372199
-0.072184
-0.260970
0.112664
0.230131
0.034217
0.132190
0.069526
-0.170851
0.298891
0.120958
-0.125036
-0.116617
0.066783
0.253513
0.091157
-0.089407
-0.207102
0.065496
0.102871
-0.009347
0.138358
0.050891
-0.119737
-0.031978
-0.045786
-0.317515
-0.135167
-0.173905
-0.064311
-0.098682
0.071511
0.306466
0.009887
0.013165
-0.055742
-0.121523
0.061325
-0.085221
-0.193451
-0.011623
0.081454
-0.225721
-0.123043
0.346972
-0.150530
0.061838
-0.147333
-0.121703
0.037875
0.123523
-0.003263
-0.249559
0.226564
-0.032642
-0.030081
-0.007088
0.148837
0.013806
-0.075240
0.188820
-0.064996
0.176071
0.237968
0.069062
-0.044743
0.037851
0.059394
-0.117302
-0.016768
0.023334
0.052797
0.072777
-0.107729
0.068093
-0.088908
-0.013586
0.287633
-0.128406
-0.059087
-0.157249
0.042879
0.023543
0.093810
0.076544
-0.287768
0.209657
-0.091060
-0.090869
0.255238
0.137099
0.175913
0.051693
-0.025400
-0.054992
-0.106868
-0.240588
0.126131
-0.182384
-0.000535
-0.102131
-0.008809
-0.094113
-0.140669
0.075211
-0.125197
0.017474
-0.060715
-0.177573
0.039930
-0.028764
-0.004113
-0.013018
-0.059429
-0.005161
0.224589
0.071890
0.244015
-0.123576
-0.244686
-0.255402
-0.019082
-0.012271
0.368764
0.084927
0.220295
0.142898
0.212898
-0.149902
-0.106018
-0.164620
0.182792
0.051938
-0.027738
-0.061895
-0.135734
0.085581
-0.162414
-0.132186
-0.030514
0.086510
0.175000
-0.096057
0.166488
-0.059747
0.041037
-0.129585
0.088148
-0.084542
-0.010343
0.389202
0.038970
-0.026700
0.060662
0.344113
-0.145241
-0.050535
0.002133
-0.128713
0.028640
-0.140191
0.097560
-0.047505
0.043861
-0.132530
0.077059
-0.088194
-0.048017
0.053776
0.078887
0.077619
0.183920
-0.058344
0.092654
-0.007172
0.096425
-0.111689
0.020354
-0.040801
-0.141546
-0.016600
-0.050754
-0.129413
0.077748
-0.015569
-0.049297
-0.017375
-0.081094
0.031186
-0.027587
-0.082583
0.017217
-0.005808
0.007785
-0.019239
0.083958
-0.118455
-0.035988
0.028814
0.055752
-0.137577
-0.080817
-0.091978
0.000886
-0.026686
0.063445
0.058236
0.043740
-0.048837
0.104179
-0.062839
0.030417
0.102484
0.096262
0.038909
0.010864
-0.012097
0.023609
-0.162716
-0.176119
0.086973
0.037816
0.079959
0.060297
-0.064590
-0.158286
0.144332
0.052701
-0.053506
-0.034134
0.032309
0.148309
0.077734
-0.083530
-0.169180
-0.007473
0.111533
-0.073375
0.030388
0.193119
-0.172134
-0.155922
-0.097582
-0.041656
-0.038430
0.076252
0.096697
0.165474
-0.018242
-0.475957
-0.075452
0.007460
0.282447
0.163100
0.292430
0.311093
0.253306
0.161975
-0.280550
-0.037161
0.080301
0.033960
-0.085642
-0.064171
0.106913
-0.141355
-0.166388
0.117105
-0.098257
0.390215
0.200111
0.193414
-0.096318
-0.124460
-0.024562
-0.057226
-0.132272
-0.168762
0.329033
-0.019167
-0.002264
-0.008586
0.131688
0.052929
0.035865
-0.045091
-0.125500
-0.011311
0.346278
-0.071256
0.105669
0.057441
-0.016378
-0.128737
0.045102
-0.067535
0.037318
0.030992
0.024616
0.042407
0.004819
-0.164665
0.064415
-0.071907
-0.032030
-0.018865
0.170602
-0.097855
0.034227
0.095397
0.043562
-0.036892
0.031826
0.036047
-0.013490
0.033547
0.032768
-0.145607
0.080358
0.143904
0.066939
-0.073098
0.171514
0.146797
-0.007284
0.052337
-0.041225
0.023623
0.085558
0.003493
-0.013540
-0.134233
0.092597
-0.086975
-0.145015
-0.109428
-0.045088
-0.053148
-0.136937
-0.000820
0.066380
0.052172
-0.059231
-0.009465
-0.082282
0.105109
0.127777
0.161700
-0.104478
0.075429
0.079279
-0.012176
0.024074
0.317749
-0.005742
-0.145847
-0.130378
-0.168684
0.076313
-0.050975
-0.096003
-0.111960
-0.146007
-0.494654
0.070713
0.003430
-0.085158
0.128079
0.029861
0.107518
0.124089
-0.069522
0.257077
-0.396356
-0.035429
-0.064395
-0.225000
0.064667
0.072417
-0.355782
-0.124717
0.139887
0.287858
0.032366
0.100314
-0.126080
0.055199
-0.047494
-0.124695
0.025736
-0.001089
0.080777
-0.116469
-0.027233
0.225224
-0.137670
0.045710
0.126386
-0.027278
0.161985
-0.085212
-0.072173
0.077257
0.050287
0.048353
0.058193
0.125364
-0.010216
-0.029230
0.114142
0.312684
0.117720
0.067841
0.020925
-0.104206
0.008379
0.029750
0.078492
0.088502
0.045228
0.125885
-0.121392
-0.031282
0.185256
-0.085560
-0.043163
0.065405
0.199893
0.241559
-0.098396
-0.076728
-0.039171
-0.055541
-0.047468
0.110796
-0.197317
-0.219503
0.129789
0.040386
-0.088195
0.012561
0.125395
-0.122448
0.121315
0.155499
-0.508318
0.086356
-0.231109
0.054690
-0.145336
0.143562
-0.011883
-0.080494
-0.076692
-0.176918
-0.185342
-0.088489
0.275901
0.003790
0.079872
-0.122713
0.258135
-0.070624
-0.097319
-0.097049
0.098605
-0.081143
0.100651
0.118555
0.191641
0.010977
-0.014313
-0.075078
0.086101
-0.215949
-0.031938
-0.287220
-0.108051
0.154740
-0.038112
0.123533
-0.133608
0.089665
0.027377
0.037093
-0.086924
0.073382
0.044910
0.073988
0.115590
-0.107261
0.104291
0.061410
0.029160
-0.041601
-0.089416
0.044835
-0.000789
-0.054140
-0.038202
0.066617
0.100009
0.048950
0.019249
-0.019817
0.016695
0.015789
-0.143159
-0.081334
-0.119341
0.038302
-0.104173
-0.119648
-0.062829
-0.002472
-0.085535
-0.100401
-0.046453
0.002539
-0.034012
-0.110503
-0.111507
0.103095
0.045532
0.011805
-0.006063
-0.085600
-0.022952
0.065673
-0.011748
-0.004506
-0.109992
0.145962
0.145871
-0.008325
-0.128318
-0.001202
0.119730
-0.035939
-0.075729
-0.038398
-0.012630
0.029186
-0.066931
-0.134602
0.009460
-0.234127
-0.008372
-0.183093
0.097745
0.064412
-0.089171
-0.112078
-0.034453
-0.230878
0.335625
0.029183
-0.041022
-0.044331
-0.106453
-0.144415
-0.079272
-0.143227
0.379276
0.043479
0.304396
-0.061055
-0.270517
-0.120444
-0.190558
-0.045479
0.442596
-0.026548
0.250016
-0.012837
0.117977
-0.258705
0.110224
-0.052622
0.014461
-0.145306
-0.020116
0.381221
-0.169155
-0.140818
-0.066255
-0.145557
0.013003
0.088557
-0.052856
-0.310605
0.011378
-0.227602
-0.137815
-0.013604
0.067934
0.253354
-0.168611
-0.084420
-0.052923
-0.095043
0.185854
-0.175488
-0.215628
-0.191991
-0.153367
0.107347
0.166543
-0.021750
0.112197
0.133060
-0.016560
-0.051889
-0.149758
-0.105754
-0.029533
-0.109176
-0.110933
0.061845
-0.277684
-0.036556
0.209265
-0.057828
0.038991
-0.260520
0.016665
-0.060552
0.128990
-0.059313
-0.126882
0.023869
0.069148
0.017736
-0.034683
0.014418
-0.060976
-0.157366
-0.130037
0.024576
-0.192767
0.103214
0.279112
-0.079008
0.165281
-0.022846
-0.143616
-0.113161
0.013662
0.013636
-0.047348
0.100880
0.088476
0.061293
0.176507
0.239377
-0.268777
-0.012914
-0.076181
0.021240
-0.036636
0.299630
0.195659
-0.087871
0.019142
0.066024
0.170088
-0.117687
-0.010192
-0.145902
-0.030469
-0.110967
0.154199
0.218462
0.012341
-0.223256
-0.017244
0.018849
-0.026625
0.160994
0.184310
-0.090764
0.020259
0.073107
0.102481
0.082583
0.089682
0.161822
0.137223
-0.023568
-0.168492
-0.054369
0.175387
-0.075547
-0.086327
-0.102447
0.083080
0.085816
-0.073415
-0.050416
-0.041322
-0.180588
0.113276
-0.052203
0.223357
0.012921
-0.130552
-0.008487
0.074479
-0.106152
-0.121448
-0.142180
-0.096502
-0.027000
-0.083054
0.179859
-0.073052
0.057098
-0.037909
0.047171
0.068078
-0.259535
-0.305641
-0.013923
-0.010907
-0.011857
0.058523
-0.104952
-0.059566
0.039147
0.100240
0.026757
0.178205
-0.234779
-0.127116
-0.031674
0.063393
0.012487
-0.071681
0.330281
0.077069
-0.235624
0.053053
-0.162424
0.125056
-0.122971
0.056163
-0.057397
0.079311
0.104320
0.184901
-0.048769
0.037692
-0.153288
0.042709
-0.065633
0.029998
-0.262293
0.219988
-0.119690
0.052514
-0.335311
-0.006001
0.089192
-0.265453
0.088290
0.243751
-0.222860
-0.157987
0.105528
-0.025435
0.018127
-0.076776
0.036997
-0.010017
0.015277
0.023180
-0.152099
0.207755
0.042569
-0.023366
-0.123965
0.168332
0.046673
-0.091609
-0.007161
-0.033218
0.145884
0.023114
-0.069929
0.084484
-0.013142
0.059971
-0.067946
-0.060879
-0.074102
-0.136784
0.158865
-0.099550
-0.326960
0.107448
0.287846
-0.191416
-0.006310
-0.030157
0.012521
-0.029714
0.088785
-0.172503
0.010760
-0.062724
0.078614
0.123772
-0.065981
0.106473
0.107050
0.026541
0.277603
-0.127538
-0.131699
0.041412
-0.040095
0.072386
-0.090496
-0.177039
0.114891
0.008495
0.189876
0.149879
-0.215361
0.190968
0.174142
0.046977
-0.095327
-0.336169
-0.290811
0.128732
-0.181880
-0.015639
0.051940
-0.012046
-0.053970
0.210795
0.035556
-0.145824
-0.092975
-0.083045
-0.043378
-0.012790
0.146249
0.164204
-0.077670
-0.032940
0.011774
0.030079
-0.010678
-0.097485
0.060818
-0.056928
0.110490
-0.284232
0.069508
-0.029374
0.290993
0.283101
0.046904
-0.058420
0.076687
-0.089086
0.074414
-0.124803
-0.006171
-0.103088
0.110595
-0.092098
-0.019898
-0.076185
0.121616
-0.090204
-0.114988
-0.004802
-0.119776
-0.019695
-0.076056
-0.087421
0.045928
-0.080355
0.090331
0.081826
-0.109548
-0.057655
0.108478
-0.026052
0.105684
-0.062242
0.139010
-0.049644
-0.065823
-0.035179
-0.033228
0.099113
0.087756
-0.135832
-0.086905
0.092576
-0.030482
0.056061
-0.111478
0.081553
-0.132265
0.111549
0.072793
0.140319
0.127465
-0.079133
0.092966
-0.075647
0.039385
0.093095
0.018799
-0.043179
0.124548
-0.022657
0.134581
0.118549
0.139817
-0.071004
0.092099
-0.002646
-0.101702
-0.018220
0.061662
0.077129
-0.128328
-0.005074
-0.093761
-0.053207
-0.033454
0.014167
-0.020950
0.091087
-0.038884
-0.104272
-0.141855
-0.057950
-0.067292
0.078110
0.002798
0.059554
-0.040217
0.102185
0.072460
-0.026559
0.089023
-0.045489
0.095357
-0.036132
0.136181
-0.041453
0.084953
-0.134333
-0.107712
-0.063282
-0.114520
-0.068363
0.064346
0.062503
-0.114179
-0.031672
-0.079622
0.093644
0.088359
-0.031157
0.057289
-0.064576
0.105637
-0.021328
-0.096475
-0.013166
-0.023217
0.079609
-0.070784
0.098842
-0.108826
0.023801
-0.060538
-0.009320
-0.119654
0.106529
-0.030467
-0.072766
-0.118463
0.088038
-0.007031
0.159478
-0.357515
-0.138709
-0.118061
0.011529
0.010852
0.139672
-0.097949
0.063617
0.148309
0.105500
-0.023299
-0.135698
0.075045
0.388728
-0.122207
0.090393
0.079739
0.195675
0.043924
-0.221085
0.000613
0.038547
-0.142549
-0.239767
0.040450
0.008956
-0.193190
-0.053165
0.070766
0.073573
-0.095863
0.047929
-0.180554
-0.099017
-0.152258
-0.055119
0.053479
0.048383
-0.093783
-0.218401
0.217155
0.025406
-0.116886
-0.172922
0.246187
0.147365
0.018672
-0.042246
-0.177940
-0.086699
0.044381
-0.020647
0.190018
-0.034342
0.120001
0.036676
0.268950
-0.194552
0.040628
0.040792
0.031730
0.250010
-0.177641
-0.010476
0.052879
-0.172099
-0.025657
0.043122
-0.047540
-0.188339
-0.061192
-0.122079
-0.249664
0.143004
0.201555
0.147966
0.036763
0.132336
-0.315299
-0.123350
0.104915
0.156681
0.028348
0.215485
-0.004048
0.284150
0.222826
-0.076043
-0.290137
-0.003583
0.239848
0.095815
0.195586
-0.180392
-0.117236
0.142092
0.155041
0.267453
-0.048742
0.049643
-0.146498
0.048309
0.072939
0.037523
0.225409
-0.026672
0.038941
-0.173416
0.166057
-0.072882
-0.110325
0.156558
0.128765
-0.052733
0.016408
0.073714
-0.019699
-0.061803
-0.057457
0.362627
-0.169910
0.043871
-0.291865
0.090613
0.150456
0.007268
-0.141042
0.121410
-0.061567
-0.067010
-0.227190
-0.075009
-0.066650
0.137908
-0.103262
-0.104217
-0.092177
0.069174
-0.131175
-0.072750
0.087515
0.094613
0.212837
-0.153997
-0.174615
0.014688
0.067880
-0.203503
0.054849
-0.083528
-0.113814
0.132797
0.035377
0.061222
0.114122
0.058847
0.284428
0.148427
-0.030557
-0.020399
-0.152696
0.074015
0.097020
0.098836
0.174245
0.078621
0.086311
-0.014229
0.090014
-0.004139
-0.085993
-0.156065
0.141074
0.113517
0.054533
0.207307
-0.043175
-0.104755
0.143650
0.042860
0.088481
-0.105053
0.093816
-0.045649
0.226800
-0.081007
0.061226
0.028683
0.121593
0.176314
-0.081707
-0.094566
0.124245
0.061690
0.105956
-0.124208
0.100203
0.077898
0.074751
0.087402
-0.032870
-0.113927
0.087788
-0.128712
0.016111
0.044940
-0.075796
-0.070057
-0.094452
-0.055889
0.093583
-0.065298
-0.131418
-0.069203
0.035522
-0.016378
0.077350
-0.011989
-0.064918
0.157312
-0.049141
0.069762
0.108208
0.086827
0.078886
0.124271
-0.080279
-0.078298
0.146050
0.043055
-0.123614
0.055751
0.025835
0.029630
0.000646
0.041656
-0.048328
0.050439
-0.111358
-0.056134
0.069364
-0.077655
-0.129073
-0.145762
0.126543
-0.040819
-0.031428
0.009958
0.079725
0.095262
-0.082847
0.101904
0.086739
-0.094251
0.084736
-0.078326
0.010162
-0.156665
-0.178043
-0.064636
0.081457
0.011181
0.103378
0.058771
-0.168354
0.082956
0.002720
0.169891
0.001329
-0.097891
0.276270
-0.012218
-0.174378
-0.179973
0.080170
0.059604
0.005934
-0.080809
-0.031804
0.136338
0.029646
-0.116827
0.148570
0.132051
-0.071185
0.121140
0.124612
0.066946
-0.037592
0.067169
-0.049859
-0.146152
0.144182
0.079954
0.050902
0.071876
0.094659
-0.115455
-0.013335
0.013141
-0.017436
0.074181
-0.010520
0.022907
-0.180177
-0.078993
-0.062908
-0.035426
0.034551
-0.050236
0.037096
-0.181959
0.106989
-0.042278
0.040573
-0.105216
0.137658
0.090115
-0.044418
0.113072
0.062034
-0.135803
-0.026535
-0.096330
0.088250
-0.040892
0.079680
-0.113901
-0.217739
-0.009031
-0.123069
-0.010080
-0.022282
-0.101404
-0.101033
-0.042998
-0.113164
0.088180
0.063494
0.135113
-0.056151
-0.065642
-0.037441
-0.026482
0.002335
-0.092419
-0.024572
-0.102291
0.211119
-0.057453
-0.097833
-0.048621
0.020286
0.009867
0.065517
-0.018816
-0.004199
0.105963
0.043046
0.187577
0.081498
-0.123747
-0.014552
0.061351
0.121670
-0.003664
0.150237
-0.104338
-0.140456
-0.092427
-0.121852
0.078323
0.038021
-0.134373
0.128462
-0.077252
-0.009767
-0.019058
0.074264
-0.003238
0.060582
-0.095239
-0.013991
-0.040914
-0.078462
-0.001823
-0.124594
-0.044762
-0.115917
-0.002371
-0.110538
0.086537
0.102077
0.097754
0.056409
-0.008365
-0.046680
-0.009726
0.052001
-0.067317
-0.002278
0.063727
-0.084877
0.022986
-0.040685
0.053858
0.005280
0.072555
-0.003237
-0.080853
-0.071976
-0.099907
0.066798
-0.072146
-0.020275
0.122529
0.007312
0.097877
-0.043479
0.073405
0.127927
0.030346
0.087450
0.051539
0.114231
0.111232
-0.113982
0.029209
0.064758
0.055343
-0.081173
-0.103582
-0.099981
-0.133016
0.071553
-0.025539
-0.032522
-0.134135
0.029471
0.009690
-0.004073
-0.120040
-0.071293
0.096976
0.068918
0.135041
-0.053689
-0.085832
-0.219704
0.103497
-0.149191
0.078887
-0.095272
-0.090154
-0.081438
-0.059212
0.081104
0.128046
0.075477
-0.174938
-0.096363
-0.040830
0.140597
0.020748
0.016657
0.065692
0.212049
-0.000373
-0.003082
-0.153986
0.038627
0.135353
0.279753
0.202176
0.020159
-0.046111
-0.233685
-0.078956
0.066010
0.048037
-0.295585
-0.061847
-0.025272
-0.150044
0.001587
-0.067361
0.069150
0.013225
0.054926
0.061367
-0.133892
0.096632
0.016683
0.161473
0.144553
-0.004815
-0.050703
-0.065118
-0.024800
-0.076089
0.122482
-0.085854
-0.154763
0.036109
0.162263
-0.222935
0.120676
-0.129874
0.096387
0.053216
0.090533
0.048323
0.072007
-0.073798
0.040745
-0.031324
-0.148887
0.042844
-0.143089
-0.122362
0.279738
-0.378637
0.374982
-0.187717
0.164919
0.269804
-0.245326
-0.124902
-0.112993
0.299703
-0.076134
0.010704
0.037407
-0.026318
0.085958
-0.113219
0.203263
0.000850
-0.140114
-0.106168
0.119402
-0.058464
0.012898
0.122847
0.067224
0.017444
0.127818
0.068807
0.014343
0.032120
-0.111005
0.289142
0.283705
0.047632
-0.090933
0.058602
-0.005828
0.204170
0.023106
0.025291
0.117392
0.120642
0.041487
-0.073615
0.202047
-0.091943
0.024064
0.350575
-0.077546
-0.124889
-0.210249
-0.175170
-0.228799
-0.189605
0.126511
0.118676
0.505513
0.047838
-0.208488
-0.041632
-0.032727
0.084413
-0.070798
-0.094620
-0.163437
0.008642
-0.356117
0.115613
0.087518
0.117992
0.207961
0.022002
0.004997
-0.008701
0.013198
0.001090
0.011727
0.005855
0.022696
0.060015
-0.063539
0.020684
-0.211453
0.403600
-0.087427
0.114837
0.386997
-0.108844
-0.157580
-0.059093
0.062278
0.025345
0.099104
0.034393
0.090541
0.135159
-0.085594
0.091436
-0.002940
0.151212
-0.101958
-0.075994
0.115480
0.191760
0.047645
-0.046271
-0.043994
-0.059500
-0.185344
0.008191
0.053752
-0.150914
-0.193136
-0.140704
0.091777
0.012399
0.047647
-0.134185
0.276840
-0.085509
-0.004824
-0.138420
-0.121694
0.081355
-0.127396
-0.093480
-0.022763
0.031803
0.060076
0.279165
-0.180824
-0.200108
-0.003984
-0.121054
-0.081024
-0.112094
-0.116536
-0.237024
0.292980
-0.004532
-0.148187
0.047797
-0.087970
-0.288677
-0.009169
-0.052981
0.027338
0.272984
-0.068842
0.202666
0.127927
-0.302611
-0.129575
-0.074753
0.168496
-0.046694
-0.140892
0.076922
0.135697
0.048821
0.045990
0.033626
-0.085724
-0.353772
0.082404
0.160988
0.431066
0.125145
-0.097790
-0.100946
-0.335869
-0.268157
0.135206
-0.056793
0.096121
-0.038546
0.131932
0.142069
0.206999
0.056164
0.102478
-0.155385
-0.008857
-0.026029
-0.078237
-0.083331
-0.074569
-0.094946
-0.102591
0.104221
-0.153497
-0.079039
0.051186
-0.143056
-0.018519
-0.042254
-0.060238
0.167462
-0.123077
0.085569
-0.222861
-0.214712
0.187344
-0.257035
-0.150404
0.212771
-0.087568
0.511239
-0.191776
0.145610
-0.194181
0.330033
-0.390689
-0.178261
-0.377439
0.252463
0.275964
-0.023736
0.056234
0.091480
-0.142620
-0.004423
-0.009819
0.098691
0.040697
0.023441
-0.090561
-0.250464
-0.174477
0.022258
-0.042233
0.254630
0.085125
0.081429
0.198052
-0.010076
-0.196516
-0.149287
-0.060958
0.098149
0.247766
-0.041186
0.245502
0.062799
-0.108786
-0.086155
-0.145227
-0.142254
0.142303
0.015245
-0.155499
-0.088191
-0.006918
-0.001783
0.018463
0.030343
-0.031799
0.035800
0.064788
0.106999
0.153238
-0.140725
-0.026952
-0.009991
-0.236997
-0.191757
-0.119232
-0.105967
-0.020846
-0.013394
-0.130311
0.095556
-0.154509
0.019909
0.123476
-0.294853
0.252973
0.118285
0.135464
-0.161661
-0.220107
-0.029004
-0.024471
0.049392
0.211111
-0.141979
-0.049630
-0.000361
-0.279411
-0.120329
0.019299
0.043688
0.044243
-0.175721
0.244909
-0.034381
0.121080
0.014791
0.026128
-0.182991
0.289289
-0.092450
-0.115868
-0.031344
-0.199446
0.145493
-0.026127
-0.076376
-0.117598
0.097705
0.099503
0.077498
0.122818
0.062736
0.167708
-0.084754
-0.155681
0.223817
-0.079228
-0.076451
-0.150218
0.080023
-0.044164
-0.239418
-0.007020
0.119012
0.133954
-0.126714
0.000935
0.130854
0.050631
0.009508
0.002415
-0.057414
0.000290
-0.137949
0.183187
-0.001101
0.047024
0.334841
-0.129811
0.007630
-0.059021
-0.078732
0.311415
-0.218004
-0.192314
-0.094554
0.060564
0.029585
0.061660
0.080550
0.194491
0.035434
-0.036315
-0.102249
-0.056742
0.064728
0.011267
-0.063712
0.003698
0.111167
0.127277
-0.214643
0.036920
0.013339
0.056700
0.237539
0.111287
0.005744
-0.172266
-0.022292
0.078926
-0.024965
-0.097843
-0.088934
-0.185278
-0.129440
0.100490
-0.032500
-0.114428
0.066893
0.074623
0.073948
0.137768
-0.177892
0.083690
0.123352
-0.146534
-0.262437
-0.055984
-0.048094
-0.131141
-0.043663
-0.139827
-0.008982
0.075763
-0.097572
-0.055825
0.135203
0.201673
-0.205778
-0.079451
-0.339267
-0.100287
-0.099312
0.029355
-0.137457
0.100415
-0.037935
-0.076757
0.070010
0.032215
-0.077701
-0.127333
-0.014099
-0.080720
0.034090
-0.002661
0.212353
0.089707
-0.090640
-0.229314
-0.156508
-0.033806
-0.126404
0.201390
0.289697
0.034626
0.020732
-0.010783
-0.073596
0.242793
0.235973
-0.222775
-0.067822
0.192643
0.200739
-0.165420
-0.065845
0.171880
-0.004967
0.099975
0.120320
-0.160793
0.044997
0.110189
-0.021928
-0.051234
-0.066140
-0.033619
0.046036
0.040158
-0.014182
-0.152453
0.050908
0.116755
-0.102965
0.161592
-0.048273
-0.029094
0.223545
0.082617
0.087096
-0.168694
0.157336
0.101501
-0.116413
0.046319
0.058534
0.133208
-0.023174
-0.167046
-0.026647
-0.041103
0.005937
-0.028939
0.047365
-0.046500
0.084842
-0.059712
-0.134383
-0.071751
0.109111
0.284621
-0.051264
0.204069
-0.094795
-0.025242
0.010268
-0.096632
0.208791
-0.026716
-0.076735
-0.154609
0.078608
-0.152864
-0.114856
-0.043808
-0.057383
-0.021000
-0.117980
0.206724
-0.003819
0.024056
0.041045
-0.111045
-0.073941
0.065258
0.193888
0.085929
-0.161380
-0.254866
0.297091
-0.084221
-0.042365
0.030687
0.046896
0.228937
0.068561
-0.078794
-0.171355
-0.113809
0.293424
0.083058
0.203811
0.287221
0.018861
0.071635
0.010460
0.128765
0.332047
-0.130841
0.040859
0.124708
0.097760
0.104687
-0.131197
-0.062514
0.018494
-0.299041
0.025897
-0.147533
-0.041821
-0.199527
0.024933
0.054116
-0.009955
-0.079858
-0.077949
-0.202023
-0.046176
0.018333
0.058056
0.020444
-0.003089
-0.129877
-0.009510
-0.079255
0.297205
-0.245279
0.207995
0.227263
-0.083849
0.153320
0.006628
0.265356
0.116201
0.036506
-0.036239
-0.020363
-0.012725
-0.031715
0.039643
-0.077089
-0.023076
-0.092592
-0.051141
-0.057225
0.072865
-0.110605
-0.113097
0.148376
0.043990
-0.081451
0.174767
-0.101179
0.044893
0.119517
-0.045255
-0.056402
-0.068540
0.074899
0.107816
0.006298
-0.082031
0.156138
-0.061051
0.057077
0.123920
-0.012166
-0.109876
-0.017039
-0.028719
0.009340
0.119018
0.023427
-0.108796
-0.003643
-0.030590
0.047340
0.072365
0.086854
-0.107036
0.075028
0.022797
0.049382
0.121267
0.123289
0.171307
-0.010786
0.105060
0.119670
-0.035222
0.166407
-0.065193
-0.128794
0.096497
0.086218
-0.103306
-0.063993
-0.065294
-0.149408
0.007278
-0.277547
0.113498
0.046804
0.218085
0.068526
0.010155
0.065021
0.247449
0.183830
-0.094588
-0.035995
0.219925
0.140770
-0.033562
-0.104602
0.005105
-0.187123
0.058864
0.098462
0.256512
0.035079
-0.086253
0.049025
-0.018342
0.362971
-0.174791
-0.011689
0.168745
-0.026221
0.216396
0.205806
0.216386
0.007061
-0.057835
-0.479769
-0.143685
0.020989
-0.101145
-0.009923
-0.046579
0.102904
-0.345207
0.009390
0.008272
0.075904
-0.122361
0.042895
-0.028903
0.171414
-0.146737
0.059198
0.072340
-0.138399
0.088672
0.017643
-0.074321
0.058935
0.025110
-0.224001
0.088514
-0.100374
-0.039732
0.395261
-0.028118
0.157297
0.053708
0.025563
0.261612
0.065447
0.031515
0.125067
-0.178824
-0.077392
-0.060010
-0.138745
0.081716
0.055487
-0.068122
0.019674
0.132187
-0.120016
-0.102154
-0.076031
0.015198
-0.131695
0.176184
0.178790
0.122188
-0.082217
0.147459
-0.177433
0.243911
0.074742
0.064350
0.090171
-0.228571
0.049282
0.010514
-0.060173
-0.019606
-0.002825
0.010326
-0.174967
-0.106058
0.064389
-0.106512
-0.297162
0.144222
-0.072929
-0.271158
0.005618
-0.124840
-0.028664
0.084548
0.011798
0.078982
-0.015582
-0.071838
-0.002264
0.019415
-0.139304
0.082741
0.017958
-0.143280
0.273153
0.012365
0.077633
0.004634
-0.050462
0.043067
-0.040202
0.098858
0.085722
0.080552
0.072097
0.088179
0.065965
0.008308
0.121661
0.029669
-0.013921
-0.125092
-0.114422
-0.043665
0.060912
-0.017758
0.116374
0.015205
-0.043188
-0.086249
-0.085709
0.076283
-0.059865
0.033396
-0.167404
-0.077615
0.090819
0.073086
0.073360
0.020213
0.025476
0.090521
-0.096830
0.050677
-0.111963
-0.035791
0.087216
0.105983
0.027315
-0.035094
-0.019261
0.032348
0.064812
0.058488
0.000573
0.024144
0.126741
0.098492
-0.024607
0.074357
-0.027473
-0.010110
-0.130295
0.011652
-0.039115
0.123453
-0.015094
0.008521
-0.078392
0.235610
0.176960
-0.047085
0.037468
-0.068411
-0.134967
0.023726
-0.116089
-0.150711
-0.065113
0.069019
-0.147815
0.125758
-0.156503
-0.105873
0.064197
0.003204
-0.050826
0.159553
-0.189267
0.214261
0.041032
0.141519
-0.035910
-0.022818
-0.247616
-0.007404
0.022509
0.015264
0.374558
-0.001444
0.075895
-0.098673
-0.123230
0.044293
-0.103972
-0.133253
0.274794
-0.048760
-0.022275
0.101849
0.068089
-0.064807
0.081661
0.010281
-0.060086
-0.044818
0.045394
0.041739
-0.101125
-0.175659
-0.076562
0.240079
-0.196115
0.097270
-0.088926
0.002993
-0.146387
-0.000206
-0.040818
0.059654
0.098538
0.154267
0.046601
-0.130580
0.038651
0.044427
0.162629
-0.027981
0.062759
0.040562
-0.134379
0.124329
-0.035837
0.007353
0.067246
-0.033937
0.047760
-0.002226
0.027923
-0.074758
-0.100204
-0.149291
-0.022777
0.107176
-0.117528
-0.048669
-0.123636
0.025777
-0.035921
0.157675
-0.055876
0.026870
-0.035465
-0.058954
0.081495
-0.063013
0.097809
-0.065829
0.109248
-0.076962
-0.102203
0.122906
-0.083327
-0.056717
0.057665
-0.087518
0.124880
0.062905
0.031576
0.050278
-0.144284
0.008402
-0.008055
-0.009140
-0.109351
-0.101570
-0.143924
-0.137953
0.106397
0.056957
-0.051141
0.007327
-0.074762
0.121453
0.167866
0.068720
0.052753
-0.141984
0.075187
0.001491
-0.219509
0.013325
-0.053734
-0.073229
0.049501
-0.103037
-0.166484
-0.136547
0.367693
0.193706
-0.094290
-0.144385
0.229888
-0.129719
0.035802
0.185645
-0.005810
0.022180
-0.036755
-0.054487
0.166869
0.177229
0.247385
0.186973
0.115638
0.278883
-0.186285
0.202976
-0.033307
-0.297224
0.204691
0.273946
0.033753
-0.148999
0.146067
-0.001262
-0.108923
-0.112815
0.072563
0.037715
0.068564
0.070280
-0.182456
0.086454
-0.011396
-0.132874
-0.123211
0.088373
-0.180646
-0.180360
-0.039133
-0.083635
-0.037450
0.197598
-0.123278
0.233252
0.166158
-0.033658
-0.045142
0.063395
0.166459
0.353690
0.102786
0.045989
0.008148
-0.142414
-0.047324
0.186304
0.065469
-0.120047
0.020554
0.126296
-0.037821
0.015166
0.079270
-0.147962
-0.211007
-0.020762
0.215575
0.237711
0.013924
-0.097545
-0.019887
0.160889
-0.126162
-0.149853
0.055592
-0.011182
-0.033169
0.089630
0.031697
-0.044794
-0.181783
-0.003839
0.279770
-0.219264
-0.032978
-0.101484
-0.172189
-0.109633
-0.002805
-0.177802
-0.239634
0.073893
-0.053636
-0.173788
-0.045049
-0.261234
0.005242
-0.031604
-0.018332
0.111246
0.175915
-0.093387
0.018068
-0.115846
-0.107634
0.292946
0.014824
-0.059098
0.146094
-0.042856
-0.185928
0.145766
0.221718
-0.100418
0.078435
0.127408
0.038064
-0.045200
0.040143
0.035612
-0.017448
0.034315
-0.062069
0.087135
0.085680
-0.059242
0.068399
0.145441
0.003341
-0.039173
-0.031468
-0.017866
-0.133433
0.060245
-0.134521
0.018789
0.059819
0.123219
0.064324
0.019864
0.023481
0.109622
0.101541
0.088203
-0.073703
-0.100366
0.091094
0.125574
-0.005694
0.120892
0.035575
-0.111037
0.021981
0.022073
0.061734
-0.079030
0.071194
0.024552
-0.163363
-0.139765
0.008347
-0.077082
-0.129349
0.053552
-0.088704
-0.131246
0.071489
0.121984
0.068737
-0.084300
-0.139549
-0.011799
-0.126224
0.115229
-0.067609
0.105051
-0.064641
-0.227114
-0.118662
-0.000624
-0.033594
-0.058906
-0.065133
-0.220607
-0.095114
0.023096
-0.434582
0.219239
-0.098113
-0.139710
-0.081820
-0.121421
0.213109
-0.002924
0.075336
-0.077921
0.164724
-0.011200
-0.018403
0.052177
-0.041443
0.013725
-0.442610
0.330048
-0.046674
0.379971
0.035463
-0.114272
0.085331
0.160038
0.104983
-0.111643
-0.027628
0.001663
0.206061
-0.141507
-0.049180
0.316212
0.199395
-0.122802
-0.072922
-0.156822
0.118530
-0.119763
-0.348329
0.009008
-0.058140
-0.052894
0.178617
-0.021427
0.195764
-0.159345
0.014917
0.493208
-0.143637
-0.149953
0.135840
-0.144637
-0.060918
0.016625
-0.186404
-0.345712
0.268044
-0.025916
-0.096351
-0.155763
0.019721
-0.063206
0.073113
0.059634
-0.010280
0.008637
0.075538
0.013534
-0.160508
0.194687
0.345052
0.019660
0.000500
-0.008188
0.111483
-0.132362
0.024191
-0.030776
-0.095868
0.169434
0.262959
0.078007
0.200945
0.000144
-0.063020
0.044803
-0.030882
0.059873
0.089743
-0.192063
0.003879
-0.124392
-0.214133
-0.109948
-0.111888
0.283417
-0.298230
-0.002367
-0.018200
-0.100225
0.111688
-0.102254
-0.091404
-0.159223
-0.022371
-0.107812
-0.306770
0.131866
0.023544
0.075892
0.074994
-0.065466
0.044443
0.183960
0.128538
0.122886
0.037557
-0.068994
0.011447
0.323409
0.035935
-0.116215
0.039728
-0.154683
-0.095786
-0.098883
-0.146780
0.073984
0.067248
-0.174641
-0.141622
0.064774
-0.011723
0.038248
-0.040914
-0.114216
0.038862
-0.000149
0.239816
-0.049116
0.066980
0.026907
0.061427
0.222950
-0.292606
-0.006422
0.159483
0.023667
0.069132
-0.029538
0.128232
0.062387
-0.004374
0.090021
-0.135434
-0.068313
-0.048376
0.115956
-0.008593
0.098164
0.183309
0.032344
0.062098
0.124113
-0.153341
0.182487
-0.007164
0.006558
-0.024474
-0.055891
0.184968
-0.378628
-0.279269
0.008359
-0.056843
-0.064579
-0.234409
0.268634
-0.154337
0.067904
0.183816
-0.039278
0.081404
0.083812
0.047663
0.081317
0.060119
-0.052169
-0.120027
-0.053025
0.053611
0.077299
0.045594
0.008818
0.140467
0.057959
0.064092
-0.101847
0.179595
-0.051138
0.072406
0.038404
-0.191764
0.047069
-0.138875
0.057522
0.131511
-0.179389
0.115327
-0.070721
-0.088183
0.132959
-0.044630
0.108809
-0.149593
-0.107227
-0.006704
-0.172766
0.018874
-0.144854
-0.035280
0.033493
-0.218694
-0.221532
-0.001722
-0.099920
-0.139688
-0.204859
0.004891
0.059701
0.001718
-0.097790
-0.003262
-0.173105
-0.130167
-0.041954
-0.202777
-0.074567
-0.026701
0.140776
0.082162
0.207805
-0.030298
-0.093506
0.112226
0.021534
0.190245
-0.108449
0.053597
-0.047628
-0.113259
-0.122218
0.093487
-0.009951
-0.068134
0.104182
0.014492
-0.104447
0.042485
0.103576
0.052595
0.125903
0.078680
0.042238
0.034020
0.029565
-0.116501
0.041522
-0.057144
-0.053366
0.009111
0.095683
-0.048910
-0.063016
0.080377
-0.002271
0.107324
-0.003426
0.032319
-0.096110
-0.042523
-0.128695
-0.131681
-0.020992
0.052553
-0.002294
0.064271
0.007424
-0.002189
0.121802
-0.072027
-0.029222
-0.109398
0.031005
-0.112995
-0.068044
-0.101014
0.026242
0.092803
0.035506
-0.080959
-0.081540
0.097237
0.028934
-0.105394
0.017506
-0.032455
-0.054098
0.065804
-0.056777
0.066365
-0.015200
-0.335409
-0.051321
-0.066355
-0.010160
-0.121319
0.248370
-0.021787
-0.015878
-0.145151
-0.160192
0.183224
-0.106211
-0.042493
-0.202521
0.135334
-0.073126
0.140581
-0.102996
0.086395
-0.075148
0.095199
0.089074
-0.031054
0.097194
0.079001
0.013169
-0.109248
0.219380
-0.049130
0.119855
0.101027
-0.132064
0.030718
0.149435
-0.146709
0.089298
0.245247
-0.005823
-0.175536
-0.314623
-0.064216
-0.120909
0.023964
0.241468
-0.078123
-0.309485
-0.321214
0.025397
0.137644
0.022684
-0.027698
0.034442
0.102817
-0.133855
-0.121772
0.055570
0.139133
-0.212697
-0.098068
-0.021885
0.044482
0.026883
0.069784
0.101426
-0.059877
-0.066853
-0.072169
-0.084452
0.018735
-0.006378
0.072464
0.074578
0.009255
-0.136648
-0.124869
0.022342
0.105392
0.099053
0.030179
0.031135
-0.003487
-0.194031
0.125696
0.068027
0.043930
0.182451
-0.031231
-0.138954
0.039392
-0.008555
0.187321
0.063172
0.020417
0.110204
0.146722
-0.083476
0.138885
-0.000976
-0.130517
0.027699
-0.021790
0.029904
-0.082996
-0.019640
-0.087740
-0.039446
-0.081037
0.013582
0.115198
0.058347
0.125124
0.035826
0.024637
-0.048653
-0.071026
0.018091
-0.035818
-0.040379
-0.091748
-0.043819
-0.077019
0.140330
-0.025266
0.089004
0.003684
-0.052592
-0.110538
0.040615
-0.088081
0.092129
-0.163381
0.051596
-0.153339
-0.067702
-0.039094
0.089245
0.037118
0.020066
0.259167
-0.050795
-0.162209
-0.020102
-0.104411
-0.105571
-0.017578
-0.147780
0.120289
0.133475
0.009765
0.193708
-0.245053
0.229252
0.162402
0.382836
-0.043207
0.101602
-0.043319
-0.021073
-0.182459
-0.241369
0.134961
-0.238777
0.077737
-0.119324
0.028454
0.005491
-0.023694
0.159936
-0.148365
0.005415
-0.022639
0.057038
-0.029740
0.088838
-0.068468
-0.078936
-0.011085
-0.121891
-0.252411
0.293979
-0.099116
0.080172
-0.095820
-0.009643
-0.094850
0.105300
0.094234
-0.084760
-0.207716
-0.033641
0.056866
0.090031
-0.099933
0.013482
0.043386
0.041252
0.131685
-0.149617
-0.015794
-0.019644
0.024680
0.076331
0.086599
-0.172008
-0.068153
-0.077584
0.173371
-0.036756
-0.082248
0.005173
0.058965
-0.076269
-0.026319
-0.044576
-0.051773
0.131598
-0.021191
-0.002442
0.053801
0.092246
0.001315
-0.110749
-0.040480
-0.033546
0.070809
-0.032974
-0.033998
-0.064098
-0.100529
0.000088
0.109661
-0.094355
0.015052
-0.002073
-0.099808
-0.034615
-0.011435
0.082670
-0.037001
-0.000229
-0.008211
-0.129293
-0.098489
-0.042688
0.158018
0.092948
-0.111458
0.100515
-0.008099
0.183676
-0.074524
-0.036975
-0.063854
0.049774
0.023004
-0.095919
0.101371
-0.052213
0.107315
-0.024515
0.112798
0.052181
-0.088946
0.025374
0.129772
-0.112674
0.017172
-0.022265
-0.091425
-0.062137
0.096261
-0.036557
0.068337
0.021195
-0.121490
-0.096204
0.126125
0.111303
0.001892
0.073601
-0.007300
-0.103059
0.104973
0.002506
-0.047193
-0.103086
0.054906
0.006483
0.001849
-0.068366
0.003521
0.121887
0.093151
-0.020025
-0.121647
-0.129345
0.125696
-0.115465
0.066261
-0.057023
-0.069784
-0.003875
-0.078956
-0.066352
-0.008858
-0.041515
0.046303
0.048285
0.127064
0.016655
0.117926
0.114559
-0.061697
0.065996
0.079081
-0.072726
-0.012768
0.081207
0.080964
0.070549
-0.101844
0.018317
-0.014481
0.049972
0.067861
0.046959
0.094146
-0.104075
0.015606
-0.016057
-0.048180
0.018460
-0.067786
-0.131463
0.038842
0.057786
0.028730
0.069418
0.053075
0.048288
0.050663
-0.022745
-0.127682
0.034242
-0.014936
-0.004073
0.007794
0.065349
0.116115
0.056067
0.097831
0.102831
-0.051993
-0.092889
0.074623
0.083171
0.043482
0.119351
0.055495
-0.059200
-0.080059
-0.002502
-0.113025
-0.136149
-0.067976
-0.098994
-0.084016
-0.084933
-0.048221
-0.038530
-0.023790
-0.008719
0.056857
-0.021436
-0.094745
-0.087751
0.100490
-0.001399
0.012185
-0.089782
-0.016717
-0.125301
-0.040688
0.132423
0.424266
-0.073050
0.182258
0.085625
0.084554
0.065127
-0.122654
0.026817
0.071734
-0.175098
-0.007651
0.207170
0.004529
0.060747
0.139808
-0.077538
0.037195
-0.260575
0.271799
-0.306890
-0.007222
0.627654
0.044836
0.120024
-0.178153
-0.096600
-0.164947
-0.125378
-0.416337
-0.157925
-0.229983
0.452061
0.071217
-0.277192
-0.216867
-0.015249
-0.251358
-0.119355
-0.054395
0.013406
0.008506
-0.127422
0.078624
-0.455830
0.028240
0.057278
-0.109403
0.040407
-0.050613
0.080342
0.002035
-0.245645
-0.443178
-0.129968
-0.077700
-0.150129
-0.297130
-0.018921
-0.017620
-0.136528
-0.017530
0.013328
0.296680
-0.037987
0.232255
0.111550
-0.162058
-0.031040
-0.180023
0.308290
-0.022300
-0.007963
-0.279671
0.189835
0.163013
-0.097166
-0.102889
0.049676
0.073416
0.059443
0.001722
0.288732
-0.039488
0.038829
-0.119568
0.112696
-0.020811
-0.330355
0.539136
0.193722
0.130645
0.268605
0.058924
0.133826
0.034717
-0.069313
-0.008088
-0.070827
0.067809
-0.085005
-0.168078
0.069459
-0.135715
0.024840
-0.086096
-0.147517
-0.097201
-0.182044
0.105476
-0.084399
0.080952
-0.086827
0.071274
0.081445
-0.005495
-0.004827
0.108653
-0.144658
-0.000106
-0.164763
0.237579
-0.004086
0.191463
-0.009371
-0.253854
0.236310
0.081978
-0.016943
-0.277189
-0.115744
-0.092862
0.045335
0.108978
-0.063087
-0.079581
-0.099002
0.109325
0.265849
-0.312435
-0.220719
-0.101000
0.166277
0.049452
-0.010359
-0.014278
-0.191437
0.178484
-0.044163
-0.055844
0.014386
0.090802
-0.037898
0.088213
-0.053838
0.013115
-0.202696
-0.127486
0.155871
0.122358
0.142874
-0.199013
-0.326888
-0.096914
-0.085181
-0.178686
-0.111652
0.040432
0.187633
-0.231342
-0.102125
-0.130783
-0.342642
-0.014401
0.144388
-0.137710
-0.116179
-0.205742
-0.031805
0.059650
0.102726
-0.142454
0.027461
-0.064879
-0.109042
-0.009373
0.243155
0.062045
-0.017384
0.190396
0.158463
0.177234
0.171498
-0.223578
0.062543
0.033552
0.095207
-0.139459
0.003807
-0.041988
0.046069
-0.120279
0.076489
0.101956
-0.115630
0.071439
-0.256639
0.023174
0.021752
0.321856
0.069457
0.089345
-0.093944
-0.174042
0.028365
0.133209
-0.242262
0.161119
0.020915
0.135367
-0.149262
-0.106357
-0.055577
0.134872
0.057467
-0.081168
-0.065408
-0.092067
-0.117175
-0.237818
-0.150102
-0.128629
0.006351
-0.218617
-0.162372
0.001601
-0.134898
0.064374
-0.021578
-0.212533
-0.005279
-0.079165
0.061800
0.331562
0.169939
-0.004736
-0.029549
-0.012824
0.159562
0.215817
0.028689
0.035060
0.062628
-0.267484
0.086683
-0.089143
0.223767
0.053131
0.084608
0.040757
-0.007900
-0.115156
0.204578
0.052829
-0.131396
0.156634
-0.165062
-0.188435
0.092839
-0.152062
-0.108137
0.036827
-0.132496
-0.085844
0.058842
0.160203
0.043953
0.001312
0.047388
0.065578
0.183663
0.027270
-0.069893
-0.091498
0.162421
0.044385
0.207782
0.000380
0.055111
0.034792
0.059437
-0.090669
-0.105652
-0.048523
0.067198
0.060907
-0.103573
-0.107341
0.090213
-0.036895
0.002873
-0.145871
-0.133660
-0.190057
-0.014345
-0.109051
-0.007832
0.206975
-0.060237
0.028310
-0.002807
0.002629
-0.083385
-0.028136
-0.089574
-0.015849
-0.039068
0.053934
-0.052174
0.129071
0.151199
-0.037877
-0.093984
0.161456
0.075013
-0.084594
-0.421505
0.051188
-0.066468
-0.169129
-0.006901
0.245587
-0.025721
-0.109609
-0.174069
-0.111763
-0.040732
-0.054944
0.078674
-0.051324
-0.098398
-0.019209
0.106204
0.112436
-0.037325
-0.256640
-0.343394
0.213634
0.010388
0.208677
0.020593
-0.176573
-0.140045
-0.118217
0.413441
-0.127027
0.052299
-0.016873
-0.048637
-0.161473
-0.108472
-0.151029
-0.020721
-0.121811
-0.060201
-0.156404
-0.091162
0.451383
0.045948
-0.200347
-0.123038
0.245745
-0.350391
0.201907
-0.121664
-0.017533
0.280462
-0.154165
0.163010
-0.013142
-0.065906
0.224767
0.280341
-0.235322
0.085024
0.024137
0.098232
-0.108856
0.040895
-0.109592
0.094837
-0.123753
-0.040171
0.001833
0.069989
-0.048464
-0.078645
0.097910
-0.088099
-0.118537
0.081290
-0.036405
-0.003206
-0.090447
-0.028827
-0.111092
0.060132
-0.119711
-0.056205
0.062933
0.135261
0.062981
0.041610
0.084529
0.069141
0.113007
0.140512
-0.113317
0.040608
0.111079
0.080960
-0.036512
0.041756
0.012489
-0.112370
0.081677
-0.082947
0.008196
-0.016627
-0.027249
0.055321
0.070781
-0.052397
-0.014758
0.077858
-0.034301
0.044224
-0.062876
0.104083
-0.028058
0.056912
0.068281
0.016005
0.027205
-0.086966
0.083310
-0.094771
-0.070521
0.168427
-0.340679
0.032658
-0.134618
0.019751
-0.061789
0.000299
-0.094854
0.053486
-0.083257
-0.064284
0.136488
-0.273052
0.126784
-0.258772
0.017292
-0.155321
-0.062798
-0.080526
-0.139826
0.372080
0.081803
0.052935
0.034606
-0.175834
0.015679
0.017748
0.337716
0.307054
0.033322
0.139037
-0.008964
-0.089274
0.502060
0.109106
-0.079974
-0.081993
-0.089569
-0.036858
-0.154334
-0.329437
-0.131782
0.120163
0.112064
0.233151
-0.204852
-0.102680
0.158731
0.092462
-0.013018
-0.100887
-0.212972
-0.104361
0.378948
0.080384
-0.030677
-0.186821
0.383899
0.039412
0.220544
-0.045186
-0.081128
-0.099025
-0.214424
-0.017976
-0.012645
0.131462
-0.099865
-0.074860
-0.055717
0.130290
-0.063896
0.060612
0.047540
-0.065115
0.115486
0.009336
0.107779
-0.121691
0.017338
-0.133756
0.132306
0.039832
-0.021481
0.059387
0.001592
-0.060517
-0.127850
0.064738
-0.062266
-0.015258
-0.041597
0.049383
0.022936
-0.022432
0.072745
-0.086324
-0.121832
-0.079068
0.061585
-0.135877
0.133596
0.064327
0.133516
-0.049142
0.009736
-0.068982
0.029518
-0.093572
0.092520
-0.129491
0.093210
0.032399
-0.096762
0.048799
0.093381
-0.073975
0.125346
-0.106613
-0.115235
-0.026550
0.102628
0.055546
-0.011470
0.120811
-0.085041
0.011667
-0.051111
-0.267864
0.489517
0.039072
-0.017353
0.024397
0.052544
0.028273
-0.053508
-0.102080
-0.291559
0.202720
0.002716
0.167134
0.080023
-0.004347
0.147928
-0.079443
0.238255
0.267484
-0.115944
-0.002137
-0.070739
0.266427
-0.156303
0.279117
0.404586
0.389293
0.417171
-0.033978
0.251823
-0.008288
0.214486
-0.374138
-0.439005
0.027262
-0.137407
-0.046316
0.151758
0.120674
0.094300
-0.152201
-0.212224
-0.109865
0.067511
-0.142674
0.325184
0.125509
0.060192
0.091922
-0.133748
0.071980
-0.384409
-0.225940
-0.467643
-0.056944
0.074732
-0.053203
-0.356615
-0.027218
-0.234210
-0.031993
0.026804
0.008269
0.222315
0.026176
-0.086164
0.100189
-0.042859
-0.094841
-0.069164
0.134173
0.037456
-0.034161
0.239454
-0.215931
-0.216273
0.299000
-0.157497
-0.036470
0.060034
-0.039839
-0.112096
0.124243
0.153018
0.017773
0.005033
0.086204
-0.067161
0.138030
0.122755
-0.198877
0.138716
-0.219743
0.206392
-0.096608
0.143342
-0.037430
-0.017908
-0.004778
0.070465
-0.016574
0.023146
-0.056185
0.061470
0.166333
-0.041491
0.094581
0.002046
-0.179688
0.088974
-0.124832
-0.167519
-0.143353
-0.138393
-0.171408
0.219768
0.356166
0.077871
0.025998
-0.098973
-0.058964
0.230706
-0.048737
-0.119701
0.085813
0.051132
0.165706
-0.053095
0.127816
0.019323
-0.047020
0.160508
0.043514
-0.031620
0.119010
0.094226
-0.171558
0.191212
0.289936
0.200197
0.111242
-0.002557
-0.021577
0.188315
-0.149450
-0.013022
-0.161446
-0.109410
0.177073
0.079650
0.174882
-0.046977
0.363201
0.098916
0.185517
-0.042310
-0.147063
-0.322024
0.084757
0.136033
-0.043721
0.319578
0.149206
-0.098841
-0.127717
0.181809
-0.012846
0.016821
-0.196196
0.268520
-0.003930
-0.153794
0.000001
-0.303179
-0.088244
0.211934
0.518534
0.070825
-0.045042
0.163617
-0.413320
-0.056542
-0.037321
-0.018096
0.027203
-0.048034
-0.258501
-0.188676
0.069381
-0.033630
0.099474
-0.011131
0.226257
-0.279234
-0.105268
-0.199617
0.069528
-0.026328
0.439078
0.020340
-0.038777
0.093359
-0.170397
-0.115884
-0.126769
-0.182651
0.030011
-0.026336
-0.160675
-0.016260
0.294659
-0.021038
0.168285
-0.109020
0.158554
0.008428
0.152733
-0.140140
-0.165899
-0.222137
-0.038282
0.012205
0.099368
-0.027020
-0.211464
0.304417
-0.092907
-0.121266
-0.125008
0.010883
0.068321
-0.096371
-0.278434
-0.269490
-0.096778
-0.153331
-0.067087
0.189533
-0.087576
0.116245
0.103910
0.071731
0.074864
-0.046936
0.162954
-0.012172
0.014347
-0.112186
-0.007334
0.150676
-0.264364
-0.093354
-0.047474
0.080952
0.228486
0.190410
0.158215
0.278622
0.000624
-0.101072
0.012078
0.029780
-0.190615
-0.077145
-0.101143
0.160849
-0.008077
0.106634
-0.009849
-0.054525
0.243679
0.060669
-0.057671
0.090737
-0.077748
0.208673
-0.271795
-0.066248
0.173539
0.098506
0.319039
0.231938
-0.130743
0.138534
-0.075446
0.038734
-0.090733
0.086528
-0.080813
0.151863
0.022986
-0.174272
0.051394
0.126226
-0.038705
0.020380
0.088717
-0.158920
0.054709
-0.071047
0.105383
-0.033654
-0.009555
0.018931
0.033578
0.036438
0.043742
-0.031299
-0.004019
0.097202
-0.058882
-0.129969
0.007047
-0.262193
-0.029464
-0.039171
-0.087943
0.078536
-0.299828
0.069754
0.010125
0.032980
-0.005776
-0.068548
0.084869
-0.015801
0.009851
0.083647
0.129944
-0.059300
-0.031598
-0.040941
0.014046
0.067278
0.034221
0.009965
-0.123590
-0.063983
0.004646
-0.123281
-0.011477
0.000110
0.018671
-0.146373
-0.059340
0.082990
0.067215
-0.104526
-0.016809
0.002531
-0.128727
0.075450
-0.019256
-0.053347
0.034544
0.085280
0.069507
-0.044561
0.045022
0.128500
0.141437
0.067780
0.117664
-0.133361
0.020763
-0.127505
0.035675
-0.047497
0.087980
0.102410
-0.089337
-0.002670
-0.103760
-0.009166
-0.132219
-0.047496
-0.081051
-0.121549
-0.137855
-0.102458
-0.007640
-0.106026
-0.090889
0.022694
-0.054055
0.111172
0.100319
0.018923
-0.104047
-0.153263
-0.170715
-0.044564
-0.122435
-0.147186
0.038894
0.084926
-0.290437
0.058641
-0.021737
0.027662
-0.011471
0.012769
0.089863
0.050686
0.020814
-0.098590
0.075994
-0.137249
0.189693
-0.015551
0.040701
-0.116368
0.007910
0.316216
0.228865
-0.342311
-0.342565
0.275523
0.016801
0.081550
0.026228
0.384229
0.019221
-0.162771
-0.318332
-0.179460
0.069796
-0.129318
-0.056023
0.172328
-0.120356
0.362655
0.140499
0.122210
-0.129434
-0.307090
-0.132339
-0.082739
0.026158
0.105973
0.119350
-0.301899
0.001862
0.141258
-0.026209
0.163745
0.205087
-0.003770
-0.054423
-0.154556
-0.068110
0.089047
0.027083
-0.120178
0.018651
0.100751
0.115085
-0.063627
-0.054048
-0.157674
0.095690
-0.098118
0.167622
-0.163439
-0.016374
0.041672
0.131576
0.102011
-0.063497
0.124944
-0.075616
-0.161870
0.043519
0.025579
-0.075464
0.036913
0.047231
-0.146254
0.117337
-0.002271
-0.083601
0.034202
-0.138172
0.114397
-0.046705
0.065290
-0.080956
0.098051
0.043754
-0.047088
-0.133149
0.079640
-0.031255
-0.153172
-0.095125
0.000581
-0.123496
-0.113989
-0.100909
0.083202
0.079848
0.161664
-0.047590
0.080659
-0.073963
0.029055
-0.121268
0.121498
0.097742
-0.120972
-0.175992
-0.129762
0.128160
0.102211
-0.139470
-0.120069
-0.152607
-0.122183
0.081461
-0.106001
0.125938
0.198065
0.035094
0.238253
-0.266096
0.027299
0.090752
0.107421
-0.101958
0.003520
0.054120
0.040376
-0.028892
-0.043064
0.062737
-0.076139
-0.002102
-0.236215
0.052456
0.095578
-0.190763
0.204564
0.011218
-0.096692
-0.096753
-0.037982
-0.256022
-0.035022
-0.022362
0.281368
-0.096047
0.128090
0.081580
-0.347642
-0.067305
-0.032525
-0.016873
0.154397
0.225438
0.014307
-0.242239
0.013467
0.048728
-0.189444
-0.125537
-0.176773
0.087201
-0.055484
-0.049259
-0.193995
0.132751
-0.028312
0.070067
0.250838
-0.000507
0.124762
0.357760
-0.024479
-0.079421
0.234475
0.080696
0.015877
-0.165548
0.094832
-0.107417
0.016113
-0.306152
-0.075246
0.050519
-0.062371
-0.149351
0.283909
0.116600
0.198258
0.131280
0.211894
0.095222
-0.003031
-0.054687
-0.204527
0.030236
-0.014928
-0.388282
0.128447
0.150459
0.154723
-0.013380
0.100541
-0.219519
0.209864
0.049513
-0.099751
0.046538
0.115043
0.049243
-0.007086
0.207960
0.398209
0.059040
-0.088180
0.014654
-0.047790
0.143334
0.119988
0.207200
0.077301
0.015684
0.377176
-0.146335
-0.200331
-0.024836
-0.162376
-0.039126
0.318998
-0.077696
-0.007575
-0.139725
-0.207355
0.077798
-0.240427
-0.039181
-0.022118
0.120023
-0.016311
0.108335
-0.011694
0.008688
0.014801
-0.044496
-0.069321
-0.109141
0.087093
-0.056022
0.058873
0.009358
0.056747
-0.123590
0.116832
0.055445
0.103514
-0.033732
-0.051752
0.116159
-0.110695
0.080577
-0.074332
0.041379
-0.083001
0.056462
0.027218
0.001051
0.055185
0.091250
-0.026707
-0.122256
-0.127787
-0.020910
0.064106
0.094788
0.073069
-0.002918
0.036182
-0.056511
0.016134
-0.072863
0.092702
0.130571
-0.029046
-0.045045
-0.104210
0.118104
0.050457
0.118755
-0.077228
-0.138664
-0.000874
0.061269
-0.069665
0.141808
0.040476
-0.112651
0.111464
-0.116621
-0.070381
-0.052291
-0.116865
-0.081987
0.056393
0.078283
-0.037016
0.125912
0.108846
-0.150891
-0.270694
-0.067545
-0.378038
-0.017039
-0.034300
0.010944
-0.127809
-0.054037
-0.057622
-0.276037
-0.044941
-0.151965
0.064766
0.230049
-0.231183
-0.288715
-0.108036
-0.057207
-0.297785
0.111130
0.297238
0.070051
0.174065
0.072879
0.014483
-0.085025
0.012775
0.047793
0.327902
-0.052798
-0.059890
0.060614
-0.093154
-0.115931
-0.131159
0.161067
0.438358
-0.082125
-0.138346
0.115925
-0.036606
-0.069358
0.241634
-0.033611
0.173652
-0.060107
0.078525
0.137736
-0.160732
-0.268472
-0.057556
0.052036
0.007877
0.307983
0.115746
-0.113531
-0.025750
-0.189521
0.137248
0.099673
0.116735
0.238094
-0.018454
-0.155696
-0.042559
-0.194527
-0.166690
0.124594
-0.150184
-0.164568
-0.020207
-0.000962
-0.032821
-0.173091
0.147043
-0.002799
-0.085769
-0.140191
-0.036873
-0.111619
0.047192
-0.011766
-0.034598
0.130180
0.057510
0.234648
0.018328
-0.077208
0.219215
-0.313582
-0.200989
0.104386
0.131165
0.110182
-0.069680
0.003421
-0.037157
-0.156129
-0.130579
0.071465
0.048822
0.102557
-0.280428
-0.174872
0.019243
-0.035171
0.157175
-0.155288
-0.103718
-0.022080
-0.099436
-0.076826
0.031817
0.212093
-0.224556
-0.040688
-0.161205
0.033722
0.184412
0.123863
-0.192984
0.006708
-0.018033
-0.117184
-0.144410
-0.247018
0.027895
-0.078041
0.203590
-0.203197
0.051475
0.035127
-0.024401
-0.255884
0.210150
0.119250
-0.281179
-0.279269
-0.048806
0.082454
0.022242
0.112514
-0.107620
-0.446336
0.145100
-0.042740
0.115734
-0.028768
-0.163981
0.074014
0.000013
0.180306
0.147389
0.092890
0.093380
-0.100337
-0.265656
0.130062
-0.112649
-0.422440
0.001686
0.076147
0.018028
-0.027704
-0.157569
-0.172724
0.054464
0.140895
-0.026087
-0.128388
-0.044433
-0.064780
-0.061622
0.101386
0.000493
0.084503
0.292470
-0.074059
0.161217
0.051292
0.096397
-0.217290
-0.050273
-0.116351
-0.207074
-0.083923
-0.043833
-0.002143
-0.078223
-0.236541
-0.007427
-0.028254
0.205375
0.140674
-0.059559
-0.010128
0.072619
-0.023611
-0.233540
0.143088
-0.013034
-0.188489
0.014179
-0.173304
0.034659
-0.082839
0.094671
0.047388
0.051709
0.053325
-0.149338
-0.041338
-0.269590
-0.074202
-0.159883
0.050029
0.046147
0.083055
-0.055553
-0.115377
-0.079700
-0.118673
-0.106575
-0.071855
-0.048418
0.001610
-0.113380
-0.117627
-0.105761
-0.033428
-0.085841
0.067447
-0.029978
0.078188
-0.018669
0.056518
0.316660
-0.060389
-0.052966
0.165271
0.164846
-0.105815
-0.024563
0.140604
0.064375
0.162838
-0.131592
0.135777
-0.137033
0.023818
0.174424
0.022423
-0.127761
0.136849
-0.048414
-0.072809
-0.103226
-0.060846
0.063664
-0.170232
-0.044970
0.000177
0.189591
-0.039211
0.090216
-0.120724
-0.184249
-0.036074
-0.039071
0.211735
0.039846
-0.126325
0.141584
0.091132
-0.018353
0.342750
0.156891
0.017994
0.278758
0.074727
0.276020
-0.114306
-0.090968
-0.096288
0.144424
-0.141678
-0.110956
-0.076406
0.293201
-0.093772
-0.078676
0.350973
-0.005537
-0.270369
-0.224809
0.277122
0.065763
0.040438
-0.200508
-0.104242
0.242592
0.018453
-0.023378
0.034617
0.047834
-0.357145
0.105695
0.051138
-0.004443
-0.210190
0.292885
-0.103986
-0.059860
0.075106
0.038072
-0.075898
-0.134314
-0.021904
-0.052744
0.075083
-0.054716
-0.096023
0.078062
-0.054648
0.109862
-0.048435
-0.024138
-0.064254
-0.023223
-0.101127
-0.092344
-0.101999
-0.064204
-0.006393
0.128869
-0.121719
-0.157889
-0.022446
-0.143558
0.133855
0.079423
-0.054189
-0.104034
-0.157077
-0.032180
0.084635
0.036526
-0.010105
0.147731
0.119087
-0.053034
-0.022994
0.022517
0.123237
-0.073368
-0.045165
-0.139797
-0.011893
0.056620
-0.076675
0.102540
-0.068941
-0.144551
0.038118
-0.035233
-0.028613
0.090726
0.097299
-0.019458
-0.107721
0.092196
-0.130997
0.005624
-0.040916
0.052859
-0.017404
-0.072306
-0.061809
-0.012608
-0.063789
-0.121165
-0.009636
-0.033977
0.125033
-0.022121
-0.063994
0.027534
-0.111296
0.044895
-0.066682
-0.022951
0.035805
-0.088235
0.119147
-0.083923
0.090555
-0.045304
-0.088796
-0.060179
-0.095926
-0.061304
0.116360
-0.027786
0.131224
0.018309
-0.017940
-0.006147
0.054467
-0.051056
0.052752
0.118330
-0.083465
-0.062736
0.070224
-0.105838
-0.064712
-0.008856
0.035679
-0.054578
-0.123761
-0.024529
0.012542
-0.022376
0.032514
0.013465
0.124867
-0.076184
0.003316
-0.038320
-0.035864
0.090476
0.069063
-0.089404
0.067940
-0.033790
-0.042921
-0.030650
-0.034551
0.098952
0.394245
-0.264135
0.022798
-0.022278
-0.062739
-0.040329
0.079344
-0.137200
-0.047503
0.107926
-0.220011
0.071866
-0.144128
0.090579
-0.108119
0.133036
-0.054446
-0.036796
0.092957
-0.144176
-0.115910
-0.136623
-0.069905
0.104645
-0.080321
0.079326
-0.108551
-0.249706
0.014664
-0.146118
-0.016979
0.033107
0.060213
-0.007885
-0.053424
-0.074777
0.000372
0.172921
-0.108890
-0.067507
-0.206860
-0.114975
-0.089295
-0.023121
0.279363
-0.103025
-0.245607
-0.166138
-0.001131
-0.016358
0.095483
-0.029065
0.181261
0.295862
-0.126816
-0.132324
-0.064445
0.158354
-0.324772
-0.194891
0.086687
0.087541
-0.113291
-0.022285
0.222147
-0.311661
0.021333
0.291912
-0.019764
-0.129478
0.175630
-0.110295
-0.139314
0.173699
-0.102103
-0.028703
-0.004169
-0.053577
-0.095791
0.207902
0.089542
0.154745
-0.108855
-0.008288
-0.074173
-0.114371
-0.115635
0.093382
-0.049065
0.150991
0.220196
0.009824
0.329368
-0.167139
0.374532
0.221313
-0.211303
-0.157134
-0.179975
-0.000675
0.105141
-0.029854
-0.069950
-0.092692
0.139396
0.085654
-0.102778
-0.063136
-0.018211
0.128901
0.010575
-0.084659
-0.229140
-0.039902
-0.052347
0.329850
0.231124
-0.122939
-0.048253
-0.085662
-0.117071
0.160503
0.238838
-0.151174
0.070923
-0.021113
0.149541
-0.027106
0.117111
0.069866
-0.095896
-0.172407
0.079369
-0.118229
-0.144851
0.020864
0.110208
0.100602
0.139269
0.027951
-0.057039
0.002951
0.169861
0.082799
-0.094953
-0.022875
-0.142273
0.150668
0.179828
0.010088
0.063505
-0.190774
-0.268194
0.016822
-0.084494
0.255077
-0.117247
0.043962
-0.035083
0.214341
-0.081890
-0.141827
0.057447
-0.016913
-0.020232
-0.127079
-0.023452
-0.006357
-0.116540
-0.128698
0.111610
0.074677
-0.145217
-0.047355
0.039444
0.200680
-0.093016
-0.089335
-0.054601
0.092615
-0.010777
-0.118958
-0.139866
-0.075674
0.064018
-0.090986
0.206427
0.124878
-0.118253
0.251386
-0.285376
0.009032
-0.104738
-0.086431
0.128333
0.062290
0.064168
0.000229
0.057755
0.125705
-0.078163
0.090858
-0.058037
0.105912
0.089748
0.075903
-0.134224
-0.054741
-0.093559
-0.118604
-0.000961
-0.101332
-0.077516
0.010368
-0.082698
-0.100316
0.019219
-0.111572
-0.008286
0.075043
-0.128248
0.043340
0.151973
0.059536
-0.084858
0.080052
-0.010111
0.081914
-0.018936
0.046787
-0.088789
-0.072235
-0.048430
-0.068206
-0.132083
-0.114880
-0.004863
0.059465
0.075168
-0.130394
0.076910
-0.113955
0.017593
-0.035794
0.056840
-0.145710
-0.072764
-0.032150
0.082037
-0.003829
-0.103067
-0.031669
-0.073816
0.033123
-0.008304
0.036362
-0.179080
0.163269
-0.139067
0.069722
-0.025264
0.056954
-0.049857
0.055741
-0.123411
-0.371691
0.173581
-0.094438
0.164164
0.050205
-0.025045
0.083448
0.091998
0.219633
-0.012903
0.140878
0.067647
0.063030
-0.012534
0.074970
-0.058932
0.164015
0.287891
0.123083
0.370566
0.099457
0.117989
0.166850
0.138266
0.056324
-0.000544
-0.010308
0.046927
0.159729
-0.035787
0.051481
-0.303884
0.105549
-0.108496
-0.014059
-0.059290
0.064619
0.075751
0.029287
0.162003
-0.116554
0.012055
0.184738
-0.398497
0.161370
-0.128825
0.043439
0.024733
-0.021872
0.118885
0.171363
-0.147406
-0.073053
0.168201
0.186616
-0.070060
0.118306
-0.042333
0.158735
-0.062207
0.069449
0.014004
0.040855
-0.137433
-0.187730
-0.002050
0.123989
-0.147231
0.003422
0.054501
0.092330
0.034723
0.024091
-0.081599
-0.056106
-0.044691
-0.110619
0.092756
0.046059
-0.008122
-0.054229
0.119595
-0.009287
-0.033081
0.142437
0.167167
-0.154078
0.059067
-0.101114
-0.069371
-0.046342
-0.081798
0.008967
-0.059968
0.132468
0.065574
0.043495
-0.149055
-0.160167
0.020564
-0.022279
-0.109735
-0.062563
0.052887
-0.109371
-0.002469
0.048217
-0.010322
0.061929
-0.090015
0.133589
0.073013
-0.014353
0.033049
0.120918
-0.083615
-0.109398
0.031719
-0.031372
-0.035434
0.041912
-0.091890
0.129014
0.110545
0.077929
-0.072572
-0.094638
0.033932
-0.123682
-0.080628
0.140243
-0.111083
-0.080965
0.008273
-0.047507
0.021240
0.005872
-0.076671
-0.049283
0.009498
-0.113132
-0.005058
-0.115271
0.121230
-0.057847
0.119075
0.121655
0.012228
0.104616
0.129768
-0.052190
-0.028968
0.045427
-0.008869
0.085111
-0.079391
0.108205
-0.094390
0.057585
0.120700
0.010749
-0.083060
0.096708
0.010013
0.062767
-0.070138
0.062252
0.051518
-0.050968
0.022943
-0.060133
-0.008380
0.032029
-0.021104
0.059504
-0.065234
0.103420
0.106713
0.035716
0.086092
0.066839
-0.137142
-0.056971
0.041355
0.084537
0.019906
-0.173268
-0.073654
-0.078677
-0.071465
-0.072601
-0.066655
0.117284
0.045213
0.301468
0.204099
-0.047299
0.186098
-0.250753
-0.018625
0.100555
-0.135818
0.190927
-0.036634
-0.045049
0.193637
-0.081768
0.258869
-0.361415
-0.122134
-0.212589
0.184882
-0.201068
-0.118181
0.048102
-0.188917
0.316880
0.161651
0.059836
-0.075658
0.071594
0.060545
0.121576
-0.077454
0.018307
-0.059110
-0.069028
-0.059847
0.187332
0.018152
-0.019711
0.087438
0.045059
-0.115432
0.062399
-0.077658
0.083559
-0.114202
-0.108764
0.085324
-0.120484
0.237074
0.158956
0.065017
-0.089134
-0.021469
0.080730
0.191236
0.045221
0.016639
0.095252
-0.145754
-0.029731
-0.104185
0.030609
-0.017006
0.335434
-0.186890
0.159244
-0.054437
-0.192948
0.099716
0.095524
0.074214
0.103421
0.085053
0.137407
-0.188163
-0.008569
-0.113751
0.145835
0.175460
0.052034
-0.080124
0.090581
0.114558
0.084334
0.079290
-0.008018
-0.043395
-0.142034
0.057900
-0.032711
0.029189
0.055470
0.031713
-0.097978
0.264331
-0.190455
-0.003297
0.070845
0.174984
0.092252
0.167957
-0.050989
-0.011630
-0.037015
0.022994
-0.125752
0.155336
-0.153300
-0.000701
-0.039678
0.108166
0.041035
0.160473
-0.041806
0.014757
0.049175
-0.168169
0.022586
-0.143697
-0.084409
0.007603
0.109014
-0.057205
-0.022476
0.049331
-0.053299
0.091528
-0.019290
0.154104
-0.055196
0.107761
-0.126155
0.123123
-0.085421
0.023721
0.208205
-0.049887
0.129780
-0.009770
-0.135223
0.082163
-0.054277
0.038271
0.090990
0.146388
0.097662
0.111869
-0.182386
-0.390495
0.014908
0.150648
0.039642
0.241788
0.122081
0.016617
-0.124499
-0.095410
-0.044248
-0.098651
0.033611
-0.038777
0.072329
0.067438
0.122468
-0.174392
-0.102305
0.202671
0.011801
-0.050188
-0.105609
0.069130
-0.146259
0.040571
0.010512
-0.054377
-0.060888
-0.056166
0.187900
-0.018164
0.231010
0.047851
-0.188816
-0.184862
0.091413
-0.137397
0.073211
0.061932
0.069316
0.168870
-0.134281
0.120547
-0.096939
0.043823
-0.207654
-0.138101
-0.115748
0.106407
0.029151
-0.130303
-0.000587
-0.180737
0.087391
0.033204
0.043511
0.158061
0.037964
-0.226968
0.326223
0.128117
-0.180393
-0.023069
0.173883
-0.213911
0.090867
0.265498
0.022918
-0.066321
0.078064
0.043846
-0.090432
0.079724
-0.119297
0.297779
0.068543
-0.023349
0.036106
-0.267925
0.448567
-0.057459
-0.052383
-0.021621
0.064237
0.024009
-0.234946
0.000466
0.085399
-0.004144
0.036712
0.063337
-0.209623
-0.169836
-0.098910
0.073845
0.164188
0.142656
0.131212
-0.130582
0.077209
-0.034047
-0.035824
-0.032263
-0.086708
0.150709
-0.036250
0.068933
-0.337030
-0.036950
-0.030587
-0.239932
-0.040608
-0.203070
0.326422
0.075547
-0.013329
-0.035163
0.164133
0.006453
-0.069715
0.002522
0.237744
-0.099968
0.115546
0.222016
0.205500
0.126818
-0.052134
0.437662
0.119887
-0.092641
0.044541
0.072405
0.099615
-0.150116
-0.027448
-0.113444
0.142025
-0.000600
0.074237
-0.101309
-0.151007
0.251992
0.123931
-0.009310
-0.008680
-0.626685
-0.120140
0.083623
-0.017692
0.064883
0.279440
0.108859
-0.153392
0.105482
-0.190185
0.236701
-0.171598
0.038829
0.019587
0.167329
-0.195080
0.448765
0.260879
0.070236
0.137408
-0.040156
0.063450
-0.100828
-0.046694
-0.067008
-0.101646
-0.010414
-0.010623
-0.001873
0.020160
-0.093478
0.131368
-0.078355
0.164386
-0.044029
0.122624
-0.334053
-0.088953
0.210760
-0.098445
-0.113151
-0.373877
-0.197877
-0.172439
0.080359
-0.018834
-0.221524
-0.050351
0.406477
0.306417
-0.246230
-0.012862
0.027403
0.051557
0.050488
-0.035218
-0.077026
0.102540
-0.097435
-0.124996
-0.117266
0.251410
-0.038746
-0.012410
0.273431
-0.091483
-0.097211
0.180310
0.082081
-0.367041
0.094221
0.079600
0.069419
0.259968
0.166600
0.209479
-0.153408
-0.115497
-0.087375
-0.143640
0.138816
0.189979
-0.023840
0.084329
0.012497
-0.164887
0.261097
-0.027960
-0.102851
0.245652
0.131973
-0.144392
-0.263643
0.079199
0.255663
-0.120574
-0.122733
-0.006776
0.400655
0.069818
-0.135759
-0.136759
-0.067621
-0.001448
-0.242044
0.167509
-0.298808
0.005150
-0.108251
0.163147
0.127742
-0.032330
0.269517
0.121855
0.014953
0.048348
-0.032125
0.174789
0.059210
-0.084823
0.047631
-0.096340
0.067819
0.061233
0.178888
0.112489
0.196123
-0.136555
-0.260016
-0.162853
-0.077566
-0.158399
0.265209
0.113650
-0.131142
-0.158422
0.067824
-0.103480
-0.206077
0.035688
0.048480
-0.336933
-0.227029
0.302526
-0.046961
0.100654
-0.069669
0.114977
-0.144749
0.022264
-0.011165
0.005210
0.003409
-0.054845
-0.019209
0.131520
0.132619
-0.155068
-0.123608
0.207709
0.039679
0.005465
-0.038408
0.119761
-0.025258
-0.046816
0.400465
0.169331
0.086343
0.272995
0.288029
-0.093022
0.144324
-0.185021
0.188674
-0.291916
0.101246
0.009512
-0.041964
0.044626
-0.017951
-0.195394
-0.045324
-0.102817
-0.096783
0.027858
0.002133
0.032258
-0.151820
0.128738
0.098869
-0.124514
0.015654
-0.045338
-0.064777
0.249318
-0.256166
-0.178020
-0.004026
-0.005034
0.264535
-0.031518
0.008882
-0.109942
-0.121787
-0.188746
0.101131
0.130093
-0.091702
0.141340
0.067623
0.104650
0.095757
0.093494
0.044311
-0.144528
-0.160768
-0.173524
0.294252
0.076579
0.203610
-0.039976
0.109479
-0.127441
0.008142
0.128959
-0.040242
-0.026651
0.350988
0.026228
0.189656
-0.060978
0.044962
0.031213
0.268141
0.083988
0.207320
-0.160491
-0.335131
0.263523
-0.077552
0.448070
0.060843
-0.174744
0.067689
0.282841
-0.045020
-0.139592
-0.201267
-0.132383
0.117809
-0.018463
0.210958
-0.125370
0.002365
0.068390
0.429406
-0.132861
0.023636
-0.167371
-0.238784
0.029541
0.101071
0.083789
0.091053
0.019296
-0.223677
-0.223398
0.036288
0.034075
0.071669
-0.021399
0.041475
-0.181167
0.041757
-0.078359
-0.167108
-0.131590
0.142512
0.036164
0.078614
0.126713
0.036631
0.194647
-0.069876
-0.110274
0.145227
0.140077
-0.034471
-0.141560
0.048355
-0.063617
0.230433
-0.169316
-0.300376
-0.018798
-0.305676
-0.207118
-0.059986
0.208638
0.145912
-0.192227
-0.038109
0.079119
-0.032308
-0.184982
-0.139526
-0.050650
-0.121936
-0.182308
0.030256
0.104949
0.011498
-0.156295
-0.047969
-0.034061
-0.028881
0.106828
0.295453
-0.227715
-0.032310
-0.053629
-0.082692
0.401975
0.057590
0.144237
0.021120
-0.140889
0.061082
0.094024
0.161807
0.166121
0.006069
-0.095269
0.099995
-0.401813
0.107692
-0.009235
-0.134444
-0.095519
0.098239
-0.071989
0.010932
0.018581
-0.063638
0.082421
-0.101974
0.082085
0.107769
0.013261
0.055749
-0.048707
-0.053255
0.068454
-0.009406
0.063152
-0.002252
0.113314
0.011082
0.091434
-0.077058
0.015104
-0.080174
-0.132413
0.053329
0.142097
0.046785
-0.111758
-0.009707
-0.099019
0.134745
-0.120942
0.084811
0.092347
-0.068424
-0.126760
-0.059407
-0.131095
0.111005
0.055797
-0.064096
0.091298
-0.021818
-0.032811
0.032165
-0.093871
-0.099631
0.176746
0.020615
-0.162636
-0.098305
0.014898
0.145564
0.089427
-0.113544
-0.121271
-0.062784
0.089665
-0.114132
0.012294
0.378899
-0.252032
-0.140479
-0.127175
0.016852
-0.100228
0.004680
0.081498
0.026062
-0.094302
-0.121997
0.046002
0.153035
-0.061506
0.195306
0.060389
-0.038538
-0.049498
0.043123
0.187234
-0.206399
0.084539
0.352251
0.017378
-0.077113
-0.285047
-0.265366
-0.209122
0.123200
0.032785
-0.139004
0.027590
0.070271
-0.243051
-0.027960
0.041372
-0.123770
0.015946
-0.103836
0.041674
0.087088
-0.215583
0.089142
-0.113822
-0.312006
0.239034
-0.171424
0.077409
0.220655
-0.058949
0.123672
0.328147
-0.022395
0.082859
0.010085
0.051305
0.301343
-0.310111
-0.002040
0.109971
0.049460
0.211694
0.224771
0.165250
0.092491
-0.007108
0.119496
0.243614
-0.113874
-0.131826
-0.471392
0.040415
0.071083
-0.262044
0.058370
0.128307
-0.203521
0.115034
0.164850
0.044010
-0.099565
0.211814
0.268174
-0.168958
-0.353096
-0.069971
0.228507
0.228581
-0.070916
-0.326123
-0.076412
-0.144997
0.156559
0.466579
-0.100160
-0.391170
-0.228163
-0.355846
0.259349
0.091127
-0.021571
0.337579
-0.034650
-0.216509
0.090462
-0.190234
-0.130295
-0.010318
0.204477
0.394253
-0.066955
-0.073664
-0.136198
0.010841
-0.106438
-0.132650
-0.130086
0.026875
-0.017513
-0.078001
0.272081
-0.210544
-0.012732
-0.127708
-0.126080
0.219382
0.057883
0.011470
-0.066007
0.001645
0.074468
0.075874
-0.114830
-0.006516
0.000597
-0.060120
0.085697
-0.122027
0.071918
0.072847
0.100610
0.129480
-0.164796
-0.097280
0.061981
-0.000998
0.120156
0.065757
0.034620
-0.094867
-0.165406
-0.136436
-0.029819
-0.041813
-0.030324
0.000005
-0.004855
0.143847
-0.112587
0.055128
0.099435
-0.098678
0.154183
0.110652
0.029549
0.084519
0.103383
0.130017
0.098425
0.074704
-0.001631
-0.041725
0.042378
0.066476
-0.008208
0.094517
0.101960
0.063172
-0.103269
0.110266
-0.106512
0.013150
-0.034659
0.077652
0.022162
0.067241
0.093217
-0.029705
0.132384
0.099655
-0.027090
-0.055894
0.312819
0.130770
-0.001120
0.240134
0.088410
-0.026143
0.006533
0.049777
0.039298
0.047128
-0.331241
-0.071899
0.188941
-0.025747
-0.079389
-0.107239
-0.120125
-0.060453
0.148798
0.004918
0.064378
-0.165036
0.210582
0.035587
-0.024608
-0.165690
0.163748
0.216585
0.098369
0.133663
0.206908
0.096145
0.218475
-0.068662
0.245785
0.030845
0.012966
0.000834
-0.129555
-0.119484
-0.057623
0.060373
0.052433
0.003850
0.002136
-0.240216
0.067761
0.092309
0.020205
0.089307
-0.148716
0.046157
-0.017616
-0.186968
-0.054983
-0.034051
0.047978
0.098956
0.206946
-0.020404
0.022384
0.034594
0.022473
0.192393
-0.015383
-0.001892
0.119870
-0.055982
-0.026872
0.043924
0.087024
0.012757
-0.058780
0.028086
-0.122946
0.167258
0.035573
-0.020244
-0.004750
-0.032704
-0.066659
0.063900
-0.133031
-0.108804
-0.101054
0.001569
-0.024353
0.135257
-0.142508
0.042387
0.124562
-0.213159
-0.079908
-0.009802
-0.091346
-0.003341
0.054498
0.066123
0.085399
0.041849
0.076985
0.085042
0.092012
-0.089357
-0.029935
0.055757
-0.126112
0.058059
-0.008713
-0.033543
-0.046024
-0.048216
0.103754
-0.151998
0.118151
-0.118090
0.127303
-0.040102
0.139062
0.032644
0.009624
-0.107453
-0.020871
-0.027705
0.071424
0.051897
0.128866
-0.060321
0.066483
-0.165024
-0.162352
0.079044
-0.044061
-0.081686
0.148397
0.071795
-0.089449
0.117124
0.191352
0.183327
0.042714
0.044378
-0.125917
0.277886
0.034942
-0.024812
-0.026273
-0.236665
0.128804
-0.042033
0.036679
0.100232
-0.095874
0.265444
0.081626
0.363045
-0.171606
0.165724
0.187067
0.017647
-0.073386
0.124502
-0.034416
-0.117791
0.116042
0.162507
0.015407
-0.166117
0.046595
0.197374
-0.127126
-0.037778
-0.168140
-0.284411
0.128110
0.125118
0.210173
0.046930
0.022950
-0.281661
0.117739
-0.134047
0.092738
0.026446
-0.170154
0.270272
-0.081034
-0.297671
-0.042706
0.238499
-0.191199
0.265744
0.004697
-0.035997
-0.050917
-0.107878
0.093241
-0.212675
0.059549
-0.069709
-0.077993
-0.007747
0.089347
0.145060
-0.143600
0.003668
-0.122272
-0.061734
-0.097438
-0.121315
0.226501
-0.307480
0.202847
-0.017020
0.122313
0.008640
0.145068
0.213648
0.269806
-0.034481
0.028014
0.125142
0.027290
0.070190
0.008095
0.108193
0.030040
0.075696
0.065629
0.185929
-0.025398
0.046146
-0.056120
-0.005956
-0.026927
-0.037076
0.289557
-0.053493
-0.291798
0.016537
0.204318
0.062016
-0.123459
-0.047268
0.054416
-0.090350
-0.086490
-0.049557
-0.290808
-0.086296
-0.079867
-0.209266
0.040183
-0.260219
-0.169368
0.120700
-0.043286
-0.017099
-0.093269
0.090228
0.065848
-0.124368
-0.088798
-0.092081
0.050007
-0.020339
0.087709
-0.121636
-0.068268
0.053271
-0.099246
-0.052339
0.075577
0.105496
0.125804
0.067768
0.079802
-0.035698
-0.024373
0.110462
0.020999
0.101746
-0.058316
0.133059
0.111105
0.100352
0.056617
0.099417
0.074064
-0.041662
-0.075540
0.014816
0.014418
-0.097958
0.068952
-0.039869
0.011981
-0.038018
-0.095420
-0.068995
0.042772
-0.034018
0.121247
-0.133804
-0.120759
-0.043170
0.023147
0.007357
0.016021
0.089429
0.030344
-0.054079
0.000862
0.138084
0.079479
-0.117464
-0.023129
0.055430
-0.106816
-0.103975
0.097308
0.152431
-0.124736
-0.007175
-0.066877
-0.156589
0.341482
-0.100265
0.013289
-0.303650
0.043169
-0.121633
-0.184916
0.051669
0.184891
-0.257272
-0.110311
-0.066801
-0.079581
-0.048650
-0.040454
-0.069147
0.194949
-0.118256
-0.359489
0.175565
-0.029897
-0.169089
0.408468
-0.210979
-0.160525
-0.014966
-0.172252
0.190346
-0.284681
0.021553
-0.102660
-0.172947
0.066322
0.114650
-0.154082
0.084078
-0.133903
-0.034348
-0.157045
0.225664
0.207192
0.171984
-0.104164
0.091553
-0.045606
-0.065120
-0.265010
0.027977
0.104669
-0.113712
-0.008763
-0.047501
0.244896
-0.077675
-0.145657
0.098917
-0.103695
0.221584
0.054561
-0.014492
-0.035022
0.006610
-0.008452
0.013068
-0.091239
0.081170
-0.062252
0.266563
-0.045815
-0.218327
-0.314613
0.037611
-0.238820
-0.076022
-0.121983
-0.132997
0.004526
0.110313
-0.213752
0.093858
-0.002471
-0.035048
0.238685
-0.461686
-0.282751
0.124510
-0.138375
0.192673
0.127139
0.000213
0.179343
0.161044
0.129830
0.002392
0.046390
0.144452
-0.125263
-0.156907
0.265261
-0.103385
-0.099502
0.118367
0.403142
-0.160659
0.005996
0.233704
0.124749
-0.149708
-0.104757
0.176653
-0.106224
0.074012
-0.126572
-0.080548
0.053284
0.136537
0.200183
-0.198000
-0.080256
0.030425
0.063161
-0.087496
0.077122
0.195406
-0.003259
0.026896
-0.000631
0.011252
-0.118181
-0.111475
-0.167803
-0.007792
-0.055529
0.010955
0.016652
-0.203186
0.071321
-0.024497
-0.131238
-0.118255
0.179427
-0.110699
0.247206
0.064934
0.051178
-0.132103
-0.169943
0.337163
0.205244
-0.012596
-0.082374
0.116366
-0.020627
-0.108060
0.167788
-0.092557
0.077584
-0.191162
-0.128119
-0.199497
-0.104172
0.038700
-0.066201
-0.011512
-0.035623
0.002361
-0.226237
0.068410
-0.047754
-0.002091
-0.099269
-0.172929
-0.011037
-0.181713
0.121266
-0.165291
-0.144129
0.113347
-0.145889
0.082903
-0.113986
-0.319970
-0.075704
0.041249
0.046767
-0.135455
-0.134330
0.156075
0.034145
0.059424
-0.101606
-0.039089
0.311043
0.003849
0.076758
0.252670
-0.067147
0.086742
0.256900
-0.018318
0.089863
-0.397375
0.131124
0.038969
0.107571
-0.169675
0.243664
-0.107262
0.022526
0.035140
-0.075941
-0.443716
-0.087720
0.061319
0.150421
0.133081
0.061982
0.086178
0.035853
-0.365791
0.137631
-0.041749
-0.053775
-0.089742
0.040965
-0.109075
0.083322
-0.281313
-0.034842
-0.090489
-0.046573
-0.151875
0.242973
-0.166093
0.345502
-0.159425
-0.190695
-0.082274
-0.111001
0.178753
0.037956
0.027856
-0.168500
0.151551
-0.184898
-0.233877
-0.036212
-0.398905
-0.061138
0.060584
-0.067159
-0.117225
0.037140
0.079097
-0.107531
-0.125616
-0.048493
-0.065839
0.068607
-0.102007
0.129782
-0.041993
-0.072908
0.101799
-0.039983
0.117989
0.126018
0.103743
-0.075750
0.119051
-0.132205
-0.078663
0.009486
-0.118395
0.042460
-0.006265
0.024730
0.049764
-0.110279
0.088341
0.003320
-0.076585
-0.026757
-0.073330
-0.037435
0.091645
0.020938
-0.034905
0.041946
0.087158
0.129238
0.034792
0.072685
0.125931
-0.072647
-0.026502
-0.085206
0.059368
0.128630
-0.084638
0.067199
-0.134794
0.061112
0.142984
-0.050887
0.020533
-0.038857
-0.087589
-0.099034
-0.068481
0.107514
0.096442
-0.019835
-0.005269
0.024979
-0.109119
-0.039833
-0.033744
-0.175921
-0.137614
0.131410
0.052430
0.109244
-0.215027
-0.425042
0.178120
0.282436
-0.034637
-0.098847
-0.265363
-0.104544
0.131453
0.135968
-0.104929
0.144094
-0.163737
-0.060628
-0.189719
0.121665
-0.127025
-0.077795
0.037039
0.090088
0.271755
0.087650
-0.045655
-0.023374
-0.093701
0.308476
-0.043339
-0.128942
0.236502
-0.081137
0.048066
-0.169623
-0.170927
0.034905
-0.143580
0.382147
-0.143277
-0.114751
0.099457
0.192878
-0.059768
0.050533
-0.005178
0.019454
0.281569
-0.033939
0.103313
-0.128607
0.111039
0.167927
0.073487
-0.015789
-0.200202
-0.051034
0.196388
-0.063053
0.083754
-0.051124
0.056817
0.074966
0.111501
0.164291
-0.057019
-0.126111
-0.034741
-0.033299
-0.048310
0.223537
0.081799
0.009584
0.083567
-0.081059
-0.065185
0.004257
-0.104398
0.135411
0.136095
0.040619
0.005132
0.014696
0.048200
0.061765
0.026724
0.021143
0.010397
0.043329
-0.093016
-0.044969
0.043934
-0.020305
0.041073
0.002552
0.034206
0.084961
0.076889
-0.148207
0.066796
-0.117367
-0.127786
-0.024941
-0.071574
0.011085
0.076556
0.011809
0.121184
-0.065049
0.099647
0.000267
0.077801
-0.136730
-0.038082
-0.041671
-0.152006
0.025097
0.070796
-0.113550
0.137843
0.095347
0.124671
-0.004307
0.035214
-0.134487
0.177801
-0.018214
0.077754
-0.179539
0.072799
-0.145713
-0.298465
0.162567
0.182220
-0.024402
-0.083600
-0.117049
-0.008971
-0.004523
-0.189408
0.190445
-0.268361
0.074695
-0.113871
0.331802
-0.136267
0.231430
0.074581
0.281115
-0.065101
-0.165231
0.339353
-0.125237
-0.199666
0.125231
-0.096986
0.057087
0.132008
-0.041571
0.044306
0.088519
0.064011
0.017754
0.109904
0.080456
-0.114617
0.191786
0.227468
-0.066841
0.175767
0.248605
-0.096587
-0.145314
-0.153876
-0.210866
-0.111592
-0.012160
0.051875
0.163018
-0.303032
-0.071009
-0.370468
0.020516
0.248845
0.095472
-0.150866
-0.097734
0.059478
0.036574
0.008767
-0.034139
0.032111
0.087517
0.012339
-0.011343
-0.053667
-0.145212
0.042257
0.058743
0.110318
0.040543
0.018294
-0.120292
0.031042
0.092636
-0.070436
0.084258
-0.036289
0.053852
0.068727
-0.084092
0.037679
0.043140
0.140005
0.077214
-0.128316
0.140494
0.087215
0.112241
-0.016846
-0.026460
0.048170
0.054606
0.026581
0.069421
0.105526
-0.076380
-0.050977
-0.043036
0.029506
-0.021111
0.083552
0.093083
-0.061723
-0.023007
-0.099443
0.126590
-0.087187
0.114085
-0.123755
0.110668
0.114553
0.008403
0.113737
-0.089853
0.068110
-0.074046
0.072027
-0.018434
0.011405
-0.018154
0.079331
-0.119984
0.013891
0.071806
0.115452
-0.074824
0.131407
-0.043177
0.106318
-0.001692
0.070643
0.009532
0.067727
0.053695
-0.125944
-0.044129
0.015789
0.025644
-0.090876
-0.000621
-0.079245
-0.116909
0.119241
-0.047542
0.134109
0.109048
-0.001281
0.086558
0.122608
-0.015198
-0.100013
-0.129968
0.015569
-0.038158
-0.043761
-0.124207
-0.034472
-0.022248
-0.063470
-0.110166
0.121565
-0.003517
0.134462
-0.097459
-0.028799
0.100717
-0.100190
-0.070653
-0.043293
-0.099835
-0.072525
0.089064
-0.050315
-0.008560
-0.001760
0.093196
0.059900
0.049522
-0.000109
0.102052
0.094728
0.074846
-0.060241
0.017132
-0.104658
-0.008874
0.071475
0.001530
0.109580
-0.115029
-0.032072
0.122697
-0.114889
-0.132819
0.133837
0.077594
0.050154
-0.044022
-0.054989
-0.100637
-0.124397
-0.114661
-0.081469
0.002790
-0.089467
0.138034
0.082548
0.038172
-0.121628
-0.088007
0.113034
-0.117673
0.016050
0.035690
0.060690
0.051727
0.034572
0.000224
0.110737
0.126205
-0.109421
0.009878
-0.092461
0.078773
-0.045433
-0.020166
-0.100213
-0.097585
-0.011172
-0.133306
0.043988
-0.092358
-0.069646
0.080267
0.048508
0.045822
0.051013
-0.030628
-0.018432
0.109446
0.125727
0.115764
-0.074264
-0.041600
0.045353
-0.065207
-0.001748
-0.048396
-0.024478
0.026095
0.333597
-0.025335
0.000613
-0.324206
0.104367
-0.067746
0.315277
0.101803
-0.090983
-0.027412
-0.164002
0.498821
-0.600654
-0.053512
-0.040115
0.192650
-0.080240
0.228854
-0.108031
-0.035458
0.298927
-0.318390
-0.040556
0.192360
-0.031203
-0.018506
-0.141205
-0.162692
-0.124902
0.203299
-0.099286
0.043620
-0.195594
0.133611
-0.021103
0.050589
0.121651
0.074999
-0.010902
0.039677
-0.074125
-0.033375
0.020651
0.063319
0.190901
-0.020965
-0.157782
-0.093296
0.234374
0.040869
0.122038
-0.076089
0.031767
0.103271
-0.039810
-0.046280
0.064495
-0.152473
-0.087817
-0.085272
-0.356880
0.269105
-0.199612
-0.022171
0.072345
-0.006463
-0.076008
-0.004109
0.078168
0.037157
0.036065
-0.026655
0.258438
0.077626
-0.052837
-0.035592
0.125873
-0.072745
0.095602
0.014556
-0.017565
0.182278
-0.042769
-0.277021
0.063141
0.102337
0.243505
-0.176944
0.158231
-0.006047
0.193853
-0.414022
0.214863
0.187169
-0.043590
-0.092391
0.069153
0.016558
0.220673
-0.096177
-0.022955
0.280262
0.290448
0.029873
0.117694
0.209557
-0.209012
-0.132111
-0.123699
0.118749
-0.087122
-0.102955
0.157955
0.275871
0.114798
-0.155223
0.016750
-0.030934
0.055677
0.016449
-0.609813
0.061460
0.250398
-0.248442
-0.122964
0.112758
-0.074414
-0.072289
-0.124990
0.050148
-0.060930
-0.270142
0.102692
-0.098554
0.252011
-0.043445
0.026588
-0.012163
0.038299
-0.050438
0.102293
0.122328
-0.112117
-0.010889
0.002412
-0.002088
-0.022039
-0.206036
-0.043801
0.206640
-0.117046
-0.272671
0.115931
-0.372273
0.214004
0.085751
-0.382156
-0.169457
0.218415
0.569279
-0.207155
0.078911
0.411891
0.005548
-0.195212
0.007980
0.170890
0.002964
0.024539
0.212113
-0.111928
0.003660
0.437508
0.393135
0.022607
-0.033541
0.051161
-0.434825
0.046472
-0.077379
-0.139592
0.442003
0.275649
0.108500
0.159551
0.042674
0.176995
0.335801
-0.404219
-0.058458
0.181143
0.053175
-0.296028
-0.044309
-0.120060
0.305727
0.020406
-0.035264
-0.010597
-0.111510
0.034419
0.211784
-0.066824
0.133707
-0.233492
-0.090935
0.094310
0.005580
-0.112341
0.058760
-0.138017
0.184792
-0.082763
-0.119945
0.010638
-0.063364
0.189501
0.048672
0.244608
0.025023
0.069128
-0.130014
0.242033
0.053768
0.036534
-0.086336
0.195445
0.007084
-0.140832
-0.317844
-0.295797
-0.086427
-0.113923
0.111767
-0.035480
-0.225060
0.068060
0.199097
0.076040
-0.156118
-0.210528
0.124232
0.013001
-0.102035
-0.030080
-0.061593
0.345173
0.124707
-0.228243
-0.074167
-0.354588
-0.279145
-0.085723
0.168054
0.049687
-0.062173
0.150670
0.011079
0.098470
-0.219101
0.036684
0.083147
0.028374
0.055487
0.068970
-0.032399
-0.135363
-0.050211
0.093652
0.030176
0.058635
-0.063119
0.107603
0.041609
-0.080517
0.131198
0.124979
0.294005
-0.030995
0.143364
-0.027378
0.058349
0.021895
-0.023850
-0.030211
0.282920
0.175381
0.307912
-0.010818
-0.160900
0.063990
-0.139088
-0.086480
-0.196726
-0.108637
-0.138573
0.051178
0.113459
-0.129850
-0.148628
0.011021
0.122998
-0.009839
-0.054068
0.107410
-0.106994
-0.248542
-0.139812
-0.006391
-0.056783
-0.175843
0.077624
-0.087698
-0.110464
0.103805
-0.128623
-0.070542
-0.186954
0.094469
0.113139
0.208300
-0.139233
-0.046967
0.071120
-0.090465
0.035089
-0.087066
-0.076072
-0.232893
-0.220787
-0.141791
0.000761
-0.176476
0.004355
0.093846
0.285390
-0.249885
0.019859
-0.056255
-0.113470
0.091843
-0.311350
0.210751
0.031940
-0.015552
0.082351
0.010529
0.084439
0.116529
0.330343
0.139516
-0.144709
-0.115305
-0.110961
-0.090196
0.094828
0.075528
-0.133698
-0.100914
-0.053858
0.025478
-0.070920
0.000648
-0.121772
0.000250
0.068925
-0.189162
-0.160672
0.185932
0.135309
0.009946
-0.084201
0.016372
-0.219073
-0.184314
0.194937
-0.160851
0.024978
-0.119019
-0.069178
-0.013374
-0.061139
0.101526
-0.079291
0.067418
0.004253
0.023977
0.024769
-0.050718
-0.030622
-0.052683
0.132265
0.123288
0.033016
0.093173
-0.067891
-0.103045
-0.036065
-0.070862
-0.014195
-0.031996
-0.070430
-0.058744
-0.068504
0.034851
-0.000193
0.080982
-0.016846
0.079405
0.064201
-0.123990
-0.013290
-0.063025
-0.000205
-0.097529
0.046861
0.043240
-0.109234
-0.033554
-0.035767
-0.141293
0.064389
-0.142303
0.033638
0.020657
-0.027113
0.091832
0.025808
0.061768
-0.059509
-0.051266
-0.096534
0.027969
-0.033348
0.058376
-0.142737
0.093938
0.108958
-0.133174
-0.094269
0.009083
-0.104410
0.002730
0.079410
-0.057765
0.100044
0.202382
-0.077694
-0.132822
-0.059324
-0.061936
0.214756
-0.095253
0.046678
0.202864
0.161417
0.014971
-0.163977
-0.173336
0.357701
-0.134354
-0.154488
-0.190105
0.102901
-0.168902
0.279545
0.043841
0.333351
-0.030424
-0.362735
0.199328
0.184450
0.072872
-0.186375
0.018059
-0.138667
0.096166
0.329884
-0.162329
-0.073835
-0.134484
0.039105
-0.416428
-0.000171
-0.185560
0.029583
-0.012402
-0.076693
0.036286
-0.243084
0.120433
-0.089333
-0.063064
-0.098323
-0.088137
-0.066026
-0.261444
0.380470
-0.078015
-0.098876
-0.049781
-0.193625
-0.195097
-0.161205
-0.151302
0.023390
-0.079002
-0.364013
0.280157
-0.047581
0.062533
-0.026370
-0.080610
0.078269
0.014457
-0.077175
-0.006984
0.102037
0.108155
-0.116067
0.068214
0.124101
-0.057566
-0.020566
-0.058888
-0.012482
0.021882
0.072105
0.130667
-0.054381
0.066580
-0.129494
0.048244
-0.124161
-0.072504
-0.079340
0.092012
-0.093615
-0.079942
0.003604
0.107789
-0.108763
0.063401
0.066590
-0.042538
-0.075776
-0.132209
0.107087
0.106413
-0.097010
0.123729
0.083180
-0.095839
0.009237
0.044769
-0.042094
-0.004080
0.017368
-0.025717
-0.007851
-0.089238
0.125884
-0.067196
-0.043428
0.113220
0.083754
0.108947
0.019111
-0.034687
0.030108
-0.132271
0.111808
-0.017650
0.371806
-0.463743
-0.108950
0.068736
-0.164722
0.045252
-0.312206
0.093641
-0.089253
0.343175
-0.004298
-0.138312
-0.432141
-0.099243
-0.037977
0.163882
0.028904
0.006994
0.093828
0.242937
-0.131641
-0.005652
-0.235522
-0.055151
0.057784
0.172957
-0.049751
-0.216656
0.076955
0.100826
-0.147666
-0.133358
0.082996
-0.117381
0.260761
0.093968
-0.107979
-0.203734
-0.007406
0.002087
0.198644
0.021333
-0.119553
-0.049338
-0.093935
0.281429
0.246439
0.004968
-0.036507
-0.052023
-0.096677
0.175794
0.261858
0.013335
0.082403
-0.009318
0.128041
0.199019
-0.185708
-0.105007
0.085149
-0.059526
0.037155
-0.286707
0.040241
0.105117
-0.146633
-0.241264
-0.034784
-0.156631
0.263621
-0.033589
-0.155408
-0.206487
-0.095097
0.005723
0.104932
0.003894
-0.246785
0.057209
0.033800
-0.191864
0.178317
-0.060677
-0.153824
-0.119651
-0.056349
0.109125
0.236876
-0.124423
0.160221
0.081006
0.285656
-0.045062
0.032329
-0.059560
0.114539
-0.096796
0.144533
-0.012094
0.080318
0.004074
-0.123192
-0.044701
-0.183122
0.051104
-0.111040
0.049090
0.004016
-0.008852
-0.148874
0.090829
0.207507
-0.001949
-0.071723
0.094430
-0.131286
0.113341
-0.017772
-0.091452
0.007014
0.070054
-0.019896
-0.008546
-0.000030
-0.144855
0.193174
0.132367
-0.039485
-0.184149
0.094256
0.492636
0.031518
0.056662
-0.308819
-0.051107
-0.056847
0.081145
0.068105
0.345222
0.141486
-0.079351
-0.079212
-0.196467
0.146208
0.111116
-0.090231
-0.062598
-0.207271
-0.113900
0.072399
0.043796
-0.146669
-0.224455
-0.203966
-0.062396
-0.012441
-0.346839
-0.186893
-0.189362
0.459416
0.122706
-0.009013
0.042128
-0.019687
0.021902
-0.093513
0.076561
0.111658
-0.081930
0.097310
-0.121358
0.241064
0.323251
-0.067867
-0.008199
0.337066
0.086838
-0.017460
0.093303
0.254054
0.021282
-0.043368
-0.037173
-0.041169
-0.011040
0.183752
-0.106858
-0.103886
0.099644
0.298505
-0.303779
0.146829
0.138375
0.035169
0.056385
0.121654
-0.079369
0.049675
-0.067841
0.062986
-0.016487
-0.053059
-0.111152
0.139191
-0.071595
0.198891
0.198425
0.125389
0.035877
-0.111348
0.178738
0.123393
0.033083
-0.153472
-0.171681
0.052744
0.298794
0.170499
0.026339
0.132319
0.058664
0.071595
0.106050
0.101444
-0.085442
0.284339
-0.177019
-0.078763
-0.158488
-0.120214
-0.184907
0.033642
-0.042551
0.030399
-0.011049
0.041652
-0.063540
-0.032675
-0.045576
0.176144
0.063205
-0.107128
0.235768
-0.063562
-0.078222
0.034325
-0.119951
0.041406
0.146469
-0.007977
-0.256603
-0.037193
-0.193468
0.100236
0.027749
0.046033
0.299527
-0.087994
-0.006555
-0.133662
0.005062
0.078762
0.050697
-0.036231
0.260146
0.017987
-0.100010
-0.045994
-0.122473
0.131338
0.389043
-0.116703
-0.099540
-0.040420
0.302098
0.109906
0.085215
0.056665
0.072533
0.135789
-0.079141
0.007517
-0.244793
0.015867
0.011319
-0.167163
-0.026294
0.267907
0.093976
-0.212495
0.012934
-0.134932
0.129214
-0.048607
-0.076132
0.341915
0.038687
-0.132755
0.032751
-0.438081
-0.302570
0.183475
0.125986
0.090522
-0.059568
-0.088283
0.024474
0.180355
-0.134779
-0.116845
0.012465
-0.064212
0.116379
-0.020040
-0.039510
-0.025597
0.311621
0.072347
0.308564
-0.049844
0.057864
0.017160
-0.120670
-0.108355
-0.000810
0.123909
-0.055083
0.121525
0.075590
-0.092612
0.119706
0.092893
-0.097463
0.156524
-0.011648
-0.054231
0.074738
-0.014236
-0.089436
0.027894
-0.056296
-0.019322
-0.043780
0.033289
-0.065375
-0.093132
0.036208
-0.020062
-0.108208
-0.059952
-0.003021
0.154383
0.002960
0.093817
-0.001657
-0.047225
0.048853
-0.062066
-0.037566
-0.090675
0.010772
0.040403
0.051485
-0.109638
0.108785
0.011612
-0.010716
0.110633
-0.063493
0.021112
0.113662
-0.008480
0.010133
0.112587
0.050004
-0.012850
-0.016926
-0.153584
-0.109359
-0.115847
-0.019529
-0.139858
-0.052780
0.214081
-0.121040
-0.147700
0.126132
-0.128958
-0.017763
0.036201
-0.108040
-0.118503
0.303662
0.209689
-0.322700
0.043321
0.069836
0.030161
0.184239
0.048010
-0.192683
-0.086767
0.414534
-0.185477
0.085072
-0.462440
-0.111937
0.039989
0.431623
-0.054244
-0.068288
-0.098976
-0.383782
-0.000085
0.218624
0.375564
-0.059211
0.206354
0.027525
-0.114320
-0.172669
-0.046767
0.050490
0.162920
-0.061097
-0.053120
-0.052593
0.007986
0.070332
0.020785
-0.056134
0.206140
-0.080835
-0.065482
0.301446
0.081016
-0.082088
-0.097352
0.010668
-0.048490
0.118337
-0.210774
-0.096622
0.010980
-0.124224
0.129357
0.027939
0.070227
0.098890
0.122195
0.041257
0.094155
-0.001523
-0.199483
-0.105039
0.032121
0.105089
-0.086690
-0.121510
0.057395
0.112711
-0.041185
0.140496
0.115055
0.012689
-0.005627
0.078215
-0.176507
0.127852
0.002363
0.142335
0.007175
0.071201
0.039420
-0.080934
-0.105278
0.004284
0.089166
-0.044284
0.106664
0.053805
-0.032742
0.095313
0.000913
0.042279
0.044418
0.000417
-0.062600
-0.126625
0.062821
-0.063864
0.128825
-0.156310
-0.057683
0.105379
0.029094
0.021723
0.110607
0.000634
-0.069031
0.121280
-0.021724
0.089410
-0.061167
0.079976
0.052545
0.020300
-0.135666
0.073477
-0.110928
0.016196
-0.061112
-0.281041
-0.067350
0.185876
-0.008548
0.042932
-0.229280
0.042020
-0.077729
-0.066789
0.397553
-0.446828
0.052239
-0.136200
0.178245
0.268474
0.019311
-0.172461
-0.025860
0.186731
0.032405
0.073444
-0.078252
-0.082365
-0.471421
0.054144
0.350675
0.054764
0.212339
-0.237121
0.263850
0.010496
0.057247
-0.405006
0.378868
-0.147254
0.076271
-0.147743
0.010209
-0.002155
0.100010
0.347892
-0.093818
-0.020076
-0.173663
0.204974
-0.042391
0.111654
0.126997
-0.189390
0.082721
0.212156
-0.125997
0.077131
0.058932
0.088229
0.309195
0.085593
-0.099413
0.046440
-0.089236
0.120762
0.177379
-0.220426
-0.030690
0.133116
0.039522
0.286239
-0.137051
0.049134
-0.134606
-0.156615
-0.111132
-0.037045
-0.130956
0.490316
0.053538
-0.008981
-0.022955
-0.108682
-0.099161
0.062188
0.218930
-0.080571
-0.207186
0.008428
-0.133722
-0.145146
-0.294907
0.075006
0.142334
-0.057758
0.254220
0.102033
-0.293465
-0.116322
-0.254166
0.056389
0.078294
0.045367
0.117204
-0.283067
-0.166851
0.007009
0.177708
-0.073778
-0.133199
0.103735
-0.046742
0.353988
0.076339
-0.250357
-0.196265
0.062360
-0.085353
0.103762
0.179112
0.207296
-0.139277
0.043082
0.194629
0.342131
0.172810
-0.334603
-0.047832
-0.184965
0.096674
-0.069483
-0.048012
-0.132027
-0.034524
-0.124709
-0.119890
0.027724
0.045931
0.062062
0.034282
0.120830
0.045135
0.112221
-0.037562
0.115124
0.017128
-0.140459
-0.008852
0.042764
0.098571
0.057597
0.127108
-0.054123
-0.070708
-0.110519
0.070291
0.061485
-0.014959
0.011128
-0.118394
-0.116693
0.106218
-0.060085
0.032047
-0.065516
0.016209
0.048293
0.026747
-0.130554
0.020795
0.128061
0.036966
-0.043758
-0.098883
0.039768
-0.029906
0.026763
0.088246
-0.060392
-0.128749
-0.059984
0.071663
0.106617
-0.002219
-0.036495
0.020133
0.046542
0.133327
-0.034325
-0.050692
-0.071146
0.083078
0.088921
0.075948
0.026394
0.077354
0.245112
0.038916
0.011769
0.068127
-0.006791
-0.212204
-0.079912
0.038489
0.146682
0.010196
0.062096
-0.205316
-0.088513
-0.137387
0.356651
0.010847
-0.027235
-0.377533
0.114330
-0.072554
-0.128130
0.222120
-0.057724
-0.029488
0.076658
-0.214886
0.060137
-0.068487
-0.230537
0.103703
0.103000
0.236978
-0.195007
0.266580
0.060194
-0.146455
-0.176324
0.007296
-0.192880
0.149922
-0.079422
-0.096423
0.017536
0.051753
0.145200
0.136737
0.039284
-0.039484
-0.122677
-0.003340
0.063029
0.093197
-0.162266
0.026196
-0.173648
0.243728
0.095493
0.268753
0.043897
0.060095
0.225619
0.002667
0.130415
0.089442
0.166244
-0.130979
-0.127867
-0.163605
-0.146083
0.118783
-0.126936
0.034789
0.200766
-0.324389
-0.101903
0.138508
-0.168591
-0.033737
0.089535
-0.009838
-0.050668
0.114611
0.062194
-0.093477
-0.100354
-0.280430
-0.073793
-0.140896
0.230660
0.120463
0.007315
0.026435
-0.130803
0.119096
0.052823
0.023158
0.139608
0.014290
-0.030901
-0.079554
0.261287
-0.055426
0.081688
-0.218752
-0.123086
-0.120272
0.067236
0.136700
-0.054667
-0.021038
0.061629
0.186592
-0.092637
0.074856
-0.025523
0.109777
-0.155753
-0.082523
-0.126658
-0.122553
0.114279
-0.063354
-0.104543
-0.116815
-0.096908
-0.181122
-0.243299
0.011722
-0.227749
-0.105036
0.275184
-0.217285
-0.071819
-0.209321
0.046454
-0.132855
0.625671
0.301109
-0.141243
0.053197
-0.225494
0.426596
-0.188482
0.013671
0.022114
0.326580
-0.121019
0.340020
0.058927
-0.159115
0.047583
-0.378492
0.061845
-0.010226
-0.043399
-0.398608
0.029291
-0.149101
-0.000753
0.240865
-0.029451
-0.107074
0.075950
-0.134780
0.000869
-0.108845
-0.130911
0.011285
0.037292
0.055062
-0.133756
0.078525
-0.248925
-0.090943
0.154299
0.148095
-0.049478
-0.043844
0.176911
-0.033381
0.044776
-0.035184
-0.073369
0.535326
-0.178707
-0.052997
-0.370366
-0.052268
0.376621
-0.354775
0.052231
0.343015
-0.095039
-0.130543
-0.273385
0.055410
-0.024077
-0.143516
-0.127837
0.012848
-0.056262
-0.095488
-0.145353
0.154514
0.045785
0.140059
0.175573
0.068393
0.143575
-0.078481
0.057510
-0.082183
0.090047
0.159989
-0.136953
0.248468
0.125551
-0.149042
0.204875
-0.075734
0.040574
-0.008909
-0.193514
0.057744
0.002073
0.166686
0.049258
-0.020670
-0.329710
-0.016440
-0.122055
-0.095605
0.087766
-0.132765
0.054013
-0.008690
0.139281
-0.158901
0.091234
-0.090249
0.134235
-0.131434
0.270140
-0.070039
-0.291093
-0.045402
-0.070635
0.192846
-0.163899
0.330233
-0.032057
0.103641
0.164637
0.087746
-0.185957
0.099024
0.120078
-0.104396
0.129378
0.078808
-0.103317
0.123939
-0.155672
-0.049605
0.446723
-0.333939
0.133779
0.216360
-0.109468
0.348500
-0.118642
-0.091606
-0.108393
-0.190590
0.130407
-0.117441
-0.181338
0.279326
0.039642
-0.061612
-0.338482
-0.211075
0.090593
-0.291268
0.379787
-0.394961
0.128196
0.168997
0.154218
-0.200270
-0.054293
0.018130
0.092901
0.047767
0.123439
0.090178
0.155359
0.043508
-0.104657
-0.184531
0.132581
-0.076169
-0.292450
0.058549
0.077646
-0.069250
0.211967
0.354330
-0.038534
-0.079644
0.066578
0.515257
-0.168438
0.154384
0.132976
-0.097717
0.343682
-0.221013
-0.204780
0.042528
0.013430
0.093598
0.072767
-0.110112
-0.122747
0.061728
-0.049404
-0.114815
0.095357
0.075149
0.145951
-0.115495
0.035337
0.050066
-0.120125
0.002262
-0.094027
-0.007040
-0.110571
0.024672
-0.067352
-0.014691
0.136800
-0.144124
0.113251
0.071362
0.074934
-0.049186
-0.106873
-0.031148
-0.045048
-0.004547
-0.078036
0.164077
0.091081
0.045129
-0.000058
0.019295
-0.057622
0.051121
-0.025044
-0.058781
0.017852
0.047365
0.056144
0.085101
-0.170051
0.038639
0.092742
-0.054505
-0.029558
-0.052904
-0.003343
0.085750
0.056080
-0.059888
-0.014773
-0.097871
0.049340
0.044186
0.157786
0.127549
-0.022756
0.104372
0.026976
-0.052229
-0.007680
0.059235
-0.000846
-0.004855
0.070720
-0.097886
0.063348
-0.005766
0.128095
0.078322
-0.094718
-0.055807
-0.063364
-0.035825
-0.087929
-0.022189
-0.006671
0.007477
-0.008668
0.091013
-0.119175
0.039155
0.103513
0.047517
-0.012178
-0.125940
-0.087236
-0.099156
-0.026356
-0.103234
-0.074371
0.070100
0.047987
0.073545
0.082158
-0.053546
0.061090
-0.067248
-0.124999
0.111638
-0.046478
-0.048260
-0.042062
0.096023
-0.128603
0.117088
0.139550
-0.017713
-0.136077
0.086007
0.020924
0.060652
-0.038217
-0.023422
-0.039696
0.092862
0.014591
-0.008842
0.096302
0.033973
0.051916
-0.184709
-0.071716
0.002275
-0.095984
0.065374
0.023842
0.146729
-0.113589
-0.130172
0.165661
0.042342
-0.274091
0.490571
0.074921
-0.455409
-0.096013
-0.150392
-0.046347
0.051482
-0.241111
0.236613
-0.005678
-0.058295
0.213471
-0.148753
-0.488100
-0.318409
0.046044
-0.283412
-0.079608
0.104936
0.053017
0.181619
0.019436
0.039239
-0.054421
-0.023146
-0.094662
-0.160039
0.065359
0.088550
-0.148323
-0.045483
-0.048371
-0.008450
-0.088413
-0.356680
-0.108199
0.046391
-0.187354
-0.071216
0.018544
0.197817
0.083454
-0.111606
0.021181
0.034750
-0.076917
0.445642
-0.154160
-0.057438
-0.015625
0.131313
0.215703
-0.087941
0.208597
-0.031675
-0.043468
0.025464
-0.070633
0.141012
-0.047150
0.015444
0.156319
-0.100759
0.007712
0.330586
-0.104419
-0.235231
0.141321
-0.088625
-0.129094
0.058002
0.082001
-0.059883
-0.058542
-0.051160
-0.060580
0.160323
0.029906
-0.045624
0.035416
-0.214699
-0.116872
0.059031
-0.091766
0.028536
0.227255
0.184545
-0.166356
-0.015861
-0.200251
-0.085574
-0.072890
0.066398
-0.107057
0.074254
-0.084753
-0.085657
0.068877
-0.038234
0.119911
0.105007
0.107094
-0.041350
0.110482
0.047567
-0.273808
-0.072723
0.078954
-0.321635
0.155938
0.296713
-0.338563
-0.109507
0.114787
-0.131344
-0.160334
-0.599601
-0.228923
-0.010430
-0.142065
-0.091522
-0.097858
0.031917
0.010897
-0.124682
0.014782
0.256323
-0.404277
0.162396
0.047258
-0.050589
-0.110225
0.140039
-0.081980
0.267120
0.409826
0.071627
-0.123135
-0.355339
-0.080961
-0.206505
-0.213071
0.164598
0.185051
0.264581
-0.110493
0.159175
0.049474
0.023495
-0.140706
0.033122
0.063084
-0.058570
0.114100
-0.161926
-0.044200
-0.224369
0.050117
-0.118006
0.070195
-0.089105
-0.023143
-0.056642
0.040295
-0.172811
0.000729
0.148430
-0.109874
0.157393
0.215062
-0.102159
0.033686
-0.020316
0.018625
0.207311
0.106507
-0.022314
0.079314
-0.023422
-0.302340
-0.034845
0.034338
0.015724
-0.081961
-0.017550
-0.010640
0.153771
-0.134368
-0.068909
0.085495
0.032927
0.030791
0.047636
-0.057451
0.041989
-0.026384
-0.027520
0.111232
-0.017329
-0.006891
0.039860
0.074361
0.028005
-0.120484
-0.141929
-0.069019
0.054094
0.034406
0.075250
-0.139549
-0.041540
0.003183
-0.034380
0.002680
-0.072657
-0.084444
0.058669
0.103966
0.089694
-0.111369
-0.097207
-0.104274
0.042697
-0.039223
-0.036762
0.114874
-0.077316
0.052005
0.113932
-0.100683
-0.129348
-0.007179
0.068308
0.032262
0.114123
0.116475
0.078316
-0.029530
0.081167
0.056544
-0.122471
-0.012128
0.008510
-0.104846
0.030238
-0.066053
-0.125712
0.104600
-0.120023
-0.069885
-0.054154
-0.051108
-0.120199
0.282601
0.146423
0.144156
0.208743
0.091917
0.277763
-0.141445
-0.180640
-0.039454
-0.214542
0.046230
0.047231
-0.136487
0.271967
0.029804
-0.188831
-0.326675
0.015995
0.048834
-0.108816
-0.061140
-0.266614
0.248018
0.264222
0.268316
-0.014841
-0.104857
-0.028647
-0.085796
-0.053365
0.107850
-0.217766
-0.058070
-0.076037
0.061985
-0.177144
0.227288
0.030104
0.070437
0.254060
-0.063621
-0.072760
-0.065282
0.267628
0.112609
0.069790
0.083754
-0.079860
-0.082706
-0.054654
-0.027871
0.007267
0.126303
-0.324766
0.057043
-0.016732
0.170570
-0.013160
-0.056895
0.064153
-0.142307
0.026665
-0.009772
0.005163
-0.033660
-0.019916
-0.020208
0.120229
0.025742
0.100603
-0.093862
0.048733
-0.106205
0.083787
0.043615
0.066193
-0.090713
-0.026133
0.022008
0.001935
0.144868
0.041460
0.047790
0.179261
0.120368
-0.000849
0.001382
0.053106
-0.025335
-0.107623
-0.013381
0.121705
-0.056635
-0.036597
-0.070987
0.051747
-0.161618
-0.024307
-0.000453
0.079812
0.190160
-0.014478
0.004037
0.041511
0.079548
0.127267
-0.006774
-0.013476
0.013818
0.052226
-0.128528
-0.109940
0.054928
0.100891
-0.057210
0.058374
-0.083606
-0.052711
-0.097189
-0.032206
-0.106557
-0.124988
0.109001
0.077466
-0.110141
-0.137871
0.127139
-0.036903
-0.085529
0.093963
0.067443
-0.103267
-0.003211
0.082973
0.109836
0.036791
-0.110299
-0.058116
0.009595
-0.064270
-0.036610
-0.109873
-0.010009
0.029018
-0.062469
0.076854
0.116271
-0.007780
-0.105033
0.092047
-0.047309
-0.118222
0.041761
0.080386
0.025728
-0.064944
0.069138
-0.125455
0.000716
0.011547
0.068791
-0.132984
0.122612
-0.022717
-0.097815
-0.087790
-0.126995
-0.067067
0.028674
-0.039311
-0.100582
-0.043948
0.054592
0.080502
0.070289
-0.025249
-0.034911
0.030725
-0.125255
-0.033400
-0.094878
0.134666
0.126765
0.003923
0.349845
0.105016
-0.087711
-0.105059
-0.134523
0.084453
0.045336
0.093526
0.114085
-0.322186
0.143151
-0.084834
-0.110996
0.094598
0.110751
-0.078089
-0.158871
0.127299
-0.035429
-0.225668
-0.152299
-0.177190
0.115761
-0.268318
0.083883
-0.240840
0.241959
0.048619
0.249180
0.088339
0.102417
0.062150
0.190286
-0.244180
-0.136829
0.057724
0.160797
-0.065794
0.030150
-0.019538
0.019748
0.056338
-0.084755
-0.035468
-0.114939
0.111446
0.055722
-0.190864
-0.012162
-0.099005
0.050099
0.076288
0.144665
-0.102670
-0.125722
-0.130304
0.027763
-0.090917
0.229581
-0.062098
-0.001382
-0.135177
0.190120
0.018497
0.035400
-0.055177
0.005747
-0.149884
-0.009572
0.392689
0.085578
0.020233
0.437021
0.258210
0.020731
0.040862
0.015763
0.209405
0.013305
0.119963
-0.080472
-0.178335
-0.156307
0.250151
0.028255
-0.185391
0.035294
0.032826
-0.131975
-0.144362
-0.277164
0.117734
-0.132474
0.123996
0.229330
0.020939
0.087435
-0.302432
-0.165817
0.109679
0.163446
0.062216
-0.057982
0.106545
0.093572
0.037004
-0.109031
0.198175
0.048366
0.133210
-0.038019
-0.063727
0.055768
-0.098184
0.220064
-0.289922
-0.014727
-0.126519
-0.022493
-0.093315
-0.125171
0.113502
-0.244938
-0.044290
0.125022
0.102613
0.050533
0.117280
-0.184431
0.021285
-0.140140
0.067891
-0.030248
0.314130
-0.078463
-0.132849
0.108853
-0.094589
-0.246514
0.079491
-0.085690
0.121618
-0.373990
0.032114
0.242324
0.119269
0.343903
-0.091523
-0.024216
0.169428
-0.144263
-0.064392
0.206140
-0.419964
0.224333
0.156722
-0.043348
0.024889
0.062707
0.004566
0.467468
-0.186408
0.210218
-0.138187
-0.322610
-0.130623
0.092198
0.139018
0.082352
-0.047805
0.074910
-0.185848
-0.052877
-0.065957
0.004163
-0.275467
0.063062
0.052838
0.042643
-0.152201
0.231351
0.080778
-0.117669
0.298877
0.340065
0.087732
0.168386
0.104508
-0.275910
0.017047
-0.218307
-0.076491
-0.119420
0.091736
-0.066109
-0.143896
-0.075825
-0.110187
-0.004104
-0.105262
0.305667
-0.173830
0.127679
-0.178584
0.050597
0.180278
-0.200076
0.125162
0.057704
-0.187980
0.284054
-0.035257
0.053463
-0.084842
-0.034619
0.388205
-0.143634
-0.133657
0.145945
0.155228
0.218394
0.108808
0.048429
0.125378
-0.041954
0.089457
0.133365
0.004598
0.050813
-0.127267
-0.023137
0.177541
-0.148810
0.002957
-0.121995
0.031457
0.047167
-0.233955
0.089154
0.119964
-0.117023
0.114576
-0.011388
0.006245
0.219710
-0.022162
-0.023871
0.154395
0.182613
-0.020112
0.056451
-0.087106
0.013811
-0.207664
-0.135904
-0.167559
0.126578
-0.044569
-0.298591
-0.104134
0.101130
-0.109716
0.003130
0.134939
0.126609
0.290205
0.157990
-0.142184
0.067444
0.062353
0.264693
0.054865
-0.290972
-0.052729
0.132306
-0.097155
0.103549
0.034418
0.100816
0.237379
-0.296144
-0.004475
0.009834
-0.116661
0.148056
0.026868
-0.205697
-0.007733
-0.009031
-0.007392
-0.178486
-0.057745
0.318283
-0.180352
-0.053834
0.157422
-0.074595
0.017597
-0.099414
-0.074146
-0.104770
0.035654
0.153519
-0.006183
0.059719
0.076419
-0.295995
-0.153278
0.165015
0.092392
0.036657
-0.202929
-0.188394
-0.022504
-0.062475
-0.135293
0.337549
0.076351
-0.011473
-0.087836
-0.163281
0.005096
0.314929
-0.094930
-0.005633
0.137589
-0.063263
0.028012
0.239398
0.466789
0.124658
-0.389163
0.053678
0.089674
-0.430413
-0.101840
0.116306
-0.018907
0.198613
-0.150055
-0.144897
-0.161318
0.018771
-0.338924
-0.057430
0.244781
0.159113
0.061265
-0.586072
0.094239
0.167449
0.224056
0.291757
-0.092504
-0.115411
-0.019877
0.046678
0.085935
-0.222606
-0.154263
0.050769
-0.102659
-0.029759
0.059587
0.277296
0.180379
-0.010153
-0.109911
-0.181129
-0.050175
0.214571
-0.386800
0.202543
0.009567
-0.140687
0.164642
-0.253866
0.204655
-0.070378
-0.019724
-0.103854
-0.031539
0.005842
-0.285150
-0.132514
0.000774
-0.178858
-0.137007
-0.108111
0.417850
-0.080928
0.017702
0.127728
0.241834
0.213362
0.415762
-0.097212
0.053344
-0.408339
-0.050985
0.066709
0.132051
-0.265371
0.096723
-0.076777
-0.142548
-0.100255
0.064629
0.072216
0.027809
0.085748
-0.286471
0.090400
-0.176967
0.048888
0.227245
0.288816
-0.105063
0.044688
0.032814
0.156402
-0.103569
-0.018987
0.026694
0.047361
-0.072311
-0.040571
0.271400
0.186084
0.016407
-0.329826
-0.186488
-0.037194
-0.128299
-0.079796
0.218481
0.238129
-0.043753
-0.018264
0.194843
-0.003769
-0.235070
-0.281994
0.010150
-0.287248
-0.108526
0.011198
0.443452
0.189756
-0.048443
0.079725
0.064830
0.026563
-0.251646
-0.097839
0.078447
0.274248
-0.127880
0.126307
0.100329
-0.182639
0.276654
0.226958
-0.073154
-0.294762
0.194571
0.224603
-0.026036
0.007269
-0.302176
-0.007828
-0.393015
-0.075759
0.104994
0.113306
-0.213323
-0.064857
-0.001952
0.159067
0.332820
0.005514
0.338303
0.087263
0.060773
0.070905
-0.102055
-0.046368
-0.384941
-0.100739
0.082106
-0.086590
-0.090700
-0.246902
-0.042378
0.511229
0.011183
-0.118010
-0.136290
0.038906
-0.125021
0.037303
0.049435
-0.132629
0.379896
-0.205094
-0.057266
-0.288286
0.094006
0.174287
-0.412953
-0.145993
0.238367
0.050865
-0.000394
0.297222
-0.139019
-0.108645
0.096816
0.038869
0.066605
-0.039425
0.023379
0.312435
-0.052365
-0.083089
0.109691
0.112850
-0.075900
-0.014210
-0.276309
0.151464
-0.073051
-0.021196
-0.041369
-0.013027
-0.095965
0.284100
-0.053966
0.027525
0.132809
0.121820
-0.206732
0.082178
0.211711
0.252213
0.192710
-0.121895
-0.044208
0.052948
-0.162930
0.032910
-0.012164
0.253525
-0.113415
-0.051250
0.009996
0.044701
0.140926
0.187277
-0.046004
-0.074513
-0.092028
0.139453
0.239462
-0.059510
-0.021127
-0.015389
0.031248
0.311246
0.015285
-0.104450
0.003321
-0.159188
-0.221694
-0.206399
-0.164855
-0.109266
-0.026161
-0.000732
-0.002891
-0.091446
-0.257655
-0.105338
-0.166809
0.140783
0.032106
0.126693
0.140344
-0.089092
0.102716
-0.189215
0.064369
-0.169469
-0.188446
-0.101743
0.083363
-0.101344
0.094244
-0.009206
0.218725
-0.173007
-0.020643
0.206239
-0.003521
-0.142583
-0.013868
-0.221362
-0.082156
0.294944
0.068073
-0.150306
0.037070
-0.120490
-0.000155
-0.135591
0.152426
-0.024282
-0.156390
0.053342
-0.052163
0.177030
0.030236
-0.018805
0.216540
-0.122532
-0.114180
-0.079775
-0.068969
-0.035769
-0.141946
0.052147
0.129325
-0.054557
0.201652
0.094839
-0.149036
-0.071254
0.060806
-0.259687
-0.058526
0.075422
-0.100905
-0.136427
-0.024468
-0.004151
0.002901
-0.109509
0.030217
-0.067161
0.024442
-0.111265
-0.079641
0.022591
-0.082934
0.092259
0.088083
0.063195
0.092495
-0.031365
-0.093896
0.082053
-0.059211
-0.086406
0.028134
-0.065192
0.021894
-0.132834
-0.081904
-0.007589
0.123742
0.140130
0.135582
0.142553
0.134499
0.044136
-0.133373
0.025322
0.087640
-0.066769
0.030221
-0.082900
0.094723
-0.019690
0.076839
-0.070315
-0.033912
-0.031336
0.012513
0.120655
-0.068293
0.012112
0.165755
-0.023460
0.002174
-0.087169
-0.144256
-0.023592
0.064442
0.063001
-0.110845
-0.143678
-0.115598
-0.048778
0.200790
-0.135125
-0.050432
-0.035577
0.061101
0.060353
-0.106024
-0.050558
-0.014572
0.327290
0.204496
0.077789
-0.167086
-0.047272
-0.074584
0.054898
0.072861
-0.005061
0.140452
-0.026221
0.145227
-0.118853
-0.110192
-0.058211
-0.194969
0.052829
-0.156614
0.135864
-0.306676
-0.005118
-0.101657
-0.086013
-0.059678
0.011970
-0.064139
-0.149457
-0.049331
-0.094394
0.022631
-0.176820
0.320354
-0.001323
-0.098840
0.080907
0.143664
-0.183992
-0.028545
-0.016917
-0.233539
0.060923
-0.075063
-0.111299
-0.047230
0.115198
-0.131202
-0.034740
-0.029545
0.270848
0.171662
-0.201566
-0.050264
0.250710
0.120617
-0.008813
0.141721
-0.074957
0.086679
0.025856
-0.018426
0.136392
0.043971
-0.038713
0.042398
0.187133
-0.219850
-0.204350
-0.012702
0.103492
0.262988
0.079915
0.103075
-0.046778
0.084716
-0.308946
0.299584
-0.114819
-0.044442
-0.174819
0.184755
-0.080435
0.011749
0.239116
0.288486
0.232276
0.059585
0.095193
-0.137862
0.043717
0.242638
-0.079112
0.089768
-0.005455
-0.064884
-0.013944
0.210876
-0.053920
-0.045244
-0.146920
0.070699
-0.345552
0.145552
-0.243557
0.250129
0.006430
0.070979
0.040806
0.115808
0.120627
-0.111257
-0.120822
-0.232279
0.344679
-0.074974
-0.100704
-0.026508
-0.025806
-0.021324
-0.059995
-0.132733
0.062256
-0.024641
-0.035160
0.064217
-0.127374
0.128935
-0.087453
0.043189
0.134266
0.088869
-0.130967
0.131513
-0.084082
0.001347
-0.108500
0.009322
-0.010761
0.100015
-0.108134
0.163924
-0.088438
0.008604
-0.030669
-0.093040
0.137823
-0.072711
-0.013273
0.075071
0.005608
0.004380
-0.020435
-0.091063
-0.096760
-0.049636
0.076167
-0.086193
-0.031202
-0.001889
-0.087278
-0.035187
-0.108059
-0.127596
-0.048643
0.072978
-0.140787
0.102350
0.111813
0.121759
-0.061182
0.069324
-0.070359
0.010764
-0.019157
0.057235
-0.018449
-0.121763
0.024788
0.130726
0.003254
0.093223
-0.130633
-0.086563
-0.004549
0.328608
0.051224
-0.056874
-0.016692
-0.077674
-0.152574
-0.213238
0.070088
0.083394
-0.176342
0.018692
0.130895
-0.165616
-0.011332
-0.111422
0.051739
-0.038102
0.064572
0.174029
0.156218
-0.066918
-0.132579
-0.195340
0.236483
0.120974
0.009447
0.078469
-0.033262
-0.114076
0.128714
-0.196594
-0.390725
0.006320
0.044797
0.264634
-0.045007
-0.051290
-0.050171
-0.149025
-0.148565
0.158075
-0.248367
0.044417
0.000245
0.064202
-0.161100
0.127045
0.090973
-0.051567
0.070999
0.088102
0.310132
-0.133985
-0.000614
0.081991
-0.118502
0.045364
0.032736
0.069046
0.078580
-0.096967
0.029317
0.006937
-0.090747
-0.155795
0.163413
-0.030035
0.103597
0.050651
0.130142
0.001427
-0.143365
0.110110
-0.034454
-0.101355
0.086990
0.157719
0.092559
0.028092
-0.098939
0.112355
-0.010819
-0.010173
-0.098082
0.048379
0.091864
0.119423
-0.027123
-0.004055
0.034655
-0.075116
0.081939
-0.133707
-0.097883
-0.038276
0.036309
-0.046766
-0.067844
0.001045
-0.135732
-0.114228
-0.032471
-0.127621
-0.030512
0.084508
-0.095181
-0.066113
0.031171
0.013591
0.056226
-0.103433
-0.062956
0.080895
0.034234
0.041171
0.112664
-0.027656
0.047488
0.091798
-0.089535
-0.033661
0.019562
0.054686
0.098865
-0.074388
0.040175
0.111182
0.008314
